path,sharpe,pnl,max_dd_pct,null_sharpe
0,-0.016843327701916457,-9178.849038085937,19.02847890283202,-0.09622319655557007
1,-0.3923074593645548,-285627.40429443365,47.5087489465332,0.3001949113553605
2,-0.17647596344513208,-97179.91561523438,20.529253051574713,-0.23064759046033975
3,-0.27446366134828415,-131850.12057495117,26.048165457031246,-0.29568901997137664
4,-0.1672874827162248,-113571.01917236329,31.999489988525387,-0.16735162752702953
5,-0.12323246330001154,-79118.93982421877,23.547822625488276,0.5928397481716311
6,0.2103087305323229,106257.06847778318,13.185521981445303,-0.3330473688844839
7,-0.540867524469801,-304415.4293408203,42.47591143664551,0.07519783929677565
8,0.18301073499216872,107490.66506591799,17.681839690917965,-0.1519864294002838
9,-0.15333214629458103,-98340.92526123047,18.595315992919925,0.5796187180356376
10,-0.17022612347039043,-118317.79532348634,30.400787009277348,-0.00932936970447894
11,-0.10451328088727764,-54109.091322021486,14.049500463134773,-0.048856291147715086
12,-0.2768233942756706,-155868.8491937256,23.065993007568363,-0.029737667798634175
13,-0.04195670270881171,-29085.914312744164,32.476236470581064,-0.11310842433593465
14,-0.045357778465636385,-24988.081818847655,20.582205992187504,0.24311337841065536
15,-0.09387387771275911,-50605.020279541015,24.32232444824219,0.5192422299753076
16,-0.08769601629684681,-56299.049593505835,18.339105034790038,0.0652414285610287
17,-0.2698712612412235,-215304.17512817378,33.39927546777344,-0.1843502914956125
18,-0.11751317991012494,-87622.67026000976,35.755699009887685,0.11020137190600651
19,-0.048299049455409866,-31266.100057373056,20.063190001708982,-0.4470877472967859
20,0.04266772087324863,22838.091563110334,14.534113046508784,-0.04194276964599223
21,0.06438495465614436,38953.867279052705,18.111354954101564,-0.09324735092625328
22,-0.3000751979469092,-262474.3374194336,39.59301554113771,0.24574959204246605
23,-0.13393609020757846,-75382.11194335937,14.890322991699225,-0.25697146854734587
24,0.3186522862206687,177192.51629394534,19.048884481933598,0.14580924785913604
25,-0.45532009969152437,-253086.05928710935,28.414002956298834,0.2550934182616871
26,-0.022861922987540955,-11001.95070190432,18.86891155273438,-0.09939399482051382
27,-0.12249174815128064,-88544.61429809566,30.845112464965812,-0.07127980242591556
28,-0.1603909288039618,-108199.71141174316,26.202265185363764,-0.1788591094324832
29,0.020047083939904016,12107.190650024422,21.151946964721674,0.2355644234183816
30,0.08544368104536844,31983.78037475585,13.407384997070313,0.17592549326449225
31,-0.2889904039657147,-224635.81963256834,34.52394645812989,-0.08511989186720385
32,-0.015497939792801785,-9225.00006652833,22.39277747857666,-0.2038221728455583
33,0.27186990867197974,180272.9564440918,12.92385051757812,-0.11018300562328597
34,0.20728248351044573,128619.45867919925,12.804452501220709,-0.18218717302814735
35,-0.260275427724619,-128911.30413208008,23.38482393920899,-0.29282672419352024
36,-0.24045069983282108,-176181.84087097168,38.93218550164795,-0.05631790320598974
37,0.07219302333284075,45745.13380371095,13.184052136474604,0.04633592860868589
38,-0.44704429067850115,-267555.5416821289,40.99547599633787,0.05094606943728533
39,-0.1856806912113674,-110224.90479248046,18.73542803601074,0.13048671890935903
40,0.2759836132508785,167402.7517956543,16.399716984130837,-0.27987178589970846
41,-0.2257928619508865,-174749.21426513675,28.13707490319825,-0.29175591547383023
42,-0.1653186839760178,-103402.44513671874,26.185380264160152,0.19897978533789046
43,-0.36680542317962006,-298088.6294396973,50.61351497229004,-0.007139161328393925
44,-0.3037742470022708,-185429.520435791,26.24141553002929,-0.1643699468155486
45,0.08245813894223189,55521.80990844726,24.46194949499512,0.21035109596007243
46,0.44489104159371673,196782.93480102537,7.9138305009765775,-0.2979930201087873
47,-0.13054744051730993,-78957.7152734375,23.658129944580082,-0.5149347947028831
48,-0.28791092091246784,-175104.4509655762,26.548263071044932,0.09269857009536206
49,-0.39824176606724754,-293168.53398437495,39.39789140673828,0.28447818419929755
50,-0.1433297153597525,-70836.75449707032,20.13680846594238,0.23491712486465666
51,0.029899812316641454,18912.140209960955,20.908579451049807,-0.6206984246818681
52,-0.42278882742964247,-356317.95991088863,35.63179599108887,0.21106413470341137
53,-0.05093252390948732,-36760.485401001,15.562766975463868,0.39252583497003396
54,0.10023292621052782,40797.41734985352,13.919628024780273,0.21516957956091157
55,-0.6722718220692341,-407440.68541320803,42.80547653851318,0.7131301719558529
56,-0.09257320671030397,-62787.23517578127,30.441764956542965,0.30040660059466223
57,-0.7299115981151999,-440634.8812731934,49.45141441613769,0.18178136317627325
58,0.0480726138211224,26200.13028808592,16.338886977172866,0.22915718231121726
59,-0.19502176035354649,-129899.3454382324,21.257272498413084,0.30743540121031104
60,-0.1601650542647788,-117732.96512329103,22.774968479492177,0.606893468949944
61,-0.30214154915968844,-211917.69489868163,37.82055997595216,0.6227501011681416
62,0.00255691106895555,1287.9560339355521,15.69092042224121,0.10285489550693733
63,-0.14851968244989794,-85043.96030822756,17.67127298138428,-0.36262028358533943
64,-0.42828500255659546,-232959.92152587892,26.963380656249996,0.25816986498509276
65,0.36719050596681757,179233.52502197266,10.999562007812504,-0.33377040416790704
66,-0.03607036921186027,-22480.628914794914,25.368099989501946,0.1602109188413312
67,-1.0794162803539686,-621116.774552002,63.234608971557606,0.6160938363820176
68,0.09707514583122077,70070.94358154299,13.823594990966795,-0.28607996105021183
69,-0.6431849113580416,-451294.83160644525,57.85894213525391,0.6118861731714468
70,-0.23610971291301902,-141013.37056030275,27.361092556030282,0.25920872033010106
71,0.24978007809104336,134950.91015258792,15.64171550976564,-0.22491247949791393
72,-0.3291903361851587,-187806.7747265625,22.483778004272455,-0.4956230879709139
73,-0.03872403744575363,-26614.599820556647,14.906018015624989,0.10963321552263282
74,-0.03985364704538465,-30869.196826171832,25.410932495605458,0.02118974009729333
75,-0.15117819491156062,-95655.28508666993,19.40485648852539,0.16127818113601577
76,-0.20082956265050766,-137863.87173583987,26.961458989990245,-0.07069077857716545
77,-0.2740387623350637,-180273.76460083007,27.633882516113285,-0.1869328004396976
78,-0.49175931493195413,-345969.3463409424,49.09887263067627,0.4904329673845438
79,-0.025689081347510384,-15460.890066528314,16.327290548034675,0.34812304083306433
80,-0.39747026336581165,-310994.5316064453,51.51951416369628,-0.582070518152568
81,0.06780030580106051,37715.579567871086,14.685732302856433,0.6305272621289775
82,-0.659756881414486,-364010.0598388672,42.061035463867185,-0.284432642764277
83,0.2135143286466828,144455.57391662596,15.173888512451168,0.15638050895501288
84,-0.2101756332410092,-131938.7601611328,24.602965515136717,0.18389167750211236
85,-0.34907955440615923,-209425.88488708495,39.14281042553713,0.5763219370339113
86,0.04916688574015263,27320.525831909174,20.559192444091803,0.683464841491842
87,-0.11091234698997439,-65556.42396972657,25.694842729248045,-0.01371507910757419
88,-0.2612968266294509,-168654.19046203612,26.771450509582518,-0.22652902396925337
89,0.16995209540330694,87795.40897460937,11.664039999755868,0.09772140545611499
90,-0.672431125742455,-522333.0841326904,57.52707592205809,0.19268165622706876
91,0.0710565125651138,38881.497970581055,22.84954152630615,-0.08160747485823498
92,-0.22070404426190937,-170586.68947631834,43.07229195544433,-0.13691856014048567
93,0.2777430738108939,99646.34450927735,8.480320489501954,0.058040858267180605
94,-0.22844297659627325,-144621.81319091798,20.056019992675772,-0.21232648132595153
95,0.048609013656365545,26966.900134277348,12.418761010253906,0.013873610927900445
96,-0.5532220444263853,-358897.1062878418,42.8137184736328,-0.1734894254287823
97,-0.6088670376594385,-479844.85668579105,51.21072869250488,0.06515332168256475
98,-0.6259732982754683,-415893.9046557618,55.85895020776365,0.40825073990687083
99,-0.2630632920799131,-152546.05992919923,22.065734470947262,0.43901904190728847
100,-0.2852683116111926,-152876.42532470703,27.96865501831055,-0.054774032717653166
101,-0.10550931397326925,-48843.72564331055,13.124687470214838,-0.22238263732604138
102,-0.5390461956392363,-331175.77575927734,42.27810554931641,0.7764680932493441
103,0.2048002870432634,98019.20781005855,10.79702147998046,-0.0696228248945346
104,-0.047879629241281176,-25493.510948486368,16.008864071289068,-0.19592070728298555
105,0.3009057602326892,109506.72448730467,7.0393370734863225,-0.1549517922771115
106,-0.11337250103772453,-71508.53763549805,22.133625738769535,0.12622221230023736
107,0.18859778738382055,127860.52955444338,17.773454498779294,-0.13807566246208372
108,0.5068094119198054,305412.30119567865,11.113324998779293,-0.028927002883471185
109,-0.48919653188973933,-313941.39491394046,36.359635508483876,-0.23576693650731562
110,-0.44195019714366696,-303536.82602172846,37.40460304125976,0.3583356982092779
111,-0.12974710014925456,-62794.66998657227,14.464930737792969,0.2677337257460838
112,-0.042395947974851585,-32157.464168701168,13.696741835937498,-0.10318914950368532
113,0.20052535870749527,114506.11224609375,16.50335600244141,-0.41596338110808156
114,-0.668700650632859,-475170.2666461182,50.33632237890624,0.7106879747258303
115,-0.2853254845019564,-170373.0436328125,33.09946983984375,0.023049811265741862
116,0.1786450571637906,122112.5651702881,12.715854504272459,-0.5511147914639433
117,-0.08680107773016038,-44062.024974365224,21.384891490112302,-0.16054705327598714
118,-0.013231812098338026,-7619.4545697021385,11.113324998779305,-0.19739967385834803
119,0.42115728879735187,295283.51798339846,14.32308777856445,-0.5439166260759568
120,-0.5238439529531491,-451289.3310766602,54.152971492675775,0.10819150482441953
121,-0.27552542736132846,-177074.29603515627,29.998291459472664,-0.373938929788282
122,-0.4477212367528727,-327902.45525878906,38.35376548388674,-0.26652005017447716
123,-0.17747343086626274,-128857.68479492185,22.830786936889634,-0.25409512516352234
124,-0.40285946048715626,-223422.92216186522,30.785797692504886,0.23338465251920126
125,-0.32383340417918655,-162221.16152343748,33.20043772167969,-0.02106811310263584
126,-0.08394997118161027,-52566.327214355464,19.371899006103515,0.19443951984528582
127,0.08281271131695289,51091.39489990236,22.290064488281253,-0.08896134029015125
128,-0.3235160745129797,-239654.54469726564,30.063781449218745,-0.13733298931179833
129,-0.23412766378724828,-168426.59978027345,29.65651950073242,-0.012654539783937976
130,-0.40492867675627375,-313461.5691064453,50.16857395385741,-0.07218482753282399
131,-0.37417245212387557,-236598.1266369629,32.87092852563476,-0.026102128148241054
132,-0.16290761004797863,-89945.45552185061,30.037514554138177,0.35007430053250765
133,-0.045934542337287616,-21704.14030944823,15.058377956298832,-0.14934100687340937
134,-0.26206810575791145,-172007.53968383794,19.167907009033193,-0.07396458863352547
135,-0.3367871531331193,-169734.59030395508,24.51244101916504,0.06418594665639239
136,-0.4866686723304096,-317492.7578979492,35.03333026574707,0.9490398953931485
137,-0.42664708386974187,-335062.15581542964,40.582419014770494,-0.18940675273496038
138,0.020150344982983945,13450.096193847668,19.687175495727548,0.6330221680984681
139,-0.27473659589300414,-143235.06487976076,21.50895246307374,-0.4601951263128725
140,0.02144816323343734,9648.940767822278,16.133880010498036,0.27994866433588156
141,-0.133218846758703,-106962.03049560548,25.98913148388672,-0.17784641326201162
142,-0.24516405442918174,-136394.54887817384,17.720466472290035,-0.26226531438040745
143,0.05904791016901058,44436.36986816408,19.963272477783192,0.48808613338464174
144,0.012190503772531251,7474.465219726568,15.875061474121106,-0.09020235614358431
145,0.18071296472090823,116075.23449096676,21.07267401940918,-0.11387343267419682
146,0.020541684989374535,13071.17468750001,24.44258350524901,0.2625740622087684
147,-0.01706676605876564,-12710.935057373077,16.46088946801757,-0.024971553908681686
148,-0.288500445941471,-278811.8027093506,42.05303846740722,0.19142812715624313
149,0.014971214101365048,8195.384849853523,14.777721000000007,-0.26253124027582614
150,-0.7230661105015203,-577613.7739923096,58.043721903991695,0.2517106604374645
151,-0.37922281909701255,-240697.960480957,33.81436505786133,0.4400338955209081
152,0.05382577642493949,35385.890710449225,18.326356940185544,-0.7722723387080794
153,-0.31132686992354264,-199226.1794921875,27.139774976074214,0.01620052218542155
154,0.09424068202123867,49425.290876464845,19.374848923339858,-0.07241287257099249
155,0.05045054345705536,27520.131661376974,15.433697563842777,0.3279033556811682
156,-0.3755769649895554,-187375.51437133786,21.96986943762207,-0.07433333563687942
157,-0.09992024660371787,-48210.18587097169,16.908761050476077,0.5840261210887416
158,-0.41581835336462936,-207512.75459960935,25.252440942382815,-0.33805763649367154
159,-0.33823239735649396,-187989.3186364746,24.249879353759766,0.10456498177535939
160,-0.513865109750959,-295951.1222894288,38.4156391350708,-0.7044040948810713
161,-0.24349054236871742,-107869.1773718262,19.13078622192383,-0.23380590065546647
162,-0.4608665449144625,-287501.87974487303,34.09548147131346,-0.47415616369138314
163,-0.009195870574118031,-4935.344299316377,15.986741417724604,-0.031258296843541415
164,-0.2519072174591132,-156222.76443847653,27.533011018310543,0.05138694441684387
165,-0.33319472647801696,-148025.01473388672,23.03064296557618,-0.02802037269423075
166,0.4094104884385227,213483.5197265625,17.331891520874017,0.38620660520379363
167,-0.1424969230151636,-90672.44019653319,25.061348480957022,0.6083900685558838
168,0.2957630734156157,151930.83087280273,15.307323501953121,0.1740236936356981
169,-0.46786547884944846,-387198.53983581543,45.94053596240234,0.06005532889631688
170,-0.4701259914794449,-354936.05983764643,47.74962195837402,0.18404605213971795
171,-0.167900623738461,-112147.63046752929,19.908558524658215,0.12917050787828616
172,0.05204237326267753,27827.140852050783,12.679123985839832,0.3453278090960097
173,-0.6963448445222259,-457811.27466430666,49.821592455444325,0.2130530782473719
174,-0.02464354454215643,-17125.301782226554,19.792295144042953,-0.10355388385110596
175,-0.1558572843388797,-126190.60699951173,28.47385921289063,0.022141138207272232
176,-0.08008325088966245,-48617.88143920895,21.979500970092776,-0.15440657881266276
177,0.4004233170087841,222459.0546459961,11.934988014160167,0.7718011325269336
178,-0.4058106936736465,-330740.9897167969,36.59992449047852,-0.17257023236225644
179,0.26517910549398827,155053.76040039057,21.291730997558588,-0.002118089626811407
180,0.0625853625866953,34616.13450805664,15.111977977905283,0.03579682687391764
181,0.09166800655094705,58139.80561523436,16.656743937988278,0.35008570910430337
182,-0.3171146602446495,-187957.49566772458,41.23484154260254,0.06440977833334142
183,-0.8959536330618075,-623810.3706372071,62.6937840715332,-0.4452262330432955
184,0.17408447670802482,117388.27887329104,16.830576948974596,-0.13703837718003456
185,0.497203782409215,211896.086751709,9.5658715024414,0.026969191629479097
186,-0.28326263727044537,-131527.77590820316,23.454931700317374,-0.2778554462728433
187,0.15032868313607714,74342.88549316407,10.252247980468745,-0.41770781684811487
188,0.18040428858574206,113127.3072393799,17.671097966735832,-0.00880479023527865
189,0.19007583551772478,133170.54717773432,15.378906960937508,0.20147963415107029
190,0.369701410058528,219360.8427233887,10.11794555957031,0.25303593824457526
191,-0.59697911174402,-517954.7746325684,58.76325008520508,-0.46062207079758216
192,-0.6803128702124565,-397960.98007812497,41.19833548706055,0.45691936242344117
193,-0.1861303329489968,-126946.1021923828,36.99823800170899,0.09085748914454926
194,-0.05106575655309939,-37771.23548095706,17.367322517333996,-0.1435490683901691
195,-0.049447213110428614,-36311.22896606446,26.12284494067384,0.12293761339676043
196,-0.3053554955321897,-232736.91872680665,43.993170466918954,0.544304311300472
197,-0.16009874230235174,-86394.51326904293,17.426648932373034,-0.1832369711479875
198,-0.0003003190351211958,-219.48447143552767,23.39921198120117,-0.06778319576516369
199,-0.15775981308420495,-107009.37051818849,17.99770908502197,0.1027874895837806
200,-0.253818990621945,-127650.99664672853,21.362010789184563,0.7869485405370185
201,0.1315137194097328,73965.04333984375,20.731059486938477,0.11706973391314661
202,-0.6793993031592299,-461131.412736206,48.704307296203616,0.11170038500047837
203,-0.5470945905901688,-318591.77379699703,39.22898141503906,-0.09189286531764396
204,0.2747151852373932,176624.88965942385,22.960350448486334,0.6632464036823038
205,-0.6752571287508763,-451010.8180163574,49.80618135803222,-0.1547566470542864
206,-0.3536379363554812,-229329.0196850586,34.89062043920899,0.1820844825549725
207,-0.07454114118330198,-62620.40514038078,33.5342805592041,-0.37193518775774703
208,-0.0524357478714787,-37157.54245117189,27.34360572436524,-0.023630879579324946
209,-0.5779639403750251,-315578.0509338379,41.17645509167481,-0.40326035396373566
210,-0.16203762723608867,-94495.74428894042,20.677874473083484,-0.22387795349852732
211,-0.1849382521957427,-82744.38978271485,17.00313354248046,0.0006111406222105104
212,-0.2591179544793634,-168100.38068969728,27.700336044311513,0.13303892864746522
213,-0.3869210155268276,-265122.8504931641,27.01629650061035,-0.17031017962678568
214,-0.5481216519374738,-462020.6395043946,52.75155547631836,-0.03702180989247782
215,-0.3186349872200957,-235762.26099060057,43.72049755627441,0.35103099189671855
216,-0.18423616759940512,-89918.0950872803,19.676536001220708,0.3491904359986927
217,0.5373350089287128,290885.7096716309,13.956739979736332,-0.18959777547355916
218,-0.00625644167606692,-4560.319754638709,26.991184437377935,0.26709899428634143
219,0.0745948721221283,31344.660534057613,9.234509494995116,0.19896919101236224
220,-0.12205846816551645,-88941.37619995118,19.321046303466776,-0.24862406770789422
221,-0.5077295183008166,-354072.06917968753,45.67592095874024,-0.23174558109536197
222,-0.0806033877404556,-58721.29516113281,24.599921943115245,0.1000488303008326
223,-0.188574470482777,-164535.9466693115,49.162681958190916,-0.171883088018421
224,0.04707034128643093,31568.899438476583,25.024866550048824,-0.17651629719619913
225,-0.3579974753866532,-214306.79454711912,23.792039940063482,-0.20477298575688643
226,-0.3902827408055616,-287542.3645947266,38.32529851342771,0.3429184595532513
227,-0.298804444348166,-209386.2473583984,29.177477020385744,-0.09187923230187973
228,0.09797942228823248,66562.32490234377,20.046236045410158,0.15923193524240387
229,-0.12071658073492599,-62955.32584411619,18.525573016113274,-0.170799902962382
230,-0.11957710945577879,-65489.064094238245,17.190303536499012,0.2777587785812292
231,-0.29647040927951207,-157286.36522583006,32.99181350158691,-0.21884185412145699
232,-0.5220914456641288,-338776.4277746582,41.78840625207519,-0.30647601276263226
233,-0.27587277400868726,-180832.55037109373,41.45922597888184,-0.267817739987278
234,0.005692598537366789,4061.564396362359,21.10772545758057,-0.1109880834943123
235,-0.6142954336144836,-461621.6067480469,46.16216067480468,0.04377541312158388
236,-0.17792654479881834,-97249.60216430668,23.82032143957518,0.17682122439387407
237,-0.4647743181298147,-350981.0345581054,46.61707046875001,0.35231442616831105
238,-0.22279377547148316,-153239.91150024414,20.670527796630854,-0.08818738479468691
239,0.5466429082206837,422913.75016845705,12.830465995117185,0.22781024640782135
240,-0.31681299733479107,-163999.59996582032,23.272791943603522,-0.22004347026501772
241,0.1466978609864191,83581.87848449708,10.875271979980463,0.02725415560057476
242,0.04368623106471,19808.404766845677,13.157884028320305,-0.2419263747684294
243,-0.2635456949814383,-134366.45572875979,32.61796449658203,-0.22839564663258477
244,0.1355292006588694,58768.03232910161,13.80400475048828,0.4909133589437547
245,-0.2726065996100332,-184786.45069335937,35.13212993859863,-0.3761356421037878
246,0.5215487656014876,229403.5985217285,10.705738499267573,-0.11914875984334813
247,-0.47432479038241765,-373509.444921875,42.45491049877928,0.25597713364231794
248,-0.5253483064380738,-268217.5200158692,28.453153991332996,-0.1831680779504547
249,-0.3757447730599462,-245761.5306384277,41.970465062500004,-0.026466340630903803
250,0.1325264034057194,70771.26539916993,21.906782003540044,-0.05049101508525201
251,-0.5333318607470839,-314502.26020019525,38.55656695922852,0.6035071896307764
252,0.01668556467549726,11323.001663818392,20.104742387695307,0.02796186451822464
253,0.0730003895622228,45686.43725830075,16.437661494628898,-0.14232148419260915
254,-0.21447345761508863,-125397.22504638672,23.355703007202152,0.04141950245525828
255,0.1995681423491777,85331.7003564453,8.567039147338864,-0.02798520001314303
256,-0.42792355609570754,-274160.8012524414,27.416080125244147,0.3141130411838864
257,-0.09035339431470535,-51580.93549194335,26.864996246826173,0.22157041484196527
258,-0.06697752339571689,-26616.186429443376,13.812957518798836,-0.21892181567852267
259,0.5924805077896528,300688.2598046875,11.113324998779293,0.08542469878242909
260,-0.15544227425255205,-117468.00877685545,31.01575797351075,-0.18055707929137005
261,-0.033865092959676185,-25609.72929443358,19.43811945300292,-0.17948501295282399
262,-0.4478283178928956,-317288.85055664065,36.06381505468749,0.27577956496924017
263,0.30914912836851494,178389.02532836914,13.521764015991216,-0.21626135254423975
264,-0.6174315618208399,-411665.3871276856,42.64538175476075,-0.32334542179235826
265,0.058799909084972256,38880.61895507811,15.378983174682617,-0.10348846039727592
266,-0.3056287711891442,-168803.6029333496,31.393532327880852,0.44715211515610226
267,-0.18075167609102194,-84824.90105224607,20.89894648706055,0.4198302832836076
268,-0.3243642968463505,-183764.96462036134,24.817616974121087,-0.279180117269393
269,-0.23566676046630045,-80507.79873046878,15.459557136352533,-0.10060993801523291
270,0.034988411457585016,24173.06476257323,18.059129978027347,-0.3787501861697472
271,-0.18822451554606798,-106270.33268554688,25.673614992919937,0.027656657884270134
272,-0.1555350169556246,-107174.87539794923,23.700727018188473,-0.36077690138248786
273,-0.11718899476713905,-67934.10803588864,20.285229026611322,-0.8584014852887456
274,0.16797559417581082,91193.29525634766,17.450801946044923,-0.5821813455044103
275,0.04707511691571213,35758.693663330065,17.01306387219238,0.12265718688906406
276,-0.5415519439552924,-311332.0199957276,33.23211200323487,0.4457914754021862
277,0.2869591197794041,119299.26783935547,10.548694018066406,0.7657660087586846
278,-0.15785857992251712,-107501.49935424805,27.887887949462886,-0.051701434936726916
279,0.0340542605871959,13717.095266113287,20.624275953369146,-0.0639784270750291
280,-0.18941159290007983,-150924.2692761231,39.10075191455077,0.2021345725931563
281,0.2181581046827667,146217.9478076172,22.138576496459965,0.07156555864256549
282,-0.23565455762394522,-163595.82208740237,33.708733199829105,-0.06605053412777895
283,-0.13951609963317613,-87181.98527099608,16.779432498657215,-0.24999198917815324
284,0.21707051006599937,97765.57943237302,12.798919530029293,-0.4085327797921404
285,0.4903440798861978,291736.26037719724,13.288619987792963,0.4499640652878659
286,0.14258358270377944,106279.97092895507,24.898698000488288,0.2858623999118363
287,-0.44252705074296417,-259862.53226562502,29.89130026196289,0.21573695685636934
288,-0.5023505424435935,-308213.62470458983,38.51396798095702,0.19893230516189392
289,0.01821589535143381,10422.47554443359,26.618135945556638,0.18472453972441755
290,0.06257116926247165,35002.38062011718,19.2379949987793,-0.3116028948678302
291,-0.2058743199759215,-141062.4445568848,32.93594044213866,0.11734547739544764
292,-0.7180455702379843,-481827.5596716308,51.24433346923827,-0.4297619342385736
293,-0.6127383288673105,-546436.042902832,61.855285797119166,0.20793189103621004
294,-0.3903897452939566,-231349.03473632812,31.95760146093749,0.5883156638190286
295,-0.06878985464800738,-53213.65744384767,25.303603992431643,0.3035761564418177
296,0.2685541700716256,114956.92843627928,8.363835477783205,0.08537168848623608
297,0.014638593873432776,8070.4308569336135,17.47738898193359,-0.1277977168190682
298,-0.3316045749227023,-213184.9033251953,33.01959881359863,-0.3389624586219688
299,0.09671816916437748,52699.24459594725,15.920673489257808,-0.2714972941138001
300,-0.2625647644069241,-168641.882133789,24.49254417614746,-0.5525783919002458
301,-0.1259250344390095,-80139.91281738278,21.241317957397456,-0.04381116596007753
302,-0.17267862624455885,-114562.07534667969,18.78451750952147,0.00801515194408806
303,-0.2132884022796135,-158745.8576599121,28.356752921264643,0.42930154431078127
304,-0.03587325698345005,-22362.329017333963,25.15400066247559,-0.18952963835638717
305,-0.19601157465058,-180915.0051281738,35.39577851330566,-0.35184367056936916
306,-0.4307565074591933,-293323.8245251465,38.02797147998046,0.09630235002102111
307,-0.060723315675685556,-37062.928734130866,16.53377635412598,-0.2992348994145935
308,-0.09256085725531979,-72033.3027307129,27.497476033813474,-0.1921494741371292
309,-0.2022560848040287,-149710.2182751465,28.34227504174805,-0.07519861336049981
310,-0.250265958976174,-171739.26229370118,30.60371550244142,-0.2598121409388884
311,-0.34210399431520444,-191138.50994628906,24.41047949633788,-0.3747932817807444
312,-0.08487730702370344,-58442.51800537107,27.225784958251964,-0.18105899305560333
313,-0.36987096816201337,-219452.33198974608,26.274671398803704,-0.3808767003404768
314,-0.33269240240443326,-211464.54835693364,37.37218550146483,0.04200099824081346
315,-0.3653164176872415,-237034.5623779297,31.84840421606444,0.2047993025878611
316,-0.6694841646968664,-511207.42579650873,56.46975256445311,-0.20846535172401331
317,-0.11818052410335622,-78657.614508667,19.48055747631836,-0.4081830205312895
318,-0.02172236085565808,-15749.617908935543,21.643925943481456,0.47177887523868695
319,-0.056638900958777265,-28521.439165039046,18.57160000048827,0.2040749748259145
320,-0.1451665607068553,-101600.70091491693,28.438078998474126,-0.07243450512614677
321,-0.06895102764577177,-52103.407308349575,21.466293927124024,0.15977939700280688
322,-0.6183232151087871,-432123.8033660888,44.82379783764649,-0.059527780290361224
323,-0.12194877426603373,-72792.30017639164,27.246158958190925,-0.19478483569115662
324,0.7340685021851642,411607.56508056645,11.820666987792974,-0.361535225680754
325,-0.06712786722846067,-32015.029663085934,13.639321016113284,-0.0846621575657264
326,0.12905993101875904,79400.20600463865,17.372926973144523,0.39493571572064756
327,-0.2312256748666082,-151072.6409790039,32.020165009033214,0.15591325276335452
328,-0.09321966322382658,-68755.39755737303,35.12235545019531,-0.4616075360971248
329,0.11672818889973843,74688.96017333987,13.095299475097658,-0.09872296262017165
330,-0.3978335598394796,-173400.48473388673,29.873738512695315,0.6241910212587182
331,0.17345603561271186,114461.02536926269,17.983956976074214,-0.4895073878272357
332,-0.21946292572744183,-120138.57730407717,22.54430094604492,0.018901769696009055
333,-0.1507857999815808,-81810.62750183106,15.206356500244153,0.37452933030752805
334,0.22430250054872516,149809.5658630371,12.22652449194335,-0.6416919610238442
335,0.2283000405296315,112843.28464355467,10.329480987792964,0.10053817863964128
336,-0.2478175078717411,-121558.75992675782,26.405736992675788,-0.36146612835569963
337,-0.5166447537644745,-327104.6938891602,35.531500926147466,0.33273649262115707
338,-0.08475116985456617,-60558.18690246581,21.98494069854736,-0.07981672527480146
339,0.2167108890671712,132939.64005859374,21.006873942138675,0.04179799041551128
340,0.09183699756938661,53858.36852294923,18.74963903833007,0.11158104456395036
341,-0.306766942542364,-239500.40080566407,28.452501501708987,-0.22457514313579488
342,-0.1060043046558979,-77240.79858154297,24.611378976318356,-0.08302654031695113
343,-0.5778973747202739,-328740.3616845703,39.182998453369144,-0.12241869674522456
344,0.34517508763608823,186506.60056884764,14.534229469604487,0.3467907220505796
345,-0.029485869108849816,-16532.9651855469,17.750705574707023,-0.026574600677351637
346,0.03940260989726147,25625.729689941425,18.197758013549798,0.16604709166526488
347,-0.576114129830599,-371209.1910461426,40.43787106579589,0.3221928483974335
348,-0.03613962858087023,-16163.136307373039,17.356710557495116,-0.2793578949771349
349,-0.4746496315183275,-304442.6723425293,34.5325917244873,-0.07261850286426144
350,-0.2179843188359443,-119894.84630004884,27.786625518676765,-0.17957399435504728
351,-0.6249820441426136,-521921.04487792973,56.540096479492185,-0.3166898767657041
352,-0.06033883432795735,-43865.072272949285,25.98771971533204,-0.017515597249741652
353,0.06732208046290762,28573.928822021495,15.057842416992179,-0.04830626520908676
354,0.17349461085521553,89055.55774291989,12.697136005371087,0.4119707657631582
355,-0.34664430173044275,-212911.15091796877,27.370870590332025,-0.06011439935764671
356,-0.648266746798293,-568841.7905603027,66.55754004772949,-0.3575241032737463
357,-0.03652268434558926,-22667.067863769567,17.60451814733887,-0.31128337169077747
358,0.0012684655169426281,1020.0016552734451,22.432827276489267,-0.15157406964199616
359,0.07358275836781995,47879.45992065431,20.394017428588878,0.048692243650391556
360,-0.4265160702421569,-286462.0742370605,34.57798294299316,-0.047613184093014425
361,0.5224133434693395,304471.75485107425,9.05958899999999,0.014443875803721265
362,-0.2541962175121978,-145420.70552001952,24.16118841809081,-0.017757767373095607
363,-0.11066024076779418,-64991.74972778323,23.91504446374512,0.021134514506897233
364,-0.3056912420933569,-234808.82428466796,39.28523590014648,0.7130255709201267
365,0.059183832890960526,35331.255704345705,16.471686403564444,0.5588929562948972
366,-0.3218046985303431,-247296.05657470704,28.6213481677246,0.6908711249205312
367,-0.1850283956431806,-141639.44996215816,28.006398938110344,0.17070558222001053
368,-0.08569743036502843,-50826.51433105468,24.560887914794915,0.4603815946951173
369,-0.7418949924872761,-399965.76555664063,42.809483085449216,0.12415063690905481
370,-0.44439738015913216,-280478.1616271973,32.027342128784184,0.8079329178951782
371,-0.6080399122317438,-339729.41955688485,42.147956927490235,0.30114632357331617
372,-0.30000930256470937,-161982.52938476563,33.360535977539065,-0.34069278078550774
373,-0.21073652051407132,-122067.04772583008,18.06401695983887,0.5525660543834727
374,-0.0790522830423801,-53928.9194726563,21.42947850305175,0.41468447393626123
375,-0.46896850548853786,-356523.92463684076,37.21877547760008,0.15424366077527008
376,-0.04189839627864873,-16369.160083007802,11.708302468627924,0.18717033334305125
377,0.06593749010526584,43065.2330596924,16.14964352557373,0.2925302299134673
378,-0.32117359561828535,-245605.079777832,28.004393458251947,-0.6690027359795061
379,0.024375918337074483,16279.711925048818,21.05823451086426,-0.07691090786068763
380,-0.10640603705636667,-75557.29200195314,33.69311295483398,0.1507044852181379
381,-0.0022909934773460605,-1593.0485498046983,27.221758880371098,-0.09464690608010858
382,0.07728747688567598,42265.59064086913,15.030515466674801,0.177587195219618
383,-0.30541437833521257,-201670.90825561527,27.57686447167968,-0.16949403361066773
384,-0.2931897634755506,-196972.55639892575,28.206003501464842,0.4540406845600016
385,0.03267147198659317,17000.087318115227,18.942281188720695,-0.19408911598793205
386,-0.5607260943356964,-508678.37933593744,61.19956489526368,0.43439009234860965
387,0.011858737038156968,8329.094633789064,18.96268146972655,-0.5349060734685169
388,-0.13977534917869083,-80466.86881652835,18.4657665119629,0.24693558386623543
389,0.09877106727111197,68991.94480346679,24.492587966552737,0.5532015252062246
390,-0.5034273300489274,-252898.62879394527,25.242397932617195,0.2860997179351095
391,-0.38882524056730633,-245561.21028442384,30.662438015502925,0.041869017582625255
392,-0.06647958966369641,-45897.04636108398,20.297620986816405,0.28069907603154454
393,-0.616839004082423,-430913.95453979494,61.33531744091797,-0.17884381587212408
394,-0.033528698795361335,-14818.620999755847,16.870596481079094,-0.02196238657004852
395,0.024832640476949414,13617.346199951135,17.0801534522705,-0.2100303223616406
396,-0.025384992307713395,-16544.140087890642,30.178509998413084,0.3513109278628465
397,-0.1050401668872633,-55588.21026611325,20.365872975830072,0.36868672315098305
398,-0.059848690029997806,-26081.138815917977,12.379543430175783,-0.17247459058805065
399,0.5837319390330659,293421.26555175777,10.326403511840804,0.08416472305132525
400,0.3956045565203403,267910.39805664064,14.142991474365257,-0.09871302016744464
401,-0.2890126309529056,-209882.60513854978,24.864339033386226,0.17439253259082146
402,-0.5476095289325027,-380069.68938354496,40.750570947387686,-0.24497372509631188
403,-0.4142333728132142,-298113.14087158197,37.05477590698242,-0.25922155910345135
404,0.04409093092620692,26051.049852294935,20.870912483642577,0.24580907192510196
405,0.24362004851203234,146962.86037963867,11.233810467773443,-0.16040440881360668
406,0.05732569266260904,32697.792576904307,16.552464991943353,-0.16398227636198823
407,-0.03651222736624288,-24957.617102050775,26.410429504760742,0.5015235249027499
408,-0.22069288135334877,-148519.7795257568,22.402876979492188,-0.09243339350933408
409,0.11823916283565127,54617.784344482425,10.912608499511716,-0.1549449447198246
410,-0.1409152029620421,-77052.964029541,16.708618483398435,0.35827140006606767
411,-0.5838393625773896,-354039.9932824707,41.75890034875488,-0.10417066595673286
412,-0.11859777649745049,-59418.60983337402,16.945569982910154,-0.5339496237197209
413,-0.3702509334663943,-233739.55464050293,25.540644424987796,0.1822444255680962
414,-0.04761804464447266,-30857.363583984377,18.034113026245123,0.7274592419678121
415,-0.292519181568477,-180727.31035095215,28.30518851947021,0.1600057282242029
416,-0.1445952863159342,-96342.9785192871,27.479986329711924,0.5195231083493148
417,-0.10139673323363933,-61736.35399536135,16.662841993408193,0.5353153692580821
418,-0.43837854249085506,-258806.86915710458,35.054648456665035,0.37233105814435563
419,-0.4900570671179991,-288293.7442260742,35.35368442016601,-0.3379375076343592
420,0.0881940163933774,35526.83537048343,13.231852698486332,-0.11625284430649972
421,0.5070107554249579,203206.30409179686,9.424604974365234,0.4724003567755201
422,-0.3113146842827534,-209130.89153320313,39.29865665087891,0.061372221338858876
423,-0.14692218097814833,-92923.0344354248,25.161002035583497,0.08879472655474879
424,0.4391951349577493,235079.08582519527,14.403254544189457,0.17335224408246314
425,-0.22347905899768988,-147919.7085839844,23.777197835205076,0.0037148147321697847
426,-0.14438440647727185,-101205.38565795898,22.67657055603028,-0.23743367465378218
427,0.20519645871723344,155528.74294799808,18.294442488037106,0.01699766995597546
428,-0.35893039423098105,-248325.11443115235,35.671497467529285,-0.16761042508308152
429,-0.25825107297711564,-156708.8600415039,33.559732523315425,0.16677313620688952
430,0.08476763586326955,54964.83791992185,26.716367970458975,-0.31680127387211215
431,-0.1317018693078592,-97052.16895751952,23.16976982641602,0.5377613748356226
432,-0.1018936537142538,-58597.080928344716,19.00154506158447,0.06405832721558127
433,-0.3276471758045225,-134383.73131958008,16.86815159899902,0.15062639221066304
434,-0.18271209252211743,-137265.07957885743,28.263155447387707,0.07946874642104443
435,-0.06739156969005404,-42035.588172607444,27.30879727587891,0.6353930993551113
436,-0.2155574317927361,-161284.73853271484,24.915843511352538,-0.12767794408141195
437,-0.20516448650632038,-149084.21531494142,37.922068488769526,0.42807244568075575
438,-0.160187325205483,-104786.06086547853,35.05458805566406,0.30919193661674793
439,-0.15150180377286554,-93737.43999267576,14.788369995361322,0.07028402251369066
440,-0.4505195522529947,-273555.1801116943,33.13785954168701,0.5176157392164581
441,-0.01930796039064644,-11954.638795166014,16.99994093542481,-0.19231001477890083
442,-0.02313178048093758,-18146.10610046389,28.1054905102539,0.06953137608354693
443,-0.26790728262365915,-191185.66997192384,20.368778013061522,0.282229926816536
444,0.05552568679752674,40210.9298937988,17.95883646948241,0.30932827543112834
445,-0.017793572541862007,-10877.97448242188,21.130295979248046,0.6201721503051798
446,-0.621518054420291,-395721.54889160156,46.771113909179675,-0.23076065817657077
447,-0.14419282366476488,-99696.14480102541,35.14625990905761,-0.13774416883789264
448,0.09114591832594782,61141.23863586428,20.112485485351563,0.7969017884845797
449,-0.3804002407551372,-184644.8392541504,18.816796928344726,-0.29991582256745275
450,-0.15600333463499452,-99345.21007995603,18.32453600366211,-0.10474059733743406
451,-0.21920965463475944,-158445.12801208493,29.463557815368635,-0.36508201843004134
452,0.24031790143447734,87289.20388916016,7.816288042846671,-0.38277055355117307
453,-0.4247875493065736,-329131.0998736572,50.91366243811034,-0.12719220192271585
454,-0.5186676114917051,-320058.7745947265,32.72886146826171,0.25153303234598756
455,-0.1557969743905556,-104714.98533569336,20.669541032470704,-0.2850042463823019
456,-0.27318049497381036,-173977.41428283692,26.006308443908694,-0.0375564978789501
457,-0.39667335863970915,-285933.1950720215,36.75468001232911,0.3537353483180665
458,0.0008053091645426252,542.9696496581892,24.65557047045897,0.5932010500929313
459,-0.2710512437527195,-197368.30499816898,25.38128197094726,0.06832112691262411
460,-0.001921198518515363,-1111.0921838378854,24.355137000732416,0.12701629753140156
461,-0.39842201110806846,-302626.72168579104,31.154196173706044,0.035250117263246804
462,-0.20441168156609743,-115778.23966064455,19.63335499584961,0.4435440740724644
463,-0.1046384728336718,-77851.53373046876,38.05446995788573,0.35207476512099245
464,-0.023330896657481878,-18429.71974243164,22.51447849768066,0.3245054174280002
465,-0.4116198499516074,-229578.355559082,36.06614603295899,0.31607456842556947
466,0.272622981748038,105891.04595458983,7.169901445556641,-0.05367919778363434
467,0.057740588657253594,42066.95128479003,23.25811000732421,-0.2836405704642007
468,-0.19523087380085133,-112844.21020751954,27.956352521728515,0.20545955976541547
469,-0.42518178609767304,-203460.95436218267,35.395959918884266,-0.05407383324769758
470,-0.02598949630259437,-13811.450852050766,26.353227509399424,-0.25893519539647336
471,-0.5588137060111534,-310265.4278845215,36.05320224670409,0.29233952264524565
472,0.32409620671623907,151315.44339111325,12.521679677246093,-0.13782274776907627
473,-0.3651535774560383,-287016.2022192383,45.41716470410155,0.09020819827594086
474,-0.8394118001763069,-568112.1846240235,59.4836334432373,0.46553278025500405
475,-0.133466890335721,-93883.93455200197,26.965212002807622,-0.2739921473966344
476,0.3002066685858024,154159.73854980466,9.702522729492188,0.004553049183828261
477,-0.7010930074550309,-389212.334967041,53.03449751843263,0.2689869586652534
478,0.021363573329216023,14153.663184814475,22.00714520300294,-0.16870439274817625
479,0.05253464247515274,33882.27511352541,28.830141466308586,-0.21480435248092794
480,0.15245725845572136,100580.979899292,22.538635503723146,0.5502342635240387
481,-0.404592480085884,-208918.8095349121,29.545817966674804,0.31111136423109537
482,-0.32504670997212715,-196063.34956665037,27.722529431030267,-0.04904503549926926
483,-0.2121653284617921,-140514.1455700684,36.64297554895021,0.008364014700812552
484,0.08552285775317883,59180.89500122072,14.0999050012207,-0.019970239289309986
485,-0.12234001466398894,-65180.84541625974,23.21867900842285,0.024127973161615728
486,-0.25377741567693823,-161152.83552856446,24.674758973388677,-0.021018322301405854
487,-0.5452493823361656,-281520.8809289551,37.189674089477535,0.32848109601699016
488,-0.5004666204586461,-348168.3540930176,46.02148840588379,0.09742931654583156
489,-0.3117955981057624,-270619.49947265617,47.20659096313477,-0.38745538191583795
490,-0.5019089108923578,-403122.6588275146,53.92464636932374,-0.42687298344071084
491,0.3774543309266162,217755.712376709,13.82391203833007,-0.3248173810813763
492,-0.17168883408825553,-112306.78928222656,21.31927642114258,0.01634126160921447
493,-0.020210887297015357,-11649.049028320282,26.42443904138184,-0.015584388205788734
494,-0.06132481447124169,-33389.123671874986,16.84940248681641,0.6304628344305107
495,-0.1804345276724657,-124651.76688354497,27.883817475463857,0.35128892209503887
496,0.17314904170648657,124034.79177124021,15.243644825805665,-0.6186628260449738
497,-0.04561733020506888,-26927.882271728486,22.995794647583004,0.3354787486818904
498,-0.4230470279844369,-270115.1142932129,33.95794490527343,-0.1674482089109601
499,0.21260281706517453,133490.93998779298,21.50197171704101,-0.08149661687523077
500,-0.47930106480038154,-270653.37937377935,31.122772578857422,0.006506571879131304
501,-0.046042152934835004,-28059.220108642578,16.884714490600583,-0.21910961209648014
502,-0.32959206986485506,-284168.7452978515,34.393638492919926,0.08094822731628191
503,-0.2862031439537154,-208555.8646228027,40.32172648620605,0.07993476234793549
504,-0.19588258161700475,-146297.56520874024,26.557714930541998,-0.5144523083922135
505,-0.002520736952838696,-1361.5049353027425,15.288032486450195,-0.35638638463094635
506,-0.24543663322676984,-151414.28509521484,24.07035601263427,-0.1337292555807436
507,-0.1329394275427541,-102460.35968750002,35.58969101184084,-0.28670531942439653
508,-0.15181493767945847,-98410.98989868161,21.382513446411142,0.04258331514652094
509,-0.3904011683439735,-288778.96438415523,36.03765896472167,0.0989038535133205
510,-0.43838662069828804,-267222.50344970706,41.31953548510743,-0.11696482354712985
511,-0.16857631687392746,-93305.59933715819,31.104544938842775,0.03929723502367702
512,0.006408436508431408,3576.1354003906163,20.57443397363282,0.2517345473859201
513,-0.26129404746343876,-179268.4249584961,34.79797297216798,0.03292330065393305
514,-0.14938112485731836,-85213.17433715817,18.465097482177733,0.24155311818538597
515,-0.009149532567703862,-5214.70073486328,14.692774017578131,-0.1974009542403175
516,-0.2832184789448605,-225160.6802807617,38.965932994140616,0.24999499316067458
517,0.008671036197974704,4742.819060058595,20.85244251074218,0.09131292298218317
518,-0.12194775248820253,-78257.50003173828,16.76878950708008,-0.0722700259578971
519,0.21404183162066542,118348.50892700194,11.113324998779293,-0.036506716752382186
520,-0.5621529710331439,-470633.54462768557,62.23378242370605,-0.018404166336976006
521,-0.018991345739588755,-10503.492851562507,18.970660494384774,-0.07229339994965114
522,-0.21792338338347367,-170540.3617114258,30.90194215698242,-0.44800409921807205
523,-0.07996459960933586,-52920.68458251946,25.774687986328125,-0.28143214565730895
524,-0.2991472526379741,-267321.49177490233,35.71305715722656,0.444678408024028
525,0.04451631922974267,24765.706754150408,14.492625402832019,0.008933057643442321
526,-0.055698247021422655,-37544.53954895018,24.415953715881354,-0.10093884793668884
527,-0.017083318912210512,-14488.207028808596,35.64290698266601,-0.24998276322254243
528,-0.5533331403368854,-369114.57278808596,49.89383727270506,0.750982077649345
529,-0.07143621916091838,-47535.619124755845,23.307551498413087,-0.30348551847369015
530,-0.5000435215296108,-379025.9254895019,45.79458897229002,0.7539779483709127
531,-0.3864290439127916,-287359.9506225586,45.69020501953126,-0.06569092731454994
532,-0.3579786702652618,-258423.68489013668,45.80738047045897,-0.08590907212153959
533,-0.3770420027423446,-273557.80578735354,34.43150955944824,-0.17486067288535273
534,5.94031755213618e-05,22.245523071294883,9.985555994140624,-0.010050247959403997
535,-0.23576109572315918,-100433.01683044437,17.32214867572022,0.22827694663870104
536,-0.15934301461584097,-98089.54057006835,18.116426534423827,-0.23994168005867877
537,-0.11886289627378752,-80540.57512451168,23.52379924755859,-0.1800103206749665
538,-0.3330269826485067,-240030.8257421875,35.00005304589843,-0.05273983121239851
539,-0.6613644271685741,-554959.949642334,60.173468503784164,0.5733094503118626
540,-0.0955345572458009,-56657.34402709958,19.43897492346193,0.12441059076729571
541,0.02755027087689581,14807.445559082014,17.59772501318359,-0.25271036526435686
542,-0.20917715974692994,-95550.8646850586,19.356745469970697,0.04343758113410627
543,-0.30185284466562035,-158981.31721435545,25.05142642443847,-0.38315700431626687
544,-0.3135043384245734,-186508.4114923096,23.001075136779797,-0.3308590258080577
545,0.27785218065187156,154145.02610595705,18.190258993896492,-0.37667247643515317
546,-0.16671190790894722,-93808.72469604494,21.193337972778327,-0.1571882201549518
547,0.18939758577837662,98932.59159179688,11.113324998779293,0.19182058152466513
548,-0.22387498067662762,-137026.75784545895,27.385465942626947,-0.013358766505586027
549,-0.006382148100457325,-3420.6098962402393,13.767071512695308,0.16534157478640826
550,-0.423699662121579,-331866.43407104496,48.284790432495114,-0.2186618244199208
551,-0.1883746729843853,-144695.25718383788,31.851358723999024,0.22518099113294082
552,-0.2518578372322949,-217188.70900512696,44.16517195434571,0.43156428910684136
553,-0.43845805577835684,-312638.0844018555,49.51214842871092,0.08842270871914654
554,0.09031630287541288,58853.88257324219,26.761776970581046,-0.034072368243817985
555,-0.21701553277792748,-152529.845324707,28.425182502441398,-0.15684963734607066
556,0.24821065525578728,99619.91994873049,5.922083990722662,-0.02065968211994835
557,-0.1834094339173829,-124300.16836669926,21.99457272448731,0.15024003811192058
558,-0.3749121069078162,-241067.20439086916,27.528050466430663,0.2224348355956228
559,-0.16190277761331634,-82065.17127807616,29.45567797924804,0.6254272126156015
560,-0.5888647270289427,-321917.4350592041,44.85036718914794,-0.2946352407250763
561,-0.43680834297719484,-345687.5404589843,51.06608202587889,-0.3953130518216014
562,-0.14714110298868857,-113988.28927978517,28.2465341607666,-0.24777952336794484
563,-0.2199788425308017,-114656.63531677243,25.87716767108154,0.26152624859638146
564,-0.5115455152140258,-354769.3950494386,46.81480097393798,0.31426919120691443
565,-0.14994711564735594,-94178.00026794431,20.74680199804687,0.16895295719606557
566,-0.10028028681361228,-66019.0244213867,39.49481993322755,0.04112598789280057
567,-0.0045556585833655145,-2416.823964843774,14.805145507568355,-0.3828333849359014
568,-0.5901130409991824,-314941.53985656734,35.236842446472174,0.07954539833493708
569,0.025434376713978683,17466.134395751928,20.425923045288087,0.37608433422977966
570,-0.4544937300428505,-290938.0754504395,43.06697550024415,0.05169623425204518
571,-0.34674422832249246,-237671.01399658204,36.947522930419915,-0.04904829596401208
572,-0.45885664193685105,-310652.0738293457,44.71574830798339,0.20118667872813686
573,-0.0790076655075567,-52655.60678344728,21.37893544824219,-0.21102246984529255
574,-0.4558705000178065,-202891.3661010742,21.09607809472657,-0.0138658507558184
575,-0.49280283339706726,-342944.48006103514,37.59667049353027,-0.253839230187793
576,0.19589728807872292,99366.83954956054,12.701743990234379,0.36353158566843247
577,0.05399343269070314,37702.1495361328,15.990645525146496,0.36113369980050936
578,-0.11382280675954805,-60201.211573486304,15.070035622436531,-0.029679737691356758
579,0.1082448270564821,80289.1943902588,18.314318023071287,-0.0028068636261461806
580,-0.33230583555891613,-214694.88437866207,32.87782398120116,0.5453488571785183
581,0.25266327894092666,129303.22245605467,13.839545496337907,0.34539323331714
582,-0.4671009080009862,-292002.4158203125,33.851988560791014,-0.19334494859085163
583,-0.01349501724390515,-6565.725695800786,14.479298539306642,-0.24515694977264124
584,-0.19212511092136758,-126864.43276916505,18.66948745410156,0.09415913090170445
585,-0.3167104593435014,-163263.02087280276,29.34277045996094,-0.22613651805174523
586,-0.15890029287725257,-83731.33058776856,13.842694500549314,1.2096611627122882
587,-0.3724889004160811,-286394.8544708251,42.88240895825195,-0.09391783397179997
588,-0.1103161572031137,-71926.28196166991,24.586670146362323,-0.07201110081896296
589,0.015085857845888848,9828.050943603506,22.653609748413075,0.027661252599027072
590,0.11735346462303606,60325.464453124994,16.639861491088872,-0.14820802288884624
591,0.1594241898233438,107570.84690673831,18.74873797436523,-0.01653890881712043
592,-0.14659001134278776,-95101.87313354488,19.285783004882802,0.011515240267234824
593,-0.19638319206195712,-130149.57982421876,36.813319473876945,-0.12497544365170253
594,0.04261621587643424,27500.425432128934,20.883336490722666,0.5855241530436537
595,-0.27984551274426617,-195291.6035888672,30.744755694091797,0.1970995560863363
596,0.3256347120544827,131384.70033813477,8.186935724121087,-0.1641064206422848
597,0.24995239634896543,170932.8141369629,15.485950489746092,0.02374145350315052
598,0.1644950074607695,93718.53331176756,11.820666987792961,0.758341047170927
599,-0.08387521588509127,-57485.62120239258,16.591133007812502,0.04051209054612161
600,-0.4158296358076411,-263295.8748474121,38.84221823571779,0.21400430450392094
601,0.22908613570559064,145301.3255310058,17.969995437866217,-0.021024740848292544
602,-0.30583175312543,-171034.5249963379,29.521340958618165,-0.6148452712230186
603,-0.395037237336317,-315992.32408935553,43.86029041137694,-0.11298461560737245
604,-0.2976719277746336,-220606.97102416994,29.786234452148424,-0.22428739365378667
605,0.3694981046966625,196596.98971679687,9.48584399707031,-0.2998097035176409
606,-0.13004959562344215,-75028.65443115235,17.017231987060537,0.4163288491924119
607,-0.665201333674012,-469865.10917724605,48.859276440185525,-0.3323379648360081
608,0.018989954698349604,9063.464320068364,18.721891034301766,-0.08319584569889321
609,-0.5663668993846588,-365028.6290991211,45.6967601036377,-0.4188495606212833
610,-0.28257670780964156,-243571.90542602542,31.999250510864265,0.1607277774270052
611,-0.30706790744561335,-213549.16072265623,40.79149152416992,-0.25959659858070244
612,-0.20277302431782074,-156197.17130737304,36.77689409924317,-0.7054504685358473
613,-0.2105645881430913,-136963.8598388672,25.88678797375489,0.14684409989848946
614,0.2326016495696242,136097.71611450196,12.711983522094716,0.5296764636373087
615,-0.14072080411835125,-54371.05966918946,21.843554986083998,0.18325583258953698
616,0.19367341823873638,90744.69039123534,11.534728001464858,0.10160411165872969
617,-0.10765234370570909,-69023.1549121094,14.380648002075194,-0.12010407961942203
618,-0.3283184055858104,-223095.47258056642,45.40818423339844,0.12346818691478238
619,-0.33634099930689415,-168022.13531494138,21.493378996337892,-0.22219389783951596
620,-0.045991204514882915,-24603.5338171387,21.268079473876952,-0.007622161057185061
621,0.022818727430106066,13997.900132446302,17.357572488525395,-0.013605740892939597
622,-0.16421595420750446,-117613.28216064454,24.96855623144531,0.00304469683570054
623,-0.05212034323732376,-29834.759599609388,20.20801699853516,0.12210986758335513
624,-0.5996985070438631,-416934.32217773434,46.01602574707031,-0.05582765600334105
625,-0.2553977434529825,-189120.2849243164,29.074526022827147,0.5455566969490635
626,-0.011514322511621142,-7433.74499145506,15.997429007690434,0.6080257851564236
627,-0.248217576634367,-135446.07298339842,27.927178005493165,-0.028007294108392377
628,-0.09758944449077103,-77567.39502685549,36.75961271411133,-0.2514398436150685
629,0.16718298048385086,93371.57428222656,17.67846498510742,-0.1634689727165553
630,-0.13956717295303953,-80391.02481323243,20.876772468872076,-0.0713786203137082
631,-0.2408019509952538,-178679.7459729004,32.61242445898438,-0.3122950427599963
632,-0.04089228954695291,-13687.97142944334,9.508852630981442,0.16240659870758237
633,-0.12599693160278047,-59007.2771655274,10.656798512084958,-0.0010915379383044726
634,-0.208816628451293,-145866.35586425778,22.93811000634765,-0.35919821023759096
635,0.22248054582745277,144506.5698779297,16.26470201171874,-0.17959143008664377
636,-0.04493340331796268,-21949.88006835936,16.042163019531255,0.17387088271380755
637,-0.14164250737647316,-76235.80532409668,34.98700253143309,-0.10115490139388299
638,0.26923759732554464,160258.1254663086,12.966189464599603,-0.026274291572634296
639,0.2816055106957719,191642.93725708008,16.487822419677723,-0.06138257293016619
640,0.3669567504352947,177124.1845031738,16.898707476806667,0.6478957298894027
641,-0.09826568987157128,-67659.38873168943,26.619274413818356,0.6964253078630551
642,-0.2226265591895396,-167387.45486816403,30.628391417480483,0.062320530256621924
643,-0.960674539584308,-561066.2191052246,57.06991240783689,0.1589474335156035
644,0.3123170922983269,155993.5709411621,14.959741957275382,-0.2850931084581105
645,-0.31270046683696445,-160345.50059692384,26.442918571166995,-0.09880256183703158
646,-0.024663867954726467,-17252.727275390658,20.514454444702157,0.018380102321815313
647,0.15506833461066796,80194.92949707033,13.089549505371087,-0.37759369322020375
648,-0.03517937401362733,-18333.62652587886,19.40485648852538,-0.17257809780222058
649,0.09176892371266294,49991.104548339834,16.545774980957027,-0.5887419665768218
650,-0.1406846064735485,-69223.83452880857,18.31647255688476,0.03960674020603894
651,0.2089845435701112,110282.86511291502,13.956397480957037,0.017681941248601386
652,-0.3231608680873341,-264367.6473291016,41.326254727539066,0.28102975780219297
653,-0.37162245956358236,-235905.47368164067,37.872594883056635,0.4306150051293892
654,-0.17316685774784715,-129920.82816650391,32.35660634375,0.04527784927436115
655,-0.5664272963396727,-319809.43469177245,31.98094346917724,-0.033633310315232576
656,-0.3442204179113153,-236318.29265258793,32.170821282104484,0.06538716360188757
657,0.23889083680142378,179936.02409423827,19.936109005126962,-0.28625501890369504
658,-0.09492844949121788,-57028.909392089845,25.8631320341797,0.19317047658370026
659,0.09470260270417409,50811.25044921874,19.558001427246094,0.3308270894663015
660,0.19934879632069036,112215.53802978515,12.371361704589845,0.08935839414824887
661,0.2693336664807295,135805.3799926758,12.884720003173827,-0.27554517034022175
662,-0.16958838319492592,-104308.3168334961,20.869570248413087,0.06653942337871994
663,-0.35438445056936646,-232446.77024902342,42.105117975830076,-0.10241549836440737
664,0.23166356423811468,114482.06464111326,11.509212004638673,0.2643010529292375
665,0.014725983253939234,7653.140474853513,17.59240813012696,-0.023870991249520756
666,-0.4027170719513411,-303651.9339526367,40.86586033447265,-0.3547284678095895
667,-0.15831474511559096,-112600.76485473629,29.674515988403314,0.1743763983747398
668,-0.5248005813843394,-285025.3242687988,33.32492592614746,-0.6537670067258964
669,-0.5081848930524495,-330700.4986645508,55.296379941650386,0.2957180639414495
670,-0.17500360666856352,-115446.4146105957,24.796793993774404,-0.14695296281172657
671,0.22651450345770674,106818.75006225584,12.994376004394528,0.10564645018318616
672,-0.11210751687938021,-71368.55731811523,26.203200705200192,-0.44240338837814186
673,-0.08952110329127083,-54619.82487792966,18.70175499267578,-0.018915926566575755
674,0.09216383292985438,44354.89134521487,19.76168000610352,-0.27387962347226347
675,-0.07669125237458188,-50147.08898010258,21.091921195495615,0.041962963423128115
676,-0.05349363800850788,-36271.42812011718,32.56156852001953,-0.42386167410393016
677,0.3452814117088105,154667.31613037107,11.233167454101563,-0.0055212701419976315
678,-0.2434788278015317,-181649.65379638667,26.69530691418457,0.33099089299042167
679,-0.28121559248422145,-191862.1904992676,29.92814046398925,0.9013690860196735
680,-0.15488457042042653,-97451.41007019044,23.048836491638188,-0.1398904191814448
681,-0.5478227459293986,-307727.51935302734,33.93494043286133,-0.03547492794150374
682,-0.4142137127606233,-214916.180300293,23.901807014648455,-0.08599846866207536
683,-0.17353305913582168,-128237.64005004884,27.852914993408206,0.04780997511872266
684,0.05295288263096889,27848.88726928711,20.03695321948242,-0.12432417034126399
685,-0.1636887294523298,-84124.36528442387,22.015814542358402,0.20156768594162644
686,0.3123825609847611,183139.3551586914,14.081007449951185,-0.200737209838856
687,-0.6844846228101639,-519793.6801123047,52.11430400634766,-0.07218054774997848
688,-0.3136685007690275,-206096.05497314452,35.880546477294914,-0.31925524730331645
689,-0.04038606639251149,-25787.698864746068,15.250487466552748,-0.10239030489714786
690,-0.20153346998935026,-118309.1195178223,22.125090423583973,0.03655767385419752
691,0.19104249479434532,123862.06540527348,15.63694546435545,-0.08336149173208392
692,-0.2700350159628267,-143348.31000366213,32.93645699536133,0.05523943869855035
693,-0.042914056217228644,-29325.834790039058,20.049960973144533,-0.3236934481949711
694,-0.24276717635650621,-126970.68205810546,16.842127222167967,0.2302679624576572
695,-0.6154913457061522,-390110.4702307129,41.25349200952149,-0.3833209505513794
696,-0.20015650297289242,-133520.76938598635,27.345799942626968,0.2493612368063743
697,0.029167107146355505,20705.90421630856,22.064055014160157,-0.11009209444003017
698,-0.20232715118605538,-66367.87971984863,15.101087960510249,-0.18099923324015393
699,0.021249688125344123,11139.88427246096,17.26957348120117,0.14776394130875137
700,0.46654048783054375,272320.6696618653,10.938966498046868,0.5330452179907353
701,-0.6583093413841747,-549288.3252124023,63.69573849340819,0.11302921108440281
702,0.14229574541238255,87941.89233642578,14.93712144335938,0.19615894225784608
703,-0.07883872748686865,-36499.94700439452,18.26265902770996,0.5306594050683899
704,0.1490635118910073,95037.34310668943,14.647067024169921,0.2932308760320301
705,-0.04236769998967482,-23117.25348144531,16.760934368408215,0.008101540519602903
706,0.25025905036057156,118332.77370971681,11.715581181518548,0.024452450766334177
707,-0.32927739539198214,-232412.20726379394,41.28062219146729,-0.20847254125592113
708,-0.3047665228345836,-136272.51393432618,22.991782396484375,-0.16668110495324392
709,-0.1510878476345379,-118314.06353759763,22.683200972412095,0.5111294424736756
710,-0.4203388008742493,-272008.32974243164,42.896951986206055,0.1505752484601079
711,0.1531941818086333,110765.1160266113,14.512849520507828,-0.07598479691840708
712,-0.15184758766507145,-93212.83950805666,25.136896982055667,-0.17017122771100732
713,-0.3311179005984874,-224865.76513366698,26.447868013183584,-0.1348817301778766
714,-0.2090451055155532,-126068.26546997075,23.131294019775396,-0.2802276068585529
715,-0.3238147342377654,-176131.3601452637,25.027596002075192,0.1714172585085115
716,-0.05057430290026719,-37987.78635620116,30.676819978271467,-0.029830473956456636
717,-0.01019371093023313,-6388.829584960986,30.553533956787092,-0.07410250960223196
718,0.4382757049936072,211047.16951782224,8.567039147338853,-0.4974320977633671
719,-0.5079243412572229,-245374.65479370113,32.27042860437011,0.3212677370746365
720,-0.16466563651582553,-120541.84571044921,26.11174062646483,-0.348480598476179
721,-0.46250519407410234,-293524.6751184082,36.148667047241226,-0.06127554145330672
722,0.09406454906813035,67668.3783911133,14.304046065673825,-0.027745791350014915
723,0.3275103150226045,170575.47968261718,12.127274989501945,-0.2531880565324877
724,-0.14549393483810244,-107210.91597900391,22.6416674470215,-0.2656452261907508
725,-0.2710234489188737,-197784.9895617676,36.261131211547834,0.4542476636031139
726,-0.38803123775098475,-245503.15990112306,36.82917898339845,-0.10710403179064183
727,-0.2650336697900451,-193427.36173645017,40.88915263336182,0.29324338495789753
728,-0.20670573877716894,-120809.539564209,17.540267477050783,-0.10361918544822041
729,0.01500669658689926,10097.290148315384,24.83213597924806,0.5153254940423135
730,-0.7745301837663486,-583435.898817749,58.3435898817749,0.1518157577083032
731,0.27268864113578967,190978.96404663083,20.333166006225593,0.04407981063959221
732,-0.1101896134439364,-76304.82950683594,30.267843415527334,-0.03257436549705378
733,0.11744838518295034,68563.18481079103,15.644735015869141,0.2149412192917019
734,-0.2237518901939967,-142140.16430664062,22.644528488769524,0.041831024656464384
735,-0.2216295601396509,-141467.22083312986,24.678123572570783,-0.00800269849743413
736,-0.0914102942684375,-66303.29952514649,26.873650968261714,-0.1798782386805316
737,0.32401103714297935,205461.81096801755,14.760095635375976,-0.02238761349955292
738,-0.29024512813241393,-189651.16477905275,29.242616489624023,0.03345803839162353
739,-0.16727494542378107,-99870.66951049806,24.40507045507813,-0.051697204169839785
740,0.2892898983292386,163619.3103930664,13.316479058349598,0.23260545697337096
741,-0.20918146237825103,-120965.51741333012,19.4929214888916,-0.2846784003086084
742,0.08247960883270304,48269.579910888664,23.894754984252938,-0.14033314322280876
743,0.017964156626884137,12035.758494873036,17.851901520996087,-0.035042798406454384
744,-0.5071946256036038,-417571.6677050781,54.862923476318336,0.4458080492647797
745,-0.48534500140361836,-388556.2237597656,41.32103889282228,-0.6683309941301291
746,-0.5784431818005858,-336187.036940918,45.86264117370605,-0.08318612640810029
747,0.05082342471227424,29169.218367919922,21.968284525024426,-0.06022255014264651
748,-0.2150236581808084,-105844.62018798829,22.70448598657226,-0.048362112430094174
749,-0.2199726080207833,-156082.79006713865,29.100572482666028,-0.13221236908996864
750,-0.17465952898709416,-136664.3193530273,34.23512344726562,-0.5723938484891081
751,0.023312125098734524,15277.889518432625,19.1070144776001,0.26177860169865974
752,-0.3234000405735453,-240240.49635742194,48.734957401367176,0.17815843896159375
753,-0.1191058759430451,-63404.04218749999,17.7380352175293,-0.14540313500246
754,-0.260211051207139,-190507.19057128907,32.784296759277346,-0.31758253586627616
755,0.1323805146557734,68581.77267089843,15.540278054931644,0.17178815980202142
756,0.15395462936987164,77518.58048583983,12.8681894765625,-0.1725044884777371
757,0.004848534465157385,3602.5995996093916,27.490546019775376,0.2469715530034204
758,-0.25270325136294675,-174403.60127502447,27.700368549377448,-0.30101960972161335
759,-0.17535346324562232,-107230.24057861327,23.392838516723632,-0.31957239302630275
760,0.2690151871186989,156579.02588928223,16.055052005859373,0.13226622390665474
761,0.3507452182317427,190602.0751916504,12.796807020996093,0.30641006734254306
762,-0.13579768487866611,-82313.23007202148,15.514860025024413,-0.29834163264313257
763,-0.29000546197034915,-193152.70627319338,41.63059012683104,0.18040044237636094
764,-0.011504840744218165,-5745.510402221684,19.922761529541017,-0.3725427313884146
765,-0.35479448839932604,-207671.5856311035,30.324399451171875,-0.170922858777703
766,-0.11605711158138439,-91474.98319091799,25.972269364501955,0.08286059938983616
767,-0.7452840847322023,-513417.83418395993,53.27183843450926,0.17175346127233443
768,-0.36269972519156124,-258918.0104211426,34.99403655627442,0.4033239901336524
769,-0.2949622475453954,-250932.57612060546,31.90697006762696,-0.13426867446082963
770,0.25899090813972775,205496.09637268068,15.440709504882816,-0.657313582637778
771,0.4229838178275423,258879.5721697997,13.160492473205561,-0.3543323305162836
772,-0.06706196996348032,-38161.600820312495,21.246266032958985,0.26344696456523303
773,-0.23673980962459373,-161186.86383972166,30.36554445239257,-0.22912182462209849
774,0.05187483423397258,32022.617099609342,21.817521967529284,-0.039781860779559815
775,0.26161513588442653,167576.67432983397,15.9814195510254,0.41746570669120614
776,-0.1669297329014419,-52682.800277099595,11.60372205639648,-0.007240057775821751
777,0.6339964542967388,296971.81092773436,12.52604098095703,-0.3396159576226657
778,-0.16918321884282495,-86139.35484375,27.14216993115233,-0.09056222208090463
779,-0.13177718984412556,-53393.36935180663,11.089654438354495,0.16888575421969323
780,-0.11762871679412736,-52439.727952880865,16.026098236206057,0.0009297194698298268
781,-0.6382706971125942,-387826.70552856446,43.88112456481933,0.27020714358366077
782,-0.13904446523506078,-96509.51832275392,16.005085104125982,-0.49928284348679197
783,-0.22883348747284826,-174034.79956604005,42.278105409240716,-0.24590303969495064
784,0.04151852645755136,21871.06549316406,16.153542510864256,0.06564672506195818
785,0.33912923454428745,284264.2172192383,17.537714998779293,0.10559363677319743
786,-0.14860999019417373,-89341.77219604499,18.50557348974609,0.5277406748257581
787,-0.14691348179345362,-112534.43473876955,33.216262968383795,-0.40079012789084867
788,0.18161062315056697,116546.91997192384,11.113324998779293,0.29978145485882596
789,-0.13599707778183864,-114446.76858642577,29.46694031323241,-0.21481341872406978
790,-0.2365090270454875,-207985.56541625984,50.935548018920905,0.26871331589932207
791,-0.7984543415714418,-440664.647154541,45.358918725707994,0.34637080370702467
792,0.25757320606995443,166604.6392114258,18.565386980468755,0.1837721036000298
793,-0.3226323873484511,-221698.62941589352,27.469864475158694,0.1626076944367398
794,-0.4141020282720301,-296793.7738928223,34.7848583988037,0.7988572958374188
795,-0.45455439740330544,-368362.32950378425,46.732736997131354,-0.21915695133347973
796,0.23645845577088218,132238.24561767574,20.06129347143555,-0.34954911122729415
797,-0.4887836149248522,-237342.84786743164,32.488881324584966,0.0780026665625857
798,-0.3737322825184961,-241969.17599609372,28.615538066040035,-0.4648358822197464
799,0.05780594138056302,30277.485250244135,16.233842971191404,0.6795564384739593
800,-0.3112228318791312,-222368.85976318357,22.236885976318362,-0.018256546075417317
801,-0.01668776174759434,-10233.56975097657,15.627957415283204,0.10801663578276324
802,0.19139391924181295,91656.69039672853,14.944752470214839,-0.13797662380614573
803,0.1134724187749347,66919.04981567385,15.990837987548833,-0.6331819627538614
804,-0.2811326061645698,-127510.6995617676,26.148267998046883,-0.5313786769040608
805,-0.20077787139933811,-112895.9550878906,17.748898505126952,0.06434117322778393
806,0.00425375941154089,2031.9746484375173,12.118001763916004,0.09573858832679569
807,0.43517738984765936,207002.7644641113,15.501502476806635,-0.48617530744351234
808,-0.26877962151537765,-188085.91525634768,24.052308035156248,0.32605817144643173
809,-0.09038336011377891,-63452.89502563476,27.650509979980463,-0.016782454421439132
810,-0.567848643764927,-361138.603795166,40.80908636901856,0.0054907642102327665
811,0.29023251148761375,161246.4317352295,15.234873009033198,0.21769714430682793
812,-0.01939202338022822,-12618.380499267536,18.63533549914551,0.09218507918712514
813,0.7586141304742111,253889.50074829103,3.231461702880869,0.029488988214283002
814,0.32839510457707277,210729.45206970218,26.385604481933594,0.06500440739562362
815,-0.40480338117370346,-275388.83611450193,38.247898553833004,0.5909418808774334
816,0.4604316655728131,274698.2426269532,13.594048005859369,-0.04920732998022161
817,-0.2684731044186617,-201051.68053710938,31.25730200390626,-0.42729143681627046
818,0.00408511955624281,2840.2453393554606,19.49922343627929,0.08164707279514202
819,-0.3061118573634332,-156611.35541381832,23.60557400048828,0.2197593384338739
820,-0.4300748199580455,-288477.24267822265,32.99446725463867,-0.09799243142296936
821,-0.1909794376013384,-143875.81510925293,25.72345352545166,-0.07165062677289537
822,0.29386298408363515,127617.77559326176,13.886583443847647,0.23752449192801953
823,-0.1705979715593428,-123830.77939453127,28.473945927978505,0.5792550191659233
824,-0.67197221959366,-373556.29400146485,41.21557841528319,-0.5040702964205687
825,-0.3413041565580226,-245488.41477905272,29.500249479614244,0.1683762790549386
826,0.18013807670696816,61098.76492797851,8.876202471801756,0.2222452109522055
827,-0.5855671084387303,-416274.92983154295,44.19099446484373,-0.3119248586196585
828,-0.09586484749943608,-59490.48204711918,18.737148431884766,-0.4844539296316265
829,-0.44127630400226575,-261721.9944104004,27.652474994995117,-0.4005123906007867
830,-0.48259416399675703,-380685.2296435547,50.15458597863768,0.237016817727165
831,-0.29793252515380825,-173764.6284558105,18.107906838745112,0.12517889896883377
832,0.23958044500892686,155984.88942016603,12.102487001220695,-0.344173797904198
833,-0.6488104069269242,-291089.82985229493,31.430706998657225,-0.2327778143030796
834,0.027023110335203798,12903.930694580107,11.826932965698244,0.2816748168429672
835,-0.12711722724374563,-68556.75985961914,17.124839963500982,0.14935615895244697
836,-0.09291398197183988,-41085.97188964839,16.97221848266601,0.15539744276339656
837,-0.3292519902304975,-195745.13485473633,34.40302148376465,-0.009277393043096103
838,0.6101542251002524,230670.77879150395,6.453062989746081,0.022225423700291316
839,-0.23312815523207667,-135602.1651287842,19.580830998291006,0.09067793028475153
840,0.11252429946812041,67024.56527832034,19.162310006103525,-0.2543011305725434
841,-0.07310913544249989,-43407.702801513675,17.935450270141615,-0.28004620920354295
842,-0.36272397368155906,-256366.9843994141,38.42938791992187,-0.10008622317010332
843,-0.0853990881781712,-54947.835295410136,13.911200991943362,0.43028965699227945
844,-0.04170705554021469,-17550.379957275407,18.1762095098877,-0.29197084633345055
845,-0.24449565140428806,-162370.5349597168,26.47449014465333,-0.15868441215959508
846,-0.3824949009341684,-158439.79005187986,20.730753992370598,0.11358647914727395
847,-0.24500109473221549,-116863.38584960936,16.036195506591806,0.13289027298107403
848,-0.5596462639185585,-360427.2783972168,37.331578317749035,0.17751904945725813
849,-0.5645016826911059,-497212.53565673827,64.77288008203124,-0.15957421333994556
850,0.17603672563575748,123009.91018188474,13.592944969726553,-0.41470570868923934
851,-0.07910962617830658,-47462.68514892578,25.85710798046875,-0.5462179841205225
852,0.08901360771479107,43327.95399536133,13.678089967651363,0.10851556945131684
853,-0.1716207012118107,-145285.6319995117,25.287934205078123,-0.024440999631154762
854,0.2214472238793297,112227.4104626465,11.113324998779293,-0.05914417137526158
855,0.2875834715966752,156615.6440319824,15.990771466796868,0.3901397527059061
856,0.35041317661919774,185758.132411499,10.373864983154297,0.15416599156567476
857,0.006454868742919342,3933.234785156237,17.215562519165033,-0.04988680351335903
858,0.08271524832963835,31177.254620361324,8.702270994873041,-0.33163151865990365
859,-0.6068649102081569,-313342.5321228028,34.58023470202638,-0.5371502997154304
860,-0.5360980259228043,-385783.12503479,42.995154522521965,0.5273813245928105
861,-0.2511795168350274,-133959.89212158203,19.84204902075195,-0.27451319741330854
862,0.2730606007758804,161834.51501159667,11.113324998779293,0.4501130244695242
863,0.09583536693127083,58001.82033569328,23.404442477172857,-0.04308303584650029
864,0.033136914166505695,22544.0870068359,17.535471457031253,0.27621907272652624
865,-0.0674576265138359,-37758.42991943362,16.325354472534183,0.17935896716302188
866,-0.41096641789340127,-243263.28517211913,30.247868448486344,-0.09112037359241701
867,-0.33487983645862773,-246989.7204650879,33.63624954638672,-0.2848917307860106
868,-0.31328083292674686,-176822.10034912112,31.36771100878904,0.7766717742612613
869,-0.32774436462781364,-209844.3527575684,32.133954992797854,-0.1569307058308807
870,-0.10799362071961756,-66260.91013000486,23.172308475280776,-0.14165744935722197
871,0.05882893472767897,35005.315146484376,15.347118000000004,-0.14056134058307726
872,-0.39365761249644426,-355688.05968505854,46.37434895605468,-0.19561782235290587
873,-0.011100218026561954,-7600.24338012698,22.673896859985344,0.2048635060337291
874,-0.40308229816565105,-310889.5802929688,43.41111153125002,0.3957489573607454
875,-0.05291661218102055,-30406.430559692388,11.266017978210446,0.05191974628297985
876,-0.18126098240414454,-115439.64111816407,22.728490966308595,0.1408943754288579
877,-0.4908101694770514,-398510.69437011715,51.8633419169922,-0.513531772758393
878,0.08428317571939606,44644.219868164044,17.58803601489258,-0.14086669135461774
879,-0.2543118720681709,-189706.5208154297,27.991324530761734,0.1462717945390948
880,-0.26218249980087294,-143861.3959375,18.883333149353028,-0.005468470559698429
881,-0.108770635843803,-78396.57963989259,30.936005530395498,-0.4960391270485008
882,-0.48538270366849523,-370343.1104455566,55.297964513305644,0.3221215077748135
883,-0.1839899751529114,-95388.86619140625,23.25043348645021,-0.13200635507326763
884,0.09363707527763492,42240.388291015624,15.095319965942391,0.394712012449447
885,-0.4989438980693712,-383314.3748449707,50.89089647595214,-0.3044737917308424
886,0.2637119517721702,124563.48060668947,18.592148562866203,0.10618948696324003
887,0.1225622379997811,76462.0316821289,24.165969489013683,-0.19458973158707304
888,0.22995133108828233,164477.7795660401,19.4048564885254,0.19406845849220625
889,-0.16148194809484676,-77776.25959716798,18.20307448657226,-0.26741093490128537
890,-0.07373171939478815,-43099.03463256835,28.790577488525386,0.08563710225849994
891,-0.12334459015564755,-61600.48311767575,18.286788577636713,0.4185247176144532
892,-0.07020647438615037,-26759.09806335451,11.04189626458739,-0.08252349602591498
893,-0.4556170478860957,-339160.10784057615,43.70248928076171,0.10337137300488149
894,-0.23231786214420652,-120221.16510986327,21.101326973632805,-0.542739127267978
895,0.0880693188283353,48193.39998657226,11.113324998779293,0.3385318980387196
896,-0.465538387624767,-297839.2429937744,38.03450576910401,-0.4129356943697732
897,-0.31002106562310344,-179432.24054382325,23.809272736267083,-0.22154326931391044
898,-0.05095493580564423,-27249.41396728516,28.914971859985357,0.4149163303273945
899,-0.34261977323398274,-188241.84353759766,29.542022453124982,-0.23485821155640538
900,-0.29221561122486156,-191134.06575927735,22.723781045288092,-0.20265975797151695
901,0.019753465968679853,12827.08735107418,17.690334003173838,0.25590217109855223
902,-0.7122193903423575,-539550.469628296,57.330491436950645,0.27633837787400084
903,0.015253828461758628,8920.234179077153,18.13196852685546,0.056782115920748735
904,0.3432874527327214,185158.08490356442,8.957130004882814,-0.4725571400088315
905,0.013886957306249115,8199.925111083969,16.698335516113275,0.22635675933449068
906,0.06359742698788146,40025.814665527345,24.485505509521474,-0.3619688001267401
907,-0.4207038395011103,-210671.4001196289,34.91850448364258,0.2844247618178797
908,-0.23916453214405886,-148226.43340820313,18.17008443481446,-0.3872428276134964
909,-0.009686382208167687,-5283.781534423841,27.29396796459961,-0.24834057071272506
910,0.06154493200180202,40065.917438964854,12.750874742187502,-0.10484894916011449
911,-0.1511584823762592,-115472.29783081055,29.825610778686524,0.1101013815611258
912,-0.7039694455191492,-417377.96421874996,41.86415191638183,0.08736394553732897
913,-0.4398516483742228,-339485.3447668457,39.12922598889159,0.5811494158759396
914,-0.12918516632104715,-91622.71340454102,20.351547305297853,-0.17795918734106167
915,-0.6448886078531667,-419732.2201977539,46.80336802416991,-0.29777012094209476
916,-0.02632739997814355,-20956.110810546845,17.53808345458985,0.35085699751624205
917,-0.27552986025395576,-172136.51200073241,32.857317026000985,0.796029823320168
918,-0.3848530022414366,-213567.74994445802,37.99599552801515,0.18455529021290973
919,-0.27584856062138335,-161457.90614379884,24.571293561401358,-0.3624602963318487
920,-0.1411372565344405,-80564.5878430176,14.975943737548821,-0.1676852118661894
921,-0.1367120518460269,-91680.19635620114,39.71290947363283,-0.1749468347446752
922,0.18436544043617697,70294.01033142091,15.093664919433591,0.14899771981653756
923,-0.12048769655099767,-74426.9289001465,17.61700639440918,-0.5370588947266104
924,0.7194994767877964,335427.7265698242,9.510833004882816,0.38713106391114677
925,-0.037849298495632656,-29020.13466918943,23.11147097546387,0.44112876125446715
926,-0.45983435458385297,-280035.0847906495,40.74571850976561,0.31040328012603463
927,-0.768077639794424,-572155.1163842774,58.73610364526367,0.08943566331285245
928,-0.34767668050444067,-189092.13520751952,24.03193098046875,0.14898212644049486
929,-0.12526112732595948,-113061.22488159177,34.08106846154785,-0.011921253899384096
930,-0.22621906974920913,-177535.56452514644,30.88549147143555,-0.09530780612589093
931,-0.16359281417831079,-110192.08585327148,28.62989153417968,0.2700022269406387
932,-0.2965723955423553,-211122.45154174807,32.54243417858886,0.05978742753137625
933,-0.27436965567390587,-179007.67381591798,29.29643238940431,-0.14032065424365311
934,-0.36540274488939267,-237057.72466796875,35.83024949316407,-0.19827850022253385
935,0.11672284500763955,80191.05056823732,21.16537649145508,-0.027918938785042757
936,-0.40425615732189735,-310351.46897827147,36.607384422729474,0.5057271767063583
937,0.026230577411706188,11550.30018798828,13.094520977783203,0.4666262434484157
938,-0.30540448897624883,-176554.47758361817,25.30908975177002,0.0646211470094174
939,-0.308956752059619,-258940.4799145508,37.87828498217773,-0.3845934203158719
940,-0.13819408182587672,-56433.203764648446,19.924482336181633,-0.12870221956589536
941,-0.19235643113402345,-127643.60705200197,32.93934164978026,0.20499573966077017
942,-0.26265536486561514,-214736.06486816405,36.84440901257324,-0.232492136396948
943,-0.1656164961326896,-108011.78958679194,31.058826328308115,0.05988026907572407
944,-0.18845799316242257,-106263.00874755858,14.490094456298824,-0.5194962092086346
945,-0.26714995094375443,-129424.16686401368,18.997803458740236,0.10296920845727313
946,-0.34200111858949933,-228801.32505981444,27.208444018188484,-0.4560573089219725
947,-0.012322754209762482,-7391.3185278320525,13.609540663818361,0.3018311432462699
948,-0.15103037408082526,-87311.62448120117,23.98684095495605,0.1981337394969275
949,-0.5506871246475381,-425498.79880737304,48.104752859008784,0.06301266280191323
950,-0.02719708669650222,-13451.604545898437,16.43006645800781,-0.2152101988496022
951,0.5914777219441673,383516.3040136718,10.718563009765628,-0.024422160923086435
952,-0.40664679806604676,-222496.18062622068,27.345339579223634,0.05400835085094194
953,-0.22440101271609478,-149204.11016845703,18.997212568603512,0.07123140188265448
954,-0.06341304449262353,-40339.33496887208,20.40066005590821,-0.03424591292666028
955,-0.3184832703570823,-170638.1726879883,24.17495561010741,0.16050845685079498
956,0.03708776683927152,20500.18447509766,16.02768151684571,-0.3462368530819715
957,-0.041120992763728374,-27765.7046569824,12.923075967773434,-0.016122808446550153
958,0.0491336644322675,29444.200032958986,16.96246699401855,0.2559684345854577
959,-0.2795175690739432,-224389.7575439453,36.363759049560535,0.10721545926624121
960,-0.2849481400116749,-177378.2051257324,24.50492002038574,0.4464051620828994
961,-0.13004428701210022,-98225.45021118165,30.03788997424316,-0.11747833240945428
962,0.05168955821452744,30784.9476171875,20.86965699389648,0.3502207465680232
963,-0.2746816184838132,-144716.49886352537,21.56698295129393,-0.05176931472659071
964,-0.2743419012661084,-149185.88983764645,20.182066947875963,0.05118710935045441
965,-0.04666690645431538,-36875.960272216835,19.6144764440918,-0.24563386997987635
966,-0.3302792298818143,-243884.7934387207,41.12402744812011,0.2805803353626396
967,-0.3292800570366894,-251366.05933105474,33.53731392456056,-0.17269590339855181
968,-0.2765118953867445,-186811.87502685544,40.44634751574706,-0.11493527378580704
969,-0.1881516284750775,-151211.53451660153,31.517832440673825,0.01233064507000265
970,-0.4622335424054067,-271241.5287670898,27.124152876708983,-0.21290511578432553
971,-0.09973893917900721,-45922.707702636726,16.149053469970706,0.5525896502543735
972,-0.202212176853075,-147224.87964111325,28.362974459960938,-0.2677631693961024
973,-0.2757617566120988,-157780.84556884767,26.59584476000976,-0.2297186712243504
974,0.05416037080262803,37505.141934814455,18.2391294658203,0.14781151348722918
975,-0.3527705036489482,-217431.99159545894,33.19074111242675,-0.18024116031166612
976,-0.4669120406984818,-292205.0047607422,35.63534197680663,-0.5241120671816837
977,0.03547705994775569,21447.63091796878,17.927818474487296,-0.11997759663804024
978,-0.05942165384201156,-46897.025607910124,23.340090064697268,-0.19223777438258194
979,0.35683995661945794,182853.33507263183,13.035256502380385,0.10208641979464526
980,0.37253167123324554,197180.6470336914,13.823594990966795,0.4535209026703652
981,-0.27404524846920114,-133116.3196307373,17.021425925537105,0.0012616851024746226
982,-0.11442626443168123,-76842.19914062499,21.084611450805664,0.2866238019860046
983,-0.012476755350939773,-7782.634647216779,12.07805444799805,0.3329715208456251
984,-0.4947788885138534,-354373.9495458985,49.709414978027354,0.3006577662903521
985,-0.45608973121057583,-360982.5800610351,54.6224884699707,0.1184281904848755
986,-0.49615112691057245,-307462.28243041993,35.59977125817871,0.17515623941422973
987,-0.09921134833364025,-61933.164788818365,24.752598681152353,0.07260637188771933
988,0.07010072498490398,56546.33640747072,26.72433498950196,0.18760032289811326
989,-0.2133807700030291,-138575.9176953125,25.2478058466797,-0.11191151948228979
990,0.3327884303253503,166401.182232666,11.113324998779293,0.2837931374010604
991,-0.09795271466604268,-50032.159569702126,18.19679149035645,-0.1136330556128067
992,-0.6288825424148274,-467030.70945556636,64.39374993749998,0.44405072890524244
993,-0.2837195933095949,-193802.0988208008,40.15941390551758,0.07599836601273877
994,-0.0785885869062062,-47099.0346472168,17.586476530639654,-0.09657350084813561
995,-0.4350006900654147,-253373.38988159178,34.76545849072265,-0.246025479092622
996,-0.217079123491516,-165769.02944824216,29.614657436523423,0.46014458161611366
997,0.29322733845421456,155918.78943725582,19.921289975097658,0.20584487938489698
998,-0.050299721463146964,-38271.31520507811,16.585645820434568,-0.25306989510755434
999,0.4511438969600359,217870.828404541,10.435272023925767,-0.1652866078550005
1000,0.5058850993757489,266372.145255127,12.936691447631828,-0.07199214654394431
1001,-0.35968673804209556,-181555.17950317386,34.28670093896484,0.03834307659974037
1002,-0.4324750629614892,-306712.3521643067,39.1157587298584,-0.32349063880340045
1003,-0.07998338015674812,-51163.83295593262,23.436213983703603,-0.16514972410317574
1004,-0.08510715646533562,-64883.7379016113,34.827349932128904,-0.19722678384878467
1005,-0.09195915351705508,-70238.85352172852,22.335839851074223,-0.2698496316189427
1006,-0.17127033047463602,-95745.24853393555,23.691754262939444,0.04561235428982173
1007,-0.15029355284349555,-96934.81466918944,24.981882500976567,-0.02806895308277279
1008,0.012583314223402437,8479.488226318383,12.001069649169919,-0.17495795049872095
1009,0.14921303181749468,82763.35025024411,11.223117967163097,0.03712618769362243
1010,-0.40894965166805824,-252691.78622680664,34.605887962158214,-0.1228233275168185
1011,-0.5043575795660895,-242233.5201098633,34.1450074453125,-0.1429033309320908
1012,0.32672228999505265,201365.3907922363,11.113324998779293,-0.3331388503138807
1013,0.17651851307254826,99316.89110534667,12.438440941345215,0.3418316259787884
1014,-0.4531714850541416,-282124.2875439453,38.25727577563475,0.531951671643174
1015,-0.43098694788320363,-293968.2187854004,40.76778071850585,0.04727470166668025
1016,-0.2011078593837667,-120314.05429077148,18.804736445678714,-0.05498468195759421
1017,-0.34608803804166005,-229252.9447717285,35.40941447229004,0.07996635016110593
1018,-0.21660169119698555,-150050.92935424802,36.431353450927745,-0.03964582950526322
1019,0.2715954808380565,152671.4694470215,14.526889006591775,-0.009349499259794655
1020,-0.140595536515216,-84993.04612426761,27.578966998535158,-0.24578350671383398
1021,-0.7005861783139119,-494892.2347888184,55.63964148303221,-0.23725093768395403
1022,-0.46579996529453266,-372537.47535034176,45.600192015136706,0.2811469535619513
1023,-0.5136922029556188,-318948.13501586916,40.966705501464844,-0.49122486415732525
1024,-0.1341172794066699,-101354.80947814946,25.73699496166991,0.14613593885373716
1025,0.30513171403261924,178053.62665893557,12.552297032836918,-0.08581497100893834
1026,0.31379588934167846,191752.46193725584,11.249215000732406,-0.1473906393186975
1027,0.3901681252242952,241506.90440307616,11.113324998779293,-0.04856828130176276
1028,-0.46946726092118035,-328029.4256213379,39.59772053918458,-0.20180804983023623
1029,-0.03849818822435638,-22805.104289550785,22.497596490234393,0.1533243618792611
1030,0.19928132797562836,153218.55598510746,25.461878473144537,-0.3317745533631161
1031,0.26377555848380246,82763.4308886719,5.358892462890619,0.0953930230368973
1032,-0.12955597498414365,-94004.43885131838,30.665398856201165,0.4059274521731581
1033,-0.00799769226323496,-4447.764661865207,16.162826470092778,0.11059644164015811
1034,0.316201993200476,191978.01919921878,12.274743987060548,-0.7288990168742067
1035,0.1723805981263685,94263.12457153322,14.559755178832996,0.3280910693887949
1036,0.21893584935336094,86978.8348803711,10.677123990966798,-0.20192979346313944
1037,-0.5748182689424266,-257000.32650024415,31.167596138549808,0.09737884107558804
1038,-0.4500554028568053,-237853.0447216797,31.369946429931627,0.006495411093840203
1039,0.03485153484258955,18428.86293701172,13.049430567138675,-0.09182935547219447
1040,-0.09501387239816271,-61439.919064941394,30.58339297875976,0.40958873246887945
1041,-0.2585953567500374,-200425.72026245116,29.311148994628912,0.12098622172395358
1042,-0.5970451410073029,-417065.6220874024,42.81551973876953,-0.279829047932181
1043,0.031314863824994696,19356.598024902323,15.221330473388662,0.14395247974111375
1044,-0.278187108631402,-207139.5650299073,43.12226953497312,0.29200377647707876
1045,-0.43821324829993125,-338735.8688513184,33.88720236499023,0.39982675283616004
1046,-0.0788815864859198,-63266.43928955082,34.42270589416505,-0.043198731057616575
1047,-0.4282245485292848,-284255.3008154297,28.933356604858396,-0.02424217206772663
1048,0.03174692954718225,19805.893001708988,12.980304594360351,0.04046087315484249
1049,-0.28544727969310824,-192762.30412109374,27.472030356689448,0.15614007498497826
1050,-0.13759480960818285,-83693.38592529295,29.538769492309562,0.1280835106528064
1051,-0.0557416479129156,-31680.866992187526,14.077355194213869,0.12791772296700715
1052,0.2139355272640138,108414.5883239746,10.17840599877932,-0.5446211244106429
1053,0.08334097801827918,52563.27268554688,19.83951598059082,0.24767639866372596
1054,0.5646911861450871,318411.4715374756,10.427419461669924,0.06605553132331679
1055,-0.36267960079630945,-254738.7600354004,38.90869801647947,0.358546586896452
1056,-0.3688015619318231,-303820.5173608398,46.52328537939452,-0.11706733628928871
1057,0.045906949803926074,29299.174879150363,22.547002433715807,0.1526064382134635
1058,-0.5193263149464274,-316696.4955041504,33.76338799658203,-0.4582453668297083
1059,-0.12437934745419296,-81924.59228942872,25.685759476074228,-0.27780064170540497
1060,-0.274703647901475,-194276.5199145508,26.76458897949217,0.089771923754861
1061,-0.28438548754481097,-150015.8651464844,16.495502000000002,0.28990941821089555
1062,0.04413111207979778,21032.04464599608,16.636915486572278,0.28795723490645714
1063,0.18656054702626823,100486.36712951658,9.687238464721688,0.03204125814432033
1064,-0.7078868351341979,-623899.2417785645,65.97024343933107,0.07891117332653319
1065,0.14595782253623651,92061.84048828129,18.713038474853512,-0.24129998175460612
1066,-0.1475053285043435,-93877.22566162111,27.46769507080077,0.020361270798799156
1067,-0.21844440303375032,-131969.79515319827,22.012527513366692,-0.0808082654581561
1068,-0.48216852054852877,-315063.33781188965,34.66035425921632,-0.3060573900163806
1069,-0.3043377075130289,-219576.23089965823,30.393372609374996,0.1821053919502868
1070,-0.287905653915081,-162138.544453125,34.584288435058596,0.026423461718682473
1071,-0.21387656780840877,-105271.47318603515,17.57385742846681,0.002316202510607494
1072,-0.2608392028756202,-237958.4244104004,49.973114461303716,-0.27794390902919097
1073,-0.019129609301307516,-11617.65543457029,38.6487944916992,-0.25058664204061765
1074,-0.37168269500088597,-202120.0647460937,30.5511240008545,0.044719791801153326
1075,-0.3387085349781718,-209578.75033813473,29.324315976196285,0.07922789478506792
1076,-0.22914625848038317,-165958.63545043944,20.35972354589844,-0.423244011706115
1077,-0.6307092922042331,-400261.32829101564,50.489513850097644,0.6781718672384504
1078,-0.5265988594764954,-345495.39054077154,47.54677849230957,0.09714472059140929
1079,-0.12942252709767366,-76875.91487976073,21.91827551208497,-0.25662073831706905
1080,-0.234648918696296,-142762.06839355465,33.804598303588875,0.2312489165209057
1081,0.10905744176393409,62331.67409545899,12.725006026367192,0.20955522712023295
1082,0.22581093633432733,143912.0142614746,12.980610452514643,-0.022693101845804774
1083,-0.13871322081135445,-82266.22440429688,25.090293994140623,-0.29307604062972675
1084,-0.27634842088344824,-196400.4208215332,24.61003756079102,0.25006751204764
1085,-0.25949925425742154,-171359.35557861326,20.12801103417969,-0.12863402940158372
1086,-0.28639354972226994,-147528.79567260743,24.42888554187011,-0.13243786227810744
1087,-0.11270023739488566,-73872.08573486327,16.3262645769043,-0.032943240076358994
1088,-0.5998007170388407,-346810.6472686768,42.29571470568846,-0.17866388344727285
1089,-0.3025046576439739,-165656.4297668457,16.8721755255127,-0.23777675930362505
1090,0.04446684443777913,27400.887723388674,15.082604956787115,-0.4830829093864079
1091,-0.25338736168097303,-213915.6499365234,38.099881510742186,-0.23551855392710905
1092,-0.04739974945532873,-33743.13455200195,32.514042994750966,-0.1526277261827376
1093,0.1605551360436897,96767.78564819334,12.75020351879883,-0.05277395572852574
1094,0.19986301870315848,114362.86940490721,20.118067455383297,0.1353966324181181
1095,-0.28135487736946796,-187353.29010375973,29.417608010986328,0.1345591313320327
1096,-0.28001035903801647,-194776.07382080075,24.2179873869629,0.7775496756312428
1097,-0.04367357505251025,-27662.073422851605,16.95670926159667,-0.18588610646825024
1098,-0.4564957827706213,-251451.74939575198,37.2748069173584,0.06811279307348077
1099,-0.44343967040152266,-313942.3496838379,52.05656695300293,1.0385205892194718
1100,-0.029799176279883745,-15151.243852539083,13.554120930419932,0.11642554813875951
1101,0.07563399946738468,50865.81750488282,11.317227759765625,-0.1885926695964314
1102,-0.14161019520708973,-85376.80552124024,32.816726471801765,0.0074829795816810825
1103,-0.36320703359163714,-249924.28073242193,40.1478966508789,-0.07199869132264913
1104,-0.06152014895131859,-34017.2647705078,17.851343592041008,0.3285019023092568
1105,0.05738015229154473,29234.956828613274,14.521541520751944,-0.20471119051586714
1106,-0.28314628116464796,-147588.76811279298,25.04831396972656,0.3808183524422841
1107,-0.5298950153203256,-325554.7284216309,36.30631552746581,0.25849266956661293
1108,0.3708678824344671,226528.37147094728,16.09691496459958,0.06584615822547697
1109,0.18806805793347764,85200.49008544922,10.334041001953114,0.27552222621174627
1110,-0.2333678311156647,-134432.4201446533,25.10422198754882,-0.3154223564149825
1111,-0.02204736030836811,-12529.350675048809,21.98030402905273,-0.3710088703658494
1112,-0.2941492827348253,-223121.72969421386,36.612370475097656,-0.1935654155491221
1113,-0.10051251323221602,-71733.0460302734,19.00753345837402,0.2874704045908441
1114,-0.20795732145344606,-127802.28720886228,26.57935920263672,-0.02117343869032957
1115,-0.12268170983196444,-94837.95636352542,25.389276647094732,0.47257559762850215
1116,0.23999833126554349,132020.96391723634,17.65075001635741,-0.20144121077223356
1117,-0.051113003687696695,-36740.254525146476,26.374213973999023,-0.077705216854129
1118,-0.38798535432638187,-217806.05962707518,39.32418590600586,0.10826189816751633
1119,0.0820631203570205,41528.06479980466,11.234883989013673,0.3303141255724376
1120,-0.368618982633935,-253474.83982910158,38.87409549462891,0.16695473929991111
1121,-0.31504816992388757,-160639.47883422853,29.967341355712882,0.038136608580006004
1122,-0.3442887197909502,-181126.06928100588,21.215789959594726,0.46540532139641977
1123,0.15984001376495613,99844.40750610353,16.082911998779302,0.2613716441554691
1124,-0.22901738044615808,-204822.58503112796,29.833133525024415,0.14714970624791993
1125,-0.0416905260481127,-25818.109627685568,27.109235441528316,-0.3526022331671158
1126,-0.6964927864305498,-388378.59028686525,46.489353502563446,0.09895098564639002
1127,0.009079757019577828,6157.076054687492,13.340544451904297,0.08261136498631658
1128,-0.4697739520083932,-284005.5842919922,28.400558429199226,-0.005712342267635105
1129,0.020158422818737767,10050.465399169945,18.765162982299795,-0.5570040041292097
1130,-0.052111102345940706,-37150.28503662112,33.819084499511725,-0.13713586576845052
1131,0.1694220134089445,105015.4245019531,23.384702475341783,-0.18638056141894735
1132,-0.15454711286546,-104996.66979736325,29.817456986083986,-0.14516495351397732
1133,-0.21242450670659332,-162695.5439379883,34.72166038134766,0.17551613354751094
1134,-0.34830592033465213,-229689.617376709,24.893826748657226,0.36893589349341127
1135,-0.27415209620865966,-185199.58788452146,33.64837901696777,-0.1048719652947119
1136,-0.13768050052127456,-90240.30112915041,23.697091516113282,0.5269054537726657
1137,0.3543781936238729,195621.24795288086,13.457065938720714,0.0240156134281999
1138,-0.5267244654418075,-392116.09010742186,46.68557503820802,-0.24914909572375868
1139,0.09213766221832763,55217.085956420844,16.571320499755863,-0.3568320838502992
1140,-0.4266384240024276,-332337.37902954104,34.018574453857426,0.011013476415950265
1141,-0.3726656975023852,-233453.2140991211,39.90686591406251,0.09004810234348129
1142,-0.5890084601048065,-395730.8243762207,47.50849892675782,0.10306310606091239
1143,-0.74641751382836,-362027.93314819335,41.576672316528295,-0.22365539339231075
1144,-0.3333494262784615,-182106.09416870118,21.41960392968749,0.3409551351382718
1145,-0.5797548425088928,-371426.9593054199,39.74351647351073,0.2184327724839677
1146,0.11358529154499164,51488.28069458009,14.700001523681635,-0.05951513199263207
1147,-0.10398686909249011,-56583.67341186521,22.494527025390624,-0.14930225058669244
1148,-0.7112410072733778,-480833.58993652347,52.14856148327635,0.046510921410622415
1149,-0.22503383428363763,-185555.71474487302,31.130786022338853,0.2362561647209004
1150,-0.35507886386519955,-290038.16025146487,43.924366491577146,0.005939730154012231
1151,-0.33555304922025614,-247971.47043457028,27.951604031738274,0.5203647197940967
1152,0.07775023475382138,34050.479946289066,11.240295024658192,-0.08688101853357368
1153,0.7848222948976744,374172.6168286133,7.85358747106935,-0.017281649705555423
1154,-0.07968044077731878,-48067.85559082034,24.491829003173812,0.32865474319512816
1155,-0.19939243940011853,-115684.15378051758,26.31152594860841,0.07549934437689196
1156,-0.10866972162269355,-74515.82947387693,18.805712956787122,-0.28419201591147214
1157,-0.053765166998385516,-24779.535335693363,15.69304763317872,0.01848820085168591
1158,0.02777199603773054,13989.050588378916,19.889384342651358,-0.1775735948044916
1159,0.03632009179797235,22934.085499877925,21.132885485168455,0.13934557055469027
1160,0.08463020107462127,63277.50907592776,22.53118397656251,0.035761164294922765
1161,0.11353540299756733,54723.96826049803,14.97756451342774,0.850418823654762
1162,-0.10227061962432028,-61926.918190917975,22.014765500488284,0.2682006879270489
1163,-0.4611666098249604,-338720.13493164064,36.24579747753906,0.28677376274540034
1164,0.04564432269454181,30747.868587646473,20.146589953002938,0.40888601428615307
1165,0.23467803814368227,95334.63564270019,11.38360012768556,-0.27415442387438277
1166,-0.03386577630123536,-19685.24417419431,29.135306973999015,0.3768215071685125
1167,-0.10712126508451632,-63882.65053222653,26.716901021850585,-0.09192981652584917
1168,-0.5592996182334327,-449133.7202172852,54.13830399597168,0.16939814235143694
1169,0.16698130335800404,92099.83088745116,15.625128491455085,0.3109110528285887
1170,0.15068274404813045,107305.06419677736,17.64672499267578,0.2892542778669487
1171,-0.6346007527223635,-543170.0803845215,60.198635050903306,-0.21145403227483578
1172,0.19222590577679566,82613.2148864746,8.141279004638676,-0.36354905443974184
1173,-0.2080044587986478,-147501.25000549314,23.22772500909425,0.027324044005438544
1174,-0.2950469272162547,-190561.14955322264,35.008954487304685,-0.038863098944026175
1175,-0.5501392834330732,-336976.4237072754,38.04982837561036,-0.0020478086604573966
1176,-0.5861068556549635,-436313.1092285156,49.66822144506835,-0.0257314139377913
1177,-0.010363565989184694,-5234.965534667936,14.9158464987793,-0.19176032181464614
1178,0.15992672438529018,120692.28530273437,14.620309490600578,0.63232821231422
1179,0.09901299475294123,61282.65013549804,15.547334953857423,0.5908327951901444
1180,-0.14287831299622705,-87316.6601538086,24.854537493408216,-0.24596506647396374
1181,-0.36460915136788513,-219057.98213500978,25.590794694824226,0.08461714046273228
1182,0.04366922376073003,19049.64993774415,12.35633199560547,0.6999801888769129
1183,-0.023701492076680146,-17332.119407958948,27.426001498535157,0.05232495984963061
1184,0.07787313151773294,33635.86406250001,14.157634523437498,-0.510190331287995
1185,-0.5112064639061441,-352839.4293847657,43.251577949707034,0.17628402903415494
1186,-0.20301216522906146,-132681.8109313965,33.38691702050781,-0.4715917879396914
1187,-0.5483724746404962,-329587.13840820314,33.21737833227538,0.01296516587485464
1188,0.45900608225618994,293247.2297796631,17.294854198486334,-0.14387631563044112
1189,-0.14508570648141667,-90701.87928222658,31.19914843896483,-0.15657825687335317
1190,-0.1374785563937942,-72187.11489501953,14.709128005615238,0.3390376482370455
1191,-0.33145679176036447,-233475.18976623536,32.55361095269775,-0.062493942060352504
1192,-0.026956627380164952,-21025.19443847656,24.835168981933595,0.20181776371644272
1193,-0.20790707009051793,-139115.01388732909,23.53170800732422,0.31718982325310063
1194,0.2205406701735897,129955.36918579093,17.256212996582025,-0.20790459984657936
1195,0.6993403060218388,328243.2464208985,10.593038486816408,-0.1213328534760426
1196,-0.312455373065077,-188888.47668212897,31.94800819458007,-0.054052477925663554
1197,-0.36378381468478577,-290197.86970458983,38.954595440429685,-0.3265785577555866
1198,-0.3473032799253449,-217234.61365356448,24.26897087780761,-0.3903839057977255
1199,-0.32181702440441173,-198831.11472534182,22.34017513012695,-0.04942573694236487
1200,-0.3530754224845007,-235521.45729125975,39.916193206909185,0.2546672718678044
1201,0.51248830801337,243219.49694702143,9.871764012207022,0.030799908521514312
1202,-0.1778032377793489,-91900.45083496095,23.875853616210946,0.15127262841526887
1203,-0.35024669890123955,-184467.8067443848,27.493365364013673,0.13490534433742735
1204,-0.01231395820824614,-6854.6938269042985,12.810237992919923,-0.2963886070333531
1205,-0.11690960942268229,-63189.0522796631,14.948257549072267,-0.0985831059557742
1206,0.11601086478106577,75542.57502929686,17.18172748242187,-0.2581200936116956
1207,0.35287470667995285,208616.4540576172,16.68878424584961,0.3087971102555427
1208,-0.19062208367597788,-128509.25755371095,19.862562766723638,-0.3864195927315683
1209,-0.09658980851625885,-60840.965687255826,31.714722521484372,0.2126225827998746
1210,-0.2610684712602597,-135206.90522583007,16.10701299047852,-0.3069549354620283
1211,0.09901359397784698,63130.53468872074,27.44005998400878,0.23452260708551295
1212,-0.16553424688343304,-84332.38674682617,22.01697814355468,-0.3959995530030503
1213,-0.3652723720716899,-225506.4992193604,23.16396840423583,-0.09947283557449867
1214,-0.2000579470083656,-142735.03551391608,44.31351105114745,0.28655283559964023
1215,-0.04178380415484723,-26137.23532470704,21.74671703759766,0.12460414952916302
1216,-0.4332018181607376,-274980.8656066895,28.443166562133793,0.09282109495766164
1217,-0.07474689045078314,-45015.91493408207,31.213956937011716,-0.11179799619075023
1218,0.3235929058659872,164015.7193939209,12.48906014587403,-0.07355117373219161
1219,-0.12157009736072412,-75657.60786560057,16.838037028503418,-0.06904537713221882
1220,-0.5335656374467947,-338686.20265502937,43.65153421618651,-0.05500413054262383
1221,-0.043548126147646395,-24638.344982299837,22.942211027282706,-0.09222477143845652
1222,-0.24338631001942815,-151334.20028442383,17.890316556762695,0.20616402148361276
1223,-0.2843157912274792,-197018.32046874994,31.401526497802735,-0.276589331632461
1224,-0.07977676954039219,-48325.96029785159,23.29228347509765,0.20682925563210272
1225,-0.3519379821469631,-217881.01286499028,27.310365589233392,-0.09805567417541046
1226,-0.6812746184766917,-485719.5340368652,57.616373885864235,0.0871486563309453
1227,-0.06444411180393354,-30781.63983886721,16.851043496826172,-0.5261428210046167
1228,0.32970848849035045,195416.8219750977,12.410298009277321,0.4422204387598058
1229,-0.15478586844431724,-98422.40354980469,14.492527521362309,-0.4305144012204333
1230,-0.4644203028787949,-235691.78861694335,24.15900437634278,-0.07427288489642825
1231,-0.11572751088145862,-60997.0422192383,25.29351116882324,0.3961768316725953
1232,-0.1599823745531238,-87775.58979003907,17.438927601684558,-0.18161341152319294
1233,-0.07707482082449085,-49012.4052685547,21.101052440917968,0.11136048522147031
1234,-0.3090061317570541,-155839.5685876465,29.605868671142577,0.3071669900277048
1235,-0.25251509713729897,-178857.66429931636,41.93599746276855,-0.10662814940222903
1236,0.15659877383046553,85220.92684082026,18.540030997558603,-0.09894039128930994
1237,-0.2759713732797499,-185334.94061035156,31.453990000000015,0.21311525450206797
1238,-0.03408161386904511,-23157.355562133802,18.57001002740478,0.7654730307512232
1239,-0.41332917094841315,-305253.1892266845,32.92781198785401,0.4032990306930289
1240,-0.038642715028557914,-22327.05725585934,32.693626170288084,0.3373189628731566
1241,0.14505589013246054,93905.18825683597,25.708740143798835,0.33424671720174115
1242,-0.17181803779810692,-140598.07407836913,26.17432244372559,-0.16424865979765796
1243,-0.06517652595765601,-50945.934522705065,22.00159198242187,-0.02503284518072413
1244,0.10709888416861008,60214.43661132814,16.415109815673834,-0.3486230130573749
1245,0.12398049164372285,88556.06979614259,14.680839987915045,0.7506804365702306
1246,0.009430485258052257,6162.360863037087,17.008210329833975,0.16114294800898737
1247,0.08397909610640555,43008.47030212403,13.972556988281246,0.5856402350511504
1248,-0.1646749103920345,-109138.27524047854,33.90420792321778,-0.24314169591980705
1249,-0.40929313541984974,-300956.40517944336,53.09968606286619,-0.26100039100277367
1250,-0.48359457627587665,-316767.81940185546,37.17528542028808,0.1997149886660312
1251,0.19804474720765344,137723.369263916,19.112943482421862,-0.3082138214429366
1252,-0.002457420144630911,-1530.376774902339,27.38116515039061,-0.21503422499381142
1253,-0.3762202992763629,-223404.68954101563,32.69181049230957,0.41285480605488606
1254,0.10658037880332277,68128.1349267578,16.581849633911112,0.5321970842602276
1255,-0.3057473822754427,-205504.42926757812,32.38970040686035,-0.29536034538006684
1256,-0.24678903562965449,-203981.67051757808,33.36464497412108,0.051874693357230155
1257,-0.31370167477399713,-198292.18674377442,29.126115993835437,0.1066181623160539
1258,-0.19882775773987407,-99907.51763793944,18.191656307373044,0.32311351114522346
1259,0.19789475348426747,101094.2504016113,10.02114046337891,0.12109696590513998
1260,0.05319530480415591,34102.68999633787,18.125043955444333,-0.27576807965713046
1261,0.022053309911166094,18257.135056152358,21.094798990234384,-0.0025284018391057
1262,-0.5335043068669909,-376088.0495361328,44.65298441662596,0.277405260460777
1263,-0.42080219098717403,-170734.65106079105,33.02275209692384,0.5256361025455982
1264,-0.2203874897624524,-117134.37575683593,16.727219396667472,-0.13747362013435563
1265,-0.24059878937518486,-176181.0842834473,27.769203893920896,0.11687767717859704
1266,-0.08133079409233274,-58248.11492919924,27.870221216308604,-0.21612582003410233
1267,0.08589430707397089,45489.21669677733,16.7718699753418,-0.1804446707767071
1268,0.10847871525272933,78433.73535034181,23.654240493896488,-0.268170089665849
1269,-0.53097685016236,-306436.37951660156,41.67426196142577,0.16839304933359747
1270,0.1488903279603251,121496.25680419923,25.291491343017576,0.8736119412590141
1271,0.13545397878331183,61287.20516784671,15.18687747827149,-0.6058238170032861
1272,-0.17754516588209723,-108922.19102905274,24.19282000292968,-0.2717068826609072
1273,-0.6046257969717886,-421322.0097558593,50.24245849865723,0.04505313830319432
1274,-0.06801909814440818,-33370.17995544433,17.80480348364259,0.16768627956752652
1275,0.24209936055277143,152618.27900634764,20.041815980712883,0.3168187728742831
1276,-0.12042899725195584,-61095.60714233398,17.008522673950193,-0.2779140144047385
1277,0.31162535538096386,180299.7096496582,14.530936979980464,0.1772515870145158
1278,0.08054796802596721,58980.949093017596,22.24617801611328,0.08281548100662867
1279,-0.16444996784377383,-105512.88886413575,18.408975421569835,0.04493820518237414
1280,0.10682449101015061,76507.61012207033,15.86412799584961,0.08460136015126364
1281,-0.3911460689560494,-210221.71930908202,33.55989392834473,-0.14801615720345757
1282,-0.12280207618174128,-71668.69365478518,16.628339016357423,0.13740249907987587
1283,-0.012754384839951725,-6064.2633056640625,11.617614038940426,-0.09692033194085241
1284,-0.5441070558197411,-400470.09921875,42.342898973388664,-0.4045915482243568
1285,-0.03759790629457575,-24326.584033203137,16.568789500244137,0.05219985567421282
1286,-0.3364245610513754,-204981.49420410156,25.434570938232426,-0.19266761724255727
1287,-0.18702050880010007,-126447.32392150875,25.448353933288566,0.1873230308742898
1288,0.18679736651521703,121222.79432861326,15.7977599987793,-0.0879234269443781
1289,0.2602078455038365,138626.1081750488,12.546679003784163,-0.044631531015001794
1290,-0.27432885784925626,-163387.38313964842,18.533909793823238,-0.03982336808374576
1291,0.1923295966754162,109954.74044189451,12.859251971801744,-0.16184035915492895
1292,0.23911018034515608,130972.78248168941,12.225808962890634,0.7765206563684018
1293,-0.40221316677231694,-215221.47181823733,22.553484499267583,0.21567933505928158
1294,-0.1518006929200761,-73403.18930053711,22.291020461303717,0.2367404879938699
1295,-0.06634428510657372,-32350.025122680687,18.212305532470708,0.48269073071588803
1296,0.023446394070653305,11728.02510131835,12.161403997680662,0.16445869020064469
1297,-0.355880720570583,-193221.29445007327,23.241327434021002,0.2988477629532543
1298,0.3921725624782319,258606.42104003907,15.88845198168943,-0.18720890466045828
1299,-0.312853039078901,-216833.27053833008,30.43652302893066,0.12164255193548298
1300,-0.3299845930084565,-219782.02565307615,25.95862157177735,-0.39943265665536287
1301,-0.053155296222880254,-26862.109365234377,23.441894969238295,0.18560363933644347
1302,-0.31651889386321397,-163492.84410156248,18.009499441894516,-0.5645388009641044
1303,-0.03453603570596094,-15983.624711914057,14.252750493164058,0.1757554279869936
1304,0.4155234494153023,230673.61958129884,10.356660997070314,-0.11484281229176825
1305,0.11993493451957413,51594.34407470702,8.334972052246089,0.6127521507649817
1306,-0.3595547671822479,-251162.80894775392,28.930558893554682,0.04593035846269018
1307,0.03231693720606543,16085.704185791023,27.76618751086425,-0.4576858730924428
1308,0.0019549907551733568,1482.1005151367135,19.75150346533202,0.1092352090160603
1309,0.07568841867887859,40086.32218261721,16.707259480224607,-0.22115262767114102
1310,0.15966633879833209,103227.62046875001,15.679908515136711,-0.1238126526388063
1311,-0.4439512658312754,-261703.21746826175,33.168433064209,-0.19550389019951128
1312,-0.27099614914770825,-162248.7652734375,26.783482448852542,-0.2529216411934435
1313,-1.1576900395456486,-716928.0500482178,73.85715748846435,-0.2716331330672232
1314,-0.18280142701450025,-121216.03715454099,25.54327901159668,-0.05293481480179195
1315,0.09039647953726901,61611.48517639158,19.47803500463866,-0.3618923461928541
1316,-0.012782900883729607,-5230.90430908206,13.404708012207028,0.36488641813118494
1317,-0.34540848136816865,-225061.3593408203,25.052486940185542,-0.2967268355594442
1318,-0.6851448400744342,-317997.3238916016,34.73397286889649,-0.046599599951381215
1319,-0.27755274033477617,-240185.58453491208,33.53670742224122,-0.3308948037137486
1320,0.16456617034475457,87117.66153686523,9.433837510986312,-0.2966570861879984
1321,-0.23801751436121904,-132379.62391845704,19.042629996093748,-0.05665979305829274
1322,-0.05766678767349203,-36128.49489013675,19.68766048071289,-0.5237021361633614
1323,0.324751095558076,147067.76748291016,7.38121098510743,0.5081409581101834
1324,-0.02669019145678313,-19267.606699829106,26.77572546411132,-0.08397555698844149
1325,-0.34762200320076325,-249840.7832214355,45.57477702563476,-0.04925073954523954
1326,-0.1121372029471737,-49356.85266418459,23.034413954345695,-0.32588567215015846
1327,-0.40341777270420254,-361433.0992663574,48.237548385864265,0.3067110997769019
1328,-0.3290389898545996,-265818.1108007812,29.53341008520508,-0.033154599135265354
1329,0.030420033690412716,12949.754732055677,23.76630199212646,0.026710903769650712
1330,-0.22179136846200898,-181804.51481140137,31.76182750555419,0.01848079787434926
1331,-0.14310330028753576,-87713.93504882813,35.724504986084,-0.3586111789118739
1332,-0.4911672575819211,-274829.0247216797,34.44750500927734,-0.17492977648975355
1333,-0.2586608230832923,-184134.50967285153,28.677652463378895,-0.28545729514095664
1334,-0.20109678851811347,-116220.15468749998,24.23227202502441,0.061008122117100834
1335,0.11714154214973937,46647.218679199206,12.24077699682617,-0.21066804264852274
1336,-0.11396067541900483,-66098.34482238769,23.379566488525388,0.011902156245596955
1337,-0.12236043182099765,-99392.05823364256,27.613238803344732,0.2240708277282697
1338,-0.38585867264125323,-314656.05310058594,49.728341962280275,0.2796808149228407
1339,-0.4080026689366049,-269356.4142590332,28.515060392456036,-0.06112330247155508
1340,-0.5419598036311866,-336279.1870361328,45.87444611328125,0.19606763903063515
1341,-0.09270959893678944,-46242.38965209964,12.495385974121094,-0.006151863723385812
1342,-0.014336865826302302,-7358.374298095718,19.747026171630864,0.14799314916928705
1343,-0.07997539728689076,-40420.80728271485,15.241859261718755,-0.05598836590574281
1344,-0.4600681837517419,-334028.47034301754,46.70094153796387,-0.1287967284478982
1345,-0.2141914372157718,-105999.02969238278,25.527727474121075,-0.2746333586504267
1346,-0.15627436725858868,-81713.06483032228,15.884036186889652,-0.05008565507675801
1347,-0.1762732198301981,-120449.75002075196,21.82810491967773,-0.19423973430017025
1348,-0.28498132796673153,-149112.36521972658,18.243976997558587,0.19177107358289153
1349,0.17597181188362454,124167.97825439452,22.35850496118165,0.8949957112960409
1350,0.31206234420256423,159248.76087890624,17.348930953125002,-0.16224690298883868
1351,-0.23736954184461542,-157966.22294555666,30.08768149621581,0.515369612255618
1352,-0.2100886202491126,-145655.4045800781,29.917695963623046,0.1838776482162088
1353,-0.4400709060372075,-313801.270345459,51.45780648742675,0.3477733840553322
1354,0.05985930075322262,39706.746293945325,28.936966836181643,-0.3095018504848627
1355,0.02070411203475185,14247.244827880859,18.499621024414058,-0.2537630633489949
1356,-0.07419438281033099,-52059.225697021495,27.660694010009756,-0.0021629187661350163
1357,-0.45989265093149645,-320884.66955444333,47.15231448449707,-0.41530712556737837
1358,-0.08144820835042647,-58560.48416259765,15.237975979736332,-0.07090270848757055
1359,-0.35863601391107125,-174411.94425048828,22.10099843945312,0.03535482903793544
1360,-0.2604501566937437,-152674.08005371093,21.28599249975586,0.06755097420014029
1361,0.11049469945043243,47149.95462768553,12.336318500610348,-0.49285012116041077
1362,-0.5727067086147699,-513522.6588439941,56.070251397460936,0.5822952354843753
1363,0.03302465835729253,16944.07557128904,20.719205936889654,0.19777291981339962
1364,-0.483858537201244,-335259.8997851563,44.28272847021483,-0.27093548590239014
1365,-0.2487979983849895,-174211.4052856445,26.584433027343746,0.3864546035612918
1366,-0.5031408240164692,-350848.63174865727,38.78195368707274,0.08097043886861824
1367,-0.18826469888055564,-57758.96126342773,11.42775292834473,-0.3223333049156026
1368,-0.3923442809567492,-257491.5010961914,39.004263543090815,-0.16034252944073255
1369,-0.25679620000430375,-212004.26317749027,47.41126728540039,0.06217753946669987
1370,-0.015085591374307261,-9261.261019287113,13.476960215576177,0.29465775575736036
1371,0.12469601056113794,92454.36910034178,15.66758198803711,0.4806830824341084
1372,-0.4860510029979478,-366271.5861749268,44.14055406982421,-0.45587248297761973
1373,-0.3543535613322181,-182200.8641369629,30.24134745874023,-0.05432154730107269
1374,-0.19308534817325457,-127976.51078552246,19.743302549316407,-0.44923056484949314
1375,0.025083269931441454,16306.004386596676,18.659498010986333,0.003592654860424327
1376,-0.37452383996689165,-230287.39910339355,32.27382940594482,0.5358191238169323
1377,0.19463700909944712,125127.4254626465,11.91332297436524,-0.008271939034757352
1378,0.85255245906023,337467.38514160155,3.2299069804687517,-0.16146670533104257
1379,-0.06542057817828022,-43845.31997558594,32.037840953857405,-0.41706023555815264
1380,-0.2986134869831603,-172671.36434082032,23.33673840576173,-0.2572654741539984
1381,-0.20792226587471474,-129657.7746887207,26.732546512695322,-0.14530459655440636
1382,-0.21695235070292437,-152194.93505859372,23.113818498535164,0.06442664539077293
1383,-0.22842982477034693,-149873.17047241214,26.293221551513664,0.09744937729900394
1384,-0.11240814438134285,-64310.919852294915,22.168459982788097,-0.031638730390139605
1385,-0.5247575322172223,-418944.30990661617,45.491901472228996,0.2195713297735876
1386,0.05155340389124281,31476.420126953104,21.73851300415038,0.22002326447496115
1387,0.5720876439245769,327325.40634399414,10.329480987792952,-0.1530663314677788
1388,0.09077907327911826,46826.52563720703,18.09274046069337,-0.3816515188147823
1389,-0.11666510307541363,-68376.35514038082,14.063813983276358,-0.22981683424538918
1390,0.15555664040228176,113791.47603881836,14.554127032470705,0.23609727562530075
1391,0.1932398640577768,122520.89988952636,19.808114482910163,-0.024144319431689567
1392,-0.03479041857346039,-22433.764708252012,24.1125919876709,0.2855146927721053
1393,0.02202935471064336,11131.818398437492,14.154983151855472,0.29634596927649065
1394,-0.20914638184140677,-102634.13124694827,32.7889768661499,-0.17622052318120593
1395,-0.11798120458521863,-62555.98010375975,26.350197989379883,0.1445152335261006
1396,-0.37125540487455533,-266510.6452526855,30.36018604821777,-0.2952240800261023
1397,-0.3184983845820287,-242174.55858093256,37.12905037225342,-0.31356165682647796
1398,0.02526148880960712,14722.219696044915,18.469041936889653,-0.15379507519002134
1399,0.027273952994769486,17585.92045166019,15.307886968994142,0.09841187846988451
1400,0.003871300497477999,2560.604578857383,22.96981797460937,-0.26984201027247223
1401,-0.4303053734761032,-318086.9945507812,37.62525146826171,-0.19155482098827514
1402,-0.23367600793615248,-152508.2248193359,26.50303497888184,0.3398564638480743
1403,-0.04181112797550363,-24865.09587463377,16.915765186584473,-0.4859206485682185
1404,-0.03714329912315228,-18803.70541137697,18.93927347167969,-0.2802252136654208
1405,0.006077691198294282,4115.594948730461,19.319607976074227,0.030024263314967544
1406,-0.21981041774685994,-176107.8248352051,38.188845493042,-0.07934945243409147
1407,-0.358076084857453,-116667.27082397463,14.261294538330077,0.3022067414701653
1408,-0.3988864500152379,-315294.8850732422,55.44608098901366,0.20132893548479183
1409,-0.0624981167445657,-35641.79513916015,18.449907453369143,-0.03478217303908663
1410,-0.02458111678516002,-15680.165441894525,17.169056022583018,0.21805355803980184
1411,-0.05273193855129117,-31056.15050292969,22.67748197290038,-0.026349750511835024
1412,-0.34303699550487626,-258151.74515869142,35.438669518310554,0.23316306013145588
1413,0.10585945256982403,59306.4548510742,19.819268452636724,0.34252767034399123
1414,-0.26280231233889106,-186924.09599731443,26.28551601879882,0.529820949249085
1415,0.00548478338468927,2933.2853491210844,16.078604988037107,-0.12468551585827863
1416,-0.0713249342090988,-38610.02681640624,20.86186119262695,0.21460395211527625
1417,0.04373526378052363,26891.28006347656,17.77174745593262,0.08398032619960416
1418,-0.5039986427087331,-401726.17695312505,42.70921797680663,0.5379280978019153
1419,-0.31886578237079954,-204495.5489123535,32.411297945434555,-0.11152844586791824
1420,-0.2149659487892979,-138363.53898559575,31.552823495117178,0.14363433864377587
1421,0.27496781932261055,183198.41962036132,12.410799176147464,-0.10981031598993203
1422,-0.3225054154503591,-268271.4446069336,36.29887104443358,-0.43016289849700007
1423,-0.5334391453494632,-351012.63708496094,49.04272555871583,-0.06716607541758207
1424,-0.2780911783279901,-187384.27077392576,25.031445031738293,0.1457594110591544
1425,-0.2669439177688932,-165418.14914672848,22.077679948730463,0.13812339862689318
1426,-0.3727931742421363,-157078.57491638185,19.138245930786127,0.2574911853027789
1427,-0.24497108236038004,-149339.52385131834,33.094615935668934,-0.29737724852137265
1428,0.13653004161989526,97563.24952026368,12.353700987792982,0.24503870000069206
1429,-0.06904680226287076,-37236.080429687485,14.303309544921877,0.6377872428861949
1430,-0.48110331327046585,-222419.98930480957,26.001952418273934,0.2761250242941044
1431,0.12200267616577361,69495.7796801758,22.592212010986334,0.7619827021208853
1432,-0.19674832538608183,-164976.45741210936,25.10765800903321,0.20908748007255787
1433,-0.1131696358217732,-89402.59598937986,19.596249078796387,-0.013295557323383602
1434,0.14358635447692744,71675.81039916989,12.8080079852295,-0.01006065040706912
1435,-0.04121191755396306,-21290.67326538085,25.82314099719239,0.37625081360217566
1436,-0.9825010826429192,-973690.0747009278,101.50169846032715,-0.002547514998055909
1437,-0.16243896348693262,-98869.61451660155,17.08742653271485,-0.13895349390255735
1438,-0.16467858571086896,-122239.97525512698,22.310104016845695,-0.13992776238131235
1439,-0.43334076490950113,-333172.25896484376,33.56543191113281,0.03504542371582015
1440,-0.353308363676269,-228743.6671179199,38.38699474792478,0.1606440785483912
1441,0.00815756296772381,3949.479888916001,12.76466602246093,0.2944529373234083
1442,-0.06323823123244088,-40735.96119018556,20.525810010375977,-0.4225150575038998
1443,-0.7586754869098784,-472699.0862994384,51.130762132263186,0.26874514805967203
1444,-0.09936733304846988,-71666.38979980472,23.39081949707031,-0.36008777653553736
1445,-0.41427827148827523,-302180.2579327393,43.831608215637225,0.19558928184506458
1446,-0.13952655274533043,-78514.364765625,15.768538947998046,0.2812588555988369
1447,-0.043183539775401264,-26870.28575805662,29.63209444970704,-0.08786343967082673
1448,-0.7338218750702342,-657388.1099133301,76.59048495959475,-0.07111072831537872
1449,-0.13519883227408494,-70156.1990258789,18.490490368774417,0.31867728834499626
1450,0.07981534714707644,60220.97872558597,27.662751995605472,-0.16848935793521894
1451,-0.13791893045225948,-94881.72532287595,19.829950975158706,-0.023571305595212946
1452,-0.24739131282250468,-133490.5396972656,21.006310955566413,0.499443104013837
1453,-0.2450705636582729,-139230.95942199705,21.286696490966797,-0.04374978416789669
1454,-0.11185012821473335,-80000.63016723633,18.588430020874018,0.1745650326830937
1455,-0.2851707284582019,-195517.77973388674,29.147837486572257,-0.3367346138042011
1456,-0.06061080576816346,-28934.780180664056,18.015686530761723,0.258704915413368
1457,-0.32618391138146785,-228112.09494262695,32.01652550207518,-0.37807194681638745
1458,-0.21303809759075937,-110418.04478393556,26.62858759326172,0.1951382913649917
1459,-0.3085142416321111,-236737.58114013675,26.855461125732422,-0.08317794186640143
1460,-0.09519163054958335,-76870.67984863283,29.609252973144525,-0.4747793388804266
1461,-0.391546569272628,-329005.7433972168,55.04877432312011,-0.2809948539522513
1462,-0.6826531815712055,-386993.8806176758,43.25972302270508,-0.18299458373765662
1463,-0.3313354110846198,-290945.772498169,46.54114923291016,-0.23774917899061462
1464,-0.3740345891560352,-275420.78931396484,35.73491794873048,0.3662309554396198
1465,0.047660103478505245,32105.906182861334,11.113324998779305,0.19323841750263232
1466,0.20248955330111776,122971.70332153319,20.088931497314444,0.08773008284140202
1467,-0.2342934057267026,-206574.4894958496,38.48445340698242,-0.32894471720079704
1468,-0.20368353088722455,-165064.0955175781,28.29109150292969,0.3786569949796361
1469,-0.6458532071099651,-490440.7548608398,51.58084547509764,0.8196305801757955
1470,-0.6258732372891017,-346780.9449108887,38.29300551794432,0.3026885845294122
1471,-0.3810525159475517,-255632.0749658203,33.765936479980454,-0.1473361888109234
1472,0.3397988802903103,227979.7839562988,12.335124491943372,-0.10341617332861726
1473,0.10715660080661678,67577.11905883791,17.79996747814942,-0.3830638802686707
1474,-0.05645809219736652,-30290.40361206053,18.80296401391602,0.04673962513198745
1475,-0.22329264076320382,-168915.90410644532,29.36611140686035,-0.16802785403251702
1476,-0.39291204930206075,-327611.684911499,38.34822302349853,0.1500051047114399
1477,-0.1800980499029855,-93664.44986938473,23.709499466308603,-0.15626111572227852
1478,-0.13024884977460166,-93472.22488952636,28.501419047119143,0.2573485306784336
1479,-0.3030581073269147,-231270.24849853516,39.99374583496094,0.11261759700525047
1480,-0.2236999576267041,-180599.0903747559,34.06815400146483,-0.15738494316653037
1481,-0.46406482745012534,-390946.24935302726,53.34412642773437,0.32600256014519097
1482,-0.4336589992764232,-353640.8411859131,48.189518596435526,0.4497682063337339
1483,0.21194239028270512,137381.85033447266,19.9079475024414,0.4696288172167564
1484,-0.1671014196193884,-105836.9366748047,27.81205250073243,-0.1373696618771002
1485,-0.4084501004315201,-202942.5456512451,24.39066756756592,0.011620752936360192
1486,-0.33036968712010567,-209404.86497558595,25.835625512939448,0.5027012046498119
1487,-0.02154532812519856,-15734.06412963866,18.33871396313476,0.6378524557773892
1488,0.0309115175686319,10809.300148925773,14.493380429077149,-0.0055137678815614976
1489,0.012942051111711048,7808.399862060558,24.561379487915048,0.20327637242010782
1490,-0.19537742620078188,-139690.69550048828,25.50791447509767,-0.1671149316416459
1491,-0.319805319168812,-162663.8290600586,20.673279382324232,-0.20894511366171795
1492,-0.021336941723192268,-14695.650595703104,18.02066001171876,-0.371043091945987
1493,-0.08057587482375796,-55492.87941650394,22.998919391357422,-0.4192929042585734
1494,-0.2890034672447515,-166371.9802545166,33.99709595935058,-0.013594017083538164
1495,-0.2373197111279637,-150245.28502441407,25.958419494506835,0.7545741843566889
1496,-0.4466929308734615,-249367.3745336914,25.734446470947276,0.20663056728478835
1497,-0.11921716888157524,-82894.71843444824,26.734753334411604,-0.5463617502999883
1498,0.16580625157295487,99465.31513549805,18.094957434082044,-0.5210685875373957
1499,-0.6688821513088062,-491524.5149121093,60.203292016967765,0.3042765396198835
1500,0.09643167710763142,43449.095256347675,19.472098476440415,0.19946886094058397
1501,-0.36914656379430233,-272240.62283691403,42.52095103430176,-0.4701308777256509
1502,-0.13500385519841537,-70328.69993652345,31.72782445166015,-0.23865878057287018
1503,-0.05638221475900073,-39284.24024536132,26.348209984375,-0.13227973814254126
1504,-0.2983082846042512,-243415.91674194334,32.01850751916504,0.35936786435845774
1505,-0.0873843306431039,-46515.87009582519,14.423215479248054,-0.3623584204276609
1506,-0.16031656695540641,-103149.08012817381,24.374680504394533,0.6488606732815044
1507,0.33247414521218993,121832.2444104004,6.380759001708997,-0.03861323043923231
1508,-0.2661455567174837,-178444.64002319338,42.28824945251464,0.42655980503437096
1509,-0.3503363461747249,-220442.34548461915,37.56209002087402,-0.10566979867673508
1510,-0.1516443194742216,-99761.16350646975,27.880799590271,0.2836782545472178
1511,-0.3073215507361646,-182886.48402221678,31.383554895019532,0.11019724834053382
1512,-0.14030411912854898,-81264.00242126465,28.50299139050293,-0.24696469717145092
1513,0.09037208939016265,49021.2833618164,14.671992125976562,-0.19686861806093636
1514,-0.5601745897360957,-368770.7799182129,39.4723665526123,0.12477799140054469
1515,-0.00393497819259193,-1924.7044494629117,16.83145699877931,-0.11818524606917266
1516,-0.5929612156558753,-349191.5503674316,41.414691018432606,-0.25751054037626636
1517,0.14896682733930117,93211.82957397458,11.662126997558586,0.8199085216669242
1518,-0.14340303781522223,-87305.32269287112,20.754445510253905,-0.18643693433064867
1519,-0.2839987902631042,-215584.33983764652,24.8571565032959,0.08163255534265944
1520,-0.22536108465427526,-157459.92228271486,28.56226446923828,0.046528446793443194
1521,-0.35263852277661534,-244166.3994165039,38.14621647961426,0.18749558917533402
1522,0.027172146324321383,14298.539063720731,17.962931522460945,0.07910579454473148
1523,-0.46738078071428735,-277285.8648376464,31.727193473876962,0.15823691302474333
1524,-0.44672414865644294,-303303.19604003907,40.65394403613279,-0.023018590144128284
1525,0.0854564389049572,50301.53821289062,23.17752145141603,-0.30917701005819065
1526,-0.39784332151325746,-188100.85407836913,26.35732597937012,0.0388913058166466
1527,0.16252344963408968,68101.90662963867,12.007744473144529,-0.28035062413333417
1528,-0.5401579924957794,-329713.9901879883,40.10047599255371,0.04283558787826844
1529,-0.20325542872695718,-146152.3391467285,22.89772493261718,0.27713906570664404
1530,-0.08923126869687217,-47758.191376953124,26.408692122436534,-0.6771112767068093
1531,-0.2786901580134998,-168799.01230957027,29.015115231201182,-0.034549286592699194
1532,0.27543651215883247,168625.02156860352,11.844403763061507,0.04560890465175948
1533,0.11758317161348397,88818.68048706051,27.860806520263676,-0.2687591891406426
1534,0.16771318748193298,95425.41000671388,13.15799647583008,-0.37868459190209186
1535,0.09966867692893397,52969.95516357421,17.2640579790039,-0.31654387476066376
1536,-0.7135297928688583,-595387.0115234375,65.43661215209958,-0.01745879558604314
1537,-0.35221235999502987,-206319.91423828123,32.934203969482425,0.17741218858807206
1538,0.17236774877815877,111434.94046020508,13.233362718505855,0.10500717107789766
1539,0.1153771200314145,62931.30856445314,13.410932505126949,-0.3259557714326262
1540,0.07574755300792145,58194.80505371097,12.251482998046884,-0.13520871624963515
1541,-0.014860327765697132,-7852.808825683605,11.017088122070314,-0.31258501512665066
1542,-0.30795734364716093,-147848.75389526365,19.062643982055665,0.35761707207492055
1543,-0.39256110217186596,-296771.5101403808,33.952012518920895,0.12622056606013457
1544,-0.020124847904531763,-15281.750095214797,16.681782194458005,0.0024277174416747643
1545,-0.16388602151398268,-102270.01029785156,29.714607993164055,-0.08940104377168653
1546,-0.21744290837281893,-159113.46439331057,26.70223744592285,-0.05546773076194636
1547,-0.14333109717349019,-88144.20759216309,22.71611673638915,0.4522083354349903
1548,-0.06375705779052081,-41823.4129296875,19.89263798510743,0.18009264162869276
1549,-0.09104288496642396,-58960.0027441406,16.904597970458983,0.04047804062182295
1550,-0.5875236677419321,-450725.1496118164,53.26555252661132,0.3153085239099444
1551,0.02724211599773821,17264.65925903318,17.68635201464845,-0.23365830020363043
1552,-0.14599907056051134,-112313.53922973634,25.79426549536134,0.26719741247992557
1553,0.03690851625124463,21765.54018676756,22.90784695336914,-0.45033956424493665
1554,-0.11982370975334,-70734.39142578127,30.269391960449216,-0.10385423289075678
1555,-0.4796112853548756,-275898.7005004883,34.19415904089356,-0.04003222252595492
1556,-0.13070241047123318,-84981.65500671386,16.410183978759775,-0.12029534132891251
1557,0.13993576460539006,76788.41297851561,17.76681047753907,0.5321301096454257
1558,0.7492052662945143,356900.7332324219,8.291531489746086,0.3449697714720989
1559,-0.05672256649517393,-35905.709932861384,18.461754021118164,-0.3381722813400747
1560,-0.09441544464131209,-63722.88960327149,22.18483248852539,-0.2389546668645158
1561,-0.24564866730011192,-193889.02462829588,28.550926005371092,-0.6544232256761604
1562,-0.5862959747956892,-314034.75325317384,46.43160931604004,0.32688107011366696
1563,-0.5828766208218855,-494157.8078344726,56.933710982788085,-0.1850464196540938
1564,-0.0338055481008441,-19397.514993896475,33.0507974765625,0.008666437648895823
1565,-0.3091527047420157,-235028.47804199214,38.80030684729003,0.19921631179033475
1566,-0.6385304406168812,-342960.4397351074,40.900899515502935,0.1461039896553656
1567,-0.4673459651659606,-306470.15631469723,42.797653159545895,-0.11458767040589878
1568,-0.02476436489386469,-14289.750581665074,20.46114402807618,0.1401943698081121
1569,0.02873159045416841,19434.393424682617,13.950996995849593,0.2316423045769194
1570,-0.6036046558996458,-451721.9680957031,47.37060806396484,-0.39947158456775467
1571,0.03754769247168113,23300.639855957026,17.892015029785167,-0.025628944211307857
1572,-0.06766373138040503,-37723.6027783203,16.403124828857425,0.091912622044596
1573,-0.07022442582536191,-32638.099815673828,16.078598449340813,-0.022729450723667333
1574,-0.0907854748023392,-66870.60556640624,19.081200086914073,-0.34163342726737406
1575,-0.26598372900845757,-208228.45045166017,30.111151426757804,0.39815855204996475
1576,-0.1109569192236044,-49763.349597167966,15.613580002685554,0.08660125623203258
1577,-0.2876747627801773,-207111.19553344726,33.50492900280761,0.1418021904711412
1578,-0.27269315460763616,-205386.85541381832,28.85896105041505,0.21606673497207668
1579,-0.05756655086049899,-32967.7294000244,19.768854993774415,-0.2346068796236817
1580,-0.6684399339012203,-382406.92963623046,42.19619044177246,-0.3283905419390848
1581,0.06907977826283639,35411.08037963869,16.178505466796878,-0.07473201924665128
1582,-0.2454568109975201,-127897.46494140626,20.97677749682617,0.1061497121858897
1583,-0.4952618747119751,-349776.48466064455,44.01965346484374,0.26302329749241893
1584,-0.22075185953358975,-106774.15986083986,21.32425099633789,0.006629098320992888
1585,0.17197502516983787,108550.21071472167,15.196798484252916,-0.03823594784881847
1586,-0.23373603974512425,-119338.84542480469,26.35684699780274,-0.12696203767675
1587,-0.1802987547473129,-110061.38321777343,21.315844942382817,0.43788440633651604
1588,-0.2614122655867413,-155287.4747241211,20.58317098168945,0.6701731396480457
1589,0.05920375231499168,40862.39998657224,30.663758511474587,-0.018457229058154986
1590,0.5278239662427612,249159.74924560546,9.252332565185544,0.394670759838291
1591,0.040909274464269264,17538.92504638669,12.682383498779288,-0.44210956047699207
1592,-0.11556948243651621,-77438.53565551757,21.646318060424807,0.31541334777755287
1593,-0.5934125512590558,-451085.61436401366,46.92036095031739,0.05893810691399278
1594,-0.3210841934547305,-234683.5156481934,31.831240545288075,-0.3404110983482728
1595,-0.09647088922830417,-46421.579361572265,17.214203978027346,-0.45753079064535523
1596,-0.3147773118183932,-282658.81508056645,41.56740403051758,-0.21874174528319115
1597,-0.41508155502456184,-299135.2948144531,35.85272200952148,0.18608752954630312
1598,-0.2198326573760055,-129661.204642334,16.91902046691894,0.209303265083874
1599,-0.5336467959949759,-375591.51392944343,48.564831412231456,0.16680946586080198
1600,-0.25943095911378433,-175738.55178222654,34.60015471618652,0.3731698153682193
1601,-0.3065628004541819,-160359.67541748047,27.090310536621093,0.28245282156722373
1602,-0.3301126591235006,-224391.59523193358,27.207344545166006,0.1947689619824429
1603,-0.3251192838969233,-200520.0034912109,35.100933763427754,0.04255565719997285
1604,-0.21614148048785148,-119551.3201306152,22.08140300488281,-0.452194106475467
1605,-0.1807789100651842,-120359.10438964845,25.855142913574213,-0.27786910880854043
1606,0.4044843653103567,212323.00571899413,15.2274334699707,-0.31286184667399924
1607,0.33751441708769697,190180.76584472656,12.061344987792964,-0.32214337357306894
1608,-0.6430644302525954,-366127.9023339844,43.77575821276853,0.17906643982658224
1609,-0.2555936642141245,-149396.15431640623,25.69081544555664,-0.0328291293071378
1610,-0.4894355526624167,-365915.1500134277,45.09565548730469,0.5664440720453989
1611,0.005661892728695793,3751.597646484348,24.85581320971681,0.16825547811275476
1612,-0.518727280428969,-257376.49882324217,26.91625887268066,-0.2694310649033529
1613,-0.1873995734333418,-127447.14782958984,18.494283259765627,0.4564802014065014
1614,-0.5141762793172481,-296625.88958984375,32.54878997802733,0.4334138664848297
1615,-0.6783067085619482,-382166.8896386719,38.21668896386719,-0.1249146637875844
1616,0.1263985240289688,70546.68530761718,18.49481499584961,-0.1286184940547221
1617,0.22648129868326844,139501.6038171387,17.20066550805663,0.48443114402787624
1618,-0.4685306493979718,-303920.3946313476,48.42019893615721,-0.46701227768608183
1619,-0.05030307444911083,-21176.20483642578,14.226364992797851,0.25079666795535266
1620,-0.10020460063346588,-88172.49952392577,32.071566812744145,-0.2627231300052892
1621,-0.055570078486940365,-38255.353157959034,22.9939629711914,0.18563453551129602
1622,0.02261606011766317,17707.64780822752,26.026885410644535,-0.43071472845753445
1623,-0.12828421265308507,-101278.14632324222,42.86905195007323,-0.2683639891099879
1624,-0.39646105820670813,-268279.58857299807,30.233405052612305,0.21212555690348206
1625,-0.3872340431085088,-265922.55507385253,37.100709995178214,0.22848834541909138
1626,-0.469379451448094,-314479.58689453127,48.54175464270017,-0.09065524760598388
1627,0.15043394513219294,90035.35758544924,19.821034993652347,-0.5318440632923123
1628,-0.2983244653705067,-199505.13988647462,37.38104544042968,0.19962732622046195
1629,0.026511729970120412,14044.429837036121,20.872374499450693,-0.4695938774508088
1630,-0.5019751806472575,-345096.5191577148,39.131842476074205,-0.0526978133415054
1631,-0.21943820132614442,-146622.1424291992,28.770026234619145,-0.14981559854539706
1632,-0.25033687000636484,-167184.49038208008,39.76192053344727,-0.18169293368132916
1633,-0.5268153709902625,-401899.58864379884,48.70648138513183,0.0941224006381925
1634,-0.3499215429938203,-206286.71029785156,24.820211007812503,-0.33308311853858974
1635,-0.33881301425680593,-181488.99941528318,32.09069788134765,0.25145443644246984
1636,-0.16294281814632489,-93471.79507995606,23.14252793603516,0.3286085381204205
1637,-0.5284866996994151,-379181.72516357416,45.6377945234375,0.017432121919254813
1638,-0.13511348375026203,-96464.39359313966,30.148913878478993,0.5763370182677059
1639,0.02033703929794358,11410.130966796904,13.449973893676756,-0.35820062355055393
1640,0.38668709496011733,266183.6698345947,12.284381988525391,-0.1400674454101652
1641,0.05722621684334396,33281.46517211916,13.24725597045899,0.09749704712820277
1642,0.060462781879208644,44215.20451782226,20.643836984863274,-0.048725435774659376
1643,-0.48509829612614175,-346460.474564209,38.65356443884277,0.4821660912770928
1644,-0.20775979855776222,-183233.514699707,35.10096893017579,-0.13252356409957594
1645,-0.3901961592174447,-269897.27100585937,37.56961155126952,-0.40681985482013683
1646,-0.05759271818278399,-43718.67530395508,25.661152512207018,0.00360796896633719
1647,0.1490237955672574,107024.7672619629,23.157752994506843,0.165219667472612
1648,-0.11592914713305692,-97132.23630859374,28.121556624755854,0.21231128459507728
1649,-0.8312192507676821,-686564.1462438965,81.10647159484866,0.7588972494995652
1650,-0.3545676738404134,-195209.6057159424,32.51548455596924,-0.19241889223766895
1651,-0.5650980547168399,-457845.0121057129,55.7767912191162,-0.005520113026230533
1652,-0.08638313949255809,-48119.742070312495,22.549376204589837,0.008538118665341982
1653,-0.30851212984631493,-234869.44022338866,56.81400902246092,0.03325470998319015
1654,-0.12454403489573725,-60842.480531005865,19.188600013549813,-0.1612552451920233
1655,-0.8825134815099211,-542477.0839245606,55.23302836926269,-0.01686293522298116
1656,0.04169928013358795,22046.348671875014,10.009874009765637,-0.21230800218546078
1657,-0.3481985253964814,-256964.3391174317,35.85929542370604,0.1918883890889687
1658,-0.2904531550535868,-169937.26422119138,29.605123359985335,-0.21370499658171246
1659,-0.0620072812219678,-32193.939963378925,17.760091483032227,0.39442878735312636
1660,0.06780257962876661,46932.99506225585,22.587002988037117,0.30525205533136124
1661,-0.43919042040419154,-309083.67198364256,50.73153541540528,0.3089456802455826
1662,0.09383302508520822,52081.114659423816,12.636762998779306,0.02505153944851612
1663,0.04163705615253756,23832.359382324208,19.324913041259755,-0.25401150974690173
1664,-0.15067262090154288,-114996.88007446288,37.62781500756836,-0.5093953255321801
1665,0.16789396030918474,89675.7610546875,25.21572895703126,0.27342062341120144
1666,-0.07331584804415077,-47486.17353698733,17.068957441894536,-0.1581893104633196
1667,-0.24311414246094196,-142061.11549560548,25.59515254528809,-0.7654259089917286
1668,-0.04319318746308164,-23437.218911132833,24.739747001708974,0.09950186943443896
1669,-0.2366329441165029,-140280.02577209476,25.716057532836906,0.1792328383694621
1670,-0.43803475107324,-381133.044206543,47.58903412695312,-0.027320005509584352
1671,0.06797670812778832,49968.44872314458,30.660804660278323,0.23859631096178327
1672,0.06560697527608918,50356.626893310524,26.63859900500489,-0.03961963099645261
1673,-0.5078886682924931,-354864.7833227539,42.746426312500006,-0.01315090926201382
1674,-0.2313183389991136,-130619.06417236329,28.108275920898446,0.5591431219215119
1675,-0.109192423958828,-42294.20526855468,16.487041441528323,0.6954409936129118
1676,0.08464689484985186,68133.95890624999,18.99613100305175,0.056354704517779915
1677,0.3017387973827175,167968.03109130857,12.532598455566424,-0.22701915473740886
1678,-0.17008191524527716,-129730.22592346193,29.78407649847412,-0.1390784843635429
1679,-0.30171019726705167,-210461.51984741213,22.769220494995114,-0.14451010020591204
1680,-0.0456688301347011,-32158.735207519552,21.69313046289063,-0.2596196982387456
1681,-0.26846239048957793,-205427.62850341797,34.83416083813476,-0.29549433364905026
1682,-0.2591390028273546,-173939.6347253418,26.8229464699707,-0.07747086249183317
1683,-0.35575466208465684,-184988.7196588135,33.08327245898436,-0.2826012120609646
1684,0.08038520560207542,53168.43676635744,22.43668603686524,-0.5769560821679758
1685,-0.5133807340773707,-326713.8445715332,37.846876938232406,-0.4518224716073928
1686,-0.2938139762081176,-204214.90964599611,35.950231027954096,-0.03504479744583496
1687,-0.30926093987607034,-205534.49948730468,29.888559967773432,0.071140787316195
1688,-0.1671156605044246,-97614.96940612796,25.793747899963382,-0.21974861834870923
1689,-0.3020907079608614,-225709.10498168945,33.015168945556645,-0.0011585232549781615
1690,0.06562379691362831,29536.075676269535,12.976371636840817,-0.3862388570663073
1691,-0.44408619967321317,-366150.7307287598,67.09429349890137,0.09951981424019474
1692,-0.16422638201978748,-123534.8480615234,27.331343517211902,0.22500392776187314
1693,-0.20148212318754105,-90946.1998071289,18.759923000244143,0.011834586408157535
1694,0.13359770122117445,70638.02196899413,13.299602974365232,0.044702251689224516
1695,-0.21343073652220665,-95445.42012695313,17.20561504321288,-0.09855113371340742
1696,-0.1874403882516509,-154204.209420166,31.44448698034667,0.5197698709332
1697,-0.09262217751846706,-60691.93239074707,23.42312196539306,-0.29091055227332674
1698,-0.6197411497443909,-520108.42119140626,52.01084211914061,-0.19053750363818403
1699,0.21810901428913082,139060.18563842773,11.521435497741704,-0.19565424138461757
1700,0.026450930365759986,12477.106840820314,14.396574948120117,-0.46138356861693236
1701,-0.1266152271605175,-78802.71027587888,24.80364104565431,-0.16882935965080217
1702,0.14213299878604177,85196.99521118164,17.539340962402346,0.369747712950574
1703,-0.18457619415363186,-97623.4631677246,16.953470486450193,0.07588737544034274
1704,-0.26708889308034184,-109250.60604248047,22.897476077148436,0.4130469806100535
1705,-0.24977770987840034,-196291.9434423828,42.645725962158195,-0.15144386717342354
1706,-0.1885956995026573,-130305.62536193847,24.4590000234375,-0.2779832280437938
1707,-0.19044231747250712,-142838.92471740727,25.574463963439943,0.25435830554237976
1708,-0.11392735958596324,-75445.35940368654,17.449108976562496,-0.17042316044169578
1709,0.4602218737946784,218852.70559936523,10.678423484863282,0.02515297425618955
1710,-0.37060171629449773,-223022.23973144533,23.0039570168457,-0.07267755621216884
1711,-0.23046603373762156,-149836.9385418701,32.60306402734375,0.6959173100029447
1712,-0.5595828065740487,-352577.26887207036,37.79651091430664,-0.04247127422937851
1713,0.13923291243274544,86519.59555297851,24.23158802075195,-0.15405073240853978
1714,-0.21954377356407775,-131095.7293981934,33.75823390966796,-0.328982112628672
1715,-0.05783389008987551,-35193.88497558592,33.058163495849605,0.5526599545318762
1716,-0.21704467583756112,-149456.60063842777,20.804153538330088,0.11213374633021893
1717,-0.20758691812751726,-160758.38947631838,28.80219042395019,0.9277388695898584
1718,0.2415289255453656,107173.85265136718,10.014625169555655,-0.06393259239742854
1719,-0.4366785516181742,-251056.69298461912,32.98848655834961,0.43328470515698503
1720,-0.06573237294818157,-38322.10176025386,20.331560226318356,0.35209042360816484
1721,0.04906082795091576,27250.880317382806,17.533286467651372,-0.16222551701791965
1722,0.3445407825076157,221222.25515808104,13.893048995605461,0.15384214968554824
1723,-0.07073614165101162,-36312.53402038579,21.12709395404053,-0.08853145303677744
1724,-0.35633276472010633,-193710.8498370361,27.38826495831299,-0.4478417481891086
1725,0.011961944277510609,6200.146708984335,14.854119664184562,0.015136416660949137
1726,0.3186322792617119,177029.953671875,13.178562998779306,0.47184365230454245
1727,0.208119862240445,98979.45024902344,23.038084984619147,-0.13307132851579515
1728,-0.3134772803310092,-168322.1740600586,33.687091948730476,0.4156293369199214
1729,0.13289327798365538,98708.07896972656,11.600935241577156,0.05734244699682702
1730,-0.4707420798238195,-232551.9562390137,26.593667139038086,-0.2676105441813886
1731,-0.4544308733343028,-332792.41980468755,39.29313646130371,-0.290583367224639
1732,-0.816742587344717,-547910.6828710937,61.29071482238769,-0.6605086559739947
1733,0.04512531602532638,22676.26297973632,13.352118011474609,0.006037150723860239
1734,0.2817848804917128,193557.94382202148,15.383870976562509,0.10481479822344016
1735,0.2761094830762595,158101.60288208007,16.42231652929686,-0.09537228679335809
1736,-0.5335531122372497,-443094.39908569335,47.14939286096191,0.01468548481082461
1737,-0.28814621709153704,-164281.4053930664,20.353117268310545,-0.1488349144844566
1738,-0.08224765992744379,-51069.93530517575,18.925083984375,0.1275751344806964
1739,0.0071935384324083905,4017.730523681649,14.82831903613282,-0.023076827964492255
1740,-0.11879177800457123,-89055.96137695316,25.973241514648436,-0.5925978473468015
1741,-0.14137947336543732,-70379.55916992186,19.589497173706047,0.32837024693299705
1742,-0.22657424431953113,-143841.55103881838,29.17951348168947,0.24826962382516965
1743,0.2270561820064129,187178.97983154294,20.315538556884764,-0.4714287835629965
1744,0.009505775799897228,5490.359156494131,26.389886940429676,-0.3145639675091664
1745,0.15052829680186347,79112.955111084,15.78818148901367,-0.161851384660817
1746,-0.05784565588529928,-28885.83881347657,16.83166446533203,0.053343900921549434
1747,-0.12737782400153164,-80427.36037170407,24.036730991210938,-0.19774381113663406
1748,-0.05804412299359341,-35168.89474853518,29.094459890136715,0.1358179005263034
1749,-0.08948956151172054,-56530.53955322267,19.968169014892563,-0.03019277114960871
1750,-0.5176888890704632,-235397.57238159183,25.880805724243167,0.024318789606778066
1751,0.17345220575834294,80605.29019775391,12.440871010253904,0.06191257932912454
1752,-0.541763377280945,-422424.9498669433,43.472359001342774,0.023563259733282826
1753,-0.2373014874493674,-144250.21997558596,34.0727062803955,0.0663888844018127
1754,0.586095715949892,236303.1698400879,11.814345471191418,0.14534919845678554
1755,-0.004064026463393039,-2771.0904284668068,16.699865513671877,0.31256645687974915
1756,-0.3363013380106344,-278790.77065917966,42.89368874401854,0.015237261571461947
1757,-0.10461796681222608,-77786.62125732424,27.00268445288085,-0.03575982211131328
1758,-0.19858319301769875,-166160.28480834962,38.27264643713379,-0.06281662006415015
1759,-0.2974217639534149,-171264.16544311523,34.84037746606446,0.35986310324955245
1760,0.035327723827738765,15426.091430664055,13.318543482299802,0.636807944292872
1761,-0.13037765972601084,-61796.12741699219,15.1539602277832,-0.09885567381224089
1762,-0.6979372878120094,-430692.3941760254,61.846409426025396,0.08665744422068743
1763,-0.002464778117478347,-1567.5393676757812,20.633227406494147,0.29801548202989975
1764,-0.33506531886455215,-176119.02465270995,21.373867923645022,-0.02462436377533503
1765,0.3782408413600616,166264.63024902344,10.388605994384758,0.7134028416803091
1766,-0.3630693015423129,-285061.6741882324,32.53870947033693,-0.5440238928430625
1767,0.4125950185072996,231563.94530639658,14.768540484741202,0.062346573254327915
1768,-0.21997404632846249,-159405.84044677735,22.47371052929687,-0.508113685857365
1769,0.03879792165240961,20392.52490356446,14.541249499877926,-0.0901514427368856
1770,-0.4416038354038533,-328400.92928955075,42.69308543237303,0.5807489159576678
1771,-0.17280535276827605,-116299.62475463869,15.978107501953117,0.17824252739294644
1772,-0.3354279820268967,-238624.09858886717,28.86093935546875,0.07507708247224788
1773,-0.07574200166425021,-41116.0415625,25.922203015625,-0.07487845852989694
1774,-0.4159929193164767,-360301.03984008793,43.851763987670914,-0.3834763161111763
1775,-0.182024735868874,-119259.87439819341,21.805158954711924,0.11259352068042769
1776,-0.3606391863811596,-305489.7198266601,34.21396797705077,0.1496562508714602
1777,-0.008871172604285653,-5271.520167236355,15.12917145788574,0.14581081094949655
1778,-0.38782946359954307,-235527.22729980474,29.455804732299796,-0.006424872503658858
1779,0.25196404157419405,140967.59504150393,13.080906492187502,-0.6973723620486262
1780,0.0025906546865277586,1594.869355468778,23.113320965698243,-0.21199342429962814
1781,-0.28689948572546853,-150319.6007232666,25.475075484680175,0.2267950830949025
1782,0.13058421144415983,88678.13044189455,24.759681502197264,-0.0787097721987219
1783,-0.08931181613546044,-59615.774304199236,23.01224600781251,-0.27605326590857326
1784,0.06800934696146325,50750.19537841796,18.702284410888666,-0.13156268540621727
1785,-0.6434799025140328,-467552.23962524417,47.1075369654541,-0.24735089447924424
1786,-0.6112138573636093,-358615.25058227533,39.4586131052246,0.17926834350283177
1787,-0.12527168298391236,-83551.71731933595,28.371407240600583,0.32638765198822534
1788,-0.17185227980361362,-109753.55979492188,18.96882251367187,-0.0541767009270173
1789,-0.18512900539072966,-141718.22133178712,21.179199135253903,0.12138538865088402
1790,-0.3558347941887011,-209628.5325,35.01621397399902,0.1348169326563316
1791,-0.32969098621556875,-161004.0436206055,21.305924078124995,0.5210329328039333
1792,-0.34740555586779137,-219296.91428833007,26.682316513183597,0.25164689519507516
1793,-0.14921223659613214,-87230.18717041014,25.605419497314447,-0.1221162379131648
1794,-0.06429610259126209,-38989.73965087888,12.267777998779307,0.37405973057665437
1795,-0.5400924362246801,-374617.3140527344,43.58454990454102,0.0031261154816436916
1796,-0.10092886731820343,-69986.64913208007,19.79008943603516,-0.06994335415886493
1797,-0.35292822574609634,-276748.73761840817,39.48054651696775,1.0282736588304215
1798,-0.17280357172502767,-94738.10046875002,30.8382215062256,0.4291710730592538
1799,0.21407622571927762,116263.2237512207,10.579769003662118,-0.06815411671798181
1800,0.005532760472981058,4753.539013671878,31.39568002246093,0.010028530780240508
1801,-0.42381508674761104,-275749.01195068366,39.72543376257324,-0.5833703906405696
1802,0.08451373353515441,51860.506058349616,17.413621002441413,-0.4324638527283567
1803,-0.18945004391670167,-113079.07546997069,16.97380144824219,0.1385617673532353
1804,-0.6679185759805106,-534764.3055627441,54.59396310510254,-0.030236841251837884
1805,-0.3566790734840969,-245590.03970336914,41.908273971435555,0.291872092937607
1806,-0.016973020720307506,-8046.105294189458,18.414868984008788,-0.34298616379609814
1807,0.4158976623051467,166499.166751709,8.606208963623049,-0.09097382659084362
1808,0.5100970540273146,221337.52333984373,8.077671995849617,0.3688713545436617
1809,0.06321170768476321,34637.79805908202,15.743185510498039,-0.18201712406098616
1810,-0.3846207503687819,-277478.19013916014,44.56775793115234,-0.12144862710995895
1811,-0.15421192205493497,-112267.46583618163,32.02953122155762,-0.22586552782082048
1812,-0.04703325544308345,-25683.811929931617,17.029848795776374,0.03343229319073589
1813,-0.30563788549475845,-193497.19428955083,28.458151210815423,0.3147127311850568
1814,0.11200347365532845,79139.1050756836,16.454293958740227,0.4079463280634803
1815,-0.5789543149708473,-354579.55882202147,48.23081689916991,-0.1868533384297608
1816,-0.3054928113956981,-197750.40074707032,30.780359546142584,-0.17092692848432586
1817,-0.2402710904825347,-123802.09971069338,20.723581976684567,-0.1539635365284416
1818,0.06979837251443956,47932.85887695311,17.010434498046877,0.4892336465599529
1819,-0.16340571424120215,-111135.68900512696,27.27500243115234,-0.009867738190990268
1820,-0.6882340160374941,-286266.0930627441,32.3725643166504,0.142570143599942
1821,-0.3184033178526954,-191553.87938232423,23.98207342260742,0.19513948697702
1822,0.5380048451688343,294044.8699926758,12.063610008544941,0.2250638128177782
1823,-0.3921196395764289,-308135.9495898438,42.73835496313477,0.272805238525801
1824,-0.48739950299496704,-263571.1860864258,29.809938611084004,-0.139106467455541
1825,-0.4793843352537621,-308292.5981103516,36.236858774047846,-0.2971282869202496
1826,-0.16175418404182546,-84072.11063476563,25.142480038208003,0.19054838842955593
1827,-0.03105677482393728,-20373.85858276367,16.861873314697274,-0.19603999478876322
1828,-0.06621139168311388,-36870.098249511706,26.645954990234365,-0.05518383931019812
1829,-0.31316205546606235,-234808.86954956056,30.31235943273925,-0.31348201767083095
1830,-0.47109395854947417,-336465.7079785156,37.356023809326175,0.0874039769219662
1831,0.3191576133507261,121154.08516967771,11.104037997558597,-0.1413042369804505
1832,0.469322484335103,234480.17495971677,11.113324998779305,0.14555204520614648
1833,-0.12677160845346502,-82463.49964477538,17.473393974365237,-0.0943375155272716
1834,-0.0324986343737455,-15799.938728027351,10.976963359497068,-0.595239602884706
1835,-0.12827783328985629,-76609.18492553706,28.233116034179684,-0.06583931188908818
1836,0.35136468458673853,169275.4991479492,11.569496584472654,0.7716589483385562
1837,-0.43541461305543905,-262752.06952880864,33.35411295581055,-0.38905256067129057
1838,-0.43084634653730347,-254805.75012451172,32.19919802221679,0.15385413172397316
1839,-0.3713207132238149,-295992.2656213379,47.77571058618166,0.14987285778720663
1840,0.03417199691141732,18946.471335449223,13.371629494628914,-0.38843911024813566
1841,-0.29927282656318144,-164614.54992919922,28.253726515136705,0.005142036029742618
1842,-0.1409259733752746,-85009.45927124025,19.62769296105958,-0.12347397697189183
1843,-0.14424052501632656,-91243.84475830074,22.49086748901367,0.23468835247174463
1844,-0.3019301926162414,-146219.57477905275,27.20627099658203,-0.2808748145742317
1845,0.006696206323429956,4129.440152587878,22.33077351635742,0.11634549873195839
1846,0.1255070231801156,83051.03996704101,18.967393494628894,0.07659980187903169
1847,-0.3470521292232139,-285651.1305749512,41.8026274650879,-0.16402919694085544
1848,0.15913500322235158,121250.75388427736,29.069354173828128,-0.06767760629769907
1849,-0.42351916894485625,-272862.49355712894,37.45591714379881,-0.09550181563116025
1850,-0.24016282365434474,-169005.39527099606,29.267205969970693,-0.37752555643125524
1851,-0.2528062871375605,-119264.58502197263,22.896476488037116,-0.4365287041746336
1852,-0.7610125493029435,-563509.8953540039,63.32192553710938,0.0005508312673927499
1853,-0.6701740998619878,-521657.8299572754,57.19198947753905,0.051265095883277205
1854,-0.05807110303100405,-40535.87228271486,27.543376537719745,0.1502259616606271
1855,-0.0018777972909510855,-1124.5733715820243,16.576385008056647,0.5931473772217177
1856,-0.4114715121916092,-275784.3152490234,40.0017229979248,-0.19836822696436823
1857,0.02163144084074816,12128.350600585967,15.217038491943363,-0.31213547751549886
1858,0.0177642777273942,11182.221115722656,13.125347876220708,0.06251041345973388
1859,-0.21722905553197025,-130196.25983703611,26.164511017883314,-0.1333409916422413
1860,-0.16012943211407843,-112297.90390136717,27.656004923461914,-0.34334550086317506
1861,0.10683528552498876,54532.48568847657,20.96207343920899,-0.30494592870295606
1862,-0.15318408188630903,-105907.57501464842,24.287703510498044,0.3780191262971925
1863,-0.2245227826372007,-156509.14989990235,23.61168298339844,0.1554633883725556
1864,-0.1828696600374645,-98525.72999267578,29.08986746166992,-0.09995268432853743
1865,-0.23507118546846925,-142861.35942871092,27.449014978027353,0.021020444660060734
1866,-0.2011151961562932,-178746.7371972656,31.392929801025392,-0.1643332096195207
1867,0.2970190788607569,119253.89005004884,10.205844976196286,-0.07050046253038349
1868,-0.2254121134125123,-138460.43364685058,23.625735245605465,0.20489235925145116
1869,-0.41870950677968577,-330778.21011657716,53.469276980896,-0.015324694145444117
1870,0.09742762111684691,57618.52269836425,22.672138210327155,-0.057562945221125573
1871,-0.18114484165786668,-123443.92668823244,30.931493467529293,-0.2951691215807036
1872,-0.42519375931345005,-253701.180057373,34.186474475463875,-0.4760414869069576
1873,0.09834348214471593,63575.70967285155,15.856736471923814,-0.410144122841484
1874,-0.10891708404959073,-58344.75922607421,26.83324090991211,0.14111283848175457
1875,0.29562404092433214,206216.66931152344,12.508845020629861,0.44843525001706186
1876,-0.5391092093966112,-348139.7246447754,47.237353494262685,-0.3568136187029082
1877,-0.20435213097558896,-123007.18535766602,29.332182513427735,0.6963580469382137
1878,0.42553412758866904,247768.44349975587,20.309214997558588,0.10205499938233839
1879,-0.08059930824219425,-54642.723515014615,24.596179453063964,0.38204609920480415
1880,-0.5308332470785619,-291658.4052294922,39.15671496386719,0.3653370756456649
1881,0.07984289203692146,50496.524641113276,16.22799453442382,0.06443409474820568
1882,-0.37472555202384444,-211085.6952856445,36.41540548144531,0.34588639634990004
1883,-0.0024049311990041082,-1551.4210754394444,20.19754696508788,0.5518639781352866
1884,-0.07989194693736766,-63218.935369873056,21.16927701391601,0.10443327871366573
1885,-0.5950134041223484,-387759.21740478516,38.82963974414063,-0.03892093901676692
1886,-0.17633462924096743,-103172.86330078126,23.064488884033203,0.26375675063965237
1887,0.11158037262857655,62534.89051757812,13.20810245581055,-0.051598487381716296
1888,-0.46227135871204894,-314616.460423584,41.23549347338867,0.20930803014059726
1889,-0.2720473584124258,-178727.4655480957,28.838554003051765,0.3511970578504618
1890,-0.3036416813873838,-246892.56376708983,32.35055487109376,-0.017062584224886775
1891,-0.5050618561387975,-355609.95496459963,46.41403202062989,-0.23404057074529783
1892,-0.16439827127917675,-102291.0184912109,28.330109384643553,0.5212357533089225
1893,-0.008983846374849313,-5512.89871948242,20.36323098657227,0.12342714960299679
1894,-0.29141492916589334,-187786.97221191414,35.70269548901368,0.03057295326008967
1895,0.11461312514120961,57029.15321166988,29.026935155151367,-0.28732807398567956
1896,0.15864318728524374,68587.3250366211,13.828517476074223,0.2840814757098484
1897,-0.13630062894406977,-97058.0755419922,23.59756257336426,0.2084766577898263
1898,0.12113423673827158,66290.76488891599,14.509012977172853,-0.20384771332518162
1899,-0.5163552499423923,-427934.3735107422,51.9840085911865,0.2026673732925699
1900,0.08399173130838614,38770.96976684571,20.50093366845703,0.08540927814800706
1901,-0.3134528660001638,-184393.51761474606,21.81168275927735,-0.07789042424961481
1902,-0.2949207217664359,-209727.39913330076,34.49192645874024,0.146028055211476
1903,0.10820796820913053,53219.10199218748,10.378290977539075,-0.42164191467017936
1904,-0.44804827618048987,-266593.3966320801,37.4407290751953,-0.06260602926122011
1905,-0.3111703884021811,-207695.76529785153,37.98008748754882,-0.023434621115901853
1906,-0.7043742363752653,-473728.7445690918,64.52752591137693,-0.4596235861417373
1907,-0.5078155018424921,-374405.0962145996,48.8584595628662,-0.20924677873665806
1908,-0.16139795938443874,-84765.52773437506,27.97214798815916,0.2365514841563243
1909,0.1109133707729426,63100.00478027344,13.376467476562492,0.28116798525677655
1910,0.003583504137621878,1859.4649383545038,15.066419006286619,-0.5243707876628045
1911,-0.29842228052764047,-157416.920793457,20.404093071228033,-0.18920970266673975
1912,-0.6197903121070527,-506180.90925537114,52.24949291528318,-0.15806236818325875
1913,-0.04024272268450361,-17893.519565429684,19.043313501953126,-0.4232948551761839
1914,-0.3840308564284946,-299857.6300549316,37.39812001013182,0.3259420589549072
1915,-0.6406323287932689,-407201.3805541992,43.14335406079101,0.4297898498275921
1916,-0.4659279457064408,-334061.82491821283,44.77009904833984,-0.23875131897437188
1917,-0.174338643437647,-134728.86144287107,27.601672715454086,-0.03446434879390819
1918,-0.23893404417813857,-122896.7770501709,15.210660719665526,0.2844987385976271
1919,0.3645015867542522,212763.17094360353,12.72952198022462,0.23459884163525338
1920,-0.2581659609598376,-197872.35664794923,34.69243849902344,0.06203693203060238
1921,-0.0870665176124417,-57594.12189819334,22.511441516723647,-0.20900731378963136
1922,-0.004645746975115098,-3005.6188195801005,17.85041648364257,-0.06020716407218679
1923,0.5942825594233344,253909.6149243164,10.150011978027363,-0.4026993664492401
1924,-0.4921849975231368,-253235.02070800785,30.969711022338863,-0.2209227651300276
1925,0.2017034792459351,81588.01000732422,17.277783619873038,-0.060744426234893144
1926,-0.4440477440546226,-353206.16522583005,55.53410251037597,0.216928342621089
1927,-0.31861823743860784,-149121.6015045166,20.570965987609853,-0.19823073809741382
1928,-0.3095381226134746,-236474.31856323243,25.289241871337868,0.23051713869607265
1929,-0.1380128591857342,-69839.92889404298,22.698958646728528,-0.0757760064068197
1930,-0.18020154282998369,-109599.84433715818,25.61930995056152,0.15450127738501895
1931,-0.20122267472721897,-179502.4694274903,36.9512685209961,0.19278681314625026
1932,0.06717027963655986,35086.29468933104,16.080430479064944,0.3324587849183217
1933,0.5929312756975662,319101.0302331543,11.938926001708989,0.04733180225692023
1934,-0.03878944107540701,-15894.149955444336,11.599004980773922,0.3514186161785006
1935,0.3212780097113891,148906.2987512207,11.59835596826172,-0.08960072881857492
1936,-0.255751365153229,-164196.57009277344,26.90276506347655,-0.34198284473326995
1937,-0.041488199748655676,-26484.15550781248,26.191851508300783,-0.20122805844344058
1938,-0.08888148247621028,-76058.50035156248,34.627475905273435,-0.14278569053719795
1939,-0.7000094254584347,-449275.6142175293,52.26900941198731,-0.651611970623741
1940,-0.022142490720270844,-9569.225224609381,10.289700528808602,0.22871697632405197
1941,0.24840500659877865,139568.21057128906,12.53968348657227,0.16814346664298516
1942,0.05479110184427766,24736.45467285157,12.394718987792963,0.06943752177780983
1943,0.03960424503082993,20996.509338378943,14.472798509277334,-0.11333896621326793
1944,-0.5534465813623115,-431096.3934326172,46.015838477783184,-0.13480529925523194
1945,-0.15637588649241954,-121736.43357910158,24.651152971313486,0.4190335841730312
1946,0.4516035773452905,224234.06411621094,10.329480987792975,0.09771070295532872
1947,-0.021716244315662228,-11359.724150390597,15.314525016357425,-0.3720291448385554
1948,-0.5014070006444034,-291596.7043481445,34.95247450048828,0.07747623160982846
1949,-0.43401766405507336,-259781.30668823238,31.239181658813486,0.14148527318903859
1950,-0.5986445626561169,-438756.7506994629,47.41349660778807,-0.25436302182679543
1951,0.3616232823706109,195624.04460815428,10.661741983398446,0.006820772824882236
1952,-0.020263241081533052,-10875.365710449201,23.840926018798843,0.2989052731838652
1953,0.11066493394914925,48745.29546875,10.183887523437502,0.116914060198852
1954,-0.34772879743134727,-145174.81759765628,24.634817694335943,0.20736999966938685
1955,0.13325980815612498,91984.21379150395,18.997581486816415,0.2491348340978779
1956,-0.2176921536852648,-142920.6710949707,24.725881108520507,0.11135576031151029
1957,-0.12689176154913565,-61004.38502929686,20.157507619750966,0.09787312848420307
1958,-0.3229450970044367,-234800.70111816406,38.092948091064436,0.07710010474252871
1959,0.4183290230957162,222938.0608996582,11.74827094433594,-0.05560024085536966
1960,-0.37002894188520624,-275112.7604956055,43.541220031860334,-0.10395694428414871
1961,-0.5033974674499043,-205755.04545288085,27.379233542236324,-0.08130934108268452
1962,-0.040911381882849845,-23169.621176757835,19.073216972167963,0.09985435202388024
1963,0.18634305121762776,117243.22005493166,16.570857477050787,-0.12833333087035803
1964,0.08879755021061807,49153.11145385741,26.935581948974612,-0.19303379468539975
1965,-0.2970381107982556,-202082.3649316406,27.921701993041996,-0.437275981822586
1966,0.13848437761460616,55998.989769287116,12.444229479736334,-0.10371580767122679
1967,-0.009780345263757463,-6906.419926757837,26.492177956054686,0.377017938499065
1968,0.05995608340810817,39493.87143737794,18.72330705834961,-0.15906842201541124
1969,-0.4690155452221111,-298899.01537109376,37.90609502539062,0.24196014095818513
1970,0.1918699789024774,157418.91433959955,21.291730997558588,-0.13243355050680536
1971,-0.016932124704813457,-11761.019080810567,23.561255429931638,0.22540212404957455
1972,-0.20919844716509306,-140013.97480834962,27.635932429077137,0.1595349064185899
1973,-0.23484947360119837,-124407.43471557621,20.169018448852537,-0.18268029517219897
1974,-0.3737083137480632,-231246.0131793213,29.10920898571777,0.09230470186721715
1975,-0.28440793147845556,-197957.26138061518,35.85915662927244,-0.31816834713876607
1976,-0.16593670532558188,-120409.30495483398,26.004938500488283,-0.3204343010226127
1977,0.08030239522865101,37420.077777099614,17.129178724731446,0.2764053319062417
1978,0.0708424590554855,37867.57424438478,10.895470997070312,0.07020682180825576
1979,0.3684055703629294,220738.34673828125,14.526293990966819,-0.19019272002906865
1980,-0.43515854693648925,-309567.0193920898,42.61767291455078,0.10533445625765522
1981,-0.33584612338878744,-268932.429140625,41.186765452636735,0.28082918714889227
1982,-0.29546877604616734,-216933.5252441406,34.15307398681641,-0.16469828946374285
1983,0.04089963272009497,27081.17445800781,15.897228499633794,0.15942473296960014
1984,-0.24360917033491533,-163833.27945678713,32.92181991967773,0.49474829195729064
1985,0.6138114072066525,317218.6889831543,12.994170507568365,0.048548075062288115
1986,0.345837921366696,151791.36494018557,6.380759001708985,-0.2556436140723529
1987,-0.40973645624182564,-271994.32532592776,34.427375050170895,0.11010272898987249
1988,-0.21187264110803894,-153605.00553466793,33.38187372283936,-0.3334857785419118
1989,-0.30979984629582186,-183733.71941284178,25.241402940795897,-0.0007682974956559032
1990,0.11249910265207741,66933.56283325196,18.522252441528323,0.21506711513459054
1991,-0.4289254266566702,-281886.26023071294,39.87664952502442,-0.4043929896414784
1992,-0.24692887220969012,-150082.4768035888,34.84083666436767,0.1224265720008746
1993,-0.14476096397639335,-82301.41506042486,17.05599649291992,-0.2679777579717982
1994,-0.5323380897854296,-314910.5670324707,34.284132203002926,0.05570148741262387
1995,0.23721016439748954,97348.20496765137,14.35457352978515,-0.3380344711174299
1996,-0.47617198931437094,-320647.3939794922,32.06473939794922,-0.3200068144881025
1997,0.36421074455937025,152737.05005615234,6.790880648559565,-0.39033807877908283
1998,0.016425282661838327,11389.496962890596,20.503679699829107,-0.011442148117817677
1999,-0.20339263626566798,-170626.97784179688,27.567453489746097,0.16353330336478553
2000,-0.3966504624327738,-241870.60459472655,31.615623932006837,-0.22028208722692477
2001,0.018509998242443246,11329.976865234377,22.866358978759767,-0.012274226710697944
2002,0.006389138806642573,3945.6231445312587,22.504625659545894,-0.04637286452548751
2003,-0.2786715128434502,-223101.27461914066,29.77157944653321,-0.13802236508521656
2004,-0.030105164625454105,-17299.159069824225,17.56962295324706,0.026137781397260616
2005,-0.25297181093196985,-167827.8628820801,24.208189789672847,-0.1204878301425048
2006,-0.23306264727952805,-103057.47398803712,20.911314903198242,-0.27573035340139534
2007,-0.6576399993654671,-379483.23240234377,50.822207482421874,-0.14725460074408933
2008,0.0005331897674803097,389.4322082519502,21.14841104638672,-0.2595169110486357
2009,-0.33416644927611017,-253420.68192749025,32.52861621472169,-0.22569357674787288
2010,0.09235287470142158,54624.68759033202,20.172913998779283,-0.17350041366103083
2011,-0.5892756708832153,-390426.9096752929,48.58408294897459,-0.3167662818788721
2012,0.47092926396758106,200406.54435546877,11.273830995239248,-0.057195034347875984
2013,-0.2939011898146811,-174334.29344970704,36.71914339453125,-0.2744878317484319
2014,0.12386237569176128,73688.76956054689,19.87326299658202,0.32480236899438625
2015,-0.18689319647222472,-140989.2996984863,23.89313549365235,0.02373198261369569
2016,-0.3043110843641403,-221079.4255871582,28.5116420838623,0.019153199893624812
2017,-0.08676646850255454,-55251.612482910146,26.84751396435548,0.42217795099086547
2018,-0.050417342006159035,-28233.739348144547,20.052731993652344,0.06224789623334077
2019,-0.11187532610234828,-79768.12612426758,25.00627356384278,-0.27677253646800387
2020,-0.2259690202361301,-146727.8748181152,29.500619936889645,-0.16774756544283986
2021,-0.11069455090280034,-63609.605269775384,20.56619193957519,-0.1571082252178093
2022,-0.001140891904157761,-525.6116564941331,15.381979449340818,-0.12291197140927355
2023,0.07369075111513938,43337.262114257785,18.15957179040527,0.15732945744524518
2024,-0.29688575327255295,-227961.8402783203,29.929737567749026,0.4046542885561361
2025,-0.6890282399008101,-351433.69504394534,44.45089952856443,-0.1707466061287202
2026,-0.4844543475394513,-261212.2960064697,29.665942575073228,0.4343343410707643
2027,-0.2569828859231928,-169643.52556762696,37.91247652429199,-0.05597554530407518
2028,-0.13916952711263947,-88382.71781372072,27.681377022216797,0.052138305458164634
2029,0.06406830439290388,52119.07537963865,18.44029346704101,0.010843372227620938
2030,0.05785009669944384,38767.24199340819,19.40485648852538,-0.3412891160866674
2031,-0.3848263202687158,-177961.44462158202,21.348718013671867,-0.3885370567203494
2032,-0.04920218379409605,-19616.599774169932,9.291404451416014,0.0831340786393294
2033,0.024757536111525955,14710.890874633784,28.855179477539057,0.3488638537446431
2034,0.5507414127276007,333240.92575561523,12.367610464355467,0.2566524257274642
2035,-0.14386346825653182,-103531.35968627932,25.945083982666024,0.3057561252223059
2036,-0.3229792563808295,-222363.54335266113,37.37564282733154,0.2426711181045451
2037,-0.06532760924438263,-40601.21968994141,20.527498550292968,-0.34851680228675486
2038,-0.30289083615418605,-188672.7379675293,35.639504500122065,0.4426252198677285
2039,0.14685810724993859,106265.77297851563,19.302357145874016,-0.2752599884459096
2040,-0.39084193579760323,-298812.2190997315,36.36225041467284,-0.18621234809569437
2041,0.07311895034344139,43843.789323120116,18.62830498144531,-0.02459422527909709
2042,-0.2461925757710232,-216270.77950927734,27.24845546020508,0.30443601897096784
2043,-0.30618927786591355,-205465.3851965332,23.7781764711914,0.06109643918510343
2044,0.07771655530940268,46535.09661743161,16.29350700476075,-0.31663374979503295
2045,0.05782790829240627,36894.10572509768,15.011966438110358,-0.3707144210966576
2046,-0.3494980368648829,-226188.03950439452,35.1463209494629,0.07858002189344951
2047,-0.3180890792299702,-239250.49718688964,37.71296297741698,-0.09839778422591301
2048,-0.5212999961866857,-394810.432890625,45.80529724804687,-0.1712113689344483
2049,-0.5881593751310321,-485192.91526245116,50.66021951525879,-0.25474233839723537
2050,-0.4574894519115582,-235674.71946899415,34.25160744714355,0.3185063463439663
2051,0.40856193991729123,199056.12329833984,14.543180025146482,-0.11277291513516009
2052,-0.28735203902960865,-194725.96756408692,37.58428394506837,0.03823819323579209
2053,-0.15217254639344244,-95427.5994555664,14.564001449951169,-0.18525973286287775
2054,-0.2186067264637939,-128320.44201538083,27.862884355834954,-0.1498682880947717
2055,-0.33047506658017123,-146077.05126220704,24.888900985229494,0.2655265661256324
2056,-0.490913117210736,-424079.88671752927,53.01246417541504,-0.0653249270070461
2057,-0.4999744744590545,-321889.65301513666,37.80035877661134,-0.17807885087145495
2058,-0.28553598778287653,-197711.3091564941,28.1616679127197,-0.15417899953070383
2059,-0.3820847472468758,-296602.99020996096,32.40404000073243,-0.27932477685126045
2060,0.16293063869681776,99424.0864141846,24.800074987670897,0.34972755647291764
2061,0.0013144431900706623,652.5300561523218,11.735280961669911,-0.0643860758498185
2062,0.1524398814964205,66692.5325866699,10.334642074707034,-0.31719694538956383
2063,-0.35587415887032514,-228040.6248425293,39.44126401171875,0.29765966310671516
2064,-0.39720027357951904,-264854.40997436526,38.77119651208496,-0.19011646373922558
2065,0.30548211533880676,139652.86669738768,11.300186024169914,-0.331950938733147
2066,-0.6367195271739531,-484135.26011718746,55.131386000732405,0.14172201424299496
2067,-0.22094099233169306,-120630.03030700688,32.71464249182128,-0.06366588555583773
2068,0.3261762438742168,151738.47934448242,9.951812985351566,-0.3999347076919264
2069,-0.11506070216119815,-85013.1297644043,18.97631299902344,-0.38182416880275044
2070,-0.3108096951173418,-148437.41923339842,24.586893941406256,-0.34228257140779494
2071,-0.40311246414899876,-340396.02503295895,43.5314780135498,-0.4838456413737797
2072,-0.29812652067879736,-180484.84016845704,26.57932601391601,0.04735291758816404
2073,-0.1301449814686934,-81854.77247558595,35.142645014770515,-0.607147219299894
2074,-0.3589303225880062,-213675.31174987793,27.520543142578124,-0.13366229451496733
2075,-0.16327285815930428,-91790.7646496582,26.779485364868165,1.0306545382068952
2076,0.5161806505778174,178353.930032959,5.449062939453125,-0.1060966437974405
2077,0.08532636891552729,60349.21304809567,18.493660006591806,0.17494700768243074
2078,-0.002552069264438645,-1234.8817919921785,18.827532959106435,-0.02642109100752426
2079,-0.4562547359658797,-201616.32620727542,21.8305996763916,0.45112153974321617
2080,-0.09852733454997405,-54767.34502868654,21.683314527587882,0.4023239476055441
2081,-0.19153867263217042,-125555.13946044917,25.42559343066405,-0.14163939499083655
2082,-0.7010287145505509,-445260.8650415039,48.433918633911134,-0.11808481206219498
2083,-0.2956397738617535,-227712.72549438477,35.2967535616455,-0.1528580399757457
2084,0.06021785838097578,32466.94587768556,20.16267789916992,-0.09732846896535603
2085,-0.41326414442291626,-199360.86501342774,24.074825488403324,0.128816149098862
2086,-0.1503594980938786,-120766.39629882811,28.985655649169907,-0.3980270777952267
2087,-0.27420017005842473,-197226.68487609865,34.07416545007324,0.3902878035580236
2088,-0.5297023290249951,-397939.55974975583,40.966299977905265,0.3165235229540868
2089,-0.24992415166444218,-143240.5142248535,21.516953474975587,-0.23123883644283683
2090,-0.1604099019804002,-116456.25825561525,32.4545678314209,-0.06639771037790128
2091,-0.12435564277875556,-58603.639012451145,14.902764349731443,-0.2620386553831795
2092,-0.5464244845581413,-280320.57627807616,33.95744612854003,-0.08459631525702992
2093,-0.48131142949230765,-324050.5294555664,42.86237691406249,0.24728716603245676
2094,0.08144458950262827,61814.71062622068,30.841784480957035,0.4669781607649418
2095,0.2531736263012212,141514.13804077148,23.509113213378914,-0.09042535047597136
2096,0.21555804282860505,120745.12363037108,19.081105607421872,-0.06869142207508266
2097,0.009305732638914712,6146.079617919946,22.46881699047851,-0.31587296033958107
2098,0.09240532574704928,62268.617578124984,14.091416966308607,0.3427414499048762
2099,0.007563092910572025,3821.3145812988405,12.79999355603027,-0.16368242836991026
2100,-0.3358035810947758,-273468.17536987306,36.366671573852514,0.1372443627987939
2101,-0.33301714918990083,-226386.11061401374,35.519250572021484,-0.08925494873694807
2102,-0.23521935996553484,-160017.2070751953,21.87401800537108,-0.23809039469508245
2103,0.0062246012193879485,3147.628574218732,15.684817965820317,0.6115391982757681
2104,-0.6136494385574989,-432886.4488293457,53.075205959106455,0.06067891914773547
2105,-0.1796214525061288,-130998.18424072262,22.889835475585922,-0.26125790452170694
2106,-0.09424228853556099,-65264.68470825194,22.988861493164055,-0.19620347443478794
2107,-0.20412672333426093,-121817.25482910153,24.998387501220694,0.07220603772439667
2108,-0.33298049660852086,-257230.2341210938,46.43287347875977,0.016151393630182573
2109,-0.44445053053004785,-325101.2279309082,55.389019793334946,0.2226952177344437
2110,-0.26894039035329004,-178509.74580932618,30.570043522949213,-0.14138483657906728
2111,-0.6306748246995882,-516306.5641931152,67.886734928833,0.41580707783087867
2112,0.05226301402023283,29850.76973632814,19.308566976196296,0.05536074342096323
2113,-0.1355747321268877,-92152.73434570312,21.384066893310543,-0.4791018146845516
2114,0.03047140634839307,20389.960404663114,13.817970948242186,0.28688877660726614
2115,-0.02568658061411418,-12795.870904541021,17.02718193273926,0.50191146734803
2116,-0.49639536108927296,-348564.70976928715,45.1741874918213,-0.2934319860764267
2117,-0.15564659539130063,-108009.63801391597,21.7102591381836,-0.1379116406330157
2118,-0.47947543614754545,-331015.9577062989,36.77728972106932,0.539520119194913
2119,-0.11007628280835298,-50524.46736450196,17.662351014648436,-0.23371790435448667
2120,-0.24984170967458025,-168786.87140136719,27.828325005859366,0.09049980070840218
2121,-0.2834950538163116,-178787.93288574216,31.559345961425777,0.12827669296891256
2122,-0.4061859257648571,-220874.87318359374,26.992048027832038,0.08670305227729563
2123,-0.3914680566064683,-221157.2973474121,29.831967737182623,-0.23091599786743058
2124,0.2584386343190146,130173.05880004882,16.669156979003898,-0.12395007813875387
2125,0.14522201168025564,69732.92485473631,10.600243480102543,0.7767311784892108
2126,-0.1832007997409728,-116845.73173706056,33.76486645617676,-0.1956036458185767
2127,0.043107440411345545,27039.88935546873,24.394766018310552,0.3563622635743106
2128,-0.11854045019485648,-67568.17985961915,18.793532459350594,-0.29900111653128414
2129,-0.3371028327354688,-226829.02475830077,36.412878472534175,-0.5734859137869361
2130,-0.48665938843825907,-318520.39532104495,34.20635353356933,-0.24260650419322136
2131,-0.1589572632831301,-94741.10889160156,18.48110896508788,-0.23920019303452209
2132,-0.173529332836641,-100833.70001464844,21.615822994018554,-0.04212639588221458
2133,-0.48877538967433803,-342502.69525146484,36.48787552880859,-0.06283904967401997
2134,0.012178387860975725,8465.19183105469,22.38228523413085,-0.23192348396573095
2135,-0.26663516604238147,-176088.4121801758,32.78437842321777,-0.1612597536203757
2136,-0.3886577489598323,-344059.90321411134,55.16028980041505,0.21606950354746496
2137,-0.18528094755958835,-98708.40007812502,23.802072507202134,-0.33122698207399887
2138,-0.1501568562220916,-65519.34974365236,21.252878495117184,-0.38715223684223155
2139,-0.5817576624093458,-326116.2122009277,37.37745221838377,-0.20268651526397416
2140,0.10181970792209087,50872.905783691414,13.561626443969727,0.07285546050129157
2141,-0.1621519461574503,-107739.64187377927,31.572760986816405,0.6308009490319125
2142,0.4215061433049086,258728.92794189454,12.621939204833982,-0.2923839675559816
2143,0.07399709814250181,53603.59512573237,19.235373967773434,-0.07291000894271903
2144,-0.75741763250413,-569847.8829309081,66.62727527111812,0.44154279785097494
2145,-0.48203444136235823,-286460.7205792236,37.40262149273681,0.12775114606920976
2146,-0.203567823941557,-147961.74962890625,25.036870931640614,0.03187178334460665
2147,-0.3455831867038366,-287828.340357666,37.97568002624511,-0.2218499754584365
2148,0.47274464815905226,239733.9806799316,13.558804962524409,0.004821487185510726
2149,-0.08010421074122784,-42391.69000854493,18.39360200671387,-0.49019089986616754
2150,0.22098047918954186,133522.50218261714,20.579211501953125,-0.4369844321939123
2151,-0.194213493081503,-139077.75021545409,34.24137178668214,0.10312573322763331
2152,0.19672351468266427,130919.92842834475,12.744300005615235,0.03590419153475043
2153,0.33429984060451096,231743.32020263674,13.055814464599615,-0.0019916396701228764
2154,-0.28543008498941874,-176216.08442749028,20.41865494482422,0.3160347032481315
2155,0.16699950632568453,88542.90988647462,15.701770973876958,-0.02585142649041215
2156,-0.27759911129329745,-235129.696048584,33.98412304040528,0.544096320547328
2157,-0.3277997047778819,-225912.51006591797,22.634276471191413,-0.21800357992405084
2158,0.02501668083644627,15755.140552978533,14.811928998779294,0.28217677457679413
2159,-0.6023920295342907,-365113.6202661133,49.592459963012686,0.08513169482031893
2160,-0.11268236711443158,-95530.50572143562,41.30134203833008,0.11275327671821174
2161,-0.22592621344447877,-165381.5841821289,20.849117942871086,-0.3619030696012623
2162,-0.1616211643213203,-100969.68354980467,26.525306994995102,-0.20191744849389864
2163,-0.012244735850725578,-8075.910291748034,24.610055491088858,-0.36363325014652353
2164,-0.14557561183054776,-86077.31011840819,29.656920508422868,-0.126908374687047
2165,-0.44589146983261296,-272050.5176354981,40.77104093286133,0.22183746117600864
2166,-0.11270251973690525,-55257.38643310548,16.104528630859384,0.046876376445805626
2167,-0.35921068291010927,-225624.25454772948,34.047935520629885,0.10042277566492328
2168,-0.5757148149963525,-269028.259251709,31.097250484741213,-0.02931217783723095
2169,-0.3800019831849026,-224569.0142114258,23.95392045336914,0.45783267175952985
2170,-0.33445575946461986,-220436.48540710448,28.583770483215336,0.03298226092357141
2171,0.24021155966260502,91811.52839355469,8.67795147973633,-0.27663783393229285
2172,-0.25628777226481153,-148101.25703369142,32.291149237060544,0.21950575114587043
2173,0.1893753810592301,80748.50891845702,13.783037967895506,0.091004231604264
2174,-0.4154177827851395,-290489.73521728517,44.24287347875978,0.017116188703329396
2175,-0.37364772400639445,-272172.7840277099,39.30256340863036,0.19281409192831378
2176,-0.326308257234714,-210719.56992431643,39.18922743115233,0.3670435970796044
2177,-0.03944162971278296,-25871.908485107444,33.61234498278808,-0.28938913399315763
2178,0.052298244300818676,24590.469323730504,17.650578977539062,-0.02896136072302619
2179,-0.2318869163046251,-212144.2747241211,29.489370470947275,0.09504970051336831
2180,0.047843774141585915,30009.529101562526,19.474150971923827,0.15040991561536568
2181,-0.14055322958089522,-56402.56486328124,20.375044984130863,-0.4086925340858301
2182,-0.009040749859635858,-6102.523087158215,14.350519001953119,0.3599423725700781
2183,-0.05931932858088058,-35822.86075744628,14.32713295666503,-0.3367827612107575
2184,0.17971531780256714,95160.22007202149,12.247037471923825,0.8227014151953858
2185,-0.09236171558243368,-50277.43220947266,17.44561199523925,-0.1411798909559421
2186,-0.5098714146523543,-404946.8998828125,46.226652976562505,-0.05403002397748581
2187,-0.13735706146690074,-99537.41437438963,20.111196473876934,0.11698776923283358
2188,-0.13585077325992656,-90406.61968505864,23.51129098046875,0.10461157952645107
2189,-0.26475345246126664,-163811.4823748779,30.396531961975093,0.04084014657789295
2190,-0.25531968042396785,-163500.85938476562,24.592250461181635,0.37570022473991194
2191,-0.03162863050036415,-22967.526591796894,49.164409005615234,-0.3932682232177627
2192,-0.11275248827330824,-80779.09190917967,26.76993717431643,0.11162792027784431
2193,0.02807060865811457,16034.607753295888,10.204372484680183,0.07683264306480574
2194,-0.26002758733388787,-121794.77375976561,26.301454404052745,0.7808608360788124
2195,-0.1970368313549768,-122593.15574218752,17.952908511474615,-0.025639356554588082
2196,0.3095013157245674,199564.92052001957,14.006188001708967,-0.17761732375895362
2197,-0.5341362285113196,-315566.67570251465,35.682034060485826,0.29013562463466924
2198,0.0019899497929686313,1301.2691564941342,29.657427009399424,0.2608106469511965
2199,0.27911099422402263,173147.51959228519,13.917544511474611,0.11983943321044657
2200,-0.38768493441329777,-326911.9248852539,45.88207899365234,0.4663732478005576
2201,-0.042538261199302554,-13472.926928100569,13.360441491821293,-0.09362946926360585
2202,-0.1871276646513043,-94370.54490112307,20.205003508544923,0.1773149063535988
2203,-0.13367875023386475,-72031.52903442385,14.951893488647453,0.054312870969045454
2204,-0.7097028186525258,-635814.8720263672,68.24086671118165,-0.20352633095024897
2205,-0.159085834546791,-108128.36745361326,34.46241449438477,-0.014691170306608214
2206,-0.14793304320541614,-123472.83993408203,30.542694964111337,-0.25181393837060145
2207,-0.1554089689931927,-84755.57967041018,16.710934970458993,0.29945141515451307
2208,-0.040141030816855605,-20112.41946228026,13.883553445983877,-0.4951068054080707
2209,-0.18190263975860813,-104416.93219726562,20.17598204785157,-0.03684005792216009
2210,-0.11192913464127406,-70009.6624987793,18.407542995605468,-0.031701737891512836
2211,-0.45418563051912875,-320137.09614379884,37.35310201257323,-0.15474917905065827
2212,-0.16507779366298223,-97626.92502563476,21.590647029907235,-0.07285202585988339
2213,-0.07731709152795811,-43398.53424438475,15.364960477539057,-0.19507343619921502
2214,0.022293795621990166,10457.44625244139,14.920075393798832,-0.13929881184990905
2215,-0.6013463012649211,-299554.534831543,37.4237454309082,-0.34926378586715484
2216,-0.15904403761005995,-111947.78424316407,25.122326580200184,-0.030013895432221393
2217,0.03161444798127197,18473.250002441404,27.461887490966802,-0.09847710839238029
2218,-0.2799832199536093,-179453.9068841553,26.297718637878415,-0.3581850406365101
2219,0.10661638767192554,73902.90763427736,27.376283442871085,-0.16766985855362196
2220,0.02454983496453457,12337.956896972653,15.36895898693849,-0.3884786162970438
2221,-0.1589727131184118,-88037.60409423824,24.952957972656257,-0.3157729071525248
2222,-0.4032858186255149,-305159.18504882813,34.01578650854492,0.2766722970159532
2223,-0.5636957344807623,-369227.52856933593,44.8437523354492,0.48844521073104985
2224,-0.4842148625712003,-359410.330112915,40.20297096343994,-0.22427809900937126
2225,-0.40976424747234436,-233192.56440734857,23.319256440734865,-0.03152558878440442
2226,-0.23230177056766413,-129124.29481933592,20.548153510498047,0.4314299923116812
2227,-0.21980939242967676,-173543.85532836913,31.79465099731446,-0.2694406112638568
2228,0.10216434095705088,49287.55831054687,19.68592355126953,0.1835692757480529
2229,-0.14835266274892192,-102094.0476879883,22.751131767578144,-0.043027375300769555
2230,-0.5906090339039373,-315311.43599731446,36.38333856384277,0.2519767160429246
2231,-0.3877954092401595,-306462.92501586914,42.02045301550291,-0.297291625878225
2232,-0.03841016894270956,-17927.417271728526,11.335879003417968,0.20326112378013975
2233,-0.040064394965422016,-22973.258005371084,20.192013993896474,-0.4081339066546497
2234,0.39407774244539284,196497.05488098145,9.05545406103516,0.3289633250687876
2235,-0.09907430039979624,-58362.164957275396,28.10619849902344,-0.27792045018607064
2236,0.10749491414399949,45021.129793701155,10.425787990234372,-0.4678007298098935
2237,0.24032563255474929,113278.76050109862,7.828883004882805,0.26951774951840657
2238,0.2789111548350344,155661.75013916017,13.591228485229495,-0.5482590412770274
2239,-0.0794569432641865,-46000.0451452637,20.22524998156739,-0.5382294146022868
2240,-0.36746733474625565,-182437.76504394534,22.027589685668936,-0.10161571020403129
2241,0.2437516361440874,160274.34963134766,16.167227974365233,-0.49567955193488683
2242,-0.22972127607208453,-117033.99093505857,22.54740708032227,-0.2217008341845323
2243,0.17530921779426545,93132.187835083,12.311045977478031,0.4963649309822356
2244,-0.39692559899293084,-277614.905814209,40.74167284338376,-0.02816888559661991
2245,0.019030070938223093,10302.182764282217,22.52637557812501,0.03080444293473615
2246,-0.04093596730461671,-20953.655103759767,17.58392702148438,-0.2282040374481842
2247,-0.22403593451177364,-150094.9788562012,34.648524439086906,-0.17660530724588772
2248,-0.26692284612055966,-143028.38545410158,20.23852348168945,-0.062438780085303236
2249,-0.7110094505351624,-447882.76105590817,49.39845749877929,-0.33949518700820824
2250,-0.15949826331836764,-97810.9850378418,24.421476534790035,0.2814901670434757
2251,0.12686005101199788,76434.50903320311,18.683706996582018,-0.2040963606841769
2252,-0.2331846541806084,-154861.46744873043,28.162148434936512,0.33132193964946927
2253,-0.08799977795020773,-48585.550134277335,23.929530515625004,-0.08672743981638335
2254,0.03312939359821031,18291.832113037097,10.64873597265624,0.03907465656946818
2255,-0.14334398688675434,-83770.13953124998,24.693878937988288,0.08664920750016632
2256,-0.37848899462771524,-245289.46869873046,32.65797662670897,-0.05518941855114041
2257,-0.38890777653798064,-248403.3404663086,43.173062528564444,-0.0727848718378799
2258,-0.3032344592500773,-211125.87482910155,31.844001974609377,-0.091899881447522
2259,0.11620843890815274,72319.57077026364,12.036047989013685,0.08873080726286361
2260,-0.5533610922769195,-358521.3616064453,43.75230543579103,-0.5039085377379844
2261,-0.14974773239528863,-89573.31505981449,22.922807472412114,0.5318917185717835
2262,-0.1598654959122738,-107298.82984313963,20.754195007202146,0.0051861812922366505
2263,-0.16253229865139826,-97752.09829589844,21.923985955810537,0.03861669282271547
2264,0.13057439804652668,77703.30001220704,13.891986987792967,-0.05742491681618485
2265,-0.33018399983163854,-203253.35757202146,34.176296759887705,0.1693836538080515
2266,0.24162590085929805,112811.92755981446,10.282569465820306,-0.39188761049557036
2267,-0.3358517538222542,-201644.98335083007,28.857473524169926,-0.04675829775240498
2268,-0.20691703596742927,-111045.65439331054,20.575143483032228,0.11753265085731818
2269,-0.4237823622970488,-250456.5450305176,29.086119492065414,0.5733925541170252
2270,-0.30507435016033446,-214610.77008544924,39.64984747802735,-0.15026790444360102
2271,-0.24068045632968824,-155359.66123962405,30.29054544836426,0.21496919359225286
2272,0.025605516812318867,14912.329916992181,18.721841055664072,-0.014211475247218521
2273,-0.19704720140754753,-137303.61133666988,28.975800633911135,-0.028470425606898896
2274,-0.5082088957269482,-368265.624151001,39.327744426818846,-0.23032763657736882
2275,-0.23692994456937674,-141559.11220092772,27.79722802465821,0.23693817846618434
2276,-0.11976992196041579,-79465.40526184083,17.08956405664062,0.42839914171959304
2277,-0.006066064666047988,-3901.1205151366994,19.076393796875003,0.09108060396942064
2278,-0.18560603029212006,-116621.32560058593,29.198902511962878,-0.1719283351467724
2279,0.14572671910961274,75998.57409301758,16.37624958679199,-0.3980204873020709
2280,-0.4950892746734802,-287773.68673950195,38.149973424438485,-0.003970494814766337
2281,-0.1311482464005906,-82885.69015136716,28.864929233520503,-0.7006107681436873
2282,-0.1484526326880135,-79246.11009155275,22.106410953613278,-0.2151415148305684
2283,-0.0723054385041748,-45645.315603027346,23.908172005737306,0.062368894683240916
2284,0.08155884546374187,39424.418184204085,17.166619156005865,-0.28295595582980904
2285,-0.6480082783877164,-440104.2497338867,45.70975399169921,0.5582137501084015
2286,0.08261018575163195,38829.69041381834,14.070784438354487,-0.1952200372404482
2287,-0.2611860201971808,-167451.9221862793,29.907719729614257,-0.19781880149754122
2288,-0.06438315829303026,-42530.15492431643,15.981199974609387,0.35947498598895883
2289,0.19713004013142732,105316.25566284178,9.66447199389648,0.4787844784854625
2290,-0.19452519852124867,-115036.08695068362,24.052497172241203,0.027398217780913888
2291,0.09028915735146868,47014.30725341798,16.03203944238281,0.0361018074980916
2292,-0.4546434259371666,-328802.0665411377,41.38410249267578,-0.2928497841683862
2293,-0.1823708001724243,-158636.84666381835,26.50074269116211,0.10293827118167605
2294,-0.1440634828658775,-71858.08713623049,17.086086435058597,-0.2283565799753446
2295,-0.3658804181977396,-220440.15003173827,40.13342497338867,0.12420633065100393
2296,-0.423008035403916,-314375.4214379883,41.03452748254395,-0.17082854374317066
2297,-0.08599842844559144,-37390.43477783205,16.96162649853516,0.27273086811444014
2298,-0.20771830165268257,-92110.67245971682,15.942597197143545,-0.19861412592358663
2299,0.029186300331723227,19055.23452148435,23.7260311739502,0.054757226019619
2300,-0.15652300924060483,-95386.27553222649,26.545110942749016,0.4583833510918564
2301,-0.29681454784762185,-215313.3651586914,34.69261995214843,0.04225391005398757
2302,-0.21939549332171665,-142412.54891113282,21.49043990722656,-0.03429736139983308
2303,-0.35801557208406676,-224401.3670068359,32.452987192138686,-0.15352314040427747
2304,-0.24392341063744516,-169803.54952880857,24.665354875488287,0.16144741282048738
2305,-0.30695685132943773,-179275.16853393556,24.668170875366208,0.30242821889501825
2306,-0.1810117342211949,-107949.26154785158,30.339383501953133,0.10811912588629527
2307,0.09531785461646294,64932.50577880863,19.4048564885254,0.25163330520434635
2308,0.030342900464265136,19275.09555419926,23.25676092224121,0.32274760754562404
2309,-0.07892577123703794,-51174.21835937502,34.92011647583008,-0.050176716367124265
2310,-0.29209566586130553,-265914.51991394046,39.079932890319824,0.3424316116205456
2311,0.051838089272663646,32291.159624023443,12.8556785192871,0.1278734683064359
2312,0.48196764070967457,266788.90393798833,10.284010989013662,0.1361276646372132
2313,0.15295479714275093,99209.07059570312,17.425320904418953,-0.10270403611462797
2314,-0.3073582093586551,-207568.1978369141,26.442833501342776,0.44226464478606653
2315,0.07827448586652844,46713.624815673844,18.16010453051757,0.18084570946072331
2316,0.14378921087406668,56937.74341857909,10.99030064276124,-0.17532504539480706
2317,-0.011430383269821414,-6545.47328613279,17.417418294311524,-0.03498760582505795
2318,-0.24805443025924587,-92160.9195452881,17.66963992681885,-0.03420104794159115
2319,-0.1268931075661107,-84312.33806518556,18.584351522583002,0.12777655312952296
2320,-0.3036119702484103,-168408.96315429686,17.778283311279292,0.042149401413064
2321,0.23375506071894267,138251.12008483885,17.083725955261244,-0.2942593987142333
2322,0.054761777598859175,35902.50484741212,18.764846486938477,-0.3874152004395852
2323,-0.04136316330761154,-21227.35884643554,14.671670921630856,0.42795354480094033
2324,-0.18717439792597612,-118162.00964111328,22.553901506591796,0.1312860338747194
2325,-0.023828799726003057,-17164.093845214815,21.050460499267558,-0.12338015118904304
2326,-0.009243950218760892,-5363.3063391112955,27.00824703417969,0.003377360615259922
2327,-0.23009723903400728,-176070.24104125975,31.64570978222657,-0.09064765027307352
2328,-0.30083326657205306,-169635.95715087888,33.742201032958995,-0.5888558057265937
2329,-0.23325095124465003,-163670.1917553711,40.672306554077146,-0.014495212258189482
2330,-0.0431295660486237,-27920.37026000973,19.19863750415038,0.17060063359936364
2331,-0.22658531271620402,-160634.57496215822,31.043498007446296,0.3747796208957891
2332,-0.280863634574701,-217854.68935424808,42.100342462036124,0.36635729506999365
2333,-0.3641956742292442,-252918.75921875,27.928443953369154,-0.3687470339928401
2334,-0.42411436436398137,-299090.38470458984,36.40395699890136,0.3514125154140282
2335,0.2776856879934818,153953.5254675293,12.40031300854492,-0.1820281063387733
2336,-0.057158042573682934,-26821.86609497069,14.16268963549804,-0.13454355633672938
2337,0.22099514344600343,129372.67208496094,13.288619987792963,-0.20849526120514272
2338,-0.10847262881319149,-87228.8249230957,21.78154999682617,0.8030730521872282
2339,-0.6186455128870567,-478725.36524841306,66.56378652691649,0.40724577946412377
2340,-0.30945823108494,-152203.33975524904,21.36263914910889,0.2455913110702507
2341,0.42366968370368974,263413.3724731445,14.34216269274901,-0.21976108632838473
2342,-0.571893551518047,-486430.54469360353,60.27818797277832,0.0661547263455369
2343,-0.3176645038898985,-211287.36981689453,24.95220204370117,0.056773631486280784
2344,0.04744270531823757,27017.716162109384,21.504672527465818,0.14636860394650997
2345,-0.3492965990284457,-221196.11818359373,31.098023244628912,0.523055950378035
2346,-0.4079546912440323,-313237.154967041,50.50491249682617,0.127298550239926
2347,0.32875249972925286,161693.67379150388,11.895965015869145,-0.1652885733355993
2348,-0.12399665639740817,-105563.85668090824,27.5866345484619,0.6057078358338348
2349,-0.39231698554889133,-222896.37486206053,28.775252001464846,0.13718853578668908
2350,-0.4534689665023211,-329659.20153808594,39.7629224649658,-0.266770744593206
2351,-0.2896911191285339,-170511.52452819824,30.7643174802246,0.622225361931762
2352,0.11942176313667296,66811.60536621096,16.42642397924806,0.3738398417631558
2353,-0.27819633715432707,-199729.22471069335,21.094050009765628,-0.04403958440305089
2354,-0.2551157895426879,-171817.64571289057,31.599963976318367,0.19326915307993978
2355,0.30540695742427426,212375.4100683594,15.963642487060547,0.2648326438548848
2356,0.015000297810841319,9611.090253906259,17.41785746691894,0.4293232559498881
2357,-0.5156787767429161,-294047.5470239258,30.21169618701171,0.2928930451568366
2358,0.09981289590518576,56946.04915649415,15.507597461669928,0.07735373567164629
2359,-0.040673840392250415,-21444.949715576207,16.97806097338867,0.04917380431673788
2360,0.21908884153187894,166034.84688049316,13.835377014648447,-0.5270014132235394
2361,-0.3081150814613658,-216037.75635009765,32.447256977050785,-0.21799805477330678
2362,-0.3145838196202481,-212273.29582031255,28.520857503295886,-0.200371979852988
2363,0.1659511100965721,110602.00413085936,13.717889958496087,0.010488900391539664
2364,0.2943584261894781,211591.01667480465,17.459630844238273,-0.20504517287935245
2365,-0.06990741917434494,-31697.254907226576,15.964403476806648,0.4889965533865099
2366,0.21693849491670716,154319.96902099613,18.59492801965332,-0.11408533935542631
2367,-0.09317109206053927,-70970.13519165044,37.47638052893064,-0.19373242035801036
2368,-0.10384375536280216,-64901.82244506839,24.055122503540037,0.5058005806235962
2369,-0.0314796707132661,-19288.12339477538,18.647925515869144,0.5465454648154053
2370,-0.07800477867791865,-52509.31648742679,19.602831161376947,-0.08700769498697807
2371,0.004968099001492051,2989.566866455076,20.815603516723634,-0.25998150614014454
2372,0.08276234992360888,45455.54543579103,11.803491518066405,0.1156962660621423
2373,-0.12646782066539342,-77571.27047851561,33.00419100561523,0.22750481975315615
2374,0.0007592992613145044,519.2665966796922,28.58667433471681,-0.04989243464967085
2375,0.06290836460870479,33861.38709472657,15.84024482641602,-0.250611331932522
2376,-0.20256385296394994,-140866.94418090815,25.17551542687989,0.216718796750282
2377,-0.4439321233770404,-296253.26087280276,30.91417656530763,0.6817688956026227
2378,-0.19230175075914172,-131460.02556274415,43.28329752612305,0.40956938150501104
2379,0.3552560855299684,163524.99003295894,9.181541496215807,-0.3030685230214131
2380,-0.06939323068047738,-35778.84492797853,19.07353103222656,-0.025394735267943884
2381,-0.07433393493887482,-39174.855373535145,20.038871022338874,0.08205845686789051
2382,0.10411292965902333,56740.88571044925,12.479523989013677,-0.5406417985581559
2383,-0.3271609413432397,-144035.6064038086,25.895927987548827,-0.0874681801565514
2384,-0.05141863185572884,-30392.01980346679,18.30663048901368,-0.4095666977028841
2385,-0.13551886311181688,-80374.56501831052,20.4055800012207,-0.21392499347259122
2386,0.23827440230529826,129086.16443298342,10.384949145874032,0.10423504268924384
2387,-0.057253916986212135,-47715.704289550835,20.24757551708984,0.0495867473073845
2388,-0.21953991213456678,-119557.74940063473,27.200636910522462,-0.46347157728488236
2389,-0.09358596702934126,-48995.37468750001,18.512644827758777,-0.49755054073668253
2390,0.04531015828575969,33012.679645996104,21.918307977416994,-0.2519744228692215
2391,0.2598523659587557,105734.09012573244,8.40823103540039,-0.00283816221152613
2392,-0.1341311984600608,-69924.47330444335,17.425735460205086,-0.21879041428201318
2393,-0.08256822993581057,-62813.000531005826,20.88601698815917,-0.2881310307778641
2394,-0.05916579604518513,-40582.65053466798,31.053677519653327,0.5214237457182411
2395,0.00743889377866002,3874.919279785143,11.100342546386726,0.07689129720547874
2396,-0.3984666113409296,-265565.9850415039,35.54075445837401,-0.1203677254798482
2397,0.18645703381049203,126880.395291748,27.243555496093748,-0.0327628552652849
2398,-0.6500537995884638,-415728.8047058105,50.04798648937988,-0.17441203278380096
2399,0.2954429611474159,159987.301473999,16.130727472656258,-0.30713646671047645
2400,-0.24800856433361607,-159802.47601440432,23.761427090698238,0.4527307906002343
2401,-0.1666953102953629,-101997.5446697998,25.21913294989015,-0.3572636779121949
2402,0.2818281527534775,154974.97468505858,13.24073446911621,0.1080970925309161
2403,0.14323243081283657,70475.74544555663,22.037732995849606,-0.3202219909119505
2404,-0.5714510222986263,-418385.84567871084,54.45322953051757,-0.20618446332100876
2405,-0.053995050136091426,-30973.006198730458,22.828966056884777,0.31226810989605946
2406,0.05484119030913467,38830.420971069325,21.191293946655257,0.6052260898567552
2407,0.12255102244214477,66292.4756170654,20.280708475036615,0.5699782534716351
2408,-0.016722534765357833,-9525.079696044908,26.474538455566414,0.2389977905716758
2409,0.02025075546582489,12875.992152099618,24.51353695458984,-0.16344442863761732
2410,-0.14413787443950518,-73524.18875366209,29.204475524169926,0.25550328084649193
2411,-0.5611207120159178,-395462.59500976565,45.521191481689456,0.305775163836444
2412,-0.16972191687612545,-106090.08516113283,25.50112406567383,0.24276636308569138
2413,-0.3530271263055036,-233445.20966918947,29.07280095361328,-0.03499263811123397
2414,-0.26000021696498204,-176676.96730468754,43.3422569246826,-0.2934248270169142
2415,-0.21298031437225645,-164114.95375427243,35.10895730865477,0.4883910028189148
2416,-0.2754055739529472,-196742.4708447266,32.16316594763184,0.056489203348500085
2417,-0.3688659250332987,-257661.0008221435,34.46971952850341,0.1233376360511026
2418,-0.3159923593320933,-190134.48944091797,33.95888502575683,0.4862580704900676
2419,-0.046556536172900446,-24876.35947753906,17.145797509765636,0.4920515074602235
2420,-0.05216610225680965,-33044.15424194337,20.20046848168946,-0.1921196819318954
2421,-0.14909222810043957,-78415.87934570311,19.96170048291015,-0.22715008309460707
2422,0.517424254457302,337182.22359375004,17.4196329987793,0.03911661028953783
2423,-0.1578970083347112,-99472.32347900393,13.090772620605467,-0.175659194192363
2424,-0.1694560820289175,-132232.612131958,34.1857124552002,-0.07798571999048794
2425,-0.350547369986703,-226431.8286633301,45.0498759501953,0.21207482907426026
2426,0.11079860391336838,62300.54519409181,16.8314569987793,0.11949805632696879
2427,-0.004297939322224379,-2548.6650140380516,21.15904601068115,-0.10908164276078551
2428,-0.20998433901248795,-109768.89522583007,23.825365482055652,-0.364014415010202
2429,0.003820464630597336,1973.210611572289,16.450022990234384,-0.41215077451399823
2430,0.4232191741610942,230787.90971069335,10.405260490478506,-0.05452531411628705
2431,-0.22723265973127973,-176537.47519042966,35.324729987060536,0.13401814166827833
2432,-0.3124758067906124,-180877.39936889644,30.666595967285136,0.15051699123927278
2433,-0.06797842804521675,-54232.43023925779,21.755906498779296,0.2047211873921358
2434,-0.37308331670036526,-216726.39964233397,32.98859398986817,-0.09908350282100088
2435,0.16393500935203817,92043.26430419921,16.883549030029286,0.15477343908749044
2436,-0.35849968120995784,-233013.1147052002,26.195845468322748,0.23023288807110462
2437,-0.31282279120963424,-201159.72930786136,39.236468400024414,-0.10768210304650648
2438,0.13374216377350945,64082.312034912116,17.096298535522457,0.10862338092349261
2439,-0.19965416030863117,-103764.96530761721,17.734163454345705,-0.1937106128358838
2440,-0.5078404895088409,-296154.01323730475,36.69853275329589,-0.19266944387108437
2441,-0.15074423573328483,-90943.25993164061,16.18765446118165,-0.1925630584434131
2442,-0.29099727843288836,-274965.8879345703,51.655566830078115,0.6250804550437574
2443,-0.23608666776550583,-139611.18975402828,33.38872040960693,0.5255001741073186
2444,-0.3486031007481063,-185960.9784301758,23.774283371215816,0.4371955488776303
2445,-0.23845643455687154,-122598.93351318358,18.95054685290528,0.04283962824396202
2446,-0.04183923812063989,-24607.996745605476,16.531583696044912,0.02738069579203007
2447,0.05898880866735275,26173.36093383788,12.299364000000013,0.23849425783248057
2448,-0.0965045180027735,-75925.70555908204,26.666624963134762,-0.05009152068766409
2449,-0.7145118956146524,-411554.5796533203,45.16237796594236,-0.0030837346089742064
2450,-0.11818133354778673,-83343.13533081055,28.810820516113285,0.3284505470063238
2451,-0.07293076042044708,-38186.60510192871,22.974981489013683,0.16627680616688875
2452,-0.35927748484016714,-250128.23196411127,47.56023215222168,0.3284434328425507
2453,-0.17358100325352518,-104809.65451049803,32.89079297546387,0.13048364746557867
2454,-0.3164738816095405,-236219.5455151367,56.50706251562501,-0.3094429813556461
2455,-0.23507963511825075,-162163.3555871582,28.624248012817382,-0.49185396038085344
2456,-0.33199494824717957,-219206.25560668946,30.696262022949224,-0.08709935422447775
2457,-0.09212628637206494,-52559.85475585937,22.14030949658202,0.2838112686604337
2458,-0.12357625145362139,-65047.98544189452,17.11164178027343,-0.06261781420290584
2459,-0.3068734171049161,-152934.48659790042,26.257221633789072,0.45217654528974793
2460,-0.14037525164453662,-86612.26532592773,25.674382462280263,0.16374095241984307
2461,-0.11607077808257782,-64499.61174194336,19.81174004040527,0.13512872302728418
2462,0.09131312249315454,55565.25703430177,23.813690988525398,-0.26348552317089835
2463,-0.7833257335973436,-464400.64934936527,53.21815947790527,-0.44192767758230017
2464,0.4398793726738993,236695.08920654297,14.810662196777367,-0.1230311417301027
2465,-0.2951077003222539,-196909.9349395752,26.618590463439933,0.21472605382269455
2466,-0.262625672406504,-175562.2077520752,27.24458645861817,-0.13317499487552165
2467,-0.22883404330657225,-122325.14438964843,17.5997419243164,-0.3031898306935761
2468,0.34516919388041833,197495.69495361327,19.118895046386726,0.012078650047042772
2469,-0.07491025093063683,-48198.27013549807,28.89752741625976,0.2846767486611569
2470,-0.4937895020137713,-323083.0484680176,36.87944637707521,-0.24574484220954357
2471,0.08382797524603912,38042.834897460954,19.061985029174807,-0.16116638827320745
2472,-0.5161402209013891,-422771.3082788085,54.87556758618164,0.040119363347793556
2473,0.04232634394765189,24394.55022888184,18.072703998779307,-0.05041294917439088
2474,-0.25211464110876725,-214232.46964721679,27.821132476440418,0.3612189341540416
2475,-0.38870985964232574,-210567.3059973144,30.464292039306635,-0.2152166546819553
2476,-0.18433092598082038,-93430.8959954834,15.71562409295654,-0.1677821900298532
2477,0.10355341246132446,63742.692813720714,23.11072813574219,0.02780158516129636
2478,-0.42067334947821955,-270351.3597753906,27.03513597753907,0.01772528848327724
2479,-0.046733627695000175,-33270.870272216795,30.793672969116216,0.00864560615766356
2480,-0.07574581643531304,-36953.695270385724,12.651879981689456,-0.2265596773084899
2481,-0.5374390713183976,-410749.25505432126,46.37116299853515,-0.025710129733795262
2482,0.15997805202954177,84619.62554199218,14.459071709228516,0.0677719198584713
2483,-0.09951968936484451,-73174.09460449213,29.25331247705077,0.18241285178994326
2484,-0.2309599978876721,-150373.84521423338,28.09346198571777,-0.46001180221794274
2485,-0.07579004964132621,-51829.38913513184,17.231642964843754,-0.5265768524309069
2486,-0.06111931078930731,-23863.242138671878,9.5461286920166,0.5824339317742823
2487,0.0786105568239923,39755.004312744175,15.25971366687012,0.1528776314580627
2488,-0.11212683254331388,-47578.40453552247,14.914773981994623,0.25359713122722227
2489,-0.49983662356116776,-413809.48018432606,56.315175519714366,0.44678294185990164
2490,-0.3344658846353074,-157565.74264282227,22.754462994262692,0.43557930305009745
2491,0.2256421484464527,106033.81293457033,9.404880485717777,0.1930882650832891
2492,-0.16742321799810006,-143398.94492675783,24.94385699072266,-0.16336905671845284
2493,-0.1725453318867203,-146952.5548626709,36.04454548101807,-0.14016296344734647
2494,-0.34370107806007816,-265604.63079833984,37.99650715734862,0.007546701350540999
2495,-0.2911804577245562,-178520.87488403323,32.067341973266586,-0.0375530895963168
2496,-0.06698060212057272,-39875.580113525386,15.057766506469727,0.40896093915049503
2497,-0.22690626301815167,-162536.74887817388,40.826327354614236,-0.2738363547793418
2498,0.15120071465107685,94462.35412658688,19.95507795373534,0.02067801679896137
2499,-0.28902436555246314,-216177.8453869628,45.29565549670409,0.3892524901903127
2500,-0.08514752791169222,-54480.60132019043,28.182841238830562,0.21055023846427948
2501,-0.22813779690979583,-173826.5244177246,37.48045597692871,-0.26443040102479437
2502,0.35740119075973475,161024.21131713872,10.269638477783207,-0.20931743305619163
2503,-0.2525201925397682,-175228.25437988283,26.813954467285168,-0.19294314916490718
2504,-0.48181668513847287,-356043.91074951174,45.476766092773424,0.25069687740102764
2505,0.04742690258998592,30058.99509277343,13.914907992431639,0.03104731781560392
2506,-0.12279344606145232,-87058.75459106444,16.091094471801746,0.11742303049975135
2507,0.13009387625391428,75246.53013793947,18.831112481201185,0.8819004630595824
2508,0.27546618048029986,169035.31443603517,12.479523989013677,0.09929640504890545
2509,0.0811365921824003,43662.18104980473,14.1400230041504,0.13822086471731543
2510,-0.017450363847650682,-6513.894838867192,6.160360960937501,0.30653432282741927
2511,-0.6453838530164482,-403383.87806579587,44.995479767578104,-0.2185337565504478
2512,-0.10452867980054774,-78667.96533569336,22.325608999877936,-0.3728374980878109
2513,0.3533562781135475,187200.80464843754,14.211196000976559,-0.031345609977199075
2514,0.09329199816804738,39372.86022277832,14.125820973876957,-0.24302089240321254
2515,-0.27716362481876833,-190093.03403198242,25.137267495849613,-0.31410953375790196
2516,0.01861736862489851,11922.165682373045,13.658933458496106,0.44041566088677037
2517,-0.08952413801438751,-46427.773052978504,14.38435502319337,-0.21409062253405226
2518,-0.43759629803396605,-254534.34891357424,38.99749186157226,-0.0872210314307237
2519,-0.27318215384346217,-176916.71480468748,35.12110397631836,-0.0973961190790477
2520,0.08744306615777661,59177.047237548846,22.72959869958496,0.1723654460942693
2521,-0.2943495971884816,-158668.0543457031,27.004669956909176,-0.13303846457853352
2522,-0.01494973844996435,-9529.284609374998,19.057486945678725,0.08270545373538234
2523,-0.32476188029347897,-225703.65403686525,36.87393791955567,0.3369441398795156
2524,-0.18578156664647086,-104376.28014892578,19.478538474609376,0.4196753149184157
2525,-0.4570646137315385,-341187.54997131345,50.95795146789551,-0.2663249883633971
2526,-0.2315173087398712,-173316.9845947266,27.608612975097657,-0.04583142669028696
2527,0.03891618934314296,23500.629766845683,14.113979495605452,0.25106302881086906
2528,-0.14892286461095122,-89398.5147003174,29.22145948559571,0.19468129717567964
2529,-0.15111822214520337,-110719.78497131346,23.936177504394553,0.09728378637494539
2530,0.17328072640682504,101772.48906677245,13.452254990234378,0.35903125225687016
2531,-0.01768045186129824,-6250.3103356933425,11.366719537353504,-0.21194487935466644
2532,0.34494575001788,171664.34994140617,18.983088028076175,0.4469225094851099
2533,-0.1785314003713509,-105661.76874877934,20.190565876342774,-0.5062386975965386
2534,-0.8172014811564356,-643044.9761364746,64.31811309350586,-0.04747282653903181
2535,-0.34392446777777075,-241836.82980224612,31.2648520361328,-0.21827836727215572
2536,-0.49130323019899386,-337639.30052734376,44.63483604760741,-0.39457197966460694
2537,-0.6402403936521126,-408888.7245043945,45.85687996801757,-0.06791790803799486
2538,-0.1475476760825855,-116142.31481567383,30.412103512329097,-0.009723429546500581
2539,-0.42982232139858545,-300891.5047473145,41.544150981567356,0.41273330333345604
2540,-0.0430991728398958,-22297.919669189454,18.057401506225588,0.08914282527060174
2541,-0.07587248923193306,-43161.781494140625,17.33898564233398,-0.005356837914136203
2542,-0.23560264650902538,-175221.99890380862,18.814653900634777,-0.1259654141607516
2543,-0.31384801854705113,-218962.44479370117,31.508924477905282,-0.02463981303181527
2544,-0.544924568170794,-355358.5967651367,43.886729665039034,-0.03530187331728674
2545,-0.474671102672212,-297461.14979980467,37.83311549987793,-0.1592265256527377
2546,-0.017477269852255787,-7069.860196533202,11.205383020141605,-0.38207534053222486
2547,0.32732350873369215,127777.78449829099,6.617666492675781,0.07569303180204134
2548,-0.3161257852495009,-191451.47567260743,33.72258507617188,-0.22143915812151796
2549,-0.6095801218606878,-428898.120690918,52.80758305126953,-0.02258318941688519
2550,-0.7906491994618222,-524547.7953479004,61.899034416992194,0.12204513878121853
2551,-0.6672838956740361,-481404.86417480465,53.48348341601562,-0.5387841437584386
2552,0.13887156609523402,90809.78560424806,22.746450437988273,-0.21657488630868907
2553,-0.26156675760265236,-132707.42225463866,22.479780744750986,0.09076756354554912
2554,0.058313618363008614,23894.101606445314,16.526362990844724,0.015903621240569536
2555,-0.6432838154979718,-533068.9900317383,56.24257700195311,-0.10654606397668995
2556,-0.32043125316839555,-182113.96234008795,29.972950758911132,-0.4937318300845913
2557,-0.36489309751537485,-256331.92032775877,35.912473026184074,0.14700867436933662
2558,-0.1559723507256576,-98464.32533630371,24.33012809417725,0.4535582104260109
2559,-0.3467654514856201,-146503.50411682128,18.92345995587157,-0.03516087870426882
2560,-0.38004996105384686,-218500.65632690434,26.744732144042967,-0.010413440840477331
2561,-0.03214997827657943,-20167.303364257794,31.501796109741214,0.08603480571508004
2562,0.1503342329845965,72778.509609375,19.035545950317385,-0.023057751215186526
2563,0.03061126646124093,17961.29196228026,17.529316525695798,0.3315352947122487
2564,0.06615006815478869,29946.14994750975,9.467264509033201,-0.2695947257781005
2565,0.13479486121062634,105723.95225830076,17.69581000732422,0.2569056033027385
2566,-0.16938278624551095,-102200.74480468749,24.635655031982438,0.2570047301893612
2567,0.5746496837695392,175466.8141333008,4.915967026855471,0.05971601142296595
2568,-0.4697300033858869,-305546.3693603516,42.49844552416992,0.23498572719882682
2569,-0.6740069792989195,-507853.03511230473,57.05703201123048,0.27068042852887275
2570,-0.20240691993517665,-129365.02012207032,30.47023051123046,0.534932036805637
2571,-0.4369979292571946,-320341.6100305176,44.39057855139158,0.04648590761505976
2572,0.007794004778084313,5283.380692138664,17.869121518920895,-0.02700293755784188
2573,-0.3676778169314753,-219720.86447387695,25.764813950195304,-0.08946056031183049
2574,-0.15418770239263618,-104503.89112243656,23.167447975097655,0.6531651395537653
2575,0.18571898698374958,126006.94933349607,22.675312043701158,-0.08395885124531095
2576,0.23025283186406884,132731.0142614746,19.45593250512694,0.08336588440393039
2577,0.20800813032145823,117348.1098034668,19.21043999328611,0.5227773022499065
2578,0.11244693208530916,41194.41002929688,11.824916427612305,0.5698336207521107
2579,0.06416997636000496,31939.68648559569,13.023882988281246,0.31929631633056077
2580,0.25087978917478043,190042.5263208008,15.632635021484386,0.19570402820558208
2581,-0.29607245669785187,-137583.66556091313,24.32238305322266,0.10890145267329233
2582,-0.18688196873669174,-129390.86941223143,24.574206423828134,-0.17085969820559568
2583,-0.41503461745734493,-290911.27884277346,38.9129855,0.39660478920342773
2584,0.06383418303664529,51106.86581787106,15.393654975219723,0.23005136518856767
2585,0.22327533042686923,148074.4150756836,12.822504998779296,0.3165529105145838
2586,-0.4888188838112825,-270854.2298815918,35.83950848376465,-0.16504733738724223
2587,0.08406253228797406,52697.98982910154,15.54181997900391,-0.0028324963423044624
2588,-0.2726020553448636,-168506.8583227539,25.580914002441407,0.21136613354937642
2589,-0.3523514114891122,-179488.96493408206,29.280210482177722,0.021149446678139065
2590,-0.13302547656658836,-109978.76082031247,24.169481050781254,-0.24436013313013263
2591,-0.27066530751511286,-213129.9256524658,34.237254519531234,0.3038902478383784
2592,-0.3839031141526242,-256428.16934814453,34.985279917724604,-0.10173862998923655
2593,-0.3605973206948339,-241063.2069665527,31.61360222521973,0.1646707794257562
2594,0.36772639765133885,223147.68516479488,14.290566002441407,0.2225212603085664
2595,0.506752717062205,316765.08016845706,17.97789848022461,0.1719971405405649
2596,-0.4456529629705872,-296126.69263671874,34.338901251220705,-0.022562524820906423
2597,-0.8562448063691647,-605669.8754370117,66.61699455517576,-0.10236764222439652
2598,-0.16544512267835915,-101623.83474121093,19.971929451904284,-0.11337606659788836
2599,-0.26243940257064563,-159599.83460815425,23.981027415527333,-0.4067370062726526
2600,0.1740577645723386,107099.25004882814,12.740476990966801,0.10470255817246261
2601,-0.1070859147871967,-78629.99019531251,34.10382051623536,0.089767394398455
2602,-0.37561514512545036,-260889.87870117184,45.2901189025879,0.10839660008441326
2603,-0.1618222812762238,-102040.95453125,25.836227985839837,0.5646857237004717
2604,-0.6581088391037744,-429264.4255249023,52.507422073608424,-0.22150894937293528
2605,0.14766646450339166,91705.16711303711,14.12063951391601,0.3486112488658778
2606,-0.3488405960725376,-181900.58183837892,31.40384753955079,-0.06352247105593725
2607,-0.3785746295227145,-210963.93491821288,30.41386848632812,0.17719808416109425
2608,-0.16756840399526526,-119420.18202392576,27.272343748535143,0.07150462211551542
2609,0.18633514405808096,105941.24091674805,10.689193035034183,-0.34730093880842106
2610,-0.247057019169603,-119127.8274108887,23.655817161254898,0.36850502022525794
2611,-0.4650447607883668,-340405.2415869141,35.38309264038085,0.2798368675796159
2612,-0.7280747940636141,-389938.2170635986,44.6385891987915,0.04886643504520111
2613,-0.3162723863622118,-238468.01653076173,30.860595476074227,-0.044187830035105916
2614,-0.1179038114587713,-83885.63849731449,34.47935799584961,0.21271723952897398
2615,0.29041070783555945,189503.9151049805,17.595790472167963,0.027742757509756997
2616,-0.42552507214334645,-252616.97481811524,30.52321545483398,0.06126520398405886
2617,-0.7530904139245626,-459151.937199707,45.9151937199707,-0.2107742953905805
2618,-0.5415181171879467,-332640.40498046874,44.12868298339841,-0.3441945255291875
2619,-0.27100130050633964,-142012.96982788085,28.631781479614247,-0.0692117867254772
2620,0.209148422819981,117843.8198144531,15.637394516601551,-0.4212351681953873
2621,-0.5817041919062083,-367774.8154846191,45.772007023193375,-0.4132690204178844
2622,-0.13152439324160253,-70950.06827514648,28.483427301513668,0.13383336036677312
2623,0.04269988827150507,27838.361412353494,18.51916797375488,0.7527668967707897
2624,-0.13535912930766478,-89778.16467163085,28.045096536132807,0.3357731844543362
2625,-0.41258837055093056,-338694.1403833008,37.34459703247071,0.4769163668080416
2626,-0.3175729939579281,-175799.5184912109,28.460276465209954,-0.45020277120425695
2627,0.058543279608933387,45604.90520263674,16.630615980346686,-0.6522355112533201
2628,-0.12140096417559071,-78144.72192260742,36.70260650964355,-0.17232877071237657
2629,-0.37820886345246635,-271648.1647741699,32.71016745568846,-0.3175749028044758
2630,0.0489180678528294,34125.08111083985,15.66709101062013,-0.4082005041112921
2631,0.1277320779773093,63884.59736816405,12.312049029296881,0.30955874858316396
2632,0.2540164105516125,136475.3601147461,13.28241750512696,0.10904530459247783
2633,-0.5912329648361825,-442780.5538000489,53.364725387817366,0.28738945402936256
2634,-0.306751420903073,-182028.23418457032,24.448299429199217,-0.5319948891912414
2635,-0.7304850740982055,-474300.3989709472,54.092044598510746,0.2844715098898912
2636,0.3284084376375202,167558.99621337894,17.04358944555663,0.26798242518541526
2637,0.04610696535267544,31189.629736328105,15.936769026000984,-0.24293269934664127
2638,-0.13217962226288668,-81619.64426757811,24.340675943847653,0.0179255178709384
2639,-0.6839877751899216,-395263.8000506591,46.13348400506592,-0.08235795720073681
2640,-0.3383083063378161,-214820.94513183594,32.592934994506834,-0.1257063420509673
2641,0.08072298981760077,45772.05470947264,14.380824966430664,0.3651230596419119
2642,-0.07458737674846883,-40451.43938964844,17.227323001708974,0.1130204365237261
2643,0.20131913987324784,107896.40745483397,12.785501486206044,-0.2858816450467617
2644,-0.07077807599590916,-51540.02526489257,17.81334247827148,-0.2843941606673765
2645,0.08896304595312583,58752.76640258788,13.481376254516608,-0.03625744282188667
2646,-0.3122439407565331,-249405.71965332032,38.22884611328124,-0.4381603789650382
2647,-0.19267474158474507,-132374.7307446289,30.917890061889658,0.3400338052589591
2648,0.05295373521075938,30471.076401367187,16.838230288452156,0.6831020957543433
2649,-0.3527032249282895,-237533.53807128902,32.99142432470705,-0.1486450669762699
2650,0.16590080612025268,110037.43961181643,15.430739994018547,0.1419555006065934
2651,0.06626323676443281,33328.111926269514,15.652598284179694,0.13049929891348588
2652,-0.32054860247577904,-188353.0701525879,24.025189994567878,0.03834027670230218
2653,-0.25766847181566893,-163432.87043945314,32.29841906347657,-0.28817519679345005
2654,-0.11528311644981179,-83222.35082153324,29.896630693847666,-0.3118726191221822
2655,-0.5878325819988439,-321509.3500732422,39.78929645874024,0.07712661643479726
2656,0.4023931349142102,193704.04533203124,8.079045999511715,0.141020458785285
2657,0.025384485217068885,17997.70533569329,26.50937797753905,0.7646480749356257
2658,-0.48626019745684773,-389780.44975708006,43.126906972412115,-0.4915392557993489
2659,-0.08265079489711392,-40586.652746582025,14.65338335070801,-0.41939365506308396
2660,0.06670003595589385,37440.14008544921,29.108895507324206,-0.009982676120351629
2661,-0.5300842510052863,-368524.4850524902,49.278255532348616,0.021752249598555356
2662,-0.48879926843254484,-287826.63492919924,34.16827463610839,0.08011173819919537
2663,-0.5609486260545128,-356401.51911315916,46.17467313641356,-0.19520173372576236
2664,-0.13485700382090074,-65824.12458618164,14.477371972290044,-0.05686570485323567
2665,-0.09836975371017978,-68503.26958740235,29.79396648339843,0.07475081718503303
2666,-0.5721316373898111,-348448.01356811525,39.32170635729979,0.17533410445991315
2667,-0.32223162072543615,-233317.97888427737,25.325764062744145,-0.2569880141057318
2668,-0.20300773829749938,-122946.07552246095,22.06662299243164,-0.38401299969788805
2669,-0.2092207668661499,-132511.7552026367,26.93015096997069,-0.29742954705595626
2670,-0.38416624542961775,-196831.11986816407,23.46929197473144,-0.5029513618821154
2671,-0.36015832357799793,-228517.20589599613,34.587080441650386,0.2987034944014668
2672,-0.035885901453218245,-23061.711102294947,28.36717996630861,0.04118850762644716
2673,0.4465117442918895,159741.78012756348,7.257223984313978,-0.432209555706566
2674,-0.3112971404711561,-240234.1451916504,28.003681519165042,0.018573525412135264
2675,-0.4936775606889021,-342856.99247558595,39.82975225817871,0.5455939139640554
2676,-0.3448444511741456,-201520.45490234374,26.47930299072266,-0.4255191332163004
2677,0.12621537485167025,58147.94573486325,12.021044503051764,0.408109591758409
2678,-0.5945791676421125,-398554.8631591797,54.197488034667984,-0.3255150564165987
2679,-0.23383904029518324,-165042.9647998047,25.139972004882804,0.3090761382239054
2680,-0.24290837068460105,-155463.33170410158,20.92059910302734,0.07350678078373372
2681,-0.6529583825129056,-426875.40449890145,52.15464544934082,0.17057461116308742
2682,-1.0506654600886367,-735636.3225567628,73.56363225567627,-0.06480446114084737
2683,-0.16443579358137828,-110911.685435791,24.882135998168938,0.08314438412018536
2684,0.1317549890979786,75282.09789672852,23.010064474975586,0.26784868391510064
2685,-0.7977227047085325,-488342.779296875,51.44145095043946,0.6057067085468117
2686,-0.2578309326720509,-125295.85186401368,19.007380030761716,-0.06454883840488271
2687,0.26841435401910885,137372.05332519533,11.535249684936518,-0.10533565119094684
2688,-0.4357734380168249,-226336.48502014158,35.280532949218745,-0.1923861587741339
2689,0.16277208622294756,84678.25447143556,17.381530986572276,-0.1042643667267896
2690,0.3224091862009237,115039.90454467773,9.566308511596674,0.05978812031323391
2691,0.05577587664287132,39877.182349853494,21.51511998620606,-0.5415030544040165
2692,0.05067032926148514,31213.463432617165,19.22552401489258,0.23454950945280142
2693,-0.4075857708640065,-191874.00472167967,21.549085465332027,-0.0201177158122162
2694,-0.3963003351018041,-229287.35904846192,25.330563405578605,-0.1995932784379284
2695,0.2069107634082571,139880.01967773435,15.009501030029298,0.15553283565335949
2696,-0.023669880809111008,-13986.87042236331,21.37779601220703,-0.17286351511613937
2697,0.10847882241115217,60207.315557861344,13.593995992797858,-0.020203054340332243
2698,0.1347026172953247,54832.09431579593,12.132785519409179,0.07844659310664655
2699,-0.4437270523833265,-324452.6761437988,58.14083884411622,0.22508489731249748
2700,0.06262842121252002,41650.594984130854,19.40485648852539,-0.2225692060820615
2701,-0.14428332376587735,-80682.78193237304,13.373584982666012,-0.2995591804280047
2702,0.11808655088979368,82254.90991943362,19.40485648852538,0.18841952822714517
2703,-0.5923491074399235,-415567.48518737796,54.16141499121095,0.46319325528965555
2704,-0.453267716383347,-289026.12427368166,35.113011501831046,0.15491714622728048
2705,-0.21248634656328072,-97902.42538696287,25.618790038085937,-0.14912474184483354
2706,-0.035160754173293556,-18403.88517211913,11.746116980224604,0.033306329687738896
2707,-0.16056242725290945,-117912.38867614744,26.794943471923823,0.02181247508099129
2708,-0.09283493167608839,-65804.84904296877,24.765573772949224,-0.33897102463491596
2709,0.06706843993861886,42675.21640258789,21.5502019909668,-0.07039281307739109
2710,0.006698649975212126,4565.843499755851,25.0991424317627,0.2881251600907349
2711,-0.167269760727896,-100877.57431518551,28.928922979125986,0.2961862221115292
2712,-0.2858539517960916,-192267.54553222656,33.46503056018066,-0.003098068648897626
2713,-0.08237340734734436,-37892.36411743164,10.756766537841795,-0.11192933147108967
2714,-0.07543136176002428,-39567.9345806885,22.785284448303212,0.21396412718451868
2715,-0.6784153504974622,-437728.754321289,52.718953971191404,-0.09013203551178796
2716,0.0321288653349194,19762.720812988242,22.86605346606446,-0.1126799797025684
2717,0.41710968975850904,217786.1096386719,10.229608962402354,-0.05640734763373882
2718,0.23024745177777609,128658.21113464358,12.121771445556636,-0.09423753005049516
2719,-0.08098847345969529,-57579.310478515654,30.45792102575684,0.3030164424507069
2720,0.07413968205683315,44239.48494873046,15.543126940673824,0.2028029947915155
2721,-0.4495314779938414,-334638.70916748047,34.80794191870117,-0.4328831969318022
2722,-0.19290945505381338,-158223.04714843747,37.88926619433593,-0.03066492444117511
2723,-0.22314952632209967,-146840.59549560546,31.48215247827149,0.10904688830736976
2724,-0.026379544866149386,-13992.270068359412,13.999802951416013,0.10826009737856034
2725,-0.14259414798380735,-57767.569477539044,13.6091432229004,-0.22475140829258738
2726,0.20093224323565884,121861.49548706054,13.16141997583008,-0.16596349396325688
2727,-0.030101089681251563,-24029.46950805668,27.881447458740233,-0.08437430787621124
2728,0.11681175402762631,62984.09091064451,14.846067966430656,-0.09044549284799999
2729,-0.21277844461880518,-140676.87365478516,28.818818399169928,0.0024907035993071607
2730,-0.23445147530208263,-119569.79903808596,16.485964427734377,0.2376592847953026
2731,-0.07765981100529387,-39682.74486877444,14.22610140686035,-0.060090451050436706
2732,0.08578143382788726,45800.53606567384,14.973411979980463,-0.2600939748111309
2733,0.16278043467011022,63174.48981262208,16.976937151672363,0.07351923854123897
2734,0.14436601672483637,74521.4456750488,19.688797451293947,-0.18314349578187328
2735,-0.32379202293938764,-240112.64532836914,27.55416506115722,-0.07325675087062951
2736,-0.1555653736407236,-91447.67356933597,25.36494330505373,-0.358822742178998
2737,-0.15039332341450895,-81152.05539672851,24.616234550903318,-0.2580943821255279
2738,-0.10382453552966216,-67963.06002502446,30.48018851342773,-0.3606098698329868
2739,-0.12835768069996292,-84405.00162963866,18.819046022949216,-0.2775380022816165
2740,-0.3086835838169963,-190808.5748400879,25.010643975952153,-0.30611769572995284
2741,-0.32024971249680917,-221085.94511596678,37.882811539672836,0.30632250857655524
2742,-0.7123871830862712,-546167.8754309083,60.15144551696776,-0.46906435238106353
2743,0.1413179089499328,83631.8693902588,15.146521493530274,-0.4362073658010254
2744,-0.05476913473136209,-35613.01075195313,20.47204957702637,-0.1553476943598604
2745,-0.352824358171283,-184425.64631225588,30.24745900634765,-0.12631451688972128
2746,-0.36737581399083025,-281865.6980090332,35.783880238281235,-0.15878193646809188
2747,-0.08875358740079071,-64669.68991455082,34.26179346582032,-0.3286080543946328
2748,-0.5294625897850759,-429550.8547875977,56.27826398486327,0.12414856157004692
2749,0.04719012138285851,32199.143551025383,16.625645995483396,0.010143935113405873
2750,-0.20750441145894016,-135154.56882202148,23.780457348999022,-0.1263820288776219
2751,-0.0610554258831089,-38183.819462890635,27.706490471557622,0.08211051770452331
2752,-0.007328030811660838,-4523.784276733408,15.082294437011715,-0.5244900213901592
2753,-0.2798584395965113,-168061.83028442384,21.1624170192871,-0.05074732889478263
2754,-0.07102158863463201,-41952.135261230505,17.5129257253418,0.4329865889202375
2755,-0.1329504296975856,-95370.93543701174,23.111436964355466,0.08559336222805723
2756,0.07841830938434531,49385.580411376955,19.58812545092773,0.5943568916864569
2757,0.13568004139754827,77003.74357299802,18.979795061279297,0.036494871345098115
2758,0.06178256305470302,39119.01517211918,20.862611008789063,0.7493597916985981
2759,-0.07631320913233974,-50620.39551147465,25.604156027343755,0.3638762508950932
2760,-0.18734353900797077,-102709.08965270995,22.314642968688965,-0.3530036690546948
2761,-0.22651660773976715,-142301.67044555664,30.97833254187013,0.1830061704322075
2762,-0.020641617227975792,-15725.908950195328,22.864897011230468,-0.13298038658749858
2763,0.23484220412827922,104310.80014648434,8.686891998779284,0.1491959090920298
2764,0.2581672002442322,166962.7892260742,13.515500495605473,0.6924324935252673
2765,-0.04152316211531904,-30689.449443359397,35.162544442871095,0.2926805169795206
2766,-0.16548781001944002,-134123.64452819823,22.38949595959473,-0.5236655926139165
2767,-0.44000803851686554,-185889.49496276857,22.43966749688721,0.10962238009573179
2768,-0.21462398111311287,-88125.41946777342,20.605582412353517,-0.05971610249384456
2769,-0.15810352139045317,-99088.37755371092,26.94287696838379,-0.06187948495533938
2770,-0.24598950956789387,-168218.1361322021,33.63488655187988,0.57771032661991
2771,-0.40293751187136856,-245677.88446411135,41.084158489624016,0.2439091163294799
2772,-0.35727021658000724,-226341.3946276855,26.32247846569824,0.026015533044031956
2773,-0.7661219245354055,-621237.2139355468,73.84163738818361,0.2373370931658836
2774,0.42114188757953064,331776.70393920905,17.837945990966773,-0.5353750106713963
2775,-0.17723311225888724,-120618.174642334,36.16395900305175,0.006211418107549371
2776,-0.0585446338894534,-35366.42995117186,30.988883447509767,-0.33375350766254086
2777,-0.1362753346192907,-94127.47391967775,23.437667426635745,-0.19119229636049354
2778,-0.16450624891645088,-104680.02038574217,22.690067477050786,0.22974941458355827
2779,0.14817573272657375,109978.93016601562,14.462642972656258,0.34623356184579546
2780,-0.21072107074453916,-115548.90802734379,27.644821823852546,0.4615373363452541
2781,0.054253719196135336,35164.81008178709,26.270578007568364,0.3544172905023116
2782,-0.19942030824967075,-185680.9432800293,41.748516041626,0.5669515975630629
2783,0.2383801668931315,192148.46349853513,17.360445457519532,0.06896210740302815
2784,-0.16680999788846984,-102861.45661621095,23.197223765380855,-0.4620071876902707
2785,-0.6351856888587635,-508848.3338159179,55.15368290454098,0.06663232917486472
2786,-0.031402471171077695,-18673.274775390673,22.84418651306152,-0.01624114548166614
2787,0.10643113868091027,76139.51968383788,23.47470865942384,-0.23896724895390675
2788,-0.40423603640863903,-285065.6827581787,40.65392807659911,0.5642388785508922
2789,-0.3836948741954062,-285142.1884545898,34.789845308837904,0.2557359774222955
2790,0.07236399456255907,56082.87872192384,23.249961031738273,-0.060035804523033254
2791,0.060293147155427315,30980.411577148407,15.332198763427732,0.8795824232847139
2792,0.049714059310516076,25415.179895019523,19.39604654748535,0.08411841661344366
2793,-0.4191415739231457,-259418.0995776367,32.42073292614746,0.031098757183516724
2794,0.10526626684621855,84415.14981933596,25.312406976074225,0.3383589413269936
2795,-0.5967165811557447,-360534.8915539551,36.0671046352539,0.5143514328437161
2796,-0.42145088512672846,-234972.0379699707,28.315321919555668,0.19686047838541285
2797,-0.13904472286047437,-63360.22406982423,20.830630896484376,-0.10166632270520719
2798,0.04635754516697999,31394.444545898452,18.49344950317383,-0.25176753886573194
2799,-0.3254510706711444,-257942.36986206053,24.527395995849616,-0.020316744411422977
2800,-0.23867241345371434,-153777.60670532228,27.75256264440919,0.3931565497473403
2801,-0.03359217930259407,-21857.160072021477,23.898288221557625,0.2764454205982291
2802,-0.3534546384159163,-288438.69944091793,33.54418595874023,0.12244898186457975
2803,-0.3076020042177573,-202848.31659973145,33.620910181274404,0.0717914808401776
2804,-0.25875240122810955,-171177.62292907713,24.649698319152836,0.17216707070955478
2805,0.015122049751548237,10379.482061767558,17.339830988159193,0.23987256302805435
2806,0.18102668076282885,102360.34518066405,15.862265503662105,-0.2752624634436812
2807,0.47735982821036077,244547.83549682616,11.951543463134742,-0.17184643941992692
2808,-0.07525275137887222,-49531.86009643559,22.739270497558582,-0.17916310733672508
2809,-0.42652004167921764,-286782.5901037598,35.718629485107414,-0.12860791750214487
2810,-0.20609268308348347,-86902.44020385743,14.916469013061514,-0.14760536505908387
2811,-0.4215320815892235,-300967.0176068115,36.88204775482176,-0.28091111987445827
2812,-0.5944238540380254,-281401.8292700195,34.40768709509277,-0.060701759551917214
2813,0.3316348229348633,184178.41845825198,11.828031010498037,-0.5014552541960693
2814,-0.260428509970455,-199599.50998535156,29.016745698608375,-0.1803484195850178
2815,0.3146625161632787,181004.05924072268,15.878481482910178,0.07550395340441682
2816,-0.4690213371383049,-288317.6376525879,31.485659761352537,-0.09609619984065709
2817,-0.3091526758241508,-228880.13765136723,29.393560804199222,-0.35687884159421096
2818,-0.47121548788869405,-366022.00487060554,40.85394895751953,0.08379555272222874
2819,0.08781504155749782,53450.82977539066,14.008762007568357,0.32850689668200733
2820,-0.12212905452332597,-59323.954335937495,15.836344427490234,0.20315769877850184
2821,-0.24599546225191937,-146802.86427124025,24.55170894665526,-0.315063637501214
2822,-0.11576720629334544,-68149.96004028319,19.964120499023448,-0.23379690417423396
2823,-0.011439429267076986,-6317.121524658243,19.004407590087897,-0.7665958599391545
2824,-0.11390319575596695,-72430.3451837158,13.646666003662114,0.7050534916910685
2825,-0.44761795826479367,-409201.3642944336,47.6555884033203,0.11067853698600809
2826,-0.009739346082681498,-7769.084750976537,20.34714700146484,-0.32841261466810334
2827,-0.46662900538160196,-284485.3970910645,40.60651077038573,0.06111200544730963
2828,-0.7354157169831606,-631000.7108764648,65.63863402941895,0.03811680310846007
2829,-0.39394399852914386,-186427.8194445801,26.383378440002446,0.09066920960058779
2830,-0.489631549343297,-358582.6738232422,45.65050737561034,0.0887535166219832
2831,-0.2169537874758444,-159541.44001098635,25.377741537109376,0.4478876643646646
2832,-0.3779504596598654,-250572.80476440425,30.197180460693374,0.2024942806957704
2833,-0.5360906822041089,-398049.45053466794,47.91761407055664,-0.31046551712630416
2834,0.18107279832191162,81275.83252197264,13.830784147216788,0.42623695089919256
2835,0.021645256118639194,16242.694630126993,24.407723818969725,-0.1777530851357984
2836,0.1270211591793833,74776.46993225097,26.837269802368173,-0.05396306036132497
2837,-0.29634297387212205,-225406.77090698242,43.68790155493163,0.1589644381133039
2838,-0.22485083475501658,-127128.51316040038,17.790159995361336,0.1824109217986922
2839,-0.016731332440707014,-10677.574797363319,22.174832972900393,-0.20324691372657694
2840,-0.6167911011548827,-414179.0743310546,51.52488644799805,0.8891706965658424
2841,-0.08469425869055129,-51539.598674316425,17.637475041503905,0.06825711331593945
2842,-0.5124906937189032,-308184.85439697263,38.53999640539551,0.5526688562961198
2843,-0.4313525897775168,-315223.24141479493,40.28997364196778,-0.4384284024619514
2844,0.3741326071855575,187946.94125488284,10.431293661254877,-0.2246582566009061
2845,-0.13879403407018245,-94166.86510986331,22.10920898339844,0.2921754494642495
2846,-0.22446522746550673,-150857.6048620605,25.730793487670887,-0.1912611871471183
2847,-0.527587825196089,-282802.79516906745,32.945445526306145,-0.3508291115666319
2848,-0.05688127515345431,-33628.543171386686,21.957955987060533,-0.2306551476808344
2849,-0.49714694225340766,-356697.7482647705,38.5735778147583,0.17147822396158438
2850,-0.10819773263785658,-72720.85065185545,20.177859515136713,-0.1899561356723806
2851,0.00419853118560211,2693.191594238291,21.134727941162115,-0.025157639103013506
2852,-0.07247304011415297,-46824.11513305663,30.046908064819338,-0.2774446911195215
2853,-0.571275736733441,-461483.2847180176,58.1457455032959,-0.45429485581629364
2854,-0.3800657561329606,-256001.6801940918,32.809902570312495,0.5964291261274215
2855,0.6427719173502353,330596.4913464355,18.34358298242188,-0.03219549157705375
2856,-0.18655564820826956,-104545.31526977544,18.094362997924804,-0.37016280469274193
2857,0.360543255680177,165585.34521118164,10.93796549218751,-0.36337294346449145
2858,0.25699750052744624,156051.30520019532,26.750735941406244,-0.44944181124431826
2859,0.2086584439152265,136751.1501806641,14.315400008422834,0.2463928591407057
2860,-0.1265728905454209,-74388.27734008788,21.200148212280286,0.10829676188789537
2861,-0.0439103887534988,-36136.32111450192,17.21347456396484,-0.38363495802154796
2862,-0.243256804121818,-168873.1365966797,20.782870979248045,0.28972469216167934
2863,-0.24508556065318107,-159663.8380749512,23.109195232666004,-0.01854961574837871
2864,-0.18942192168846564,-101629.50998535156,24.67748849365235,-0.14154251683431304
2865,-0.06949815034050087,-53449.56003784182,21.870877552246103,0.2767589431915124
2866,0.15930576843837532,87530.95463378906,9.595319015380857,0.17696146011403283
2867,-0.5065967144212158,-373202.73268493655,42.69581977044678,0.11504464046475804
2868,0.21853249258067753,126755.51895507815,16.00974247094727,-0.13878703505510806
2869,-0.1702162131114307,-85903.22556884767,23.88022096557617,0.6434055568618154
2870,0.20803788466760736,140344.4365777588,18.841505982421886,0.13670275261261647
2871,0.06513773400732013,26235.054962158196,10.67726548425292,-0.01896669441858995
2872,-0.22154730869133762,-115498.18980407715,25.108611018981925,0.06552366128422075
2873,-0.013358400886317326,-8273.372977294923,18.24615646691895,-0.2161692418213723
2874,-0.04305775753158378,-19648.755979003923,13.82029953649903,0.1176114629071578
2875,-0.18950375994274016,-121085.2514379883,29.94717547973633,0.19107357767205096
2876,-0.10131285621093127,-45568.261472168,14.62345268139647,-0.11265199486127948
2877,-0.08993412668716302,-57037.20824218751,29.977619326904296,0.5457707019809428
2878,-0.4653921215877815,-297207.9299584961,35.888426666625975,-0.004851301053461414
2879,-0.5067959583754182,-352102.43983398436,44.742311147338846,0.10058492467951416
2880,-0.22293218486637062,-147367.3228137207,30.88270629968261,0.28244693191339354
2881,-0.5500847510382223,-399710.26963012695,52.73202444104004,-0.06893279783380295
2882,-0.00023449748547957583,-129.37926696776412,11.311479483398434,0.031177465117268096
2883,-0.10502849003996025,-63630.635208740234,24.70612604846193,0.2824311563088004
2884,0.44086159761919164,262422.84306213376,19.31103248437501,-0.39789695626236604
2885,-0.5248225428368718,-357043.89013183594,48.65790352258298,-0.12316951048764285
2886,-0.15685857302369696,-84269.24489868162,25.428120008422855,-0.6674331404703624
2887,0.10717361146392718,66376.02642944336,15.997398473388676,0.5683245527992477
2888,0.05336459823071028,36566.869708251936,17.56514202612304,0.1342583204603868
2889,-0.489767221115686,-266131.04549560545,30.503078004516592,-0.04840198611976268
2890,-0.12238493680061723,-87273.10268981932,35.14640094024657,0.115256003415756
2891,-0.13541021894647007,-97320.21315917966,24.18855141235351,-0.12311777510676156
2892,-0.305128069803018,-245801.18745605473,31.216542996215818,-0.1154852982417269
2893,-0.13220738694293271,-79459.14431640625,35.49051044372559,0.531550823755286
2894,-0.0720020252841419,-46517.13974975584,14.880162954833986,0.16871487477511415
2895,-0.22213381546278407,-114955.23445312497,27.628469972656262,-0.4089983529142184
2896,-0.21110549148313512,-85372.65077148436,12.205695446044928,0.25237024110287565
2897,-0.08767514576371603,-45372.6946105957,17.32595245410157,0.8457549241845818
2898,0.007330220258734113,3832.8599755859395,17.309258480468742,0.30270391177007394
2899,0.14295093027542222,109766.6696447754,28.954134501220707,0.06366740250049789
2900,-0.28331280323419844,-170501.49252807617,25.516197741088863,-0.06268688699951912
2901,-0.398181046974736,-268373.76441467286,39.63651189874266,0.08647116419334594
2902,-0.429065525668572,-294435.70662231446,38.767980986450205,0.0682182953294937
2903,0.2515993928395223,166089.88487304686,18.667176956054686,0.14191282024795085
2904,-0.6754946924726902,-351701.5717980957,37.88270600476073,-0.1459444784030716
2905,0.06402655647491162,42690.07388977049,22.514695068298337,0.21636620058658698
2906,-0.1350907359545862,-96471.93947509764,29.259167433959952,-0.046083158252579665
2907,0.046144502116021634,33187.16458129883,18.895674507568348,-0.0016773369466847705
2908,-0.1401178482436328,-97401.72616943359,25.140853183837887,0.1259259410325242
2909,-0.3950524731971513,-350374.1756518555,49.128684809326174,-0.14483126354833387
2910,-0.38781801660724424,-324852.5238110352,57.70246270507812,0.3365029422457009
2911,0.025552155534017747,14056.466818847628,13.614253001708992,-0.04245487405156235
2912,0.2632641592091595,121463.64125244139,11.268985496826192,-0.12521307461177175
2913,-0.1386095697146193,-116254.47487426757,22.713960476196302,-0.12100416500957417
2914,-0.7176264567352716,-344810.92677368165,42.86903563720703,-0.02143314712540594
2915,-0.09311845957654113,-58413.66204467774,23.052251000488283,-0.1769442188983001
2916,-0.2923529249510018,-131981.77235595701,20.411279270996083,0.2797383756427003
2917,-0.14356631812028858,-84681.02985107424,23.862263993652352,0.14941077508095293
2918,-0.09662346494523878,-62189.36527771001,25.867887984985344,-0.1628873889607203
2919,0.3698094606744199,240185.6841455078,12.40972000512695,0.10455573740375515
2920,-0.5931557890302933,-476625.89967285155,53.993850972167955,0.11413305893289839
2921,-0.3896511659197413,-253930.5810083008,28.471890587280274,0.25938988708906924
2922,0.05129070651363909,24113.614771728535,16.84710297778321,-0.3749812661589854
2923,0.30256948336893164,173730.1247790527,15.387766742187505,-0.27651267840539984
2924,-0.09040506544282471,-49207.75625244142,18.181087540283205,0.30774242910260113
2925,-0.45450040332930997,-342093.7305126954,49.01116000134278,0.3807340971245566
2926,-0.04618339948342818,-32100.79575561526,29.054370515869138,-0.22247739974774408
2927,0.03448436259310212,21344.830385742192,15.191324493164068,-0.09085779238353578
2928,-0.3372416270364619,-278541.678145752,43.40617739794922,0.011397124973215213
2929,0.42976301681487117,274573.1942810059,11.489842974365235,0.5814342741330775
2930,-0.3165596238070673,-239059.6696789551,35.927312986694346,-0.5655403130425288
2931,0.044791038134202474,26699.96850341796,13.273700972412108,-0.1605338993134654
2932,0.06426890173727852,59175.846558837904,27.84312976611328,0.35110595097705044
2933,-0.24019315246152415,-199253.79594970704,42.04275155541992,0.2679049023180783
2934,0.46520133933409064,288430.6301599121,17.569000498779282,-0.002181502967968205
2935,-0.4994700270037406,-240955.57476318357,30.46663497778319,0.34779330178960727
2936,-0.03142081617048698,-13281.415319824224,14.204956460937495,0.24527523432293102
2937,-0.3381984490231266,-176244.21026184084,27.07736704870606,0.26611790443025435
2938,-0.0716459346302401,-52091.68004516599,24.88139501782225,0.3448005882659289
2939,-0.02101500669521871,-21165.270224609383,37.16077392456055,0.18201038133497255
2940,-0.8980185512485712,-667663.9948840332,73.62293449133301,0.361735263170317
2941,-0.29031983902693415,-158781.32247802734,21.635339224731446,0.1941110788939415
2942,0.09853260126630949,60761.48921997068,20.80751699536132,0.06532462984629327
2943,-0.18518420204832955,-132247.63539794926,22.930558483642585,-0.10635481021144727
2944,0.24763528181651898,148344.6209716797,15.973740371826162,0.32441970856028707
2945,-0.056860112345090384,-41190.961571044914,15.808144622802722,-0.40528532611971846
2946,0.2633425418438504,105613.1749157715,11.01508096826172,-0.3759420157525039
2947,-0.057789590351440635,-29528.905296020523,19.393443003540032,-0.379903651961601
2948,-0.2053723187781487,-116285.6252258301,20.29606751013184,0.048354625136279784
2949,-0.20029810771122952,-123683.60085205079,22.38052453369142,0.21574410287838527
2950,-0.025613221370572866,-16828.496395263697,23.87837815344239,-0.08913583364743222
2951,-0.05021463161801485,-23922.684995117168,13.663282499267579,-0.2324609441803215
2952,0.12062616732998341,78316.55448974606,20.616608455200204,-0.22170871614279863
2953,0.019119622700721574,15988.810021972662,24.894217971923844,-0.35936409101032746
2954,-0.3570095893889225,-178260.07462646483,30.38948245971679,0.4897890132367847
2955,0.29025424774329667,121188.774934082,11.36049103222657,-0.22010919506005508
2956,-0.03255182981074119,-17278.189882812527,19.933576977050784,0.19478977760029534
2957,-0.6887421915982144,-548716.7072155762,58.764440467651355,-0.3056300208339679
2958,-0.2029266682396616,-120295.47332397458,27.840684331176767,0.05498926497769146
2959,-0.36303757154348454,-310513.66588012694,31.068803606323247,0.3350130398251791
2960,-0.13347625340247624,-88372.63980712891,22.572752500732427,-0.010950204165117893
2961,-0.29713820780381356,-234599.98683593754,39.71113489147949,-0.1560841925091067
2962,-0.01368060201438089,-7632.780554199198,20.75283649951173,0.07410639936193893
2963,-0.15058908599629842,-82915.92430664063,21.88489343579102,0.19762600756986543
2964,-0.34706617896310193,-190304.26052917482,26.10308157733155,0.02015987063366658
2965,-0.3381812568760041,-207470.3169958496,29.498910176757814,0.0031271916759083086
2966,-0.11456437348387977,-73708.55708374022,27.986592012573254,-0.023184356898261073
2967,-0.5298049639979253,-413732.1153430177,49.844826505126946,-0.06282229304416245
2968,-0.005088838600473041,-3409.6295214843994,18.72177794897461,0.6878994651778777
2969,-0.427537550433438,-330855.81482055667,51.47755998376466,0.11227348908666941
2970,-0.1977150581248456,-66964.54931823732,14.443708455444337,0.2724383284632121
2971,0.18307909426754318,75203.10589111329,13.4557539777832,0.5060758636443915
2972,-0.5302838572327898,-311434.40243164066,43.953411940429675,-0.1654298691991211
2973,-0.16943431807934112,-90306.25592529293,20.533112530029296,0.03285160490557285
2974,-0.2011923462563313,-167917.7400073242,30.02289948339845,0.1355373735855434
2975,-0.30036906854222045,-223383.82550170898,35.62220462219238,-0.026923721451175678
2976,0.5722580870205687,272211.15230712894,10.622651465087895,-0.22395002861549404
2977,-0.10900735067870855,-88864.04457214355,25.140731463134752,0.3467896786655584
2978,0.24551769594778625,159697.99275085446,16.1855274352417,-0.6658351155639732
2979,-0.07040526106121742,-42745.73492553712,22.7065504720459,0.10678289055594233
2980,-0.18600722993869725,-121813.99604736327,21.28510608898925,0.2217880404048083
2981,0.7228610951222545,291329.3642028809,10.052051492675778,0.1261399368408258
2982,0.06807826933351611,43343.01031127927,17.13996797851564,0.29489200562386964
2983,-0.551157896663404,-450918.41118896485,54.82975613012694,-0.12455505682144892
2984,-0.018262394339008833,-11684.635147705092,16.78103848339844,0.1495162539772183
2985,0.28579062558238194,133477.92045288082,8.291531489746086,-0.01848900479703723
2986,-0.6840551640158085,-394881.3203930664,40.05556051342772,0.237433775063002
2987,-0.3726607454711202,-236379.929498291,30.509367943725596,-0.1977399163655324
2988,-0.040492195034320944,-21764.206156616216,17.37253500683594,0.03170145892361302
2989,0.3489300801992621,132283.4274145508,9.86512559362792,0.044389662648409635
2990,-0.05993083419999275,-41016.824671630835,18.297480497314456,0.26115682627413495
2991,0.24130155906876646,86084.85395263674,5.866726998779318,-0.20875551206357107
2992,-0.24137887019021728,-176944.40915405273,22.715291489868157,0.7645051987627773
2993,-0.36935539930681094,-291374.8698168945,41.47036746679689,-0.011852544831452939
2994,0.10837795342862744,78800.02464965821,23.04881948925783,0.4849250933164748
2995,0.09480589103892603,49725.77938110351,13.335732974975592,0.16685534578495848
2996,-0.11138956849651774,-56711.5366101074,17.403621581420897,-0.19825292273093215
2997,-0.41252333926315277,-260828.91940795892,51.56361892321776,-0.18650244648872633
2998,-0.32916863626483256,-168449.32946289057,29.129254505859386,0.05992208037295918
2999,-0.10015697137120348,-69796.14894409187,27.23277496484376,0.07588550869034646
3000,-0.021496280480938983,-11810.643822021477,15.575448862060556,-0.16449400529588523
3001,-0.6007933747671168,-389621.82439453126,47.836113416503906,0.1521681727868717
3002,-0.16569180319318078,-107890.76976440428,27.217742962280276,-0.056735873680110585
3003,0.19069568623307803,152008.0179333496,18.377249708618166,0.5766784541966398
3004,-0.497642871054298,-321970.06817749026,39.19473679943846,-0.2549736929762489
3005,0.041107344850804334,18261.195860595704,17.194211943603506,-0.006065614747969849
3006,0.008422741178299147,5089.547225341768,17.945024477783207,-0.4093003584289786
3007,-0.09042146673348414,-77401.01927490231,26.42704840014649,0.3784712523672894
3008,-0.08663536377764139,-39929.164250488284,16.174521492553712,-0.07645735551914908
3009,-0.47208711142903137,-269564.49321166996,37.08915729919433,-0.3259290402427648
3010,0.24715563459797227,150841.94542602537,22.49409047924803,0.07925358794298361
3011,-0.33823054527903923,-249711.59492675783,35.636019989013676,-0.13280893616543116
3012,-0.5832043401275644,-335946.16415222164,36.81547095489502,-0.11409550039596193
3013,-0.3192482036721956,-202798.06549499507,23.676395544372557,0.8253380565154425
3014,-0.5033010597251334,-266182.3645141602,31.500576971923827,-0.4486124694970052
3015,-0.03382719073260773,-22461.603085937488,20.566918760375994,-0.21755624987815214
3016,-0.3811870680247336,-215718.0498413086,32.55885195056151,0.6730644718544728
3017,-0.21866533390321138,-107803.20996826174,27.111029496704088,-0.26687094227729985
3018,-0.3881385332836184,-263938.9349597168,32.23282548437499,0.04872130548552525
3019,-0.4983624827221482,-299011.38453002926,38.71331394494628,0.036115397533921366
3020,-0.12123688460405106,-80138.71065551759,33.923024977417,0.12849323427729462
3021,0.13008823475501602,51387.03173156739,10.076845220703131,0.15456174304836748
3022,-0.5999891789486027,-367591.269753418,37.580546973510735,0.36078881308527727
3023,-0.614410207609507,-378706.4542199707,45.43984952954098,-0.137936235778637
3024,-0.023303055782300602,-12419.000238647452,13.597159511108407,0.06296998086447106
3025,-0.4413973434272684,-304883.11334228516,45.41059298205566,0.12229310818547522
3026,-0.13583960244607401,-89908.01432617186,26.95551948010253,0.25907980881745823
3027,-0.8390530511783314,-653735.5505346679,71.75057103601073,-0.26627512162932876
3028,0.1169022149332942,60205.84975341796,12.737163987792972,0.0863136019386534
3029,-0.25388016920181905,-148559.66104248047,33.814658619628894,-0.2566926467209291
3030,0.13955426714788205,69818.41997558594,10.526859964599613,-0.01635403668051677
3031,-0.7411021355527195,-461887.4341577148,53.543397427978526,0.2237870712758841
3032,-0.46933130573894066,-230305.3011645508,23.673348647094716,-0.05065200498595961
3033,0.21850746138016386,130173.03416015627,18.223182014648454,0.6212541775812526
3034,-0.18954477213101176,-131185.15974609376,38.85689892175293,0.14142074453632195
3035,-0.46644973871368295,-230695.38947875975,29.456923473876962,-0.037658669389308244
3036,-0.13725749337859006,-96351.52245971683,25.8820576878662,0.10719557051563988
3037,-0.4991749069818635,-361054.0000708008,44.69842201660157,0.4486600436749963
3038,-0.1163371238019075,-95791.73894226074,24.792202453613267,0.24796849260577122
3039,-0.009103518567003645,-5506.535650634782,18.041097521484375,0.08787263641149304
3040,-0.369060570074304,-242742.0993786621,35.53927890734864,0.43744165698065357
3041,0.19476352901974078,96786.08038452148,11.113324998779293,0.5810119858728683
3042,0.04962821553896954,21664.185198974606,13.105605466918949,0.28995152473600777
3043,-0.11340498140358725,-50953.67908325194,11.912384493408211,0.01534142196150311
3044,0.27862281884901335,168094.8238769531,13.710140987060546,0.5546200323194254
3045,-0.10039212702235079,-57869.92952148438,16.08691845117187,0.29315689560552566
3046,-0.10170661996784092,-75485.39947875973,22.797937477294926,-0.05918164182071672
3047,0.06667262531988699,51755.1943688965,19.861301030273445,0.03320589483262201
3048,-0.10543011759476728,-59439.39409423826,21.393264911132807,-0.06765756047858022
3049,-0.28454945939561266,-177072.68422851557,31.990174427001943,0.030731817514524144
3050,0.12064174195189555,71011.51486816406,10.324027497924794,-0.3264951128682763
3051,0.20325862409180706,96911.38459045411,7.657943493408198,0.15948783692782892
3052,-0.5795737920256312,-425973.50114013674,48.729644122802725,-0.24766676313690644
3053,-0.40296163535019225,-290066.525446167,51.66789006768797,-0.32679546053650593
3054,-0.08113033953254281,-53763.04028503416,26.82229552075195,-0.04673398690136386
3055,-0.0055685291770025775,-3398.530133056658,15.299562019653315,-0.14001373149317609
3056,-0.1991983124322936,-121973.34066284179,27.936349563232426,-0.024802154491603702
3057,-0.36238627790164757,-229519.50263671874,30.899972880859384,0.19799832834343903
3058,-0.32609487757478456,-209799.8744360351,39.00615543872069,0.5861489889956464
3059,0.11493246925050911,63437.46574584962,20.567734481201168,0.22716419609389737
3060,0.1845266780901121,89106.56544311525,11.113324998779293,0.04310060656074596
3061,-0.6261286671862204,-462003.61543273926,56.018225537658694,-0.03772082276095402
3062,0.1544439379139253,86121.10533813477,10.382215480224602,-0.039347473978892544
3063,0.15577656725337363,107955.33346740722,17.596625990478508,0.2570808169011331
3064,-0.28232877814869306,-204196.2298657227,31.11471995532226,-0.3711184812956103
3065,0.17566900589184523,118000.00460083006,17.796659448608406,-0.13031974493691365
3066,0.16749282723645156,129056.47100952144,19.557208998779302,0.11999116338409663
3067,-0.45427985000669757,-291608.45026123046,35.54398399707031,-0.25797518668617464
3068,-0.025154121055303597,-13600.085174560576,16.61581251977539,-0.08039513199777121
3069,-0.23466970371986154,-181759.87667846677,30.038918446655266,0.36434247796109803
3070,-0.22605235225308745,-183134.96507446293,34.856909993896494,-0.23407402415082829
3071,0.45191282241869885,164857.29026916507,10.941601497070316,-0.2447612935129154
3072,-0.2724873919491132,-156760.4694592285,24.361806952758787,0.15540815780735057
3073,-0.031875695237136695,-23142.819774169948,24.426901499267576,0.5195615938918515
3074,-0.6142127688335578,-391142.58427734376,44.93706092236329,-0.056794241269808594
3075,-0.23588863163374058,-193584.32056396478,44.28406148937987,-0.004498188384977508
3076,0.37896692956750727,211361.01125854492,16.344210954589837,0.16512020526039148
3077,-0.006080002472351341,-4268.5556982421695,19.745294478881835,-0.4268388557294159
3078,0.31989388067375635,178170.62192871093,8.957130004882814,0.499692121403773
3079,-0.06347896675978554,-41462.53442626952,24.019136980468755,-0.4254694173263098
3080,-0.24669449649296615,-150289.40016174316,30.701069488464356,0.21790889053804235
3081,-0.18640476941212497,-109585.19907714844,18.897846011230467,-0.28951721367617556
3082,-0.16753682948146678,-125664.4822631836,30.979853013549803,-0.5312703574557827
3083,-0.27837898812340633,-122770.39134277345,21.207872691650387,-0.37912969878601777
3084,-0.46009947787781064,-303975.9852703857,46.5840649631958,0.06920343340967187
3085,-0.34921742669966743,-218358.3601940918,31.79730401037597,-0.30752611346410447
3086,-0.5096423719842919,-237774.19209350587,32.13231490124512,0.2129933185007072
3087,-0.35719326984955996,-200227.69105712892,27.124848118652334,-0.139534723272119
3088,0.00849269160460506,3441.939117431677,11.695499402954104,-0.2779680003014319
3089,0.08248842098083857,58875.71881713869,19.081558158691404,0.2839268728419077
3090,0.3788170236083023,161141.80432250976,11.150600490478519,-0.23741933867233475
3091,-0.25909900350446496,-185009.1301623535,32.63915096850586,-0.026798873440795328
3092,0.047136540437872215,38018.93531799321,18.49988745507812,0.034052269317935716
3093,-0.4344790068107027,-266297.3903479004,42.54165893859861,-0.2608550538957061
3094,-0.09657669523681942,-88119.45144653323,42.379047139526364,0.14154780214151164
3095,-0.30751478568642654,-225841.5934625244,47.814887906005836,0.31041583847107296
3096,0.49408882533330895,301985.5598022461,11.534815014648437,0.22724636464217285
3097,0.06197851527053107,46344.68533447265,20.548692010253898,0.07760615589016077
3098,-0.18937614255538074,-125670.89182006835,15.426733997314459,-0.0026419946031974867
3099,-0.1630875668247005,-107052.37613891599,22.135845578735356,0.5538053926719998
3100,0.3990574214172031,225707.7249597168,16.183959971923812,0.20116247170308282
3101,-0.35647237583888824,-206582.78881225584,25.45023442126465,0.1181285805154257
3102,-0.43965695270816996,-252084.04920043945,26.803863502441416,-0.18280874416759277
3103,-0.7081745673292857,-427839.12417480466,45.867845423583994,-0.011659090496259546
3104,-0.4785991898804953,-243987.24842468265,27.28819783148193,0.28659924367517514
3105,-0.003742319568148341,-2000.7060717773638,17.37600101086425,0.10775769017402896
3106,-0.2924377931379316,-140108.76639038086,26.454415141845704,-0.17922756923427574
3107,0.10511531985148531,60108.91792602539,20.892708700317378,0.08727186752156589
3108,-0.6072109105384661,-426428.9746789551,46.62144800280761,0.06730420758239394
3109,0.3931920580662993,286967.0496667481,22.000323005371097,0.3060521197941777
3110,-0.03774914667380811,-20356.628458251944,21.439099041503912,-0.4815129624967975
3111,-0.1123822926649475,-65259.339364013664,15.02676949755859,-0.1511574404665179
3112,-0.2072617004189574,-135931.2643029785,26.21073594726563,0.21987806145926503
3113,0.08917101837128592,35095.4232562256,18.896421009765614,-0.2882097489973122
3114,-0.1219433249587335,-82282.58704833986,32.19542814599608,0.06193961490433414
3115,-0.018629479287791784,-14537.139670410077,36.97124897705078,0.3356975111959442
3116,-0.11645563252442834,-67131.74826049803,13.269519992675782,-0.04178188544549817
3117,-0.5185211015159238,-390822.5209130859,47.71896109374999,-0.3250457375707843
3118,-0.02641206402485277,-11667.534254150392,13.45656195410156,-0.17457539833538893
3119,-0.41242130802598714,-258621.45943725583,30.123934927978507,-0.13988844689261556
3120,0.4500289878872549,322259.1630493164,17.063958091308596,0.45929900884034974
3121,-0.2082948131312329,-164557.4420501709,20.214683681579587,-0.3012408358860854
3122,-0.34522535979839786,-226549.3295410156,28.313291452392576,0.09442795515636503
3123,0.1361338885282542,107730.2460192871,17.96809048449707,0.5349409340179208
3124,0.5246785171726253,336083.23016967776,13.04689399975587,0.11097973099676176
3125,0.2477890971256907,173787.28861572265,22.759505120727535,0.16500053080914917
3126,-0.14573835986651973,-94002.74964111327,25.230317499023442,0.11590064282385047
3127,-0.10848193374521244,-67177.94541992189,21.835002023925785,0.23320990965909036
3128,-0.30078150371423196,-186217.47283203132,28.546714994873046,0.6036023839544653
3129,-0.26788697652030097,-179187.1103503418,20.756502071411127,0.2271110952011411
3130,-0.20973240189168885,-111697.77979125973,17.15619551635742,-0.1752842547132161
3131,-0.3102797165072719,-224254.11043701175,31.90770199316406,-0.049665044666153124
3132,-0.6104076254942936,-410862.8128686523,42.0959133059082,0.09689736249978016
3133,-0.22492935199559635,-161077.16504760738,30.552812965332016,-0.02508938945593941
3134,0.387723463724003,192979.3508984375,11.36153497802734,-0.38818230206474047
3135,-0.19026886740587773,-115634.7493206787,20.538942968505864,0.016847169782012072
3136,0.1503346763994781,112456.68195495606,21.11769285723877,-0.35895802533295923
3137,-0.09928235869226071,-61455.93957519531,25.151081473144526,-0.21754718681226462
3138,-0.3172401962330022,-217456.82389038085,28.313229460083004,0.0827252505132033
3139,-0.0008729148545725857,-357.61074951173214,14.053579495605478,-0.25614856878707287
3140,-0.07138076694577694,-52563.89406005859,32.60380394799803,-0.268402465452741
3141,0.37011246342751425,185820.22457458498,13.086977985351567,0.7633247291063301
3142,0.576140366272296,344671.0104577637,16.8314569987793,0.5264298896143002
3143,-0.42835195075779536,-296808.1959814453,34.96683559082032,0.23976513492363466
3144,-0.13469151140576355,-104392.8534130859,16.8091177915039,0.11948400707645282
3145,-0.2729825444552777,-168358.7603149414,27.051149958984368,0.6246053984506754
3146,-0.14147267746261832,-127776.68011108399,32.83497610375976,-0.24667351571350776
3147,-0.6296044352870759,-431859.3156884766,60.240641546875004,-0.11129401155738766
3148,-0.4665088136318053,-298943.67561279295,33.86977215832518,0.20067386376166463
3149,-0.2886094713139991,-131799.70419311523,28.417653463134762,0.305341178165243
3150,-0.08756702239910087,-49925.815642089816,22.43895851757813,0.7534379713424117
3151,-0.30446034203867034,-178514.97054626467,31.286238997558595,-0.41395941306958633
3152,-0.005111185297068771,-4431.176108398475,27.869856071289068,-0.15843751151314683
3153,-0.2000988017020823,-120807.75001708983,27.7360279621582,0.1268599492080494
3154,-0.3072496294001003,-176140.96979980468,22.31783197375487,-0.31660809426458913
3155,-0.5659718771283226,-451164.81295654294,45.11648129565428,-0.3631220613868627
3156,-0.41659704451774704,-271994.1717712402,32.80485066601562,-0.44798188272800565
3157,-0.26993725288805137,-165016.01203430173,30.486670660156257,-0.2924190387465224
3158,-0.08921477657140608,-54841.30869262694,20.172913998779293,0.26653582624655353
3159,-0.2780145679609067,-161214.47990844728,27.762581503662094,-0.0762923530174076
3160,-0.05820439044166254,-33492.73393310547,19.75952695776366,0.19815286548085678
3161,0.11116849578509291,56657.18913269044,12.397226567626953,0.11406761893354767
3162,-0.4519947811081673,-292400.6102807617,36.44787503979492,-0.09187155561884028
3163,0.006751663505481937,4728.939008789064,20.535412488525395,0.05404508167120323
3164,-0.1895652487013067,-136154.83205932615,28.322218388916014,-0.033294928748390476
3165,-0.5490860681225694,-384102.4092529297,55.7311864436035,0.6443406479334415
3166,-0.07059491476852367,-51694.18483154301,38.01849918237304,0.2302697547174793
3167,-0.03941992243780152,-26523.355141601554,21.486218019531247,0.5946222958675573
3168,0.14481859489156176,84114.22650390628,18.32863448071289,-0.299966094308857
3169,-0.6086953633263894,-400297.09495727543,51.81418250842286,0.26477548738461637
3170,-0.044450410245856935,-21239.05022216795,18.23870572338868,-0.0017711127194593725
3171,-0.09869714886749974,-53675.97550476075,19.655015536865232,0.22872937998947684
3172,0.19336307254358712,125419.71541625979,30.169322938598647,0.041815254015231916
3173,-0.17018038288779574,-112408.85473022464,24.82208097265626,-0.34262900325812995
3174,0.11416337051815581,70503.3274621582,17.106120001464838,-0.05813529684082396
3175,-0.171040761972047,-119435.73307739256,30.37015192382812,-0.1551755244186822
3176,0.11034247243852921,76566.71556152344,21.323021476440434,0.11990251409146488
3177,-0.5943500435584301,-399092.98498962406,43.46802797692871,0.07923490538302325
3178,0.12461634258521839,67202.8245361328,15.461247486083979,-0.31943542919771556
3179,-0.11187587774299515,-65005.96917846681,26.119507960693376,0.40262660280665863
3180,-0.45421121395661573,-294355.8840930176,38.49298439196777,-0.07864717672982903
3181,0.5243929524281088,217684.69436767575,8.291531489746099,0.4589689688107818
3182,-0.35691198335459756,-231181.7173242187,26.015070015258797,-0.27069597850768884
3183,-0.20549090626985705,-136893.19462402345,20.57063799194336,-0.17844518676642523
3184,-0.3726397122995529,-210148.3747045899,28.474501479614243,-0.17699691291627553
3185,-0.32324193929770473,-171366.35907958983,23.96265645483398,0.0001204156435413247
3186,-0.5631657534164027,-302035.9450390625,39.259214982543945,0.07960059312422134
3187,-0.29031030684081743,-187102.2592340088,24.251823490417472,-0.29416318869809965
3188,-0.3003289912178807,-193554.18200073246,28.368738981811525,0.04880306122888667
3189,0.007027141447109321,4384.935670166,18.484702966552728,0.19546591037239097
3190,-0.5678105708497917,-415958.0460882569,53.522554573669424,-0.3799706627011048
3191,0.23441753266248308,128057.60858398437,16.369136018798827,0.28967380009118693
3192,0.08213877933338404,54741.40287109375,14.396748999511708,0.30552257735529037
3193,-0.16674747308877585,-109485.99976196288,27.43655904211426,-0.26659304139029727
3194,-0.1352693627251029,-90074.25217529298,26.752465633911125,0.12368121200128894
3195,0.21870969849081234,113699.98995483399,14.207760010620113,-0.16812673662482355
3196,0.014309649934615063,9617.238277587876,17.237926471679682,0.43359742096544424
3197,-0.1148578323533427,-83037.40181457518,31.3028726572876,0.1745530201464951
3198,0.37910920634296585,236195.19534301755,10.416649993896485,-0.19089894168123045
3199,-0.5266937347508986,-232054.82003662107,25.33115596606445,0.2747941005537373
3200,-0.12423334191335128,-60756.730020751944,25.70163703015137,-0.08364765750340149
3201,0.06299460843373857,35820.05998657225,12.579391215576175,0.30635498506850656
3202,-0.4104802089447001,-283118.5412463379,44.362094681762706,-0.2049955900622517
3203,-0.19776873720834534,-144297.85210327152,23.847904780761713,-0.0655973411580163
3204,0.05080969220628875,33935.66532592772,17.150961430175776,0.17161150329377892
3205,0.3867004503316621,243728.0202099609,11.41468449011231,-0.029782878119179658
3206,-0.13420028344745488,-94841.93184997559,19.831207655151374,0.4126412837834175
3207,-0.11941533323356777,-85681.12919189452,26.747314012939448,0.28941913449995255
3208,0.17696843992532132,139784.36358825682,17.776457070861813,0.1420309583620029
3209,0.1314889346723838,83530.68950195311,17.110967020507797,0.22877552211361132
3210,-0.781006713289862,-533082.005180664,59.52846548242186,0.021694674775005543
3211,-0.24546109100794594,-180327.2846118164,25.508419457275384,-0.08148165521518978
3212,-0.11443302582097727,-69575.70046508792,14.429759940429685,0.13644823179403906
3213,-0.8349677425024442,-659071.3489562988,67.68540489562986,0.13762773064482084
3214,-0.1311292452491872,-88180.79014465332,24.526262016479496,-0.013378436155656663
3215,0.2061608078779359,121711.08453979492,21.291730997558602,-0.27574305363406676
3216,-0.04925836421123346,-35078.37579223632,18.617540028930666,-0.060330861239484515
3217,-0.5340178674428151,-344521.0803125,38.582058027099606,0.7121703672149
3218,0.23537163199930686,133069.84580688475,11.092839485107408,-0.3868074248862723
3219,0.597735742882118,354389.324095459,14.734434946167003,-0.3745296908519606
3220,-0.15459329711021189,-84618.98067932126,14.45464300628663,0.30942761478459424
3221,0.6658327010454042,442853.22428833006,11.57994752038573,0.26335025270524337
3222,0.6750511060438855,361626.8985778809,13.270801997558598,-0.19465055661993647
3223,-0.07528208012371564,-44246.84016723634,22.198581976928704,0.03404080279203389
3224,-0.36319829990158986,-231303.86513061525,35.880314032470714,0.3024707671382243
3225,-0.017889089516464708,-12777.404791870133,22.412784437255866,-0.06805649914529961
3226,-0.21546592516012655,-118632.31485961916,25.099839465942374,-0.09550402896090919
3227,0.30775898386511175,166204.35423339845,11.560088988281251,0.3139200880493303
3228,-0.6264312113386334,-417810.8596765137,43.07179399987793,0.28887644604541873
3229,-0.785383452034982,-713436.8895471191,78.12350794567871,0.2912002119095487
3230,0.5320053832721499,277392.80811645504,15.447606474609346,-0.02987980134372003
3231,0.16523579791670023,97347.65009033204,11.63394353540038,-0.06358274725735534
3232,0.22216170677197455,155569.49467285158,18.74969149633788,-0.019899437821944775
3233,-0.25106834882843165,-119872.80148437498,23.35394761938476,0.8288330473007269
3234,0.19129757065127662,137849.70512207033,12.810237992919934,0.036395465906277624
3235,0.3621879662245946,152967.33815063478,8.391879977783189,0.3044322880958363
3236,-0.19280129500399693,-134657.51831665036,20.772871848266593,0.4137990293449363
3237,-0.050297280187584406,-28882.206530761716,23.928639632812505,0.0686157059036023
3238,0.45915824024938817,214293.13524658204,11.703694007446291,-0.32015652639031095
3239,-0.17697146682925327,-143022.59135253905,32.66263749243163,0.25838213788190995
3240,0.08979115368933947,55150.96956054691,16.626549493896484,-0.017405324960422592
3241,-0.17369469260869877,-127372.23086791995,27.747918063842775,-0.2349368329814954
3242,-0.20239769228207635,-147455.41030395508,41.31461697558594,0.10174409651826428
3243,-0.7161866918591815,-531275.9339147949,55.54756740185547,0.07170217926749668
3244,-0.20592622295563884,-111424.56580566411,24.25464101916504,-0.10132411030129972
3245,-0.0637184772711924,-43378.473071289096,23.29477743920898,-0.15576200041998842
3246,-0.4482391924416084,-381453.71091796877,49.86655957177735,0.7683654263380043
3247,-0.1114396717671797,-72767.7542492676,23.91287222460938,0.13314416410813526
3248,-0.19941007029445265,-111391.98398315434,17.74832142041015,-0.308363949774618
3249,-0.13109312997518974,-89175.79190917968,30.806202925537107,0.147010367893654
3250,-0.16378068612577687,-97561.08800048828,21.476659777587884,0.06264322264094721
3251,-0.07096529211322483,-37151.18983764648,13.09095697631836,0.1406403244296054
3252,-0.011318336030672121,-5510.147312011708,12.772626517456048,0.25779270177597385
3253,-0.3299514568591351,-237066.68658935546,31.76355803979493,0.33270463826313706
3254,-0.16353636787730827,-101150.85544799802,36.096547995971676,-0.025775795540561506
3255,-0.24225694068502301,-189307.91159545898,24.440512989379883,0.2787873563201615
3256,-0.16227922521735422,-117651.51917724608,27.645246867553713,0.18392624547887665
3257,-0.23604972094206755,-175789.8999420166,33.815960322998066,0.32108570631736877
3258,0.0982815887959158,53798.44036376955,13.138124477905269,0.12103206011739746
3259,-0.4660392385794379,-248363.39959716797,28.521583442016606,-0.3429468478214685
3260,0.21589254169671485,128353.35739257814,10.683641012451169,-0.11399472921993345
3261,-0.3111170214771953,-224065.20622558598,37.01515858984376,-0.03287404373711337
3262,-0.34387070625715566,-203328.64283081057,32.706422344848626,-0.04229699635989328
3263,-0.13305307759610058,-85542.59654296876,22.332327131225586,0.2552249005088754
3264,0.23811599256974678,165776.67443847653,19.057476005615236,-0.22742412181699098
3265,-0.43178597910435595,-317860.4874316406,40.17907825170899,-0.1453273101719777
3266,0.19135212069138566,112037.98031249996,15.250142470458988,0.43996417539873084
3267,-0.008999421241270051,-4110.0150500488235,16.790376986694337,0.25607184935783545
3268,-0.7063113757037595,-421820.67397583,50.37691291003416,0.10664641521711965
3269,-0.29005244417857756,-186195.9042346191,19.991245435180655,0.286330662151488
3270,-0.11749538903331326,-77518.00732666017,17.857962671142573,-0.1753951874646522
3271,-0.4254560914107256,-197409.40583129882,30.0238520579834,-0.11564336824280871
3272,-0.10292927898188955,-58806.510354003876,19.679660509765636,-0.0670891306689301
3273,-0.18900475954750395,-112072.97753051759,33.231300426391606,0.18187919498105198
3274,-0.039109467463833855,-23982.217218017584,20.311516962646483,0.10878750530797042
3275,-0.5678462597512762,-404010.3300952148,42.44356499194335,0.1787200308157622
3276,0.1670781248030089,97265.02100585934,11.875318992919906,-0.09961985044718806
3277,-0.30448572575781796,-232249.57088745115,38.472417052368144,-0.25410195846160544
3278,-0.40709243359807373,-282691.5043041992,35.20030744458008,-0.16020654821201882
3279,-0.25685336914398826,-173603.09588745117,23.0626355965576,0.13487397493190947
3280,-0.2901101334886776,-232806.26021972657,39.96336899414062,-0.11558261726309817
3281,0.24523165916125864,119386.93927856444,9.9852209987793,-0.20244090875109036
3282,0.08183327755104655,42035.74116577147,11.113324998779305,-0.09221178150797549
3283,0.007865110322606051,4760.520050048857,20.142345034667965,0.3523718762767844
3284,0.14709512352234227,79347.70080444336,16.414772289794914,-0.14674173366965648
3285,-0.12779675396266085,-84287.78677978516,27.800986974365216,-0.21601181009298653
3286,-0.30621734916705434,-274777.1359710693,36.874942506652836,0.30066877214171345
3287,0.1049657349168152,67197.38468627931,14.623104438964837,0.1666247052000855
3288,0.11848053926177213,79147.68949157713,19.627952034667974,0.4018498382266065
3289,0.09171159346064474,55292.49546630857,13.886066017700207,0.101721954504835
3290,0.1543158886304702,84074.4974536133,15.117559485351572,-0.29278829489950065
3291,-0.45558075851714924,-335886.24014648434,43.6167802355957,0.4211819299115781
3292,0.18586874478906157,111665.8801257324,19.392259997192372,0.27642266666803333
3293,0.07669209098233407,51626.68974609376,19.40485648852538,0.17402373861639994
3294,0.2037518654542415,155456.643963623,12.853242006591788,-0.2615840420264003
3295,-0.41018554809399627,-286580.72985717776,39.33147997424316,-0.3214788705987954
3296,-0.34220520690309636,-264747.3611743164,46.87134004687499,-0.23401132541687364
3297,-0.26800329806111234,-164958.9339794922,23.91771909033202,-0.16969461980467446
3298,-0.17663937580563896,-111238.4405499268,34.58707347125245,-0.06176671662539434
3299,-0.0019680781632668855,-1439.454904785125,15.671081015869138,0.283673819083404
3300,-0.479483562966373,-363434.294810791,39.64392248034668,0.26165639808191277
3301,-0.10881808202827903,-72285.61030151365,21.646779986938487,-0.1495330004337648
3302,-0.05195748104770548,-36444.03005126953,37.16177901208495,0.1788833212196259
3303,-0.2705615985449333,-169982.42494506834,31.4166044786377,0.5790000073218554
3304,-0.4172916595330673,-283929.1901098633,43.645351515380845,-0.35227425911897736
3305,-0.0626350668298694,-39562.08523315433,21.060114546875003,0.47910872523529563
3306,-0.04145625895568576,-24614.325358886723,23.386671993530275,0.617691760785959
3307,-0.08886199244256957,-56074.08052368162,25.13132102197267,-0.050585043552871696
3308,-0.026357695324758935,-16013.796898193359,14.161972138305673,-0.3520429350855219
3309,0.3976665426278407,203791.0501220703,11.158327976074208,0.03633610895292608
3310,-0.44995103760832955,-281522.5950170898,40.05068303479004,-0.4140464234386394
3311,-0.310281509284533,-159142.44551147462,23.661648059204115,-0.08628126349615942
3312,0.06571716661026587,31860.684770507796,12.67085196118164,-0.29309678860025673
3313,-0.06205295156174955,-32575.119451904306,13.257620008789061,0.6864031205579694
3314,0.18938794232456857,75624.74684143063,11.955735994384764,0.0856866392023299
3315,0.5048717474777046,318093.6649438477,16.34971147631835,-0.19327176711425
3316,-0.43567369613482915,-258239.07420532225,37.26504059643555,0.04211604199158806
3317,-0.5262616086767856,-284245.3904882813,35.16403197509766,0.38553105304736723
3318,0.006642790095871488,4232.994611816408,27.177160021484376,0.4142520126562534
3319,0.6817522755295573,408030.7052441406,8.957130004882814,0.18308488624779162
3320,-0.3998215816862912,-323822.929767456,42.636074481506355,0.24090935145119186
3321,0.3955487152972728,186544.25159729004,7.8413483322753805,0.4901891326553755
3322,-0.3180840335424887,-176017.21094299314,23.202383228698732,0.15783442144957444
3323,-0.17022095027788148,-71780.1052496338,18.344027036621096,-0.17083778404870592
3324,-0.053250323424113746,-32671.787296142546,24.166586953857426,0.0036842558115666117
3325,-0.36054819817106,-264061.92425415036,32.0348704234619,-0.17962007351713127
3326,0.030681535212628227,18071.439541015585,15.703352998779296,-0.014042735474752528
3327,-0.1475702963344811,-103032.29951660159,24.708013500976563,0.0849370845097639
3328,-0.07862042972483169,-43325.957109375,16.66325201599122,-0.06908926476626728
3329,-0.24620114816477304,-184893.84980163578,28.49693014916992,0.13548324433236764
3330,-0.6562156041470147,-413778.7455041504,43.39201801867674,0.23077043709292597
3331,-0.7460553913458682,-456030.7213342285,53.886029677124014,0.03675187321695341
3332,0.3817607184387454,260606.06975097655,21.02743548657226,0.2662080781330129
3333,-0.11022809305271541,-62616.72621337891,21.478219996337895,0.21846268975871597
3334,-0.332435438602178,-249457.50049194336,31.64538151062011,-0.33537258981173107
3335,-0.242763464054874,-161835.11487182614,31.52258499572752,0.6697691291296715
3336,0.22978155464198383,125114.50246948238,13.123496467041015,0.07678488516611037
3337,-0.4701148419287285,-282278.15056640626,36.029354036376965,0.034501842350859506
3338,0.13459380923181782,50700.90293212891,8.34759996447754,-0.41268675869744975
3339,0.13743598186563538,83764.81535888671,18.58232546447754,-0.044943350842231417
3340,-0.2910876124000925,-152192.3994042969,25.818346481933585,-0.14406457097166428
3341,0.23500109113241321,179004.7895080566,16.865841034667962,-0.3261881065192953
3342,-0.4046154309479559,-242246.82835327147,33.027370591918945,0.32199842170820797
3343,-0.40208201944048805,-260242.50607238765,39.330727181152355,-0.055217212879708634
3344,-0.24112728092777083,-190532.57770751952,34.04055926757813,-0.042368709796633396
3345,-0.35983192295227995,-217564.09341796872,26.135697834106452,-0.15837878341912104
3346,-0.20804721463636577,-121834.81635253906,23.87754054614259,0.3071613504108147
3347,-0.6119344979610621,-429329.14419189456,52.99797763793943,-0.13767171887736732
3348,-0.19279485597282836,-105979.86441162108,27.091434005859377,0.04182752770010634
3349,0.0033047500871008907,1614.415546874996,13.778214921874996,0.10255628555031496
3350,0.028940580124360085,18561.566263427776,24.905191028076175,-0.19336431221760905
3351,0.1779656075818191,118001.9451660156,22.113093513916038,0.25854531383979595
3352,-0.4080478605766591,-295955.7144262695,29.931424449951166,-0.4123546499943754
3353,-0.20041977516026338,-126150.69952148439,23.316229448242183,0.20704296974366115
3354,-0.6141332641158456,-370311.9354711914,43.56669347106933,-0.30493893187344795
3355,0.032634956743491,16009.495671386721,19.760217492431632,-0.3863897629505777
3356,-0.05535189882219042,-31448.183486328104,16.20816450659179,0.4263971618828133
3357,0.019948259117022728,11555.130327148421,16.353807007324217,0.23672864937577628
3358,-0.13115028383441213,-104232.55020629882,40.53312392749025,0.15183703208889046
3359,0.858422564229624,454343.72130371095,10.453913656372064,-0.38116584028443784
3360,-0.06545882462285818,-41607.99008789062,21.11197020092774,0.47760596867041694
3361,-0.5888126724449205,-413066.8352612305,41.87622552465821,-0.063570302210685
3362,-0.1479693568494139,-101271.2859564209,24.419409939819342,0.02587705352190376
3363,-0.3395460735194272,-226954.69006164547,38.45398899224853,-0.10442255650680932
3364,-0.3707830033379882,-305214.6801904297,44.8038150102539,0.16470749610196744
3365,-0.48440311417523696,-344133.8834356689,40.09387416979979,-0.08555931511364627
3366,-0.5752820724784297,-300534.2051855469,31.442291996215822,0.16442910976112565
3367,0.016904184092069067,8621.931531982409,10.22473699682618,0.31109986526078476
3368,0.3245023663679568,166210.75590087887,18.86473033593751,-0.046954876672663064
3369,-0.4564280722815558,-255882.4507910156,34.107385911621094,-0.22378691218885596
3370,0.1401155810010269,92407.00615478514,13.431157611206057,0.10882767077240854
3371,-0.3999980419548375,-199554.931930542,28.8395166359253,-0.12302012053110013
3372,-0.26736004515053025,-159802.26575683593,24.05304459667967,-0.11428156857242494
3373,-0.41917009308750713,-290312.9896539306,33.91955545495604,-0.09032926809027568
3374,-0.0010759993760265003,-847.6200268554567,19.65535349707031,-0.039833291779091944
3375,0.02706348100685091,18359.13499023438,22.092844459472666,-0.09164417022237888
3376,0.08672930389993469,60475.33511718745,22.433788998779296,0.24879340759938837
3377,-0.0479278118261189,-26376.825942382828,21.291730997558588,0.17369440586467325
3378,0.13608084347784433,51322.74506591797,8.650796968994138,0.2190924554918362
3379,-0.016035664486873144,-9735.008449707035,15.620662340087884,0.14713947110674774
3380,0.21295420952643668,102052.68040039061,11.17542499584962,0.3008638095596175
3381,0.012095853025462238,9265.379923095694,22.469365484619143,0.2484983045050559
3382,0.17562252354273467,103520.3298522949,20.385817001953114,0.13806352042443398
3383,-0.22671242789986704,-136948.77020874023,16.829257972045895,0.22886759865542936
3384,-0.32111237601345044,-265706.4838287353,39.928946346191395,-0.15090094190737507
3385,-0.08696495022106146,-52086.894892578115,20.573647481811534,-0.5571858462820496
3386,-0.15839735110415412,-119829.70961425782,23.01382412939452,0.02187314498041666
3387,0.263055420351725,135076.63466918946,11.46984697631835,0.050830279467263144
3388,-0.6214112767844037,-385817.02493041987,45.50210743847655,-0.26668590699790795
3389,0.3947709737507441,207419.0148577881,12.313014491943363,-0.4569583416313323
3390,0.11568500216622392,69359.29568481447,12.063610008544929,0.025246419748991132
3391,-0.33651990752005373,-246541.71475097653,41.7568414494629,0.0015555932659000443
3392,-0.011822953774278996,-5120.407292480471,12.407440511352535,-0.2778254781473512
3393,0.2004520329603973,93322.62061279296,14.976116476196284,-0.02152482408167695
3394,-0.6675548973828626,-471427.691159668,50.505744762573215,-0.5495213766265298
3395,-0.4142625833276554,-273127.97449096676,39.68786044689943,-0.7974272456300107
3396,0.09615766473999199,50578.109998779335,13.552629985717775,-0.5693021158634191
3397,-0.17495567673318566,-75483.50521789554,26.411817464599608,0.2579450876120651
3398,0.07515983956214307,50634.71527038571,11.835447485168453,0.4282132526318265
3399,-0.21862625431585186,-145547.48343383792,25.709593475585958,-0.4544402422217651
3400,-0.0476532808722101,-26627.79300415039,16.88048432824707,-0.3668479279727196
3401,-0.14366080531306016,-120046.07000854489,30.77586800927734,-0.2877952945430863
3402,-0.2082201949739624,-125203.31235595705,24.181032208862298,0.1284450273475213
3403,-0.32723771859686945,-200157.51853637688,29.515519858764648,-0.05021182239141846
3404,-0.09358035917783912,-66161.9401135254,21.504467977539065,-0.09539464448618422
3405,-0.2592716108173838,-168071.05478881835,35.714448002319344,0.33153018043252336
3406,-0.08792365092911139,-46994.286542968766,14.758807715576177,-0.26667543009072536
3407,-0.16716267123941295,-89530.78428466799,21.632261996093753,0.19461190481837007
3408,-0.019199687951075475,-11947.386891479506,16.437661494628923,0.1459686811969296
3409,0.11848646936634911,59386.21893554687,17.189941421264642,-0.09480943796669997
3410,0.08799334886634953,65039.83932556152,19.768855027160644,0.12311590524406468
3411,-0.8194388349671208,-510902.00473632815,54.683429504150396,0.4891009978917384
3412,0.07960993309420014,52066.06791992184,22.23845794213868,-0.08707392143956401
3413,0.07015181688673607,56092.389130859374,26.477872043457047,0.08135604376613045
3414,-0.22352787033744834,-86749.94458984376,10.228089991699218,0.5632507888152537
3415,0.28152343981216493,128490.76188537598,11.917531982910145,0.0431960301883853
3416,-0.5765055431740004,-334707.79053955077,41.190083519653285,-0.19942802606055907
3417,-0.008319820873311743,-5588.307354736331,29.00882604602049,0.17291233837230896
3418,0.10350282562358604,83956.74939453122,22.829027025390623,-0.15817750359320787
3419,-0.4291016738251201,-299990.5396575928,34.33559445117188,0.1408806547926023
3420,0.056284947943509675,26950.888417358387,11.253126458374027,0.00767302550335995
3421,-0.21331747416732474,-128526.01990356445,24.36622648742675,0.1284297418567734
3422,-0.011421466687669288,-5410.924118652336,14.750252988525386,-0.32084825802297845
3423,-0.11074646206508282,-78727.94886108399,18.49276290148925,0.2713844488725816
3424,-0.06232194708565802,-30751.480023193377,20.667131506957997,-0.44611334900481747
3425,-0.0004076200872136187,-240.54291503905552,32.7222419921875,-0.30809326269830645
3426,0.14259090400510177,77949.67694396972,16.955598990051275,0.4619931409586851
3427,0.010556262195084414,5256.260101318345,18.564017017700195,0.2149943074585737
3428,-0.1805774491878274,-81062.6940258789,13.697278998535161,-0.15881544209222972
3429,-0.38140468535323924,-249934.10900634766,30.32980439379882,-0.4186223373621643
3430,-0.15789653372935847,-81460.4664501953,14.414740148193353,-0.08104406877524198
3431,0.022034094230194624,12876.821494140626,22.30740395800781,-0.1723706613345647
3432,0.5679563440726934,248906.21958007812,7.564751986572263,0.06495992663344574
3433,-0.17595520689840752,-83168.05974060058,17.899943520141605,-0.14703388984062296
3434,-0.30061980301699426,-223649.37714599606,35.90959620629882,0.04439756369753022
3435,0.17912802940727315,129792.23513000489,20.272159518615727,-0.002986391091340091
3436,0.06505042183686942,37569.821548461914,17.305172311828613,-0.041560667687220075
3437,0.2975398258245314,186253.5501348877,21.964114455810538,0.28758028470059355
3438,-0.006863847807328929,-4571.054674072264,19.984369463745107,0.1473763499034572
3439,-0.6788218726391092,-398319.2650500488,42.76760450378417,-0.22681573536354455
3440,0.08760902431111131,54145.46961791991,19.98814050488281,0.12426339124605149
3441,0.2742768064453709,169954.42462158206,16.8314569987793,-0.14220104984613172
3442,-0.24683266135863638,-154586.7931262207,18.42335682556153,0.0721581457057261
3443,-0.33001690024243097,-242040.18457641604,35.22568842651367,-0.17075599959748658
3444,0.007496080705189707,5055.384071044944,18.387698069702147,-0.26139913472457904
3445,-0.5773525619741602,-332296.97510925296,42.14978503356935,0.5263916374113805
3446,-0.36759947521696906,-225358.69475952152,30.20247246057128,-0.08484658450172698
3447,-0.28600445392801654,-187249.92966674807,23.496456620361332,0.4388792046059534
3448,-0.2066476005384765,-109367.62425292972,17.158804410644528,-0.3094599878564789
3449,0.08658476696402821,53112.708532714794,26.14434152905275,-0.08099677422268879
3450,0.005062293983528349,2802.109583740239,17.457490985839836,-0.2020820654451635
3451,-0.06375165649831921,-27875.62978027345,14.762534482666013,-0.26802123256598154
3452,-0.13614178546009814,-76433.83510864258,19.778167999877933,0.08116335710143006
3453,-0.06977263417716541,-35536.697567138675,16.66987621398927,-0.2932792168366857
3454,0.16962833747008021,104885.95130249028,20.19124846533204,-0.046463998039058894
3455,0.5092521377996068,209644.13440429687,8.319443016357416,-0.11577719367065951
3456,-0.2660161457677043,-102423.98989135743,16.202281959838874,0.43546926483448795
3457,0.34300781233162836,216037.62056274415,24.632312961914067,0.21837541695000479
3458,0.15376302216940185,76092.54462158203,17.066981489257806,0.02440099841285386
3459,-0.301768273103989,-211428.01974609378,45.58205551440432,-0.05607844147065807
3460,-0.5211150537322554,-417876.20478393557,50.10739993957518,0.077962075238229
3461,-0.13415433143541597,-86909.35954040528,20.77878897424316,-0.07421902184226553
3462,-0.11959172764759418,-95999.90784912111,28.728735966308598,0.34833499816506075
3463,-0.340823146420002,-257429.17498535156,37.7157475,0.2883329759524391
3464,0.4822431269144784,313007.4799841308,13.884284322631837,0.1658785287888762
3465,-0.24229981018701266,-201613.62933593756,39.07933895458984,0.028811050900269995
3466,-0.2622623009454948,-198838.3150195313,33.733567001464834,0.014079204309825661
3467,-0.49348920702817706,-319471.4104528809,36.56880650280762,0.22038648202234679
3468,-0.4626760813363861,-364311.004831543,45.11892499731445,-0.2253569843610464
3469,-0.5503881707710523,-416089.6050317383,45.75712551928711,-0.09580951754654689
3470,0.10889110954941286,61935.23736877438,24.90803700048828,-0.3046840580976356
3471,0.03373600807817556,16278.084843139673,17.52570048205566,-0.1965315738801321
3472,0.2069371718164973,147583.2087231445,17.79791323901367,0.07216279890622958
3473,-0.19097425545847407,-135122.57608764648,23.2185795826416,0.21905001398214644
3474,0.05450574721074074,27130.199722900416,15.690399986816395,-0.22029920064889422
3475,0.04190110980813361,21408.5542651367,19.278526492675766,0.5551278150228092
3476,-0.1030523726258326,-48882.45062866212,17.02317148754883,0.32294474203226803
3477,0.08531275589108658,66067.04986083982,20.559309488525393,0.041759605054166475
3478,-0.4521157961265274,-326760.9569677734,34.8088642182617,-0.21603250812145908
3479,0.11976548719114205,52897.98716308592,10.511037512573239,-0.04395895521519983
3480,0.032152558083082525,21627.244907226566,20.37128295263671,0.20879825362776408
3481,-0.776504064352553,-476450.31365844724,54.3053443651123,-0.2336610640866011
3482,-0.28745751362717875,-198057.388828125,28.541894958740237,0.42652118386310767
3483,0.19431964754664724,135871.49013671876,14.8228510144043,0.23339527667858243
3484,-0.15166831965654642,-67874.6599108887,26.047449489746104,0.021809405301859413
3485,0.08759840950638223,55220.69041381833,19.29087097631836,0.03435115820213711
3486,0.6810364939534681,366030.0346911622,10.11865864831542,-0.2352601197014473
3487,-0.16350466028462826,-82433.94501708986,16.4715384909668,0.1815933185790861
3488,-0.36155214845204564,-253747.7587963867,34.61939703430175,-0.2539977426145074
3489,-0.1795504857669854,-102365.32570312498,27.998416031005853,0.03672420777984738
3490,0.22907807586247977,168951.0133630371,22.94855449084472,0.2474433160563516
3491,0.3424317436960634,202321.9558520508,15.775394001708984,-0.28454284300223903
3492,-0.2541840256487202,-197128.93337524415,37.157390869018556,0.17498167847388668
3493,0.08034031818414157,43364.30241210936,12.120254015380855,0.041539435476079356
3494,0.36044822187783637,191927.8149035645,12.964374961181639,-0.04793514545232455
3495,-0.2756720168194112,-166196.51893310546,26.667219898315413,-0.014541018465524365
3496,-0.12664905230381107,-75041.10732910153,30.541383453247068,0.2457232632687358
3497,-0.03094843406553935,-15332.304345703102,15.544965499633784,0.3553683003746518
3498,-0.2515971778680415,-129470.76488525391,22.312017003906252,0.3235776189842597
3499,-0.2024295617934738,-94451.46412475588,14.44250284948731,0.2605456628813733
3500,-0.10278680466674503,-71686.71000732425,23.59318894189453,0.05082940742768407
3501,-0.29924728870042455,-167043.1798876953,29.134279537841795,0.49000684209845813
3502,0.6373371821451612,270123.6658184815,5.478288968017581,-0.040193613176315174
3503,-0.06038426257244123,-39219.21778869628,14.715231134643544,-0.02513786400714776
3504,-0.18379009605744873,-87454.594052124,15.501918410827628,0.08078058392924836
3505,-0.0551901916318441,-32741.310710449223,13.99780003564453,-0.3099493670502508
3506,-0.5318139490870606,-279856.9808740234,39.255584674926766,-0.1471367231313774
3507,-0.24354051889971773,-150233.5879779053,21.620722446228015,0.35458412911640197
3508,0.33070597672009416,221505.83480346683,18.611947053833024,-0.02433521528848062
3509,0.004438169551505787,2071.048249511732,17.3511204897461,0.222265997492874
3510,-0.41973389709498554,-284950.2597290039,31.565569971679675,-0.5620369013935425
3511,-0.311635020680765,-159176.14737792965,28.391461676635743,0.0888009595491347
3512,-0.35682614000794916,-285479.5051525879,38.064242460815436,0.7312378255820506
3513,-0.377812584899404,-217421.74433105465,25.761944987426766,0.04031082078749301
3514,-0.609109277317585,-484840.9897521973,52.91785896874999,0.25626176284214847
3515,-0.27439322661568527,-214394.8605627441,36.1234230217285,0.0657094940021531
3516,-0.08319145488902613,-39607.63544616699,18.243460102050786,0.09360109546208202
3517,-0.08285079091854296,-62479.10214111327,16.477246456298825,-0.2359359293868817
3518,-0.011122484662583197,-6511.752425537103,13.288619987792963,-0.2991140610952513
3519,-0.0030038610923022574,-1895.3304968262019,12.550787477050793,-0.020125672633450407
3520,-0.06278163060291445,-41588.85196655271,14.392449689819337,-0.01880351560843332
3521,-0.061113808912026946,-33177.52141601562,19.00348497888184,0.89506847648863
3522,-0.33119458330663754,-250715.31920532227,49.51168992541505,0.05482343798163454
3523,-0.13604462440326928,-69855.75757812502,17.159083006347647,0.5426289176193806
3524,-0.2361429809584229,-130395.28479736327,25.79111246582031,0.10451238504420313
3525,-0.25922726698063864,-221782.50940673827,42.32307693066406,-0.1276947347462032
3526,-0.5958473758244046,-338987.1748193359,36.077840984863265,-0.14207082267569446
3527,0.3102887859057358,226603.25045166016,14.061161489013664,-0.3674645307025573
3528,-0.05444031067475972,-37615.00428955079,25.123358489868146,0.3286177376823819
3529,-0.3267118837934633,-228575.1973010254,33.82977093286132,-0.03814439424787577
3530,0.3293494605307259,154784.37563598633,8.442606478759764,0.20539192699704417
3531,-0.15858099533729023,-118654.86648132326,25.569339795837408,-0.4380763169042479
3532,-0.3230361919583416,-248863.69462524416,39.09564546496582,0.011313371605729112
3533,-0.28953221664715934,-144695.89430664064,20.558736455322265,-0.22965679799238042
3534,-0.17704880341962645,-103692.7659387207,28.628384092895498,-0.29167782108494006
3535,-0.06501441015022093,-30402.58432861328,19.111640492675768,0.37737291942718937
3536,0.12085167101079988,64994.617391357424,13.007945504760754,0.03498939119881925
3537,-0.4243605387368367,-252181.46359008783,31.458028329589848,0.15181694309422195
3538,-0.20093806172442963,-136242.02024902342,31.489944487548826,-0.0065528370134070825
3539,-0.28271552691818885,-201480.22349243163,30.7081009387207,-0.02113175147477085
3540,0.4005456246805334,211434.44556274416,11.113324998779293,-0.15282617326536505
3541,-0.23460131266590456,-177604.84086914064,46.83315901513671,-0.035131864388969675
3542,-0.24045586257740648,-187412.94334472658,31.560683812377917,0.22550907728086342
3543,-0.29938703046942045,-208686.48617797846,41.43260307824707,-0.26103818289908387
3544,-0.03869933471843589,-20375.130079345698,21.45633315197753,-0.41965796472004585
3545,-0.500758722037662,-266484.7248193359,38.24478148193359,-0.2551452549868642
3546,-0.0002648246177538961,-209.64670532222954,33.009826227416994,0.14194049443781775
3547,-0.31508409492129913,-176245.16891113282,24.694148383666995,-0.05986355436233058
3548,-0.25809548994140635,-158657.76642333984,24.817458364990223,-0.009087838795103928
3549,-0.35085834748548705,-201204.35465332033,22.192030982177727,0.12992100854642058
3550,-0.16191615818960686,-103040.6321533203,27.477262535278314,-0.26014001584718743
3551,0.13563786707678005,71156.88001647947,14.541615493957524,-0.08154241902929879
3552,-0.1842558876630815,-81755.29771240233,16.669661814575186,0.44166364562054533
3553,-0.10555072528167134,-68189.7541223145,24.910213639648433,-0.2856805271287016
3554,-0.5337113013061268,-410976.6412835693,53.22435516937256,0.13657434643284644
3555,-0.27123055019480224,-158827.5557824707,23.069689554809557,0.15877889517755453
3556,-0.25367968842459315,-198354.8871948242,29.996928706054682,0.24355477875619613
3557,-0.1328629512095364,-103067.36018188475,33.89656152355957,0.1719643083458007
3558,-0.14831289611799706,-89015.03599792483,21.05847802899169,-0.228615966842988
3559,-0.15807233231190207,-75388.34531127929,16.79829656091309,0.6000370555040215
3560,-0.10003147781041517,-56843.14048583983,28.011674524292,-0.17656354966669108
3561,0.030360779952190223,14724.9085644531,17.489536465820322,0.20417663338633552
3562,0.012695266826950335,4315.0295227050665,18.503078497802722,0.20252270069934988
3563,-0.2428247633460667,-153441.1530871582,29.508476854614262,-0.01800166902328972
3564,-0.3510801424994633,-196807.76537353516,25.55181304260254,-0.24138260638270803
3565,-0.2074815243028437,-112295.95392578124,22.008483385498042,0.40751044048491375
3566,0.3179731447664473,135377.55256225585,9.558944272460929,-0.21747191969797317
3567,0.25191776201004035,145537.2815002441,15.135263914306648,0.3270115110474036
3568,-0.4025435544051483,-341313.12997436523,42.918053995727526,-0.05111881450892559
3569,-0.012375491297807972,-8990.179592285145,27.462001936279297,0.24372610123406827
3570,0.331521850023318,156497.55534545903,8.507677991821291,-0.44617122204913506
3571,0.5866437771869968,289139.1056781006,7.130651998779294,0.2127232807683991
3572,0.1956662684100404,119356.84920898436,22.96164801086425,0.39579102839058944
3573,-0.07890488872149742,-43792.41445617676,19.021405959472666,-0.020611267249550914
3574,-0.59801316767998,-401585.5971166992,48.76103769287109,-0.36036435128984273
3575,0.2790740415327254,101197.95434204103,7.987853957885736,-0.018049064848176827
3576,-0.3042902452776993,-188450.55424926762,29.36932341564941,0.38179752569407555
3577,-0.13346567279564236,-85199.63641723632,26.937083990844734,-0.5530023115835737
3578,-0.15370487611067746,-74413.50282897949,17.304427416503895,0.039848275426371815
3579,0.20324461054407658,123786.25455566407,12.105089536621096,-0.3589351610481578
3580,0.22328688841642,103353.50004882811,20.224075993896484,-0.007978707817643841
3581,-0.333727807788636,-235518.99966674807,30.67695795495606,0.19032350057101088
3582,-0.2976244526614763,-231301.99677490233,30.345745829345706,0.10429211551896993
3583,-0.5732277912114269,-378544.36559204105,44.98661804174804,0.04173614334051113
3584,-0.46911693170661967,-280528.454453125,36.06825891333007,-0.11048873047472889
3585,-0.832105139919273,-772070.6567541503,79.74423385668943,0.19801231626381374
3586,-0.01092407947239677,-6255.980113525395,12.528770973022457,0.14563669485650607
3587,-0.2306546635745449,-131510.1046325683,22.138033023681643,0.1109087185284782
3588,0.4357513875012164,286211.03637329105,19.905904983398433,-0.09786630124025729
3589,-0.25866598054537915,-191975.86739990234,42.00294798437501,0.04531372663977271
3590,-0.30320261772158213,-198619.62055908208,23.54993398071289,-0.3077195485463955
3591,-0.1302252594571497,-65484.3218359375,18.96176197216796,-0.14610618707844464
3592,-0.6186403867059489,-522452.5763867187,52.34395212841797,-0.1822205666394317
3593,-0.06281696356780439,-36648.690480957026,24.089809978759767,0.13463732052653413
3594,-1.002250496151893,-650629.5447692871,67.50296546728514,0.3370811721530199
3595,0.04984638246070089,31270.780742187482,15.033498009765614,-0.15128764021655974
3596,-0.4189570013703369,-245495.47404174804,43.73080993847656,-0.03295408818940917
3597,-0.16481922150481704,-133633.25375610354,30.498148332641602,-0.208069664647701
3598,0.005549177686536203,3942.412021484357,29.047178945312485,0.013491550353404156
3599,-0.21907150910892237,-170920.51752929686,35.32611308020021,0.6492525204092126
3600,-0.012430488170513992,-5954.245598144516,12.882894035644526,0.15401629869279693
3601,0.040943945484434884,29844.730886230456,14.015509466064454,-0.0453955420687848
3602,-0.18503235787057132,-100820.9664013672,25.38450549316406,0.1227832939784855
3603,0.1236697181707252,74423.06068237303,21.512931881225576,-0.15875110890137825
3604,-0.13702455456408077,-82934.78062194824,28.1890985756836,0.12230287314815758
3605,0.4974928545279232,281007.4340356445,9.902918923950194,0.15863864385989168
3606,0.622992552093252,275465.52466552734,8.291531489746099,-0.07883950278247472
3607,-0.4014372298749377,-225763.61218994143,35.34427047070313,0.3191149207224713
3608,-0.28638558780306456,-160685.4616040039,23.59941161254883,0.027017216667647573
3609,0.029948261497955684,15834.204964599623,15.064348991577143,-0.3956734920467546
3610,0.29664265103614795,187979.95481811522,19.272202997558587,0.003971735608285563
3611,0.21538651638761086,97060.56258300782,11.206830467651377,0.14016220926249812
3612,0.37426608120507115,217224.6448425293,11.518985476806645,0.28318582133860654
3613,-0.3810736726519603,-271106.5296240235,32.872921976318366,0.05398958350494437
3614,-0.2279526747285304,-162672.79951171874,30.211420993652343,0.3978541059165254
3615,-0.1802838407120699,-107429.44532470702,20.343606502319336,0.08979311043800525
3616,-0.4535139438419892,-329646.84475585935,50.03179245336913,0.044899407709384165
3617,-0.18680287155510808,-95129.66510253906,13.771641010009766,0.07865069714507926
3618,-0.021927813211208624,-14772.311718750003,24.07621304223633,-0.3059633393986881
3619,0.43349332211352376,224945.35920043944,10.589653002685564,-0.27019841754041707
3620,-0.28090713379277665,-199670.7444165039,39.65952998620606,-0.2824237441910475
3621,-0.1413185184078966,-94099.17308227542,20.826291592773437,0.09252488988216327
3622,0.16421433644438302,115494.3051257324,13.326866988037109,0.13917726352165613
3623,-0.45500475727977335,-310099.5931555176,34.22892332336426,0.3914823548202697
3624,-0.6743961188860208,-349356.9052746582,42.908969526245116,0.37235259511334634
3625,-0.2683793030872049,-195828.3285998535,36.557531891601556,-0.007687350935447231
3626,-0.3699145661682866,-275747.2381958008,34.387678818847654,-0.4951353570111504
3627,-0.14417817787317172,-83316.72030456542,21.500079500976554,-0.09411074844730362
3628,0.2608459202735215,202150.07104125974,20.263808063598628,0.17125982557031041
3629,-0.4798897836685694,-199580.3254699707,28.47123658239747,-0.10416928103453134
3630,-0.015803299139725436,-5730.305110473622,10.381118516235356,-0.09442010406182663
3631,-0.24650522743144299,-115178.92933105472,15.996823488281247,0.10983933904837201
3632,0.13006613598201067,54845.09438781737,10.452536004272464,-0.004658826940319906
3633,-0.009421359877382093,-6471.369855346675,18.97583255493165,-0.14033209990922807
3634,-0.4256577726225881,-271565.44943237305,47.348532434936516,-0.22130722464875643
3635,-0.05222509819628242,-38333.76528320314,19.501120544433594,0.7028271688885985
3636,-0.5276381049385989,-309336.4438928223,42.95472841760252,-0.06647655400258301
3637,-0.501286967276614,-277587.4096923828,28.421367970947248,0.12456120445283075
3638,-0.09111129040388205,-61169.52094238282,20.098681032104498,0.07523176432819706
3639,-0.24181984552825458,-134231.92539794918,21.45892400952149,-0.14992379857139898
3640,-0.45013904042317937,-254890.2503344727,34.87898498217773,-0.1571231977715869
3641,-0.20925227743219016,-137168.37931884767,23.47540192932129,0.3861456739283097
3642,0.20957524490415755,88129.26199218752,7.497911010131846,0.6128007127017222
3643,-0.1371761100982858,-97450.35962402343,26.846691963500973,0.019833237003908773
3644,-0.0263783337749905,-20277.479193115272,25.53418770214843,-0.11515372377189763
3645,0.49577939157081985,219621.804909668,8.784086515869154,-0.1397218303493161
3646,-0.06173958696378736,-37032.32949951173,23.388805421386717,-0.17788625840568564
3647,-0.2651783282808934,-134247.76584350585,20.375917523803714,-0.2599797297845647
3648,-0.14298322329421528,-88872.37543762207,37.50036107141113,-0.03979191009716933
3649,-0.18954731336894742,-114225.33518676758,16.19017052307129,-0.279007182560261
3650,-0.11209224707361683,-67894.2905883789,17.595899008178712,-0.14702932142179087
3651,-0.4563445423527433,-281532.6593060303,29.061209924743654,0.00010251281751730355
3652,-0.677036138672107,-504530.21199707023,54.684087692138675,-0.29362785758008275
3653,-0.025823536657678794,-18984.75661071779,22.436113510437007,-0.21567123741653896
3654,-0.2727613193589913,-208886.088894043,47.08174291955566,0.2640805582919881
3655,-0.602440924761301,-433425.1699902344,44.8174450402832,0.3041321871144036
3656,0.010606405878626001,4794.125119628901,15.997822448242188,0.13230044343667735
3657,-0.1251936510310252,-55323.54829772951,13.861822355957038,0.22411027142632162
3658,0.1593663180905249,121498.63605957026,18.31824599560547,0.23072624834248828
3659,-0.6343809068944867,-476837.7104553223,47.68377104553223,0.24194857744552284
3660,-0.36751768991271744,-242018.95958496092,30.514057513916025,0.1290759390885033
3661,-0.43475186741367655,-345055.1401928711,43.52618616235351,-0.1476845368170652
3662,0.05558620953637085,30579.150517578106,11.506525010986323,-0.408029479619923
3663,0.1450005891495314,83838.02444580078,13.273422501953123,0.5390314969203197
3664,-0.3216658116176538,-181183.82052734375,23.196285519531255,-0.24767648454179564
3665,-0.1740901129326558,-80096.69017822263,14.076443535156248,0.012003892627104544
3666,-0.45255246227975204,-306933.92059326166,39.13199705029298,-0.19211198009316238
3667,-0.11777302700703533,-73342.01107666014,21.781414460205077,0.1753031951882497
3668,-0.08952993344157355,-62612.49011230469,30.62026100048828,-0.03137732773222294
3669,0.15463720283106494,126414.66247558594,23.668770922363294,0.15043698542999542
3670,-0.2641952848223656,-216996.34164916992,26.539464550415033,-0.3001981248791471
3671,0.011701773383819636,8522.729036865254,23.526035571899403,-0.13805044931409632
3672,-0.18750061353321648,-120865.36144409183,26.162360988037126,0.07833149443332292
3673,-0.06998100678320766,-47201.21811889643,20.22428848291015,0.3247772472831812
3674,-0.3291171001416181,-262508.3599047852,41.25039397338867,-0.22592670230512776
3675,-0.3670316894550395,-196067.58316162112,29.716884473754885,-0.19158240581116817
3676,0.24041968638748232,135954.97904724116,18.600893394653337,-0.3057806533167244
3677,-0.0736640105092375,-37568.81115112308,18.033015474731428,0.2611925007530444
3678,0.6014130632050387,357952.7161743164,9.722584985839855,0.15303676655208892
3679,-0.47927969350683153,-346850.1743017578,42.90015797363281,0.29512043845929986
3680,0.10289652703562245,73337.74905151367,19.627711505615245,-0.22765538051016815
3681,0.04584574934021505,31052.080161132828,19.168267545166028,0.11175059231576308
3682,-0.44132320660262075,-305521.88060913084,34.74062949670412,0.03624878625548681
3683,0.09997959683512424,57628.73469970704,16.8314569987793,0.3227194340212975
3684,-0.485162342934141,-246228.06843383785,29.03778684094239,-0.42162724266470614
3685,-0.23248198533093917,-168893.07028076172,41.971566014160146,0.2202041549859123
3686,-0.4127925306467084,-312203.7660974121,45.86827458776856,-0.6816802321855873
3687,-0.22267667251518736,-204591.69465271,37.35628045953369,0.30108304493417565
3688,0.4536783451373208,258657.49703002925,10.791447475707997,-0.11100768512603144
3689,-0.19241993426962475,-145512.03517944334,24.238138542602535,0.15282353221423514
3690,-0.016575776634120708,-8490.607225341795,11.113324998779305,-0.10584757127275247
3691,-0.1439577336078859,-81446.8894458008,22.44653695947265,0.4234679939033597
3692,0.029259691961070047,15964.865640869131,15.769284482910145,0.17801967733330057
3693,0.31298902643052046,149171.1884350586,12.753831647216796,-0.06418416236313913
3694,-0.3048607451094281,-226821.03497924807,34.23553596350098,0.11708134472403799
3695,-0.19664263997885578,-93783.36569458008,15.062757612915034,0.4853444711604132
3696,-0.3624846576324296,-245208.2844897461,31.032978433593744,-0.6303844981864587
3697,-0.23019162638942273,-147805.06038085936,26.97558398303222,-0.38704239388814643
3698,0.15776475045201704,102134.42896240237,20.230251070312505,-0.4336262710879986
3699,-0.39551219089339,-250292.82829711912,29.38483047155762,0.25557003196300593
3700,-0.1304882861853441,-91743.07633666992,29.06083803649902,-0.40504448237128343
3701,-0.36519756922484065,-207873.6132141113,30.559091811645505,-0.18127548173061303
3702,-0.06057759961724335,-23616.10429016115,13.735276973022462,-0.13980515636304672
3703,-0.15302679697654903,-125501.45953247069,24.093134522705085,0.47341144263921775
3704,-0.2556690372177369,-176781.1168127442,41.149598628295905,0.3852326334287002
3705,-0.355652420530816,-241037.24628540038,32.565981820678715,0.08375193253036245
3706,-0.03425570924870252,-19635.111138916,18.859922980468756,0.08602502458895643
3707,-0.416521475728341,-312003.4121777344,35.24108818408202,0.3342717892911979
3708,-0.48066574810163787,-350636.7500305175,39.790314494262695,-0.5151033798937246
3709,-0.12932948251081097,-94702.41975341795,20.214870955444336,0.40210089652790443
3710,-0.019854738035299833,-10266.285378417946,19.61881952172852,0.5520181940909825
3711,-0.04864272581104015,-27360.125026855447,35.80025795751952,0.1939235731855051
3712,0.37942407988013765,224119.5901293945,12.779786955444328,0.14866269326771975
3713,-0.1788043750532786,-100867.47263549805,24.022229523193346,0.015447330195107845
3714,0.23621327930192737,152484.85400512695,12.825858991333003,-0.359024825400408
3715,0.07953364489003777,38023.37570190432,17.730235969665532,0.22480096424532398
3716,-0.48266541113950023,-277685.6217138672,28.49147418310547,0.2618916475965345
3717,0.19301213119682778,133654.04526855465,19.52545397607422,-0.1500858334584695
3718,-0.06559211275484532,-35836.24472290039,24.631160965576175,-0.23655165089303531
3719,-0.323610456653245,-198333.34520629887,22.764894532714855,0.04656196794843789
3720,0.20876958613043353,124083.8794030762,13.942289008789066,-0.015380452942160621
3721,-0.2292760515842921,-186462.24425903312,32.252212905639645,0.28539448393096717
3722,-0.5096702819986508,-338443.79998168943,37.2748274921875,-0.3152031488557742
3723,-0.24415188142480795,-169305.51588012697,34.7874205316162,0.20668633645413734
3724,-0.3042943908544514,-178303.06752197267,27.968368493164064,-0.0038409074963170822
3725,0.07005670940339008,54053.83860107424,29.055153553222656,-0.2799070796062861
3726,-0.0070766906872457925,-5038.674946289073,24.072556956298826,0.1852915374586096
3727,0.01917173524428742,10966.581587524415,21.625201436279294,0.47492454624370256
3728,-0.45657504203488253,-296501.6202917481,41.30340253405762,-0.09423915661748006
3729,-0.1182217094371194,-84672.04987182618,28.464061451415994,-0.07420650802890918
3730,-0.26356351301054287,-198278.51000976562,42.048940680908196,0.026450134230979847
3731,0.1292033382316105,100267.43500610346,21.719303277709965,-0.20680401393640804
3732,0.09004766677435654,63475.95450439455,16.734692476684575,0.25582936263823675
3733,-0.13077253726530413,-89381.54400451663,28.601657981201157,0.03449079319814303
3734,-0.057013275949456,-32146.80037475584,19.095530519287102,0.08954707334148246
3735,-0.25219101150811796,-184156.87719604492,23.836118503173825,-0.11464396195258353
3736,0.25230113984876645,138075.59316711428,22.131633967590332,-0.12049197041269646
3737,-0.2969615599875682,-218462.5404309082,25.720945452026374,-0.40235016809414453
3738,0.19648586672437288,90666.09958740234,11.460468972412102,-0.021310195737024317
3739,-0.40098786671943937,-329957.3038604736,46.39841492340086,-0.06716940406655907
3740,-0.2861666239183866,-192410.8114880371,21.045110012939457,0.07928367366648668
3741,-0.6792171790213397,-367016.19620605465,46.44482109240722,0.014789401940696984
3742,0.07981796473111122,52577.20881591794,20.658219521484384,-0.017901533383127673
3743,0.11106561422263993,68819.74411010742,14.444906098632806,-0.3150806591170228
3744,0.053097821704851916,31896.000156249997,22.542329999023444,0.053755604295670174
3745,0.023970446404044547,19390.910991210927,33.34439843945311,0.16807911854027552
3746,-0.4216587944876125,-291140.7244152832,31.553021448608394,0.12251954657653247
3747,-0.5562128376089331,-405495.5150659181,44.22901448315428,0.3609695186593948
3748,-0.12985957178085314,-88557.66484497071,26.424402435546877,-0.1743352481962545
3749,-0.5088499383177157,-344909.75940917974,43.011444953369136,0.1169988436741214
3750,-0.45796017723585597,-312568.0631018066,33.26396633215331,-0.19598558080665715
3751,-0.35491201993671023,-211203.97181762697,26.465800126220707,0.41138159788232
3752,-0.3547859194317514,-239134.00803283695,37.13612284753418,-0.14131189018022916
3753,-0.5117882945282208,-433007.5568542481,48.158867173217736,0.21421013604181766
3754,-0.17415566433706506,-95073.60372802733,22.10313546661377,-0.038125961545150244
3755,-0.7478824356778422,-388128.8000274658,47.408943516418454,0.4393584547810593
3756,-0.06793498156559473,-39274.394166259764,29.289907503906242,0.36154374312873616
3757,-0.3576456967981159,-213502.2908959961,25.607451510131835,0.27926152436447077
3758,-0.30494809957326824,-211933.02414672854,34.147935946655274,-0.3934430452426382
3759,0.25962778058862956,147607.02546142577,11.97068650854493,0.15058052005803982
3760,-0.20242158520136816,-110588.2865386963,25.280601945678704,0.3765210932761773
3761,0.08073019011994617,41107.090045166,16.819649925048815,-0.24532160776094447
3762,-0.12390991177077157,-89166.12714843752,24.06905573376466,0.01935105570199
3763,0.06915160385198427,45167.340640869166,21.223360977050778,0.005289417437991503
3764,-0.6072120649516777,-379222.7120391845,42.282194202209475,0.3662288992248235
3765,-0.15616443072739403,-111900.9208459473,28.971150053710943,-0.044338231055625774
3766,-0.14625117715333139,-88015.56432128904,28.78500252038573,-0.1808259289953356
3767,-0.2743521300258053,-179253.23026245116,25.60603456433106,-0.03448106661485444
3768,-0.4906775060196742,-244242.7441882324,33.19429392932128,0.02152783352064183
3769,-0.469704120558576,-292602.82977172855,33.44566749731444,-0.2334860188265893
3770,-0.5171616119620542,-349947.20322631835,36.36062680871582,-0.17576577939742397
3771,-0.0930119168874042,-50424.38481079099,20.989923214477546,-0.17933764559405574
3772,-0.33918984612954345,-272208.1365588379,38.94996117517091,0.39631180943034905
3773,-0.2722505395904765,-190311.5939294434,25.223558447265624,0.17598939331894636
3774,0.48168620381254523,246679.97040954587,9.58661647021484,0.3269865582900346
3775,-0.012267402004568734,-8583.396924438479,32.77000448516846,0.10976535612287179
3776,-0.15761666300951263,-89793.33551025388,24.234367561767563,-0.0462547167985288
3777,-0.155602012977733,-104259.16559936525,24.26156795849609,-0.14571884740063443
3778,-0.7480741851675986,-708625.4500415039,75.40213095825196,-0.09241550574664083
3779,-0.31070363825657915,-193180.60929687502,26.652593470214832,-0.2341262145340091
3780,-0.10501545892338679,-74487.14518310549,35.59660599926758,0.1700597279923331
3781,-0.48921957274507644,-302853.4364208984,38.16315718749999,0.15300524722056388
3782,-0.2291563939190772,-139010.52402465825,27.286182975219724,-0.1447402313344362
3783,-0.14689460486156777,-112109.10527832029,28.20864007360841,-0.042645592046440195
3784,0.36855659094646986,174336.2210571289,16.742589975830075,-0.18721457912817424
3785,-0.5565712542322262,-373700.8295117187,45.284162434570305,0.22446004825430005
3786,0.3831444240153605,256178.07014648442,15.557882501220705,0.005340035461449806
3787,0.2003212820272721,98465.174107666,17.575822987304687,-0.05498450836297812
3788,-0.7235064756628415,-442353.2501293946,45.73625049096679,0.4819738471487958
3789,-0.23734887505734867,-163774.5602294922,32.349422006103524,0.24469187966429212
3790,-0.10226473991905244,-70758.75960571288,17.79062348974609,-0.4359860491051662
3791,-0.1491789779920903,-98862.17474121097,23.15877242626953,-0.14027878471442023
3792,-0.05003338606497813,-31155.95420166012,26.628438442382794,-0.0016211123437329055
3793,0.10686372669789795,67512.0315893555,25.687474798095707,0.31160570696112017
3794,-0.20645096527466011,-125030.66502075191,35.85069546948243,-0.06685393595295806
3795,-0.07099640980524811,-39328.15534179688,19.291074491210946,-0.10759417486059894
3796,-0.5766587018286196,-477772.1216748047,59.95556664843748,-0.23745914487744926
3797,-0.15546958862260143,-136038.1011401367,24.470677517822267,-0.323809660959998
3798,-0.42243273685627925,-359105.33889282227,42.78669740234375,0.2716745172282819
3799,0.21531660312992462,116919.34188842773,13.58332562963867,0.4240491208923073
3800,-0.10845068037940155,-62900.3756262207,17.722170523193363,-0.0021466850900210385
3801,-0.12223425956435702,-92013.43688110351,24.325749636108394,-0.5122079401405842
3802,-0.2190157732223252,-158906.11258911132,36.16810497290041,-0.08187006386129847
3803,-0.5481979476611876,-344256.9891601562,44.40172652148437,0.24614855228538238
3804,-0.3036936975757623,-191027.70510131837,31.409456503051764,0.0661083897345342
3805,-0.43886184680727053,-267918.5595874024,37.89372792028808,-0.2190564359938791
3806,0.11076687754409927,39168.48437744142,10.046368144165038,-0.09082619438012052
3807,-0.28324515430180786,-177950.99880126954,28.888970262329096,-0.5181157365769525
3808,-0.10153253619532841,-63139.90129760743,26.13772019580079,0.12263992729156578
3809,-0.601156432990834,-390869.12108642585,46.7535150932617,-0.23731497484446343
3810,0.15222046931408512,70609.91934204102,15.10641398950196,-0.2775950943096878
3811,0.1225145445352003,72098.1287963867,18.774030147094724,-0.35218639848424904
3812,-0.11962998459450996,-81955.41713989258,22.496348216552732,0.10434796632320636
3813,-0.15452941100185938,-81483.39393981933,20.29536086395264,0.07005158832060318
3814,-0.08039439456468224,-61147.40216796874,29.895781946166988,-0.2457405042875953
3815,-0.4783134385660751,-327144.0591113281,34.70141692285156,-0.027365607552335358
3816,-0.06168565315922714,-30881.183144531242,20.296752997192378,-0.10050895821783559
3817,-0.23202591297420994,-130182.96902343747,29.595192002075198,0.5863606510835322
3818,-0.4584740308065847,-421026.0360852051,56.08555713977053,0.18794912002582162
3819,0.10116329608615686,59202.78820190429,21.449089716552745,0.1070587602324624
3820,-0.108207453965933,-41043.20194702147,11.400540521240234,-0.07964562360540228
3821,0.10701044376425504,55272.6574645996,11.327558991577138,0.09660863290244812
3822,-0.15868105201084529,-122786.39981933594,30.734234496093748,-0.16038740653654388
3823,0.02315085462709706,10470.592213745113,17.38594500177002,0.0044171856368850305
3824,-0.03651460850150451,-16015.804014892572,16.71191697924804,0.348510003706423
3825,0.09291249296458658,54399.199973144496,22.01873749865723,0.3105825243935498
3826,0.3143218593575247,199093.46413940427,14.787562497314438,0.03096472182821206
3827,-0.5866085217527742,-353706.3613873292,38.6609991362915,0.03287006172561193
3828,-0.3872814175026672,-291760.07976196293,51.668639964233385,0.43799923994491463
3829,-0.33552984265101254,-216413.4831958008,29.363978483642576,0.13223761798713568
3830,-0.6732180289434121,-455801.97020629887,52.01293053332521,-0.2647673174656298
3831,-0.04303020333740018,-33373.78037719724,21.584707677001973,-0.27546983746478054
3832,-0.33867106277270076,-224186.65375488286,34.90443798486327,-0.2357613842253991
3833,-0.19100738945990633,-117222.1537518311,28.054060467041005,-0.1319372863413369
3834,0.18829376392932345,109979.64473510742,14.704441841674806,-0.16018649197565088
3835,0.027899276830336626,14298.824692382797,19.175010936767574,0.3204752765163558
3836,-0.03888936402093187,-24753.655815429658,15.72996850732423,0.13225303511935055
3837,-0.30666230908525943,-262166.4152270508,35.02743050408937,-0.046589512412259934
3838,0.2140059361812578,121240.20890624999,13.097429952392586,-0.3841686915398938
3839,-0.23011433926957642,-176110.70867919925,28.577490394531246,-0.47312323399698103
3840,-0.0454336670076071,-29296.638526611372,24.918784119750978,0.15979202323694994
3841,-0.3080871429644615,-209174.96941772464,34.58978937792969,-0.14048726715174037
3842,-0.6640990280415822,-440066.86423095706,56.046976972534154,0.17445791547392223
3843,0.018324725179395252,13172.40528198243,16.951799008544917,-0.11108860731211136
3844,-0.2712776617239792,-190631.97994995117,36.70805999951172,0.2691966086032957
3845,-0.1163618915142526,-81863.37238708496,31.25903077661133,0.03962696065194567
3846,-0.7413485519642816,-544066.896060791,65.662318586792,-0.00017880763342121715
3847,-0.2712720803245429,-199492.65968017583,24.18249742419433,-0.10867789984257017
3848,-0.5279456645533046,-389036.7695220947,45.8567919570923,0.16465627218958223
3849,-0.19634385408891208,-119701.8851550293,32.71246816198732,-0.0010935569619465295
3850,-0.560908346089077,-321176.10505249025,39.95981248608399,0.02310709992855816
3851,-0.38930250088131607,-305708.94077575684,36.96222855120851,-0.23992938579998882
3852,-0.500540893145994,-377835.29625488276,48.96981592102051,0.10522562442282223
3853,-0.3585531436164408,-194454.37972900388,33.75173797753906,-0.28333829211935513
3854,-0.08783038498093888,-68502.45818725583,22.49108951440429,0.5784883004399336
3855,-0.4517083142348308,-304479.4747802734,44.00427946557617,0.4161908073521402
3856,-0.18983515834688497,-117186.87499877931,16.862006694458007,0.055811443003078144
3857,-0.26752381753529647,-118445.09984374998,24.365994998046872,-0.44038079196983065
3858,0.25523237554028005,136029.95308593748,9.261750936523429,-0.20747700399328403
3859,-0.06412913094717436,-41776.90461547852,15.840440954956051,-0.03423504259320901
3860,-0.020059854992618874,-12799.050772705086,34.25518942541505,0.1562034358708525
3861,-0.5364275438969854,-428061.3543579102,57.45877494897458,-0.31553398521000603
3862,-0.03729406004675389,-18958.74028442381,31.294997179443357,-0.07618703075435045
3863,-0.2289896357654918,-132365.232746582,31.445566105590817,-0.001681326662566758
3864,0.415625839486666,191949.50927612305,10.05205149267579,0.18417876824139295
3865,-0.4665626814150438,-254561.82046325682,31.99567754803465,0.09758501908491599
3866,-0.14950619791820544,-100658.01980957031,28.155982457519528,0.17990610916844763
3867,-0.3030410426439399,-195764.70535644528,25.878009027221683,0.40005246147810364
3868,-0.23391990197734455,-190196.81518798828,35.2496069987793,0.28288703969312856
3869,-0.5582985347911558,-362268.14445800777,36.3028374555664,0.11937343560876117
3870,0.10602299931150763,55901.4401928711,15.020997950439435,0.034604925744130384
3871,0.22123522697798018,131651.18062011723,18.046053955444343,-0.20195239936103337
3872,0.03479726083352007,17909.919491577137,12.445382494323736,0.10211281390613479
3873,-0.8928141010455004,-726109.9658093263,73.41793806555178,0.25414050008480515
3874,0.047237457046456155,32421.82794799807,17.653635221191415,-0.2325342668975275
3875,0.20439226387780005,127259.88970703124,15.24380099877928,0.2349226425592552
3876,-0.10781684550789206,-66535.86015014647,30.230441001464847,0.05062733032383817
3877,-0.26941549140264076,-136328.84985961913,19.14681046301271,0.30154396543246376
3878,-0.5773847793609214,-355722.1654602051,45.199690709350584,0.026938373197332346
3879,0.014083638660022694,10237.899812011696,20.67814498620606,0.31034663969067544
3880,0.2538728512444194,154233.54435913087,12.627630054199217,0.5318347481903654
3881,-0.33135128277241305,-233485.66188110353,30.789245664428712,0.10055285056434375
3882,-0.46019753331818203,-235081.08229858402,26.52945049755859,0.021489926235203915
3883,0.12325042001425618,66038.98967773438,14.379960461547855,0.4117103475197012
3884,0.05006548843493498,33294.99381530762,24.99786397692871,0.32912037735248123
3885,-0.11066997518275838,-73007.38998840333,16.26128800518799,-0.059395876257485575
3886,0.025084354570555786,12755.148255615204,14.93074151245117,0.03780105679846667
3887,-0.2471737006319239,-184260.00925903316,40.28174350646973,0.5089118641249577
3888,-0.3644986773721945,-206886.46886108397,34.926687477172855,-0.19225074854436058
3889,0.14354503641338545,94234.86551879882,11.775149725585942,-0.026937359104152375
3890,-0.3361663875370003,-219336.1606555176,32.410423031250005,0.48010109580663507
3891,-0.4466563019980015,-169485.85480590822,19.966838482299796,0.28840132873092894
3892,0.43881098842955135,190447.72788696288,6.831331493164064,0.3366780500801496
3893,-0.07142729481036748,-56042.4399633789,24.874039991699217,0.6732005165248296
3894,-0.28486559643575327,-189444.3967956543,29.95707528930663,-0.20244046073758798
3895,-0.08008240875488414,-41546.85221618652,14.558741201293934,-0.11402952194994348
3896,0.03412457162373047,12864.28457458494,10.445230490722658,0.45257715212670513
3897,-0.28130176593740264,-203593.34489501952,25.86344953466797,0.009531498600130263
3898,-0.37944844654937937,-232191.91460327143,29.437842463989266,0.13407793109961397
3899,0.007897046281052379,4670.465334472647,26.82622491723633,-0.12331612330850794
3900,-0.15060519730578897,-88119.87512084964,17.743753453124988,0.4730038018630109
3901,0.032921576829675656,16222.77394042971,11.668612052001956,-0.4204900843879815
3902,0.12878251984055505,102791.05527099609,17.42191600976562,0.12843779616333253
3903,-0.2422983292157335,-140876.6851257324,34.79957146142579,-0.018783841322876527
3904,-0.3522948103611126,-214231.51642333984,30.7211701072998,0.2751426331939381
3905,-0.35198662432420696,-251431.04062377926,34.2762454805908,-0.17930722656354972
3906,0.18606903357394222,104853.51997680662,27.38537845629884,0.35243759866970237
3907,-0.2912540763620481,-210978.85469604493,37.286470953613275,-0.002431062387083328
3908,-0.306393944831706,-233471.90347534185,33.418657895874034,-0.28261813546545284
3909,0.21957032145129804,100140.75085449219,14.886099438476574,0.5569822705651867
3910,-0.49954502059727945,-370141.8723864746,53.51215496252439,0.041353849335467416
3911,-0.378763695354897,-238532.57436889652,33.7323599630127,-0.08059546337136846
3912,-0.09482438734006274,-69049.75623168946,27.338701456176768,0.3115894790392797
3913,0.2885412318467929,140300.14557495117,9.870180469360342,0.09511526981592307
3914,-0.2963012007573146,-161813.732097168,24.48479773498536,0.017517673498486052
3915,-0.29691872117071866,-188139.1312573242,30.593607642333975,-0.2914909763277925
3916,-0.12613915197619976,-88754.305826416,20.179293995849616,0.4851900750843196
3917,0.7963447490709147,408488.6248205566,6.591363988281252,-0.3002241044672574
3918,-0.267446430410973,-157626.19026550296,29.051213272399895,0.01801961334230395
3919,-0.1324753870737199,-104353.27058715819,33.061562048217766,0.45226039863220446
3920,-0.14979853332480614,-91979.65286987308,19.19971748144531,0.21489072479116933
3921,-0.18052072333581767,-128461.93795043945,25.76927935681151,0.18401530931821178
3922,-0.43553684906466666,-362452.4798425292,41.29989850976561,-0.08225595093702491
3923,-0.23586014008297,-153552.1173046875,26.114105361816403,-0.12060856114013643
3924,0.15829421990161524,107881.85216796873,22.22020278381349,0.21033820600954192
3925,-0.13256981251113936,-75216.84126586912,15.396593540039063,-0.07728066042774091
3926,0.29853041351540577,165641.1441748047,17.046673469238264,-0.09304125660501242
3927,0.22834332791201778,127680.48008422853,18.00178696044921,0.8473159222955886
3928,-0.5503679745774213,-330830.47597961425,36.96938147625733,0.1398023609090252
3929,-0.34597118957005074,-196693.95953613278,24.35534498608399,0.4855823622572388
3930,-0.002302369249842152,-991.2600341796788,19.311099543579097,-0.28881896796633255
3931,0.06535978759421995,37379.8806225586,11.401555028076178,-0.30592774360100694
3932,-0.29694827819045105,-180584.5400866699,34.06717601684569,0.14365799564567924
3933,-0.2997473494787786,-170474.62336059572,28.074881318481452,0.18971607241169336
3934,0.15751134826922827,91241.4695800781,21.107373495361337,0.16010603565389134
3935,-0.05240280214119255,-46558.70072021481,35.426524668457034,0.4077130444905583
3936,0.08403507858548426,53902.97462768547,27.475718475585932,0.520229162318088
3937,-0.4862265121803138,-334542.15432128904,41.378873440551736,-0.034966561697494056
3938,-0.12472556558844289,-70253.76847106934,21.95698899267579,-0.4831016268331795
3939,-0.12415508274311231,-82725.36813110349,17.789132001708982,-0.46171895388799816
3940,-0.3197742370128841,-163929.61236083985,24.8020114276123,0.32862916768003775
3941,0.016789023705740543,10134.429395751955,27.528943548828106,-0.14079801595895397
3942,-0.1542057146171034,-116831.78129333493,24.205274133666975,-0.3155161273112774
3943,-0.15473074323431932,-87752.32226074219,20.048511690185546,-0.2618373730236023
3944,-0.26983553270541666,-177020.15545837404,24.732039000061025,0.44180755319717047
3945,-0.037504685889140875,-23170.41032836918,22.78867598913575,0.07406522927740106
3946,-0.13707133973936758,-88896.54311523437,25.218230864257805,0.24960684106014866
3947,0.10108740328250417,62666.40515502927,16.00288950524902,-0.019664531524066536
3948,-0.08213714496814771,-57301.5578515625,15.496484021484374,0.4627111262865481
3949,-0.3005670537859468,-185374.75510009768,36.85412751660156,-0.20760556309879954
3950,-0.20335733864228453,-165738.44258056642,42.15078422924804,0.12092152017707039
3951,-0.4681366353096208,-345629.3496728516,36.70386295629884,0.009187441782236853
3952,0.38450175577180445,242450.54556396487,12.24639848339844,-0.22222600500855166
3953,0.18844486865699356,106996.0898645019,13.122962504516611,0.1503064309298724
3954,0.16023025501321297,82414.85930053711,14.389386977661134,0.24474091421286873
3955,-0.26748654504832575,-177022.79794677734,25.62751328857422,0.3152646228645536
3956,-0.1406345616062032,-59770.06562499999,20.70859022814941,-0.1459902298219163
3957,-0.40877740606874,-235049.00517089845,30.83850749511719,0.12063981479934859
3958,0.127011753707171,78072.37560791016,21.390522531738284,0.19216118996955983
3959,-0.3806492381739099,-215595.84557128904,31.590034978515618,-0.32810239150312753
3960,-0.3449158663756298,-188706.21455810554,26.10879101831055,-0.4055980247700313
3961,-0.42460700832649856,-269423.0800634766,37.20602099169923,-0.05547790372651017
3962,0.04718151145800507,30079.58317382817,22.87777131481933,0.01884487983100785
3963,-0.2164424139003016,-129813.70993835447,31.098484046264645,0.10633198803315456
3964,-0.19127619623736453,-134898.42533325194,19.63467798291015,-0.2269444010176153
3965,-0.13789620047122916,-104579.61422668457,20.247238951721204,0.21129992059054714
3966,0.6163307259817962,323497.0545581054,11.809196422363282,-0.1375473872810313
3967,-0.5536894659309208,-313851.8314904786,35.077239174560525,0.09030584164502986
3968,-0.11635337733943146,-89757.33700866703,25.089492732788088,0.26026280519089473
3969,-0.16800229366802452,-109690.99802124023,29.971529508789068,0.39531577149322134
3970,-0.3022141325075173,-230766.594230957,39.391382125122064,-0.05716260367001004
3971,-0.4460450945392109,-325406.8436621094,45.292743490905735,0.554477976388827
3972,-0.18586286854117506,-128663.32063232422,33.08318005444335,-0.07366303980355719
3973,-0.10676434812045585,-56323.50895874024,12.772530918823241,-0.004474289381608502
3974,-0.8357563859315044,-578077.5904974365,61.781528061462396,0.3474339295052503
3975,-0.13883152296507484,-100315.72588623047,21.51710651831054,0.07522386913515544
3976,0.28064478743105237,162921.03772277833,12.880618015258783,0.0698604877639303
3977,-0.6691926979346267,-490061.8364428711,56.36823863525389,0.001971844167438775
3978,-0.0033571727313683034,-1777.3294201660028,18.39802301989746,-0.03304549273066952
3979,-0.4728534619204774,-347352.5955212402,36.02411003015137,-0.3512830249827782
3980,-0.002256896021178243,-1406.6135791015695,12.664671032226563,-0.015961759509294977
3981,-0.22265582884708363,-164423.2179150391,35.15575094470215,0.041983201142467466
3982,-0.48148363896200574,-285820.4745611573,39.129411465026855,0.23646199974290438
3983,-0.36252554653878927,-179645.2339941406,26.873354929199223,-0.2935008735578536
3984,0.4582288804569552,248093.05701293945,11.6728135,0.18370092067259589
3985,-0.5596121798131501,-424159.28041992185,47.72826353076171,-0.1199006828943031
3986,0.07851324923643435,34417.11949951171,12.679629939819325,0.12992851772599198
3987,-0.26085655030302524,-185912.01731567382,29.04816374182129,-0.08302047883507957
3988,0.09256110261847171,62124.448884277335,22.595443979492188,-0.04216558169651184
3989,0.13226147923843098,56344.44948364257,13.705824982788087,0.24515844300593462
3990,-0.6467996732688491,-363865.32045837404,38.164802045837384,-0.18680420970124734
3991,-0.0366381684203275,-20914.470686035143,26.35841195617677,0.45435198238981217
3992,-0.19790538681834285,-109765.22538818358,31.18654499780274,-0.024217115538035114
3993,-0.00717112671561259,-3829.199672851566,19.019251478515635,0.10150217857405922
3994,-0.17907414661526494,-159560.2341320801,34.62543318518065,0.04641975731699932
3995,0.04456330709676887,23438.672104492172,15.521035495849617,-0.0563945976202411
3996,-0.13706456534280906,-54996.92406616212,17.603366840209965,-0.01368526277916305
3997,0.21310586031737697,106642.02458984374,9.718483526489255,0.3616600083228948
3998,-0.27366711358762164,-145753.51983154297,28.567460466064464,-0.028750847025359832
3999,-0.3699777723305853,-258286.72013549804,37.31150697827149,0.0031122325047774806
4000,-0.23974899211242495,-118652.45022460938,18.545641014404293,0.004687382047884725
4001,0.14539493897981487,77213.26508422851,15.652473495239263,-0.20544510936783378
4002,-0.17616718232225728,-130030.98965148922,27.386885493164055,-0.2637261591742938
4003,0.020549061103503227,12364.209536132825,11.720419965332026,-0.06511862572230608
4004,0.011474600147245391,8478.753752441407,25.58456556103515,-0.1851854962814753
4005,-0.239272349294938,-144494.5405847168,23.662849569458004,0.6752559543383836
4006,-0.5676854870842334,-446572.66578796384,49.077819577819824,-0.3619208363305523
4007,0.043548019568776325,22751.35996826172,15.10603663500977,-0.07713398512473592
4008,-0.5280155034010352,-377262.59638061526,45.23745612585449,-0.4498383606490277
4009,-0.34585994776131246,-228360.65708862303,36.320428669555646,-0.31973088254396553
4010,-0.1846452875608967,-120625.03514160158,32.61832599804688,-0.2511839642058551
4011,-0.1524467261911065,-91080.1843823242,18.663971444091807,-0.18021124971463806
4012,0.23850336877037528,124340.7967236328,12.060072513427725,-0.2799669550448209
4013,-0.22989319816022064,-146418.72080139164,29.15166500970459,0.08069291313505135
4014,-0.4893957942449828,-347199.6989868164,40.89847490551758,-0.11522572184093634
4015,-0.28758117881349954,-175917.5788635254,31.013770640869147,0.03968602970419998
4016,0.1788935831267748,85375.01499023437,16.474160478149415,0.635440921083529
4017,0.1755703701791482,144032.5652612305,17.64942201049805,0.1730041709241636
4018,-0.1396747622322476,-113471.83475219725,20.639614503906248,0.06727131195824702
4019,0.0005654182648867202,331.4733007812465,18.90561063366699,-0.036312576790766424
4020,-0.39487562926308706,-304496.9691821289,33.00041295288088,-0.2507387900286746
4021,-0.36184737301749137,-235304.84432250974,34.75582791467284,-0.03545739576949925
4022,-0.32441468188998157,-223347.63519775393,39.434814937622065,-0.15102598924259963
4023,-0.3091122215756933,-237276.71316223146,30.268221950317383,-0.12409538737953059
4024,0.037016319244826595,22013.640512695303,17.067155528320328,0.31922777284924475
4025,-0.013983951689091133,-7903.759061279292,13.29482588256835,-0.07061475854624066
4026,-0.037636393229895274,-19920.564975585905,24.98809751538086,0.23120434653253139
4027,-0.6513036991043116,-403778.82753784175,43.98319077331542,0.19801157751387674
4028,0.2273664861829618,115733.05901123049,12.063610008544929,0.07724574773999848
4029,-0.03676902300918885,-25533.16271728513,25.92842397216797,-0.27807821140452155
4030,0.010972802082218736,5854.513083496095,21.684675454833986,-0.19796387057004533
4031,-0.36958106963566145,-268323.1513903808,39.66544198657226,0.07577334619768965
4032,0.295342945445591,158590.97605468752,11.221829996826175,0.13519853617902913
4033,0.21879529730052585,147165.24867309572,16.9747399938965,-0.04797700547011946
4034,0.1030715113564769,62603.61067138673,21.58964343237304,0.10410350412020983
4035,-0.008379191134832696,-5567.08938476567,31.45166946142578,0.1411919301233712
4036,0.643420772295125,354412.74479858397,9.839234977050777,0.15938937458879313
4037,-0.3052600303908884,-140642.3546276855,19.137058961792,0.09027095350961253
4038,-0.19451720573001854,-148758.99345214845,26.029372526000977,0.002375755355825758
4039,-0.09424927495818283,-65305.24248046875,33.736575957031256,-0.007563678801053477
4040,-0.3214779174448203,-252191.85023193358,32.25283850805664,-0.004981612390059643
4041,-0.22740121574979774,-190005.88922485348,27.143937435913084,-0.14214974328262445
4042,0.475154771190009,264175.12027221685,14.469634478637715,0.18149938422578768
4043,-0.39564781708768704,-244309.1181665039,38.349692033691404,-0.36549302570992076
4044,0.19048857308351613,111298.57537231443,18.666444462646485,-0.26610983096788765
4045,-0.3090012386087098,-254093.93316650385,31.120708776611323,-0.056486804434481536
4046,-0.2620345750007013,-107315.88883666994,17.9549759909668,0.2965056733368747
4047,-0.29115822042963996,-176140.32629455568,43.58188446826171,0.5280985846373909
4048,-0.06531949818854504,-33478.163900756845,17.473416130798345,0.16530806520174085
4049,0.05891426898218788,38189.92702270507,14.509233008422843,0.12634722797754822
4050,-0.5601212840935488,-332074.0692724609,38.85923565551759,-0.01865111715546563
4051,-0.25569006831299834,-198605.02489746094,33.37798354663087,0.2868669825175091
4052,-0.22422313261157914,-116233.9288928223,16.517728476196282,-0.11792848721420904
4053,-0.07825664216549647,-36264.90645263672,13.615125219360355,0.09591698655508758
4054,-0.27259446673953713,-143016.77541503907,27.771933503051766,0.08119397256167357
4055,-0.4840892301426425,-261678.33543823246,43.05049149804688,-0.04641341000641413
4056,-0.194732071475985,-106754.69579101559,24.85063402026367,0.07347554822385746
4057,-0.2682562269037197,-198591.17617248537,37.28037411480714,0.3633782007230996
4058,-0.6130885601255367,-445302.06949951174,46.93978797729492,-0.08363424301836025
4059,-0.24017574382974471,-124347.85523071288,17.85453399963379,0.021678753545297684
4060,-0.1873960595868166,-139080.57999877929,28.45767298339843,-0.46392529459233944
4061,0.06104516970093239,42618.4162182617,22.13221452478026,0.2074378360311447
4062,-0.449902501421554,-316628.9492089843,46.08798590551757,0.15205894826667804
4063,-0.21202819338122952,-163839.15302734374,31.138096805175792,0.05706320425397613
4064,0.328923146606086,187498.83039245603,15.459406508666998,-0.037997122062329663
4065,-0.08042312122008559,-58281.6674914551,26.171325472167972,-0.25846666836443244
4066,-0.33276889167113544,-157220.82438842772,23.93013144299317,0.09674518968249013
4067,0.003866383767695834,1968.8509918212785,9.644385491455079,-0.6101327497961497
4068,-0.6068578839251104,-393834.8745727539,49.06929247680664,-0.09664313081031951
4069,-0.179508193992463,-134997.51579101564,35.275523995239254,-0.036695379752015506
4070,-0.3774518928501206,-279429.9646569824,35.262730982910156,0.1394867709923784
4071,-0.18456707148568416,-147498.9244238281,28.191603455078134,0.006037591041685781
4072,0.23504641703508683,149165.32103881834,10.18102850842285,-0.48932717841528356
4073,-0.3456020257877963,-186011.44200439454,21.08424020556641,0.6992148377717611
4074,-0.12348328958505074,-65277.43925842285,20.67743645239258,0.2436130064581788
4075,0.20287817130988248,93121.74529907228,14.296373478759755,-0.11327828913782899
4076,-0.5300555500770191,-319300.394921875,46.97678448608398,-0.13110267577206247
4077,-0.061710850123087184,-40258.339375,19.88202336975097,-0.0884628009906081
4078,0.040695879222465495,20240.26049438477,16.84882151171876,-0.04916338387472422
4079,-0.09825538418507432,-54831.12973754883,17.20104197509765,-0.1683611034366532
4080,-0.318051013314217,-241081.16643676764,42.88523864196777,0.12557197609150098
4081,0.40494588584303526,261770.43992370606,10.16169897924805,-0.13847518883926627
4082,0.7202408460502853,405651.6519116211,8.291531489746099,-0.339386094152618
4083,-0.4775736843888678,-297464.62969482417,30.058903961303713,-0.2403477649485408
4084,-0.08610942578488086,-46986.30536010745,21.904040973876953,0.09377457904159953
4085,-0.20649950541540518,-90601.59014648438,18.394868470703123,0.22592298025271132
4086,0.17799744102329793,138725.34349121095,14.132268985839863,-0.07096988514336722
4087,-0.18587641242096042,-110492.90928710939,25.365029453125004,-0.1804825422162737
4088,-0.8853751328814455,-648442.1247717286,69.96293198425293,-0.39872127794621914
4089,-0.17842491443907404,-118997.51150268552,16.187642951416027,-0.08282802243430329
4090,0.09211177376443361,58108.21506103514,13.992922968017577,-0.18404105961946718
4091,0.08262047304456334,57787.474366455106,30.635125492065423,0.39618686949776977
4092,-0.48419347584085864,-328903.9641223144,42.43389041857909,0.26624068667929157
4093,-0.005647543359400015,-2325.0890197753906,13.775835694335935,-0.5630530504356154
4094,0.5216595285299114,266763.7566064453,14.14588901879883,-0.2347855629672541
4095,0.05369292509931382,31465.402852783183,22.23516772167969,-0.27815331639607277
4096,-0.23758842682362197,-155531.0102972412,28.26444053570557,-0.782656626526688
4097,-0.725138767935169,-388733.77321289066,42.98998679736328,-0.1456619382315105
4098,-0.20943305425373532,-148875.3609423828,27.51535331713868,-0.05062133787785298
4099,-0.00792361042040329,-5328.956892089889,20.332597345092775,0.01056407776233483
4100,-0.6102398035316156,-349941.514343872,37.03515044464112,-0.21149298869011057
4101,-0.0487217663793519,-38228.77809814454,20.399248962036122,0.19227523390414067
4102,-0.767807192187478,-454043.1346203613,53.91240610986328,-0.09738198384685968
4103,-0.5439868275345988,-279420.1931115722,31.39640433654784,-0.017944744069726723
4104,-0.09215394074840998,-48948.20068847656,16.480836648803717,-0.4152567350485761
4105,-0.29346654008431844,-255577.00110107422,32.65649858984375,0.4151322379686778
4106,-0.7704485551357212,-465721.30591430666,47.74447459436035,-0.16564254052659158
4107,0.4678376622124492,241785.06618469243,9.880678462402336,0.0496057067346204
4108,-0.39756264632081423,-357965.98603759764,61.30512552001952,-0.2927360177266102
4109,-0.3990241408903445,-287449.551875,45.29648010839843,-0.14769254605575322
4110,-0.144551599291977,-92605.52938659664,23.667661480102538,-0.6947982249127997
4111,-0.24834994272578403,-118308.70989990234,17.714109531494138,0.07977091800545984
4112,-0.20192081531102096,-130248.71452148439,25.65621896044923,-0.1543383800545439
4113,-0.09999597288036605,-56159.11525634767,12.646637964355467,0.14279673256994985
4114,0.2248499545828381,125500.55661865234,14.493700543945307,-0.12052457366466073
4115,0.17401866294146223,78051.99234252932,11.740614315307617,0.05031210656024048
4116,-0.4479804224666028,-238084.94024658197,26.9424600612793,-0.28069263800841465
4117,-0.5218341045134814,-436036.4326049804,56.03611427978517,0.38436528631234024
4118,-0.4545147328775292,-318040.4498181153,34.357346937377926,-0.027307245259133254
4119,-0.23140878878053536,-143020.52154663083,30.829888431396473,-0.12832052126138288
4120,0.24896798042722107,149411.10026489256,14.708721486328121,0.0809596847221499
4121,-0.10765882495745348,-47216.70395385743,11.868193469116207,-0.2736921936699221
4122,0.05379407631964827,36654.1493041992,16.296110942626953,0.03746805449596498
4123,-0.15301187274430073,-103459.72457641603,33.57170791125488,-0.007281915746223964
4124,-0.4116401813822722,-280795.00959228515,37.8835159802246,-0.15217097934163293
4125,-0.4033738046881141,-332806.394375,42.757063835327145,0.11561069028684698
4126,-0.24729959992968037,-131322.96226989746,29.872622448913567,0.6713349917023976
4127,-0.4130815868263443,-218216.75961425784,24.36112397265624,0.13272583685885703
4128,-0.5028895560777613,-313591.9295581055,40.902830998046866,0.27089466487502184
4129,-0.22742223236693568,-156138.35489868163,35.51470790563967,0.052503620501469145
4130,0.3153959569872756,157758.8065612793,13.160237502319319,-0.13260170265137072
4131,-0.3148534607615751,-206280.96114501957,29.138806625854492,0.36256895918133303
4132,-0.30244776371114124,-180522.5699298096,25.727807498535153,-0.3755792772177812
4133,0.21190158690564578,80533.16483154296,8.243657971191418,-0.47666571749954
4134,-0.7384203069369096,-409770.739050293,45.585502913574224,-0.019676373155220313
4135,-0.29394404155172194,-146612.3435681152,22.271459438354498,0.4866042066636984
4136,0.3059438424888175,203392.0795019531,11.113324998779293,0.07196732544066536
4137,-0.13991286451269477,-85301.14264892579,21.637049294921873,0.6301011538441595
4138,-0.41610360594198775,-284313.67707885744,36.08287874475096,0.11231491662232493
4139,-0.4267101484748623,-309234.5536169434,48.21757334655762,-0.02200286957959536
4140,-0.13059985561780688,-84591.6701275635,27.303163005676286,0.1393119208184109
4141,-0.7797107442869873,-595562.92286438,66.22637926641845,0.018285990083727662
4142,-0.1857115892884224,-103599.59909667968,16.772383510620124,-0.7685472623820288
4143,0.4062787167635642,185531.4271337891,11.39797598779297,-0.2863698195841738
4144,-0.2641976147615761,-219125.2930041504,33.975023300903324,-0.3576740473606752
4145,-0.25451516847858424,-156008.95381225587,30.372366981201175,0.1828838531958103
4146,-0.1310608287994205,-88787.23017700198,35.14490401269533,-0.13565965545310998
4147,0.24287161846571734,139536.94072875977,13.719174496215839,-0.2237967875672244
4148,-0.14326734408042513,-76042.45579956056,18.672574506347672,0.03032028311780424
4149,0.5065932933351898,215737.91386596675,8.291531489746086,0.08651503740414167
4150,0.47284374469054813,184896.7044165039,6.4681689744872966,0.1910458601191671
4151,0.015545099244178098,10652.843903808585,13.86854069702148,0.7466131364785575
4152,-0.3643196031523156,-247409.28449707036,39.15597097131347,0.40764771854785964
4153,-0.31283167697966224,-247345.42821533204,30.76757934631348,-0.29700242398327187
4154,0.14150611389412607,91154.25242553711,22.43111348156739,-0.29417380431456175
4155,0.10283405988139627,80558.75540039063,25.282427985595703,-0.06237166996055658
4156,-0.33944577693934924,-180087.8197741699,28.47521296582031,-0.046364399853028926
4157,-0.2780313551545059,-165773.78280517575,29.505394515502932,-0.0730784623811739
4158,0.18615651242143388,98048.67522949218,11.157610998046886,-0.07618496973022722
4159,-0.11253982740391809,-72065.23450073245,27.406141991333012,-0.25898679816220016
4160,-0.3804065374081501,-311066.584329834,45.61930048266601,0.385433950768703
4161,-0.24693348466247134,-117472.03423217774,18.79689147192384,0.22446080229626186
4162,-0.27159670641052747,-122545.02751831053,17.274155473999013,0.05943494569977468
4163,-0.1751324341049267,-99155.9875805664,25.83773380651856,-0.15121224406599232
4164,-0.2267307193567892,-150674.11434936523,30.971855890380844,-0.23855262170645603
4165,-0.2894559130673028,-145629.33025024412,22.333079469238278,0.4109778486859539
4166,-0.2748656749247512,-128105.65479125976,21.58102247045898,0.1927705868299841
4167,-0.5153007481696281,-409087.3953369141,52.101276036865215,0.8714350091137403
4168,0.17749365098241027,132693.1047375488,18.832770007324218,0.27793876570076015
4169,-0.14267411604936198,-88575.22065429689,32.38472846777345,-0.5358074760816411
4170,-0.25621157169025943,-200799.54751953128,29.305107475097664,0.01399768262545346
4171,-0.23108804678910716,-157506.46049987793,23.106389990417473,-0.3194298999722894
4172,-0.48990084340035805,-329814.9465393066,40.117811648803716,-0.008736175387354937
4173,0.3572808956105318,174919.64771484377,13.02198702661132,-0.17829634106251252
4174,-0.1677301470731659,-77613.44416259766,19.765013051513662,0.5551320963918309
4175,-0.3352020182866209,-221778.19970947268,26.391927636230466,-0.011657668296657223
4176,-0.009925579946652534,-6207.324301757832,20.10571749438477,-0.12440658701201557
4177,-0.5700633708155655,-427112.8645312499,46.294019178466776,0.21116834867819695
4178,-0.08775548468755838,-55221.526550292954,22.13634484362793,0.02907772283441442
4179,-0.5482432265263139,-324708.49455078127,36.406292488403324,-0.243859314736804
4180,-0.32900142143103933,-182180.23911132815,24.367764358642578,0.2523346321299085
4181,-0.24653814929501683,-189411.04490356447,39.818207955932614,1.0783862463250014
4182,-0.2440887068934133,-179757.6383654785,22.526520340454102,0.2569263866821152
4183,-0.5189902616497004,-387933.78640869143,39.83071113464355,-0.1615469826310319
4184,0.16136573419029526,87676.02009643556,15.589580952148419,0.41018318782080015
4185,0.02840456434504213,17812.037583007816,11.1500089951172,0.011639082121351688
4186,-0.4672970889906848,-312017.66942016606,39.783544947631825,-0.3051450236028366
4187,-0.130940080120311,-80687.24028808597,28.969633988525395,0.1693765955099165
4188,-0.11093263463430764,-49897.381800537114,11.377951444091787,-0.05831474135056099
4189,-0.1593646108433245,-110054.20653808591,25.234438612182604,0.003331489833752333
4190,-0.054160150390434786,-31671.39009033202,18.463447092895514,-0.039971969254257014
4191,-0.09355863026109756,-77304.01484863278,17.327538458251965,-0.23726660462633586
4192,0.08315002606310298,39254.892365722655,8.617853512695316,0.04042900407923581
4193,-0.04825335787131496,-30946.910859375028,34.220347481201166,0.15552036493356616
4194,0.1654083721265389,92838.25983825684,19.700510484985358,0.11819469080459395
4195,-0.2685706980029643,-204522.65958007815,33.27501948730468,0.05929011428258321
4196,-0.5965039838392012,-280059.1647399902,30.673331406249993,-0.5667774300985026
4197,-0.16480550816909867,-102249.0740649414,17.915725404296882,-0.30565203326033985
4198,-0.25408811638134654,-148003.45915283205,19.95234545593262,0.04128572660872294
4199,-0.17320445340245483,-116470.92392578124,35.123842844970696,-0.2731995005327759
4200,-0.23934083595431663,-172537.79218261718,30.951431694458005,0.318194447582846
4201,-0.04997603778489263,-26496.59934631348,19.246244906555173,-0.2855159774749113
4202,-0.22159081120334395,-163464.9697705078,28.73439651049805,0.09173020434940904
4203,-0.4223823007162295,-338342.41926879884,35.23756692517089,0.18078969345544976
4204,-0.4648127296050635,-315606.5339953613,38.59464905712891,-0.21592723042480175
4205,-0.6811214577412336,-466441.15339477547,53.16598838806152,-0.5430269785819921
4206,0.019104199229901794,11177.05619995117,19.324521886230457,-0.3036889529614923
4207,-0.6572549540458658,-456610.03882934566,49.234169508056624,-0.14599443433637097
4208,0.0005877862617332077,383.7042138671968,30.802923583984377,0.24807902202617327
4209,-0.043724221650975614,-28797.55540039063,24.927696661499027,0.15324868789303886
4210,0.4027376029616096,187135.83262268064,9.305174967529275,-0.08043627301619741
4211,-0.7388386746679648,-507585.3452490234,52.0848215131836,-0.20274177214598318
4212,0.12530839609824254,87909.0876196289,11.836436993896472,-0.04667242550344999
4213,-0.3148278172588862,-176296.24681640626,29.702944148803713,0.5056509701412576
4214,0.028815769792698762,21037.030781249996,30.14462897924805,0.27903267289578765
4215,-0.5620798220267257,-410646.90026489255,50.69093244628906,0.3966852705089591
4216,-0.3716563473736518,-197389.76468872075,24.471776476196293,0.04411440596972664
4217,-0.296530822698118,-191383.21657958982,31.81741361523437,-0.1834857383419876
4218,-0.43501668701204305,-324227.43521118164,39.91111356677246,-0.31198134790962506
4219,0.14047908794193298,63885.19052001952,10.361328958129883,0.11814475673391825
4220,-0.2798003984801545,-219906.17757202146,37.23262928564453,-0.12661030548685076
4221,-0.7322436170799483,-479325.22523437504,62.19376402905271,0.05475174918888477
4222,-0.44696504347978466,-366087.47950317385,45.74517291101073,-0.12482571632719051
4223,-0.11781560877275445,-65719.9943371582,17.0526944609375,-0.23247880236942808
4224,0.021401774859282748,12752.66389160158,18.990459659057624,0.06901237693615689
4225,0.2109067852786137,148455.92989318847,15.575233035217284,0.08602625185041493
4226,-0.44337853036016855,-316140.56104736327,34.4067830913086,-0.004266681270186535
4227,-0.298626009154791,-180513.13540161133,34.663348467651375,-0.10929236649181104
4228,-0.5401137389909074,-373309.21971801756,42.226235367309556,0.5324508810129903
4229,-0.08594332755339643,-61269.554837036114,19.470266980834968,0.5269433326001778
4230,-0.5159356497003366,-317487.1041534424,33.76823841534423,0.002955824596977764
4231,-0.08601087244196644,-57300.8550366211,23.14046551977539,-0.049412126302987934
4232,-0.21918317768889786,-113800.23446594237,20.844640391967772,-0.3620249180659093
4233,-0.38602585176530224,-241960.13380249022,33.44855193981933,-0.29449137967642025
4234,0.6342831140462644,274064.4091101074,7.893223018798815,-0.3241146884717234
4235,0.5677640289716201,271326.3754760742,9.336169491455076,0.15916944548434364
4236,-0.14777152666034035,-81298.08210937501,24.66448996972657,0.1311597262741238
4237,-0.2184789482241475,-145729.97655456548,30.176991526062018,0.27008845593297925
4238,-0.26002455849225103,-135191.7794494629,21.850813500976564,-0.11560032792248807
4239,0.13183058410852416,98019.4505358887,29.374976004638686,-0.02513280689845143
4240,-0.0930044676286956,-63512.79994140622,22.06405402087403,0.21544182793553615
4241,-0.01940089489945879,-10214.420440673819,15.641539014892583,-0.024965509604781992
4242,-0.05467650167472955,-26454.5586352539,13.005436915283209,-0.4896880080396169
4243,-0.13151937233091074,-62929.15874023436,30.657719615112317,0.26199223131530147
4244,-0.13260560501850308,-57145.435140380854,22.752155004638666,-0.154800102051628
4245,-0.4873023470846697,-358057.06375,41.58055493859863,-0.34234750921059126
4246,0.4867243793756282,241198.41944702144,12.835093485229484,-0.20662142467268466
4247,-0.5559990189414453,-320874.2044445801,34.63382947155761,-0.05286641509707467
4248,-0.2537454994909905,-124948.1113977051,22.379739619384775,0.8942464807133338
4249,-0.480537990410446,-358732.80398742674,44.80606938751219,-0.016671287644367382
4250,-0.3089608289995364,-215891.27095214842,26.867765622558586,0.04178041302427716
4251,-0.1685352212688452,-111789.62866088866,26.503039458984368,0.06727776123785405
4252,-0.027151393545794923,-18283.27946655277,16.98168899047852,-0.12646451330610906
4253,0.31314960522978624,156003.98981201174,10.47717950976562,-0.10464976157583072
4254,-0.03784976825307291,-30316.975073242196,29.356412550048834,0.07263712292377068
4255,-0.17578865164244373,-124017.92890747073,18.915763534179682,-0.15449033023982844
4256,-0.30587940232255667,-251783.91474975584,41.91327495080566,-0.14947769135239913
4257,-0.4998568428291193,-376131.53984741203,46.572523980346666,-0.0430220095335849
4258,-0.39611254064355683,-246475.4482751465,32.46924481848145,0.2095726152854883
4259,-0.4743415642576715,-308266.09808715817,34.757339281005855,0.22083376049102102
4260,0.01306642694014874,6531.195389404318,22.96665255627441,-0.012964587765402715
4261,0.44280353946136947,222137.83781311032,8.957130004882814,0.1575733980624646
4262,-0.5671784300206865,-391001.3105041504,49.35387002404784,-0.08614378849500566
4263,-0.4578406158476104,-230814.77342346194,22.2997148762207,0.41114095262279543
4264,0.3179331626376921,140698.37524902346,9.066692469482403,0.4013948192952784
4265,-0.16346461241148377,-97776.05005065919,22.809911514465313,0.027022192234472112
4266,-0.21446416073046431,-182867.33390502926,37.26255484143066,0.34447018141190167
4267,-0.001459091009285868,-623.8353466796834,16.346040496826173,-0.03945601964879722
4268,-0.3377480718454624,-248012.55003051757,37.028455963989266,-0.195741151053247
4269,0.12182177895264418,82209.02932922362,20.95960497985841,0.4725453504317766
4270,0.39682582751154183,261902.39773925778,18.279598968505848,-0.43297088618675045
4271,-0.412339535104857,-256866.18466064453,45.73094399279785,0.2580385641767523
4272,-0.12515202195413908,-69855.38415039064,21.98866799438476,-0.1863798491202077
4273,-0.31482357675619016,-184858.80832214357,26.469736862487803,-0.07058463941607493
4274,-0.15130552822193416,-114072.77153808594,22.68631600976563,-0.024526884790990463
4275,0.1405130601944391,78461.92481689455,11.913597990722662,-0.33400652521343827
4276,-0.20165933564535274,-148853.15963256833,25.204335458496075,-0.08876214322757173
4277,0.1004418146677873,41116.36005859374,12.679179988525387,0.13772953525870393
4278,-0.14959981485394344,-87566.63978515627,22.60670899169922,-0.16603375133617665
4279,-0.11771030360996133,-75413.17326293948,25.167412851562503,-0.25900218560727845
4280,-0.1439525525764286,-101455.18192749022,31.895113476562496,0.5447863691259863
4281,-0.5768495426581595,-389989.574138794,51.44113889111328,-0.5336553964082535
4282,-0.26330510583166045,-189912.55910278318,36.70198242846679,0.9120915810004235
4283,-0.02122325289530414,-10849.540395507824,10.961486497924803,0.5435887745395932
4284,-0.5027286544659927,-344814.9156787109,44.04748754321289,-0.19483212985912066
4285,-0.5296551850481562,-357259.7304125976,47.23372203466797,-0.03976807817105822
4286,-0.0732823395528089,-66466.30467285158,32.1463689851074,-0.08204549265248552
4287,-0.024174975868983116,-13132.258654785168,22.10432342260742,-0.39086483941901
4288,-0.6498324930602305,-516689.3892980957,54.60780342468261,0.3833921201269685
4289,0.034268560142880634,21010.610541992253,18.576127469726547,0.014439082339474864
4290,-0.05144561125461495,-32316.851646728494,27.1235080048828,0.5045876438307618
4291,-0.18593778326888863,-134058.44301757813,24.48409230224609,-0.04085304625398952
4292,-0.007728274020772787,-4208.717766113303,19.580973263549804,-0.025472368449653577
4293,-0.3403112951639578,-170425.70559448245,25.01885046313476,-0.04588291053255947
4294,-0.012094830457827487,-6143.529823608413,15.684538486694336,0.0728043121940656
4295,0.17830443433915055,104385.17688110353,12.810237992919912,0.266598159590103
4296,-0.11408964710552524,-67191.83946533203,22.082353937255856,0.5464716409329082
4297,-0.23094735053812127,-146904.42969970702,23.55272247595214,-0.244177921717971
4298,-0.2595229454822808,-169679.4023791504,23.772574488281247,-0.1031138925118014
4299,0.19247749050102167,97511.54718322752,15.455604977233882,0.6053441585711602
4300,-0.30147692603994874,-200330.28414062498,39.665566002685544,-0.0595425888745796
4301,-0.23482016685849694,-190931.55294555664,24.601475483764638,-0.11034077442649146
4302,-0.33401070335140265,-216099.09558105463,28.39494855151367,-0.3145575909676514
4303,-0.16325579302412754,-138335.40957092284,38.097981453674315,0.18031070904922364
4304,-0.3562425771355146,-279447.5295617676,38.57196893518064,-0.07432979192114818
4305,-0.19834398406942275,-117819.20606201174,31.613553970458973,0.24274862230921085
4306,0.18605403765982692,140952.62063354492,18.491846506713866,-0.053436180511510424
4307,-0.1538349382731868,-120266.72969116212,30.229293192871076,0.28346351096654926
4308,0.06395695984020856,46874.520402832044,23.69097449414063,-0.1902413836790675
4309,-0.07078178429447303,-53590.845863037124,19.935709583740227,0.04004335151493307
4310,-0.26531071223676295,-182492.26548522947,26.925821986328113,-0.21564995471371223
4311,0.34994195665489763,189815.35659790036,14.94566899877931,-0.14416569401457988
4312,-0.5364988100765001,-368135.065267334,41.17752252136229,0.24991736852877056
4313,0.1497085550076661,95896.48437499999,25.784900819457995,0.37178879369759404
4314,-0.33414523089577935,-212724.9544750977,31.97926197973633,-0.3721607462054503
4315,-0.5896108831687652,-400699.8918261719,49.190378653808594,-0.14816181565734263
4316,0.09790864408432114,52033.696095581065,11.77024036523439,-0.17762055437745908
4317,-0.43753774153544117,-329979.26153015136,38.78509315301514,-0.8583220555238452
4318,-0.16605242051424202,-108497.35484374996,29.907223952270506,0.2809910095477027
4319,0.01171440913651351,4818.0486755371,20.12300768518066,-0.35706033513556557
4320,0.13364136932074935,89720.06015136719,20.232674539550764,-0.08935521547295026
4321,0.3275017003727577,152983.46984130866,14.350883456298824,0.32124015707892645
4322,-0.45747312909004817,-320155.89467773435,36.10405511511229,0.24425212184097037
4323,-0.12979818755408867,-81987.55949829103,23.32785497351076,-0.4244219497677038
4324,0.3461865923540552,171271.29541503906,7.444931982299802,-0.02449672105550238
4325,-0.253030819796988,-175571.8125769043,33.97494796972656,-0.02549989378008029
4326,0.3009532420377703,147762.64003906248,9.911763967041018,0.35705708056306296
4327,-0.056497557707396666,-32932.690653076206,24.176001612304688,-0.571078480445745
4328,-0.17120367922183952,-101885.08006774905,13.671679969970707,-0.12699003360797906
4329,-0.49147724050661945,-302119.5951318359,30.22557499304197,-0.22149826416705165
4330,-0.6499669818886934,-447678.7796606445,48.32876946459961,0.06178457520569098
4331,0.1820995593210942,131465.3698699951,21.974300967773424,-0.5611015347287097
4332,-0.64790294651682,-440809.03431884764,46.58873694848633,-0.09296198117774204
4333,-0.29379595960527344,-179883.18102905276,27.599470582763686,0.00830324860180338
4334,-0.2990367452505328,-177510.09005859375,25.406365437744128,0.3393260170939589
4335,-0.4495699542047677,-302882.01032104495,36.37327056213378,-0.13544168347373717
4336,-0.30445233767103835,-206875.47404296874,39.828832429199224,-0.015308882176402193
4337,-0.11929673115560678,-62294.9484942627,19.630620001708994,0.012724140578186606
4338,-0.12856236543887584,-65680.06968383791,18.85909547277832,0.07368838141715914
4339,-0.06225948634338298,-41056.01962890625,15.551724482177734,0.3106565951040129
4340,-0.397383832681423,-224945.20009094238,33.28992348809814,-0.25337434515927365
4341,-0.46561956570675733,-296604.4229589844,35.71674428637696,0.18065731851877848
4342,0.22190276775477366,136838.30469726562,21.28364000439454,-0.1457833553222391
4343,0.18621820347721435,103404.44933532714,12.416207010498038,-0.05191225059513391
4344,0.042212898276624354,29380.92688232424,17.668867991943365,0.20818071027167992
4345,-0.61030565163236,-434484.7696179199,46.45241101159668,-0.021725033187348648
4346,0.028238718818299893,17023.16453491211,20.08392899267578,0.2981078281844613
4347,0.0571701307385207,34854.80956787109,16.417594455566398,-0.1784509366155899
4348,0.4703055281507663,189873.60360107422,17.721955511230487,-0.1117181580505737
4349,0.06604034296152166,59542.685516357364,32.136383001708985,0.06715658575302937
4350,0.05182151532969752,25747.79945922852,13.269889265380868,-0.027141945581947706
4351,-0.3652345834071926,-273600.99529907224,39.99139572937011,0.07634342233804219
4352,-0.1365091942317101,-111687.61113769532,31.335487310791017,0.01746264259729766
4353,-0.16180924120992302,-103207.2487536621,20.85844492517088,0.1570518411075957
4354,-0.07729476839214205,-44129.119942626974,15.893225009765628,-0.04504410959244168
4355,-0.29103792468066153,-186218.6759375,28.541691959472654,0.13656541519808738
4356,0.22702605300569473,197211.15173706054,16.783292455444347,0.20715892840342345
4357,0.13475656851197232,86308.81947143553,16.694075993530276,0.1559755200175876
4358,-0.20639366063102457,-140307.51082397462,27.58551808581542,-0.2876077355340104
4359,-0.02919124895057128,-16909.571812744165,21.61179344482422,-0.09257313383781754
4360,-0.06610789237147476,-49801.030136718764,25.673137508666983,0.32991610554993667
4361,-0.05808687863796296,-37861.27455200195,19.096130504150384,0.03297233325648846
4362,-0.16792727797570867,-115987.63302124024,24.75985642907715,0.1681609065746567
4363,-0.4873630298046097,-365245.10503540037,38.96285397790527,0.22395283791871437
4364,-0.1086189364306604,-54384.46389160156,16.196718476562495,-0.02324621299364803
4365,-0.37443380238734697,-236087.2052282715,33.65770570825194,0.12356862979930912
4366,-0.263919406441446,-154988.09980834962,23.068837566406255,0.047470392888060334
4367,-0.38912760083840703,-298781.674152832,44.22452239733888,0.06801482334139637
4368,0.2722602971149541,165859.1268206787,11.113324998779293,-0.03921103492529221
4369,-0.2258311527287916,-140657.46126464845,21.551681502441397,0.09002879268281698
4370,0.027495787159024555,16481.50395507815,13.491628532958986,0.6353300677470476
4371,-0.5570315531497677,-264900.63061401364,28.64499456152342,-0.26704405331707104
4372,-0.2598734047813222,-160251.40574462892,18.502205116210938,-0.2721920471285801
4373,-0.3024438618854954,-199288.30467773438,36.893854502807606,0.05881855687174501
4374,0.11833901300635545,46725.30000854491,10.339889404663083,0.5937771873512754
4375,0.49666821308275527,212306.89876220704,6.496407533813478,-0.1424135165067425
4376,-0.639346346196918,-382341.2452868652,47.04801205895996,0.14942427006650438
4377,-0.30075535613876875,-144518.75140991213,33.02684344458008,-0.464317917823101
4378,-0.05596339926455131,-34052.90986450194,21.08247846850585,-0.23800072034990064
4379,-0.3574790817265996,-272058.46557495114,31.535889501098644,0.11841411040423389
4380,-0.13060755472030022,-70827.98040771486,20.265829988769525,0.2604947953454813
4381,-0.4007117653209723,-269499.2604394532,44.39083700793454,0.1803932770313382
4382,-0.45929258574980386,-314907.09197998047,45.919222967895514,-0.055906742769644434
4383,-0.21877789412959825,-132147.29737060546,30.009237966064457,-0.29135700056075675
4384,-0.00989639795662419,-6292.911391601592,20.780976088378907,-0.06925645151740588
4385,-0.3235256164707496,-213363.7937451172,30.745381423706046,0.47018132741795093
4386,-0.06606627979936569,-41732.95577880858,21.612472516479496,0.3891557775689297
4387,-0.27088547379748285,-182189.34977172854,31.686732457397447,-0.2570879559165845
4388,-0.6588312666070184,-505834.8354492187,52.65887455468749,0.34585577586094657
4389,0.033964798938620644,22071.81052368165,21.757437967773445,0.24662066614537598
4390,-0.296411036711221,-216987.10725341798,36.81897018969725,-0.24291550873465026
4391,-0.30999184577721245,-177513.045144043,35.18415101635741,0.05445842393975831
4392,0.23519474763950904,115666.51571044924,15.15496398291015,-0.3737161916471935
4393,-0.35629082972288945,-218545.33653930662,38.49286921704101,0.7429492000793644
4394,-0.08185732513649358,-49893.96435546877,21.426901479003906,0.25313407932604853
4395,-0.19271858266135433,-76057.42623535158,18.305800427001937,-0.37991259636219393
4396,-0.41512202674432835,-305106.79888183594,36.39352089367676,0.1400277659823712
4397,-0.07108698625571153,-32279.51355102539,16.926114994384754,-0.2958012125002899
4398,0.19660967631353976,126738.3468334961,18.153129623291026,-0.05719955249470241
4399,-0.19598553356796938,-124869.53705017088,31.444890203430177,-0.16795773383686435
4400,-0.08717719907846075,-53497.5201904297,15.44234450512696,-0.2224504596734315
4401,-0.06081035010504062,-38523.24029541011,21.11412954174804,-0.1683154768501317
4402,-0.27548255177513264,-196752.33591430663,32.825583553833006,0.02133832758948967
4403,-0.22965331961534013,-142734.1305480957,25.962410554931637,-0.017431267282707847
4404,-0.370365637938269,-262754.7343231201,29.507420418395995,-0.34846918636495067
4405,-0.6145060018223306,-450195.65119384765,49.01169631848145,0.6408838360468924
4406,0.04935733253324929,31096.28649658202,15.762453478027345,0.23700232537898197
4407,-1.029665617309694,-688387.4747790528,71.0354424790039,0.15507121955540357
4408,-0.17788234726563806,-64324.12695983886,12.152182979858399,0.2310694994904953
4409,0.47512468086306053,237052.08169799804,15.99172595947266,0.09606579740582688
4410,-0.30934984237150703,-190334.58474121086,21.66129554614257,0.7261780594902884
4411,-0.14864423572448096,-85857.15645751954,21.55327160766602,-0.40422056174427173
4412,-0.3401959351687967,-233706.91962036135,32.841995913452145,-0.37830805092678216
4413,-0.37455626812876625,-323824.4158972169,46.61724754638674,-0.04016809216758969
4414,0.5128176257309718,214595.59437622066,7.543650522460951,0.363036887629269
4415,-0.2343678791730908,-176277.04001708984,25.28737947839354,0.15654724173640186
4416,-0.1868682726366333,-105999.10625976564,26.528198641723627,0.039799323770328236
4417,-0.1841715640390202,-108824.97497070313,19.708907536010738,-0.0857486312297892
4418,-0.1348369543047439,-94519.3913330078,35.91276217565918,-0.2254910391507143
4419,-0.09979385997128261,-59384.07325195313,22.71150520361329,0.01844352471763582
4420,-0.1577581789767775,-93971.57996215821,21.661648965698234,0.22094622175105366
4421,-0.3398652362861775,-245367.76903930667,38.152209872802715,0.14836594154731536
4422,-0.23351414094736733,-104455.02450439452,18.651882457275388,-0.35686175537155507
4423,0.17804053778836545,122345.67493286135,17.708743495849603,-0.17969977129513617
4424,0.11520407341414042,73269.06436401367,20.81761147753906,0.08724296474489956
4425,0.06540194446578677,49823.44887084961,25.079632168701178,0.08929757107992715
4426,-0.26336962051954566,-138159.76051757814,22.24414356152343,-0.08607425870879397
4427,0.09646991021660488,56348.68484375,16.397424003784185,0.16746686943732775
4428,0.2836991421384427,156647.0333691406,12.146798987792968,0.06096205137119577
4429,-0.35070447612705113,-264079.2345904541,38.63165147070313,-0.291469901636885
4430,-0.012436106986268647,-6904.056801757863,20.988521011108393,-0.23975329832496559
4431,-0.025588982082204982,-21087.670983886725,26.00920651000977,0.5507192983508953
4432,-0.11953110354581048,-74113.61949279788,27.37646593908691,-0.057251794123475475
4433,-0.5208711232435458,-364226.9739672851,37.15232388745119,0.3043440523010549
4434,-0.16988566464579055,-119922.34993530276,27.714052473876936,-0.16335462466161677
4435,-0.017085233974709468,-8493.80527343748,11.468965997070319,0.07547116309314601
4436,-0.3339463746608536,-218832.99541076657,39.68957402813721,0.21586545273107804
4437,0.5308657098225069,294269.97117919923,11.113324998779293,-0.423515954032482
4438,-0.27506898222421056,-153893.87019287108,20.10276446313476,-0.16900758510661051
4439,-0.18771442617232703,-118940.1599230957,33.73305795764159,0.4928074414316261
4440,-0.2021147761129373,-147207.33009765623,27.360341168212894,-0.046919045069250744
4441,-0.007064137220149648,-3672.85562988279,16.446337025878904,0.23865813149615542
4442,-0.34028280541043937,-204721.4951696777,25.538781530029304,-0.0928923741423742
4443,-0.17128656764485345,-94941.87857666016,20.789478874267566,0.4268951354865746
4444,-0.1562096052374944,-103374.1505041504,22.478404033569326,-0.3387706085720664
4445,0.2188766475026161,113740.59531311035,10.878582969726564,-0.17149262136355162
4446,0.16436840714444065,87202.90128540041,15.781784996337898,0.021979130519384684
4447,0.10131745337696557,64216.38003417965,22.40039102966308,0.4029143348603655
4448,-0.7875866543146076,-605809.6805706788,64.4893355336914,-0.22577572268992294
4449,0.2495074268645831,139155.09422241212,13.156452998779294,0.19722909755601534
4450,-0.04091675829122043,-25067.574321289067,13.288619987792963,-0.29796306688836777
4451,-0.47294777647401426,-357381.11288513185,41.82243778680419,0.285537677319776
4452,-0.5432366556207316,-353505.6500280762,43.220961488891604,0.21734227757660723
4453,-0.3317396346633529,-182118.63045593264,32.322657200988765,-0.37213906819248455
4454,-0.1388954741815789,-103001.50506958006,38.36872898815918,-0.3822829676678923
4455,-0.3608525034886293,-275829.4093103028,41.744245454467766,0.013833420201345639
4456,-0.15026895372177565,-105280.59554443363,26.132776010498045,0.08107635302809273
4457,-0.404014467058204,-287847.1051037598,32.10949606091307,-0.3001853796017392
4458,-0.40599586840667934,-242777.17337890627,37.14508048706055,-0.007282774102201638
4459,-0.5762017432590602,-436278.46005249023,50.25519597009276,0.05468671851340095
4460,-0.08404224138628519,-45409.35917846678,21.36405940649414,0.20788359975482038
4461,-0.09767132512405562,-60481.91475402831,19.113305996643064,-0.049118898010602215
4462,-0.10968102659051042,-71309.66405273436,25.75074893945311,-0.36640203048703596
4463,0.5018272756852874,290373.2753222656,14.047782996337885,-0.19106940413188
4464,-0.4912697744903532,-342810.2993359375,48.50958844824219,0.036757960664052465
4465,0.16782571161624493,91954.1077844238,19.136495815673833,-0.3023418460807834
4466,0.0511493931492082,43023.36848632811,21.595225486328115,-0.06232396042040175
4467,0.31231255977392663,153395.20610717774,11.591160987792955,-0.3209524043119335
4468,-0.23167502896908254,-156555.82039184571,23.60608704870605,-0.123788498725579
4469,0.08718321794416041,47931.47929321288,24.980176465087897,-0.14653182811645532
4470,-0.43809620772168284,-248358.36410766596,27.327666397338874,-0.4587549752510558
4471,-0.11358007699130479,-86631.2097351074,20.89369901086426,0.3420581527197717
4472,-0.15459837858726622,-109081.5588647461,23.67182146044921,0.37553972632154153
4473,-0.3072518089537731,-231423.4005541992,36.19310651702881,-0.27925661584283246
4474,-0.005702622915271229,-3640.1349304199393,14.954918494262698,0.49721902436233395
4475,-0.36573827972229017,-228169.97078552243,38.17430372460937,0.5283044069426625
4476,-0.30076146446689384,-170798.40500488284,23.04497498828125,0.02511563373110018
4477,-0.2768585736575854,-162826.80511230475,30.19888595141601,-0.22326136078791614
4478,0.06766878090607567,37726.75032836913,10.180115506835945,-0.4585324666454219
4479,-0.010220802394291332,-6980.859316406262,17.34876398779297,0.19951668850929702
4480,0.015240767027048054,9651.037469482399,21.492204978149406,0.18740622283254255
4481,0.2500745849823459,172450.59231445316,19.4048564885254,0.6039967042840088
4482,0.19994323171289535,123752.88061462405,13.993643503417971,-0.6090357518541957
4483,-0.02144392217050191,-15195.890062255872,20.057476522583002,-0.21097716384325696
4484,-0.23690692494278676,-138235.38418823242,24.063058963012697,0.46239604038289184
4485,0.04921489543604074,26632.55715576168,17.47813951745606,-0.4649785810791413
4486,-0.3025637262866546,-177561.5959960937,35.83988198571778,0.30568547686838166
4487,-0.26885993978100015,-144134.8395666504,20.635504945678708,0.3840646045874893
4488,-0.06792539101218688,-38552.14725830079,19.903609226318366,0.09001106090786877
4489,-0.2883666828867015,-184592.39457763673,28.9315979675293,-0.3458028706993346
4490,0.6149302581213085,269050.0555291748,10.592597480957023,0.3122015480344063
4491,-0.6935483164882708,-503927.47921875,56.11478546020508,0.7317595160727974
4492,-0.048515551752434494,-23775.669730224592,19.61795396972656,0.36897855850353467
4493,0.12962747131621263,82932.1808569336,17.10264993725587,-0.1496057589549171
4494,-0.36622678480833043,-233331.98672485352,26.225973658691416,-0.25335278792230365
4495,-0.5300138350437786,-503980.3344311523,68.38468744018556,-0.4909586968469137
4496,0.0060947647323108855,4118.084689941374,28.352053035644527,-0.21247028438895893
4497,0.17492237861694604,101000.92014099116,20.056016743347165,0.003849232481797498
4498,0.04447015547450427,27061.42508789063,12.516732990722662,0.21498266393266052
4499,0.16066197179793318,87215.29908569335,15.686401573608396,-0.06242522807976355
4500,0.02346508572196075,13587.379414062467,23.809382532836914,-0.05198859342608398
4501,-0.17211760129887838,-119474.87992919917,28.505881479003907,0.04192303488125254
4502,0.18198700645751786,102309.77913818357,12.44285251123046,-0.22042375061888084
4503,-0.16286003563014048,-105478.47476196289,30.429099480834964,0.17289138935160964
4504,-0.3698105594519354,-241758.93994689942,36.59613498321533,1.153360660839938
4505,0.4341811442808813,224259.65609863278,10.511523127685557,0.8548968388045625
4506,-0.19622153748144328,-127348.69216796878,22.580155797119136,0.2944606835321321
4507,-0.27419836821216576,-167470.67978393554,35.30861547668457,0.10162888978038481
4508,-0.10678352590384489,-64818.62968627931,25.405809478271475,-0.25524929787076184
4509,-0.47860592619825315,-321014.85321166995,38.48462429211426,-0.4311812313966993
4510,-0.3188447701596516,-212643.24504333496,30.536171983093258,0.015160452483076375
4511,-0.2862008844463821,-189506.62136352537,21.253310126342775,0.17921992482121527
4512,-0.05718613200536709,-35490.12594238286,24.446809500244154,0.13473460100970064
4513,-0.3852068685565306,-195019.73992919922,23.029943995849614,0.13915064318747117
4514,-0.5315588584420639,-395098.35620483395,46.790864460571306,-0.16715558742522404
4515,0.006287971474557452,2726.250936889657,20.50418847320556,0.023343982233118083
4516,-0.18247359624881432,-104585.33680664067,14.949002403076191,0.4959308862354258
4517,-0.3232696206921572,-261161.46039184576,43.82403546862792,-0.4193126386653672
4518,-0.6747630664346504,-482799.5846569824,58.5428307076416,0.27308002080978744
4519,-0.27489139994945794,-133266.40064941405,30.434933536865223,0.3094442272518178
4520,-0.08484417377278755,-68149.55938476563,28.49422790588379,0.16593948254293112
4521,0.006797961397035417,3897.040214843746,13.570754991455072,0.07493605665038196
4522,0.3301084066490981,167329.1931640625,8.388741532592766,0.5560968954662714
4523,-0.22948853047233617,-142339.65486755373,33.34562701275636,0.21771908083398986
4524,-0.2357899778097243,-148029.69516479495,27.877004472534182,0.6455206861428032
4525,-0.14705018748482013,-99064.64807556153,20.486290300964356,0.02531111465521325
4526,0.19717194496168133,137899.65542114255,15.314698981567378,0.0938576204924814
4527,-0.019601583143138722,-11013.22842956541,15.590296979431157,-0.05235075852848999
4528,0.2016156017041575,76765.54968811036,8.73675252648926,0.1616616069883039
4529,-0.03039052475268465,-24066.29248657226,34.53611805383301,0.06027562340917044
4530,-0.5246224898473544,-342533.2603222657,43.161444970092774,-0.47371997199567556
4531,-0.4172015447950211,-330816.86337036133,44.85407684875487,0.16438289187174335
4532,0.08516883166895879,41626.72541564943,16.054619530517574,0.323052115136187
4533,0.116712736624798,70624.59494873043,17.58045096728514,-0.20546480006655718
4534,-0.40975967245628875,-236499.45420654299,32.74652247241212,0.20320767052030322
4535,0.1885527444222207,107533.68062622068,19.25072546850585,-0.08096248671148842
4536,0.44003784183399525,198585.1547583008,8.176904480224614,0.5843086083111905
4537,-0.28818738274087335,-164092.55072509765,24.44126748278808,0.040385765418494576
4538,-0.026234156135565047,-18413.27751831054,21.24125603540039,-0.2220579669353472
4539,0.13813709154719922,63731.370504150414,11.113324998779293,0.24054592986780077
4540,-0.15464306516805815,-87088.2642681885,20.328574496826178,-0.41683438995282135
4541,-0.4566145312444031,-272307.5051403809,36.16582147766113,0.3627814773959216
4542,-0.19580303487060643,-92865.01847290041,16.810755499999992,0.07662477017615556
4543,-0.327887930427251,-181482.16836181638,22.17175099426269,0.2048156820471145
4544,0.06363315613239144,31908.506341552755,12.806286113769527,0.195813563080856
4545,0.3802853408270648,222348.46061401366,11.806537913940405,-0.28865519219315294
4546,-0.04908112643043418,-34885.85077209478,28.615520477539057,-0.09383467795473183
4547,-0.4978802879798211,-340172.105144043,36.166112016113274,0.056152579172897774
4548,-0.12428804723224768,-94781.51971435547,24.39015797094726,0.23367012224805
4549,-0.3596977871348545,-161487.69995971682,28.7387139819336,0.006879027894076488
4550,0.44449029304017224,205351.76502807613,9.989527474365243,0.36989664525285326
4551,0.3225350028591048,195549.92938659672,16.305476510864263,-0.048543090630464324
4552,-0.0738201427038609,-44811.85994140625,30.452773485107425,0.2714488990094509
4553,-0.3050327290863117,-159183.02067993162,18.659509540893556,-0.4045201795537506
4554,-0.16875669872840077,-101988.62232055666,19.55033647607423,-0.054528303082477886
4555,-0.3755345993753148,-345729.46817749017,51.5728244501953,-0.1575254460447244
4556,-0.19517708237560882,-92594.50869750974,18.039009989013675,0.15252981292652223
4557,-0.11026758778425298,-75214.07833496094,17.539686488525394,0.19858713595151897
4558,-0.5316882618413504,-380281.61472167965,43.3046094506836,-0.3010716279425288
4559,0.006295979208729326,3490.419853515632,17.677287675170902,0.33453262303154374
4560,-0.014955761944513897,-7141.150400390619,16.9570800418701,0.0916622811934033
4561,-0.4013773286525098,-219167.78448608395,27.963078470336917,0.42948110952346613
4562,0.3133343309848103,175329.18647399897,9.83253699511718,-0.30300137045469694
4563,-0.1317771175596059,-68049.23927246092,21.56858644104004,0.05159637191337007
4564,0.11356244592587196,62035.680068359376,10.708127978515613,0.5907866219404276
4565,0.14147992639423856,83599.70374511718,19.12600950183107,0.5584096334819447
4566,0.07691766133393856,32878.349320068344,11.527822546020511,-0.35184381358923694
4567,0.03813168015552791,25975.065152587886,16.903873966308602,-0.13952788999024018
4568,-0.16604984139657622,-99386.63512695313,36.818636024169926,0.389702844279571
4569,0.07071870905665355,47528.97101928708,24.90630052111816,0.24307599429269588
4570,0.055094377610640864,37855.52057006833,29.390817461547837,0.4622979265556193
4571,0.554065947570237,275764.7421289062,6.442079998046882,0.1486427262727791
4572,-0.36684986277407433,-219425.37514038087,34.54792650427245,0.03038533748904465
4573,0.10015090857831897,47595.835107421895,15.757132988769525,-0.10479880660657387
4574,-0.18583381263796095,-116642.05339599609,14.55200797766113,-0.2565651056091127
4575,-0.20480013886869938,-119078.20642456056,31.328993462158206,0.39243664897111386
4576,-0.03377102208059182,-21443.087076416006,17.166807509765633,-0.1488910555045994
4577,0.004756801337365203,2711.6889965820155,17.01230107226564,0.07950996790900429
4578,-0.6475186818201766,-369230.5591949463,43.46596740301512,0.10328663186401359
4579,-0.3078027064102231,-214957.37360595702,36.14304051245117,-0.34398586732774206
4580,-0.1390860071251681,-87077.92558593748,32.572394990478514,-0.16250007346207265
4581,-0.11478856453513961,-58324.47412841799,25.5425889387207,-0.0478163593287262
4582,-0.3088481290917408,-154065.71340026855,25.975949990112312,-0.28330432895620555
4583,-0.06348109456148361,-31237.012131347656,14.493331004638668,-0.24081356375858406
4584,-0.16685002773640653,-96472.91720947265,26.791985385620126,-0.2771371298494881
4585,-0.33605671746690186,-265630.891137085,55.5191291107788,0.35395483411842554
4586,-0.13399498637637414,-83201.40735900876,28.4419694598999,-0.5254258961049998
4587,0.13351017467967174,73038.85521240236,13.131946996093738,-0.015007612757941102
4588,0.11038371675612954,48505.94506896974,12.2892414921875,-0.02542015454167013
4589,-0.3725687217734352,-225278.63990478514,33.84998095617677,0.08625642937134251
4590,-0.4026137769614248,-293892.1987768555,43.19563593676756,0.2972361533911437
4591,-0.13245056678428188,-75668.29988647463,22.492109457641607,-0.5330942831440547
4592,-0.3206389405148086,-190261.6995410156,21.673738509765617,0.2123717874339484
4593,-0.12281645948221663,-79077.9296508789,15.37194798974609,0.41780879758782247
4594,-0.17155450772551872,-105905.22280395508,29.89882076379394,-0.36375220243002093
4595,0.4313977680506425,241766.6152075195,14.046532507324219,0.46409033337617905
4596,0.1824066534207005,141049.55536376947,21.881707475097652,-0.010893735236736818
4597,-0.38328802265815937,-260189.28600097657,43.7859845316162,-0.06186016831637628
4598,-0.22157760364968695,-133554.06130249024,23.134439100952147,0.474652606924069
4599,-0.0064393061737294775,-2628.3390087890657,11.352694957275386,-0.03383729659129239
4600,-0.1299029078688504,-89716.31005004884,21.35311352478026,-0.12670994330512042
4601,-0.6059837028992462,-372867.3244384766,41.7116800102539,-0.2303522903576087
4602,0.2457373281496836,132295.45607788087,11.820666987792984,-0.03907752251571977
4603,-0.4442153049240698,-334548.3344213867,38.09760112683106,-0.0059294268376687935
4604,-0.07259186562841266,-35809.47329223632,20.119122497558596,0.1665605558837685
4605,-0.16674584315226626,-114166.30463378907,29.200301980468744,-0.0687357020036269
4606,0.0017383561543169292,972.4380456542585,13.241011713500972,-0.013347829586983741
4607,0.05774901417043789,34236.01058471678,12.322400006103504,0.2285012518396077
4608,-0.05791697983819636,-39365.025052490215,20.985089010986336,-0.6666073138823875
4609,-0.18175160104818444,-124374.45393554689,19.504902355590822,-0.31453902620370244
4610,-0.4650329492459688,-287937.03464965825,33.51679642358399,-0.09145534360310836
4611,0.09323661098524329,61397.946342773415,12.583220506103512,0.10644342197866825
4612,-0.5193816238167124,-292181.64917358395,29.57047792028808,0.25666350160864404
4613,-0.1940424379830587,-123682.06471435548,22.261292441650387,0.09588882570863026
4614,0.17231424963787834,103517.43256225585,15.983701524658198,-0.1778643535346264
4615,-0.07155731196987024,-55739.77309753411,25.075779756835942,0.23114055569448697
4616,-0.30952602466976664,-148456.76634399415,23.888667128417968,-0.47190751364094885
4617,-0.2329451937651179,-144089.79419921874,25.526390107177722,-0.2382128901121354
4618,0.15463268635590577,95855.22471313475,18.14238345703124,-0.15975029701325139
4619,0.10439090557841627,56615.06485351565,13.450895994873042,0.08731302020096446
4620,-0.32234153268350063,-234638.7989807129,25.724236394042965,0.005549222105572848
4621,0.07145347894929481,46736.01194213867,17.220352947021485,-0.2478696419171081
4622,0.21304517875622098,124812.20998046879,18.818249001342778,-0.2863047172581376
4623,-0.3343258098418789,-288697.49041259766,37.91175404003905,0.2803402051618395
4624,-0.3260807965242048,-195607.6953552246,28.27487700256347,-0.21804719475657663
4625,-0.28277622848224765,-150850.93442138677,29.334135909912106,-0.3084592416694485
4626,0.3214626381625312,196964.45038085937,16.042213476806623,-0.043264742771228694
4627,-0.7447835984053067,-596944.5247137451,63.56338548089601,0.1563899281798823
4628,-0.18556125488315425,-123169.67535156252,28.02375405297851,0.043403513865271665
4629,-0.10933538685892925,-67375.65092529298,19.781202563110355,0.3747985931107273
4630,-0.3706069609269875,-191195.12551513675,29.538841440185543,-0.16593938376457112
4631,-0.13779586657999185,-62491.77666442872,15.566770263061533,-0.09391018894934935
4632,-0.03296953818491544,-13458.925677490231,15.637594614990242,-0.16767731101114755
4633,-0.4664351124129994,-268360.8902294922,34.45010146435547,-0.029269509787201616
4634,0.04677890420785587,30085.437855224605,19.754942746337885,-0.017821760870518438
4635,-0.2846730662697567,-123052.4225537109,16.76564650561523,0.3910124719858141
4636,0.12834523288349797,73674.79481872561,12.916266149658199,0.11366847176600986
4637,-0.10629422167126218,-59777.595247802725,14.037947057128907,0.5404802705119784
4638,-0.2977577644732587,-175396.99956604003,26.30156761260985,0.43212221057457134
4639,-0.4177679501568839,-247374.83036254882,35.08429955456543,-0.027032494767507048
4640,-0.29809343089551826,-203038.5001916504,30.915807004272473,-0.04295751894446555
4641,-0.015288007238026388,-13208.3885131836,35.973772951416,-0.0578368616436079
4642,-0.03862463447231005,-19181.600368652347,17.375289481445318,-0.3492159152623423
4643,-0.1340493816406235,-81841.18051391598,15.157527989257813,0.6499859281456514
4644,-0.2841599275982648,-170954.82963500975,26.1116084942627,0.27907459963325637
4645,-0.5876639631340657,-420247.1004101562,46.236794525146486,-0.04541288582842947
4646,0.18932228709052232,121880.92157104492,14.665590979003895,0.39368699190460854
4647,-0.05027375285274458,-29400.059903564448,15.012283479125985,-0.40923992512292373
4648,-0.005510775001891442,-3634.501191406227,27.277539544189466,0.5754557901836245
4649,-0.4513369699449396,-369620.7606188965,47.78643554882811,-0.19770189585967254
4650,0.41531010923012013,196418.83092041017,9.803371975097654,0.014887384150465454
4651,-0.1834885511789579,-135812.4270800781,27.062254887451186,0.27704340550042766
4652,-0.16833156888300563,-84743.72713745118,16.462416194824222,0.49024688571853464
4653,-0.4850147486255231,-218047.46179199222,32.65230611511229,0.14451772895075865
4654,-0.35584782496070994,-246068.5111047363,29.236689083618156,0.11642206468606542
4655,-0.29590282939496043,-190473.61508300778,27.372006676025386,0.26327487081410683
4656,-0.2189850089293624,-152828.8805480957,28.27291200781249,-0.39282547850030236
4657,-0.4534390364688841,-287811.9145983886,35.11666145129394,0.2685647914783227
4658,0.05993116721312642,45271.704094238274,20.810664545410162,-0.01479516312819175
4659,0.4166677588612526,212262.97267333983,18.20089544519044,0.4286163340858293
4660,-0.18031365293283735,-93934.64595214845,24.3468765135498,0.4444950735962786
4661,0.07991377595484501,41792.81750549316,14.354485502929695,0.03037295620712605
4662,-0.09704562259579451,-61588.169359130836,16.720745992309567,-0.2966696620100373
4663,-0.6989762218599382,-530961.3593603516,57.67107977807616,-0.34305994043496596
4664,-0.15124982069486653,-117771.36103271486,28.100325577148432,-0.034255188580146964
4665,-0.10478945607565746,-60403.08044067383,19.252550496093743,-0.012548118887957847
4666,-0.20053887825347563,-184631.11885375975,26.00260488903809,-0.03812790594665797
4667,-0.35017441495762053,-242704.52535705565,25.307860543518057,0.09171894953158491
4668,-0.21947424783555675,-178072.78111938477,26.30459749414063,0.13453959289358305
4669,0.04831549885839399,23050.364829101545,14.902387040771487,0.5208036289323449
4670,-0.15536478709895643,-106449.5648803711,29.017259958496084,0.2400736760169502
4671,-0.24624244725955594,-192128.42989746094,26.326119532348635,-0.28019510767135747
4672,-0.007263977076960774,-4366.364805908204,14.955953994628915,-0.05228954224186335
4673,0.029352437414633132,19676.568425292957,20.877984462646488,-0.10052966649319586
4674,0.18025377964703343,104765.27921630858,14.20023098754884,0.21904409838533284
4675,0.05083244636531871,30781.77560668942,19.637667091430654,0.34462244573771617
4676,-0.0976701301323751,-75006.19593139649,28.839257593627927,-0.16207027062348203
4677,-0.09668989002659738,-51363.994404296864,16.014169501220714,-0.07917575000118172
4678,-0.005139117000777659,-2980.3129864502152,20.28700747973634,-0.10791074234791556
4679,-0.17423355346728361,-92328.4545379639,17.240846997253414,-0.12022685969178722
4680,-0.19773585469398314,-94451.29078002929,15.587593005981448,0.299353556953601
4681,-0.23114299392308854,-146603.42937683105,27.247897387756346,-0.07603151463923578
4682,0.02276158291039912,14148.311854248022,20.22771031652831,0.29639606358681203
4683,-0.41571022650893424,-259585.77525756834,32.727709525756815,0.4782062594439442
4684,0.17502249242110599,107402.57115844727,17.873801400756836,-0.612083827320666
4685,-0.05324878119347626,-37331.01982238771,20.291142443298337,0.015982923392289204
4686,-0.44884552674087363,-276123.6087060547,28.918430360717768,-0.25186734975560815
4687,-0.20591469617250877,-167930.05830322264,32.076702432250976,0.3102350213029182
4688,0.2948653797838552,165086.683293457,15.560519493164064,0.642958896073111
4689,0.07432455632508324,51647.637111816395,24.757435230957032,-0.1240812440602713
4690,-0.010424366989993076,-6287.665546874996,19.75195404174804,-0.15784647611905872
4691,-0.02273491951779499,-12302.61913391113,13.288619987792977,-0.10392308591226934
4692,0.16950674372872476,115047.38963378906,11.394163014160142,-0.2010441072954864
4693,0.1054660470112615,76121.18446289063,22.00668151416016,-0.08914149982039872
4694,0.02758737707348214,15326.069278564464,20.249209523437507,0.03872024083504618
4695,-0.07239126311807363,-50075.77873779298,24.676188587768564,-0.31297001628265797
4696,-0.8726546221448569,-487083.4846002197,51.99781644934082,0.10507482576369255
4697,-0.09169403391147543,-61680.71396484375,20.929480911865227,0.16973589218141324
4698,-0.17613749804100126,-104487.84092346189,24.082208136535634,0.003952923606261317
4699,-0.6499799021856021,-411609.43997314456,47.05636549707032,-0.11247572074310512
4700,0.10636869233146565,78957.52411499023,20.62406547570799,0.13703791123749784
4701,-0.22913169129892444,-146023.44442138675,26.46813650256348,-0.17134569978754016
4702,-0.3465712829470273,-184781.45524169924,24.214494542236324,-0.5686442891824534
4703,-0.3155957681343975,-207514.24028198238,31.318451448974592,-0.23786607285191752
4704,0.04521210533130765,28566.994600830083,16.887327026855456,0.3993234871610254
4705,0.193195111586913,131547.21042846676,11.683852468994143,0.15406380770024153
4706,-0.3058085142668369,-260641.50965820317,47.52297401879881,-0.027926468298193965
4707,0.5548583333422077,299132.4343359375,9.427404991210928,-0.2252967214726575
4708,0.6403374589227389,264105.4102490234,6.380759001708985,0.2261960019125568
4709,-0.420132877240883,-242788.8583984375,32.65621434436034,-0.03257608777487321
4710,-0.04937700144807883,-23358.324777832022,13.238232501342775,-0.06014523143286244
4711,-0.23561441340146513,-115691.77634399416,24.383246459106438,-0.31039009605101736
4712,-0.8205081034675327,-583352.1506530761,65.86821030883789,0.12773650872831852
4713,-0.29497937355483866,-237164.96115234378,31.80153028466797,-0.06904979152708413
4714,-0.2758832622364127,-188605.60407104492,25.571694911743165,0.14579055014089112
4715,0.23017903024518488,119895.18528076171,14.836264106323243,0.02052029230540471
4716,-0.364214845946543,-206731.48960815425,28.051176953491208,-0.28885269055188634
4717,-0.4959037918088649,-315062.9939355469,42.723458887207016,0.3307986198656254
4718,-0.05561501279253513,-41512.86968200683,25.95543795678712,-0.08799591630282713
4719,0.27546552599425894,131352.9551074219,14.260459001708986,0.06202595230201666
4720,0.07757084776492171,42421.925758056655,13.134715168945304,-0.3638887091949531
4721,0.45768620781426406,219211.60152343748,9.293547989013675,0.29511772854038343
4722,-0.02563312333512495,-16124.166466064446,26.003434488037115,0.36924340743683587
4723,-0.6946341762908395,-440364.4489685059,48.629450899291996,-0.007231884657666617
4724,0.23727257029413856,134998.69775634765,14.2875836697998,-0.10347327516262975
4725,-0.2769892373013678,-169354.046015625,25.021403058105463,-0.3295734483160883
4726,0.24732888875203002,125127.5291760254,14.61280901953125,0.10103546241449625
4727,0.06502527007146135,39375.4246203613,16.241453494995113,-0.09618367976646702
4728,-0.09756953783346184,-64673.22955688475,19.803166000976567,0.17854714999426588
4729,-0.3489447327791255,-252411.38560424803,35.93066984924315,-0.1405108200010366
4730,-0.5592853351105038,-277468.6265625,29.51672460473633,-0.012826679326776814
4731,-0.17302155577458686,-107231.26460327151,21.887698983642576,-0.10041110127300473
4732,-0.3650486577583742,-261300.11030090327,40.673933000305176,-0.548676649974584
4733,0.1456676407867752,96389.56518676755,22.36368298583985,0.5958836656685303
4734,-0.24933355927970421,-145322.69510375973,22.524083009277344,-0.015420703026363688
4735,-0.10081816502680073,-54032.218323364235,16.12205611364746,-0.05440001708906959
4736,-0.13978717615451222,-106754.37509765623,29.372027459228505,-0.015847956097076264
4737,0.19819602858496382,101195.24969482419,13.52718700366211,-0.253628514569121
4738,-0.04226757108100666,-28884.41040527344,24.93087800488282,0.2746386641037549
4739,0.016485395558611154,10255.806490478513,26.601556299560553,0.3663462202783823
4740,-0.03298913667714194,-19031.23445800782,20.922679465332035,-0.11320784806666502
4741,0.09015980316160889,64961.49220275877,25.850379973144538,-0.0765598430179462
4742,-0.2971839604620794,-233831.3461767578,36.08148010229492,-0.23132592615054706
4743,-0.19838556215520997,-109442.72013916014,19.69231749975586,-0.16644458925140582
4744,0.2982596181249871,157595.85846191406,20.899182535400392,0.037166148422768386
4745,0.10467577229508508,45037.19453247066,16.55553706213379,0.09870841224802959
4746,0.02243456674391007,12507.83946289062,13.691133478027348,-0.2982814513170531
4747,0.3165552229370096,163458.6613787842,16.68362313024902,-0.2758737492910058
4748,-0.5955179278732053,-449262.59480285645,52.444903470031726,0.075466900530161
4749,-0.6022911433611566,-387436.0969891357,51.570260183044425,-0.20843750850466694
4750,-0.03233196224786047,-18778.860047607435,19.427713995605465,0.4780609994824524
4751,-0.034675723840953895,-24991.557835082975,36.74972759027099,-0.30276575081651974
4752,0.05173594533370901,29474.962623291016,17.556408979858386,-0.23246243916396478
4753,-0.5580796062355423,-385340.8641418457,42.31807137048339,0.3967965042947695
4754,-0.2824421809727365,-200197.10456665035,34.55233793566893,0.29129086078486993
4755,0.16644372278779893,80221.46543945311,14.427528479248053,-0.07315659944631099
4756,-0.07773143005035842,-50574.260330200224,27.31246748443604,0.7261633104857101
4757,-0.12448537020749954,-71539.45713989256,25.134055685913086,0.09447596334872806
4758,-0.35356826429860305,-237792.2996508789,26.15472998486328,-0.01567666779663606
4759,0.17491957738124297,90259.01519348143,16.932359498901363,-0.462445760955198
4760,-0.49292098627713765,-347986.0674682618,46.76196245068357,0.2471019354719765
4761,0.11389021033588347,65643.81830993653,13.780954002563481,0.397284846348586
4762,-0.13581819340871462,-92484.8153051758,25.209912112182614,-0.14525666742432444
4763,-0.09987155476010619,-49200.03617248533,15.861464082092292,0.4260193269213755
4764,0.24882172980003997,118201.54164062502,16.07562949169921,0.04332591420471398
4765,0.09008718017669458,55045.46001831052,16.856625448486326,0.40912805495738847
4766,-0.4235939809813917,-326342.7627526855,34.14825849401854,-0.1400041963644852
4767,-0.282127747708312,-175997.72000732424,24.72309447265626,0.31322883506133603
4768,-0.02220049629099924,-18815.46695861814,30.0255534621582,-0.03337998351187902
4769,-0.49168147269122936,-306475.36124267575,38.94100110742188,0.19214367645318203
4770,-0.31917597956290156,-185598.94122680664,26.91496049243164,-0.1359776141388199
4771,-0.31800448250115443,-205701.36299438478,27.430762294555667,-0.12284569301680137
4772,-0.8434058440750137,-717882.9476080323,78.81285945513913,0.35451772271333204
4773,-0.6442645013771413,-494718.70092895505,55.44133660095214,-0.411387865521618
4774,0.410247855011214,256276.8817614746,13.288619987792977,-0.2956988352659568
4775,0.11308141401628866,56302.57091674805,12.737961489501945,0.6869670406897361
4776,-0.04997763086843056,-30462.856716308597,21.90288914135741,0.07864500779239215
4777,-0.29159184215136397,-182808.07083007813,31.366359572753904,0.2868046190633096
4778,-0.0692015802099985,-50324.56587524415,16.96684500817872,0.20703305233121783
4779,-0.10903319034899035,-69556.66565063482,25.04916656567382,-0.13475940883983942
4780,-0.3955322936268378,-310238.60161132814,40.30829610559081,-0.4043566573864025
4781,0.004699841207219489,2272.7906091308687,12.429610023681645,0.16325823963701877
4782,-0.09459247850514861,-44149.909134521484,20.102803514404304,0.37444811277586926
4783,-0.4675061166657646,-276305.9604992676,31.92148750939942,0.09203204647113226
4784,-0.10080246790666951,-57816.239666748035,23.755781983398425,-0.24219458815971062
4785,-0.5169316374543782,-252125.90951293946,29.515356952758786,-0.060522334555072846
4786,-0.22100591239052006,-116059.78492431641,19.71855448046876,-0.3825946984099586
4787,-0.04811638781358084,-22681.448948974597,14.295102000488283,0.5374917392528505
4788,0.08901205780256126,52040.6945751953,13.713359007568354,-0.07470624124002043
4789,-0.12195828424256579,-49507.353144531226,24.773352881347645,-0.06379908247523684
4790,-0.3245906832183502,-203768.8917993164,28.814673656494122,-0.14814617425186918
4791,0.04946149717306467,29557.71488525388,19.45639151245117,-0.516681127509516
4792,0.34029580043066604,206366.2296594238,12.318399491699214,0.1553536077600431
4793,0.4185166284872868,196821.7834484863,6.380759001708985,-0.1691122941375603
4794,-0.36696834773163906,-194993.05997436526,28.315942159057617,0.056306380506734616
4795,0.13951132095890703,83392.75838989258,19.080524055175772,0.15203205334041678
4796,0.1364576173000393,97882.67756347652,21.947731237670904,-0.10010694686214823
4797,0.27709906110938415,130727.39527465819,12.231479663452134,-0.5282610852826324
4798,-0.3617021136542967,-303939.2241821289,31.78576696105957,0.2266294644319278
4799,-0.5257654620864766,-366984.97548217775,41.487507537231444,0.40984487313065937
4800,-0.6669232199379318,-536046.3699133301,62.48173747009279,-0.3416802369324434
4801,-0.21816769238597247,-147668.7548449707,23.79904948974609,-0.18174962192981267
4802,0.1036566048700267,62309.10426269531,19.245114009033202,0.1785529464751655
4803,-0.11568221447612502,-58826.24671264648,14.23931146679687,0.5329285373790098
4804,-0.07322134635732715,-48360.810179443375,18.077098980590804,-0.04181065527635348
4805,0.3701054377457033,220153.1751269531,18.243976997558587,0.25076426983956396
4806,-0.14834971813321368,-76899.66049438476,18.35146148059083,0.400286706299587
4807,0.1285991119564251,59460.534761352545,18.839168001953116,0.13674963348879102
4808,-0.10399508917526938,-61671.12458251954,14.299675497924804,0.5669321217545898
4809,-0.1741616216758947,-135990.01507934567,21.95007649938965,-0.06185108416291503
4810,-0.17697535547659732,-118101.21040771484,19.311757543701166,0.15735080689033587
4811,-0.3358090568379522,-192232.24500061036,24.05339796612549,0.33283440510516554
4812,-0.009204749055492517,-5921.3307922363165,17.845208515991214,0.03571192787819262
4813,-0.216896194282216,-144895.08083984375,23.311366054931643,1.0774135019485034
4814,-0.3346843453696992,-197812.71010498045,34.74230199267579,0.1047151092521258
4815,-0.20428916651101547,-171506.10494750977,38.094195915771486,0.29598791758969695
4816,-0.30349870529014367,-205229.70045532228,27.190287533447275,0.34781893011223974
4817,-0.634189403712207,-434052.00442871085,53.48228346337892,0.1696056472579356
4818,-0.25038114288472313,-127147.87389648438,20.35588106335449,-0.21500443985115428
4819,-0.16553560872798426,-87615.41879150391,25.65870285827636,0.1746380928142394
4820,0.10923653922204386,74806.4487097168,14.151212988037104,-0.1787314622449906
4821,0.030533234580793316,20661.026214599595,21.268085504150392,-0.14157369138553688
4822,-0.7710974607137413,-627217.0898138428,63.25754700628662,0.370901833173749
4823,-0.02090228987692054,-7274.826373291027,12.285495516479504,-0.061521533333680344
4824,-0.18315238523059543,-107943.37076538085,21.429774545166012,0.06927949271084932
4825,0.16079160008038612,91857.80868286133,12.961200510498044,-0.1887827063528872
4826,-0.6494857394558651,-533457.5298193359,76.23856297106933,-0.378435224331722
4827,-0.3953669926726445,-263963.42748535157,32.85221572338867,0.12214929767020963
4828,-0.2246423475568114,-114812.64451843261,18.949534494689946,-0.2812322180255197
4829,0.42596644909569026,212379.38916015625,10.195990000000014,-0.10249746156416518
4830,-0.5115113141166587,-338458.4012097168,33.84584012097167,0.14525785506087185
4831,-0.4810385175928859,-292602.52952819824,42.35916997967528,0.30932093062117244
4832,-0.2732577734694641,-132383.73667297364,21.518776190185545,0.009318480657311225
4833,-0.26659420277978174,-116688.67688232423,17.95290551220704,0.1821355267823973
4834,-0.11344256297066328,-74165.4115393066,17.29314002136231,0.06098951363103408
4835,-0.05570389614239228,-33000.58049560545,27.554691997436514,0.235796267750325
4836,-0.4226613258392168,-241569.69925537106,31.17397842016601,-0.06363886285365977
4837,-0.03644320219656724,-19000.1758996582,23.220005535034183,-0.4559575354679297
4838,-0.21222279051233295,-153642.31521484372,32.34519338354492,-0.26360867599453264
4839,0.06972561481444993,40407.199886474606,22.323035036499018,0.25895506556437836
4840,0.2755422560335183,169941.91483276366,12.019846994628896,-0.11013594500604902
4841,-0.4452972110849708,-310394.6178320313,40.80453927246092,-0.030903079826790802
4842,-0.08749072224015118,-49058.89409667968,22.965567500000006,-0.2538823946256166
4843,-0.5414750768212586,-373267.81454101566,46.52001962670898,-0.2768743968779274
4844,0.1776944327892101,105889.3238537598,17.3853284885254,-0.2073608896044671
4845,-0.07125851622220224,-49378.63402587894,32.525528973388674,-0.0867301870529712
4846,-0.44446799259448183,-323186.5192285157,52.63192140661622,0.29233898708195133
4847,-0.23922857858927918,-147544.7896862793,31.61431595776366,-0.09792106408709568
4848,-0.4702269003214325,-348631.4242633056,47.44890592443846,0.057997542121354516
4849,-0.10360062288578177,-78664.22965942381,18.07002415661621,0.03207819270505615
4850,-0.775335690156828,-368527.13451293943,39.10296849084472,0.24701546649800102
4851,0.2789770380928509,116146.75838806154,11.306515978698735,-0.30901254508460907
4852,-0.16747372696946117,-88383.34528808595,20.56803149804686,0.04998071006762058
4853,-0.09922754444985113,-62049.11063049319,24.15364499475098,0.07640509450496125
4854,-0.11315644757194121,-82375.0961602783,30.131746498046873,0.183067842577266
4855,-0.3406102092540933,-218668.68696289064,39.76609717895507,-0.09351193118395253
4856,-0.3187513322848074,-156079.9188854981,29.884309390991206,0.07288942065166286
4857,-0.18380320843683767,-73906.06432006837,14.166791145263671,0.14255012152221727
4858,-0.08567465257395554,-63229.823817138655,24.072043513793954,0.09200735145867477
4859,-0.3680385213191637,-189033.1543450928,27.056886098449702,-0.11424151153258826
4860,-0.07660892681210145,-39173.985563964845,15.691080452880868,-0.0940522084870278
4861,-0.22344045445622474,-112889.41442993164,14.52443720617676,0.1919517772456139
4862,-0.13124120100529246,-92203.34717529299,32.650385022949216,0.2097467017196693
4863,0.23988915104756872,131315.83486450193,11.914443006469728,-0.23540564169350117
4864,-0.4290644516728419,-219186.00706970214,24.587405705017083,-0.1336349961616635
4865,-0.09099658966607169,-56542.5244921875,22.613489467529302,0.04527524852285089
4866,-0.6177352517134047,-428342.58424011234,43.59617392352297,-0.19936232523810157
4867,0.306419091593642,156861.6348474121,11.240289957885759,0.5875735283504655
4868,0.010639883289456337,7131.580921630841,22.26919902563476,0.10256075447712286
4869,-0.20260264167647463,-132708.72182006843,33.364839717041,-0.5855043947951071
4870,0.005043168023041688,3082.0130554199277,20.70482546313475,0.24934658166131476
4871,-0.32517574685460626,-178431.84944702152,26.178798958251953,-0.1665748151420611
4872,-0.11714092030280654,-91657.24411865236,27.160666464111326,-0.034975748860337164
4873,-0.21039576909455474,-150098.65686889645,28.652881146240244,-0.245619817675393
4874,-0.46044942866666705,-369999.8041967773,52.45894994226074,-0.10925080776432257
4875,-0.032927560134620525,-17792.770122070317,16.41660853979492,0.16087865696892503
4876,0.14722750752466268,116582.79502441405,13.398413992919936,0.01887242085484554
4877,-0.7357705919952655,-590780.0541918946,64.87602042163086,0.07393493486728728
4878,-0.04003369827110239,-17503.809559326168,10.283715988037107,0.1543602720483155
4879,-0.41517327252687347,-270397.38411010744,42.19729342126463,0.15786286812997186
4880,-0.25787060079384544,-166046.782979126,29.401002972961415,-0.6617480210917488
4881,0.09859679423104983,63262.01543945314,16.60184044946289,-0.21549998841180779
4882,-0.16353877950547793,-68783.0228588867,12.088784286499022,0.24930992011623793
4883,0.10971650621706541,63765.47992248536,14.649900998779305,-0.25395869512819713
4884,0.03386629491366989,18697.295377197224,18.97818150415039,-0.03066211795365017
4885,-0.5917571108084666,-477494.7345056152,63.15632149060059,-0.018698871764640686
4886,-0.226179006598868,-156695.69381591797,33.50400746386719,-0.04116013683469452
4887,-0.19900645920729995,-124143.68516357424,31.302114901977536,0.43608986602625716
4888,0.11597500737761593,67240.05715332029,12.62380502001953,0.057242051903082486
4889,-0.22764421953260763,-164436.5854858398,27.9635490588379,0.032571640411201176
4890,0.1955888587542759,111315.97978759765,12.389765490722668,-0.1757449330692841
4891,-0.2266325313367128,-129514.94522094727,17.91730997204591,-0.20283293212245512
4892,-0.2781485393101034,-196929.433416748,27.048385587768546,0.3692218829591585
4893,0.051420416570718164,38320.91482421875,36.02167047412108,0.09656986032316452
4894,-0.5724311628142821,-356735.7945452881,40.27522499664306,-0.04914920713018346
4895,-0.10281323888755024,-67065.93603515625,24.899869014770516,0.031055212230825517
4896,0.06283495161978775,38911.234951171886,14.983413488525397,0.28272922851606863
4897,-0.59470852745097,-359319.260567627,38.752901041015605,0.21534022420942034
4898,0.17937450737391106,93957.9375134277,17.60830897973634,0.12090015444616556
4899,-0.1963446544176227,-114932.5585467529,25.598416530822753,-0.002155935338847034
4900,0.13913126102203208,72684.53995361329,11.163036012451176,0.19635247734344147
4901,-0.4261200521338061,-275502.0943469238,34.98037389782715,-0.36239380343311406
4902,-0.20613914077051212,-141224.33006408685,46.34945852099609,-0.05513869593548592
4903,-0.031191538822113014,-19863.898989868176,13.486752899047849,0.1925309306266437
4904,0.08132123852985844,54313.059621582026,16.05880648632812,-0.2777692313367032
4905,-0.013374347226255264,-9035.113626708975,25.07420648852539,-0.11556840592081873
4906,0.47192098883761013,156258.81993713378,6.380759001708985,-0.08234755185070564
4907,0.07237253566668318,44915.13770202636,15.853098507507331,0.09658283968155251
4908,0.11844347749022084,85840.30381835939,25.462342501953128,0.19623261684273557
4909,-0.16360900855924798,-113819.91448730469,15.49619998779297,0.0028204799984422406
4910,-0.4733509927308887,-304422.5786169433,45.4813404333496,-0.33057235394080015
4911,-0.3836452633608211,-184420.33394042967,25.74091434790039,0.0499974551006689
4912,-0.6666033628058198,-509778.7021539307,55.98007369976805,0.2909160071375934
4913,-0.23867435543261248,-153822.19588928227,36.2382724387207,-0.06050190413826259
4914,-0.21410602928153058,-101653.06034301757,21.678286999755862,0.3250791425892464
4915,-0.2720179666514549,-198717.82889282226,29.39639243408202,0.2274855403383764
4916,-0.025352611850923627,-13475.114692382762,21.484718915405278,0.16842574432956361
4917,-0.23679907346591067,-141913.97013793944,26.669101965820303,-0.0073512240840036035
4918,0.2177743129804871,153590.94636230468,20.344805500610335,-0.49173698620927425
4919,0.2182754739217841,119908.0414233398,23.383623258056634,0.23564241490458748
4920,-0.21071120518510386,-129845.92004760742,30.056748495239255,0.04825316286997071
4921,-0.07084686145302745,-41264.19495605471,24.491473880615224,-0.3753253002467822
4922,0.031487585244548914,23903.209608154284,27.166488995849598,0.16686853110435945
4923,-0.025023396675802237,-8270.529374389629,13.080518968505844,0.41863197196933233
4924,-0.34335681290723746,-285022.9148779297,35.48145247656252,0.30082318290637267
4925,0.4512314645355887,223612.38314758296,11.343436051696795,-0.03621090705967597
4926,0.09017728114537994,44578.14773315429,17.001806500976556,0.005591853125810495
4927,-0.6381337352211148,-396676.975612793,41.19992555444336,0.036829136073630746
4928,0.025981576972091414,20071.60404663082,27.93922908532715,0.018813362015686015
4929,-0.42366268349273933,-340336.88595214847,40.17029405908203,0.07684639660996571
4930,0.049150692186804935,40578.24667480466,18.899929519897455,-0.38755267568727336
4931,-0.09889107182039632,-63307.510418701175,32.0689704572754,0.1768532145983729
4932,-0.24240980627671707,-139514.21341552734,21.643981927978516,0.262783147739637
4933,-0.038912678793207194,-23523.071225585925,21.407815036132817,0.03809098734588904
4934,-0.4797427127569184,-297897.5246020508,32.577666436523444,-0.40436244218129425
4935,-0.7428186987245375,-487713.9397290039,57.25073795703126,0.07591005747859367
4936,0.2669134368842671,146225.64857177733,13.975903991088876,0.6297205157198947
4937,0.18077599968625394,98085.79298706054,14.430658931762691,-0.11811954351157929
4938,-0.16548224757984947,-70282.20518432617,17.23953102819824,0.06704039338941407
4939,-0.6137530289176152,-454607.2454693604,54.494480047668446,-0.11946824159943838
4940,-0.27234826006526014,-177903.8849487305,33.41085649291992,-0.02626280263092188
4941,-0.2566869529291492,-185199.97936157224,31.040126940307626,0.18292287512088268
4942,-0.5282772639138587,-436605.8449645995,57.82996150915527,0.035163969888179845
4943,0.38034630321393614,202514.36468872067,11.322855973876965,0.2792678250517381
4944,-0.3168657647479693,-250103.39929321286,38.460017163085936,0.24365187222995302
4945,-0.4609550352218374,-370722.125625,56.248649484374965,-0.012913419065316269
4946,0.011361525628605249,7741.659421386692,23.35032701037597,0.2575952727709083
4947,-0.3830143578076233,-230360.695045166,30.322260525512686,0.11609066834361104
4948,-0.24900646117222483,-170287.00463745117,33.39645196081542,0.391537702334832
4949,-0.120049695679096,-80315.74501708984,28.55005102038573,-0.03801773418649388
4950,-0.07770828832590054,-52786.66429626466,28.03484043572998,-0.23942582872947435
4951,0.1235927114902158,81619.62255004882,14.172846017578127,0.5646577330523186
4952,-0.003934180423628206,-2456.717565917963,26.48371213183593,-0.01876846195591554
4953,-0.7062724822238228,-566559.1097845458,59.57601670208741,0.24215966323929816
4954,-0.6862258331712099,-508653.8386346435,50.86538386346435,-0.25827834152292645
4955,0.12674184537305708,89794.81538452153,23.07042848413086,-0.8161483257485892
4956,0.21246186635751482,132959.09435119628,16.245153488037108,0.3986959785243064
4957,-0.4783189868173491,-407398.5601733398,47.96872552856446,0.4273815846540207
4958,-0.3226983496578685,-168961.86793701173,26.422873965942383,-0.07500525710516313
4959,-0.06865300639111109,-42464.78970825195,18.352578508178706,0.2728842998297667
4960,0.1602044202801055,77279.1427404785,12.11712118774415,0.3702692751441336
4961,-0.26292657266918473,-199324.48482910154,35.40548546301269,-0.3074597126477898
4962,0.5176684534856661,320476.05941528315,16.94958814538574,-0.32014704434330116
4963,-0.1790624942489933,-123226.53172058106,25.7859580093994,-0.1782036855436799
4964,-0.32036549996114555,-230381.39809692386,36.12546248901368,-0.0851601818013261
4965,-0.22386080127318403,-142807.36338500978,22.90659732873534,0.10377041163885725
4966,0.07427248510430172,50770.957044677736,18.678511438720708,-0.10921349300666561
4967,-0.7175262029738078,-423717.84386108397,45.81673262695312,0.10766999701735373
4968,-0.27921504227920113,-175133.26392700194,29.395591398803706,0.09625064264205588
4969,-0.40994702136180355,-234910.91139526368,34.9311921706543,0.33831782568026686
4970,-0.18090582513991582,-118971.86471313475,15.503131938232423,0.24194784407548808
4971,-0.30002742551593514,-223307.47536987302,33.823751009765616,0.191915134621662
4972,-0.2864458698641876,-211177.99679931643,37.23574583374023,0.21781128741909675
4973,-0.3351187128663012,-124410.99443847654,20.206286412719727,-0.21368731994093088
4974,-0.2175686169793887,-109377.41025756835,24.657647965454103,0.7465675630949921
4975,-0.3427339073965736,-242304.9797277832,32.448807486083986,-0.2551783050364538
4976,-0.3274544530347818,-228740.3695739746,44.081867446289046,0.3962076129376762
4977,-0.04719255982176132,-25262.649385986326,18.697947466552737,0.46401255020454035
4978,-0.38613338397009195,-293263.6233691406,46.80895849072265,0.11146084413974407
4979,-0.6291070923402589,-352308.10987548827,37.883061015258775,0.3148331583921799
4980,-0.06921990987173927,-42205.5139111328,17.027425476318363,0.5764170746742988
4981,0.21407864028459098,103348.43420288086,11.487138535156264,0.037478834112114896
4982,-0.13394550076350503,-71707.31604370117,16.689269013916014,0.48444808596732686
4983,0.0736663478252981,40720.63991516111,13.99781402832032,-0.2983685556557301
4984,0.26614498214855514,190672.1584143066,19.762755513916026,-0.42042021592262324
4985,-0.19104561634163048,-130003.10943237302,34.682558972045896,-0.239157680528217
4986,0.22672961230258024,108419.42952514648,13.02459144421385,-0.06462577742889339
4987,0.11530086740983678,66679.72533203123,14.991928970703123,-0.17387667930039405
4988,0.4640684644559149,238642.68425170897,22.597039986938483,0.12830575169071365
4989,-0.04193086458513743,-22623.570915527336,23.042036334350577,0.45345265801658896
4990,-0.5056244101108529,-221089.67902221682,25.532284422241208,-0.0023997544544996493
4991,-0.36796229157317745,-296422.1622558594,42.20062220849609,-0.18171686234259868
4992,-0.10170356872546335,-59296.235022583016,15.5190924307251,0.17249036239328716
4993,-0.5751964820042119,-425368.76015197753,43.55251752313232,-0.19899070716704212
4994,-0.4021752445117429,-278902.3408618164,40.73731603051757,-0.08314811184031282
4995,-0.416293502534901,-239746.9805029297,34.800395021240234,-0.0893886520150968
4996,-0.7345984052289249,-601701.7903851317,64.74921554071045,-0.18147838066765076
4997,0.2030163214660166,132823.27976501465,12.451592008483887,-0.19232303753308022
4998,-0.22944049224005536,-119097.18990356445,19.40669027575684,-0.17903683389856
4999,-0.18418883880101297,-86606.24983398434,26.529067445922855,0.3368729146552384
5000,0.09438214007881526,47091.23913085939,15.061824004394525,0.8068492361386215
5001,0.16345835414866863,115711.53026855469,14.022648016113298,-0.22053541788167508
5002,-0.40648801666359946,-255214.789319458,30.984062642150885,0.044520227130039815
5003,-0.45997599346723034,-266417.6923522949,31.229345235229495,0.16896419233705223
5004,-0.22289637003566318,-148989.34478759769,30.25484849023437,0.21512655680760187
5005,-0.09123150202440185,-65657.35034545898,22.3799315012207,0.382908736417543
5006,-0.21917699899353582,-140423.84109619143,21.86916865820312,0.2107258580065266
5007,-0.636779087883576,-331065.3723815918,37.85087372790528,0.08442930762476009
5008,-0.2405903043597162,-195541.3197143555,34.3444154182129,-0.2566367174394637
5009,-0.4141631897029835,-329041.22535644536,45.816277520874,0.18833558334854789
5010,-0.2951334358583322,-178978.88478271483,34.03448548986816,-0.09800746407699586
5011,-0.6543523272277312,-447520.73363403324,55.02171072766113,-0.3418933598674726
5012,-0.37178832962633956,-289366.5845184326,34.696578454772954,0.5325689174328757
5013,0.051839806959818734,38256.434173583955,25.840317997802725,-0.27320553590422786
5014,-0.23746464833089667,-173461.8907196045,22.629947046081558,0.3340033018740534
5015,0.24796055416792648,82479.72331665037,7.095465013427729,-0.18123175986369666
5016,-0.2412581897507501,-138296.1432397461,22.997089301879893,-0.01767819322332411
5017,0.012283021707862073,8779.974792480476,17.624094535888673,0.13369910745720648
5018,-0.40809640912916867,-332601.2346484375,38.29362646362304,0.12348024840798148
5019,-0.31053846937196633,-213264.75949218747,36.25326292565919,0.24563651137585366
5020,-1.020073087047689,-854086.6695678711,91.9632699560547,-0.03555614342864152
5021,-0.44304836456323515,-247392.56966674805,27.757509968383776,-0.4079955978643604
5022,-0.26010772877412824,-148164.91735107423,30.0163687524414,0.3451535879094819
5023,0.05018304107002859,28516.398658447288,16.77736845922852,0.10906815484672465
5024,-0.18281455287125062,-134403.9982495117,37.99596178955077,-0.011620132100041035
5025,-0.09910625838884765,-82774.19627807618,25.640596610961904,-0.030939373832862133
5026,-0.2672405246282696,-171454.34815795897,21.24304686462402,0.4113156282635378
5027,-0.5608010804867628,-362713.23884643556,40.891938350341796,0.17571258514051757
5028,-0.5208943255021622,-361909.8989660645,47.64658094067381,-0.2983941275156294
5029,0.07782271183953589,57813.63412963867,19.813310974853522,0.5526467573993071
5030,0.05004812538973207,30486.460491943406,15.32629201342773,-0.022900415800598418
5031,0.2780239715682011,141672.1446228027,10.4224661512451,-0.23322427229631496
5032,-0.20058200050306316,-80927.84951782225,14.905408422485355,-0.10099117988311551
5033,-0.5230684888890698,-364440.4625854492,51.14637603124999,0.19924326725143895
5034,0.2681465897916973,136540.43014648437,11.113324998779293,-0.0524572891791762
5035,-0.3631903617958491,-267813.9449255371,40.96456249108886,0.06992582962043574
5036,-0.6476580012559042,-459928.5729779053,48.92853529656983,0.035966985505774436
5037,0.1607243195839742,76774.62879089356,11.504719009765623,0.09849103522759961
5038,-0.23355644190575536,-134733.0766381836,22.138037034912106,0.3003953935102941
5039,-0.1660009348804943,-104798.17073486325,25.457608997802726,-0.19742129736905326
5040,-0.4309587724292174,-340438.2345776367,34.468047478515615,-0.1990027822013846
5041,-0.4598844833613968,-252624.53469360352,25.262453469360352,-0.10762300448837551
5042,-0.4570236979085662,-223250.40269409178,27.021191261962898,-0.12434539339503908
5043,-0.1635606319515329,-129017.75000488281,39.36082546179199,0.1987358808884567
5044,-0.14791752611963202,-103632.87488525394,25.55880498779297,-0.16772475207944915
5045,-0.10944993021386358,-52282.08261718748,21.869420968505867,0.05013511712804515
5046,-0.4642845871140534,-299632.2100097656,38.325386466552736,-0.08400864587485991
5047,-0.2756031894770103,-189354.7703686523,39.01290003417968,-0.06194893229328347
5048,-0.3173903020623005,-220529.69441650395,27.311052459472652,0.13767147730013476
5049,-0.24677680570286534,-196551.79708374024,32.66929621655274,-0.15408631422131214
5050,-0.4308152968808814,-281243.94909545896,41.50505989709472,0.5267593062838232
5051,-0.43519127791714163,-338915.3383630371,49.54915635949706,-0.14625751736046286
5052,-0.05420458275848571,-30823.509685058583,17.59752096276855,0.14472876526932502
5053,-0.2606702077675893,-159217.35187133792,30.544646028808586,0.2351649542732609
5054,-0.1782520574768522,-106173.30322509768,23.828230347778323,-0.10121161568695237
5055,0.14828823935789176,108892.30152709955,30.211703001281737,0.014868965382892087
5056,-0.3857187808117303,-292819.36979370116,34.34142798815917,-0.00022687405996034153
5057,-0.1660703290476959,-77441.86511840818,16.78966950158691,0.2541679410463302
5058,0.07447571218614976,48008.55991760254,13.785683491333014,0.07172605398109505
5059,0.09271356428633767,63628.1596228027,16.537719505493158,-0.447299941171171
5060,-0.20728541089817357,-131698.4360876465,24.556804060302735,-0.4090340539478609
5061,-0.32066721509327056,-214964.77557495114,28.282509560180664,-0.19762178323528823
5062,-0.22465961679642008,-136070.95331054687,21.924552838012694,0.09213192131593964
5063,-0.29257620539000234,-235488.67457519527,41.06215299633789,-0.436361516846104
5064,-0.44565696740515676,-259190.1393237305,34.483944905883796,0.4556473375559466
5065,0.026113018847673457,16774.23743408204,23.232297437377937,-0.028287595263192907
5066,-0.4098392909928612,-245328.22532714845,35.297364557373044,0.01475988639962849
5067,-0.22078041725091593,-158708.0144750977,27.0579564609375,-0.08523280554826457
5068,0.183764798294611,115466.77002319338,20.714812487060552,-0.21019487074003207
5069,-0.12691346657572714,-95170.04517822264,22.84665152197266,0.1886534829184088
5070,0.2823151865640977,185640.2392236328,21.56139599072265,-0.3520514993851437
5071,0.18004597089191524,84717.43505371096,11.134083499511716,-0.1895294740104831
5072,0.0707342477366318,47398.199304199195,20.576308791748062,-0.20947465329498788
5073,-0.13383148756690755,-80644.46013305667,22.434972005615244,0.4473684764050616
5074,0.41725463617007985,190779.321940918,8.75867349340819,-0.14940113549036974
5075,0.09877320176593093,61781.98528808591,15.051080491455075,-0.0204777390587333
5076,-0.3677786725326515,-247116.62437011715,27.637425405273426,0.05956540372840813
5077,0.7368679797232435,301371.8355480957,11.001801481933589,-0.3134654788287463
5078,0.04125084536468942,29056.064997558584,15.878054505615227,-0.3957035593927866
5079,-0.16196514577228405,-108474.44527099606,27.998109010498062,0.23182255231186344
5080,-0.09990707337044771,-47374.134555664066,17.415911930419924,-0.15517202564327073
5081,-0.2694907918118548,-212488.5469604492,39.13183565637206,-0.45348950498603835
5082,-0.30469893879205345,-169937.3301208496,23.956262084350584,0.0668903743366029
5083,-0.26730603622398114,-211299.1535229492,35.33844148364257,0.1377073909844449
5084,-0.2009649561441532,-115333.17984375,26.313927735229488,-0.3020437583685355
5085,-0.020377478184792575,-13301.484287109357,25.729414474853503,0.33823121405055034
5086,-0.4222513530068057,-335795.9093200684,44.968488938964846,-0.14600623994227652
5087,-0.22900611094916454,-157022.48644653318,38.95603610986327,-0.13127565062199736
5088,0.002640318028766669,1404.0302453613258,15.242050479248052,-0.4504886935683424
5089,-0.5908808644052599,-438595.2088671875,50.79634163745116,0.19360345476646432
5090,-0.7110595348891208,-622351.5040625,70.38681538122559,-0.04119139652146662
5091,-0.06403543295251861,-44358.960400390635,18.70280294824217,0.03802850948450135
5092,0.04753693142283561,21663.58977050779,11.345529995605466,0.4232590935354502
5093,-0.46460537869649465,-296011.47012573236,37.3764100406494,0.15963901053083707
5094,-0.5297885035390151,-309580.74753417965,40.76045612939453,-0.23542746726388739
5095,-0.5738053086565221,-356364.05444946286,47.35376391467284,0.11679930478622949
5096,-0.3086221987897787,-273502.2969689942,37.539054676635736,0.05878994956066929
5097,-0.05992728049944309,-37135.15955200198,25.02261301037597,0.36803765182914855
5098,-0.2498387045386261,-119712.43083862306,22.326237053466798,-0.14776790279804347
5099,0.027626668352208204,15785.163330078103,14.265971010498053,-0.4263686317383055
5100,-0.1250501111810577,-69454.09628173833,26.603787102294923,0.27955037856864745
5101,0.122031847140199,75916.59269287108,26.427694977905265,0.45468094244507024
5102,-0.05187526579531958,-27490.10510131833,29.114368228881844,-0.2104267701099146
5103,-0.20010734768622349,-104438.07276977539,18.91678084399414,0.6777961911551983
5104,-0.6544979316456236,-452093.7346594239,45.20937346594237,-0.18687754237083826
5105,-0.5635931614856513,-367291.08206909185,44.77152892443846,0.172000275177265
5106,-0.5637036588945763,-384183.734609375,39.23776296606443,-0.01017437391694255
5107,0.5521597818589612,271727.5869128418,8.97078250512695,0.6435397405074487
5108,-0.2421448355140981,-184302.0144555664,53.19528700170899,0.28653576944210796
5109,0.12154107298810396,68762.38189819334,17.351120489746087,0.6279981462301095
5110,-0.4194244271676955,-271398.78286865226,46.151001970458985,0.9777206350077445
5111,-0.41922847939169466,-229248.1048840332,26.24461950842285,-0.44797349043016754
5112,-0.15347191558155443,-96318.57572082517,31.965743580566393,0.34759150006708395
5113,-0.2727606666840474,-152215.4249395752,24.358644066162093,0.07482845354500575
5114,-0.13576633003515395,-70554.63541625977,21.792221253662113,-0.324216314040225
5115,-0.2769950690174801,-180659.70906311035,30.89273245434569,0.16128877454386095
5116,-0.028912183796659004,-14665.175035400374,38.819912460571295,-0.04513945865371539
5117,-0.2310045601825378,-161197.59655639646,44.22836827392578,-0.1118016405752307
5118,-0.05208416493038592,-40198.7702368164,21.82036245898438,0.44708847712503075
5119,-0.1835456605297656,-121967.7740209961,28.296553963745108,-0.741389323518171
5120,-0.25332377029576,-140400.068223877,28.390066956909177,-0.3578495533413608
5121,-0.08033582688642145,-61098.344524536136,28.65296697448731,0.17939029939733211
5122,-0.4914327798556688,-268167.3780902099,32.670230853698726,-0.10345663585526782
5123,-0.49241794960346186,-324919.10078124993,46.87776962792969,0.30638197041309595
5124,-0.24325310599950228,-167092.19449462893,27.660967926269524,-0.13062556605062853
5125,-0.027776279853583084,-17987.186555175773,17.60209845373535,0.233141908979156
5126,-0.14449255451583973,-82822.53575561522,20.793287525878917,0.24227988293409097
5127,-0.15545976439631956,-103340.47473266596,20.541107949462894,0.23422549440405158
5128,-0.22362999694238,-128265.67586181642,38.43160999572754,-0.0561182358848286
5129,-0.44415349120817205,-361219.899855957,43.65046950341797,-0.08504701625908578
5130,-0.09584218235686832,-56555.933599853524,16.742530375366215,0.04674446933956381
5131,-0.34721011956859515,-184680.82888427738,21.987948394042963,-0.0726694179627957
5132,-0.0818930296142114,-59386.904193725575,22.832585968688967,-0.41886675436570864
5133,-0.09120164968925136,-60736.03054199221,20.705736486328124,0.45436499123216606
5134,-0.16232133960601053,-100764.83535827634,28.519608539550784,-0.04760846653384247
5135,-0.3207937819699935,-169092.01497924808,23.603421506713868,-0.1977721675156849
5136,0.7390394056853358,352001.6154248047,7.346475991455092,-0.11483464802731953
5137,-0.3485039019783565,-271909.0977197266,35.65507029626466,-0.11164186838686221
5138,-0.36245033133518634,-257945.06656921387,33.45878214666748,-0.2438131220442241
5139,-0.21145756118110834,-146668.9202770996,25.151498506347657,-0.41948465703671944
5140,0.8370725534658467,347411.0795092773,7.140841008544922,0.15828309959659118
5141,-0.13949759259400235,-88082.62038940433,28.16731251916505,-0.035128931355814456
5142,-0.6142301047631245,-418459.6313586426,45.743956838989256,0.32177396196268926
5143,-0.46488921995569027,-336940.345480957,38.28945704003905,0.1545384620894047
5144,-0.5481868369785297,-310695.30955932615,37.4426974918213,0.3385939769011367
5145,-0.0837196565551967,-55073.846420898444,19.354529975585944,0.40291770953326167
5146,-0.02211194971480864,-13875.684776611335,27.473610487792964,-0.3070355443502983
5147,-0.3129496927194601,-180174.19583007816,22.77187453735352,0.186818524911053
5148,-0.3562040889935118,-218373.489430542,24.315553958190907,-0.2020997149489539
5149,0.04354172637408166,22915.705550537095,16.562509197387694,-0.341685832246271
5150,-0.2663600980026187,-207523.89953979495,28.51919643261718,0.03132464108083556
5151,-0.20107680052445628,-146531.11031982422,31.23292302392578,0.34276233320278016
5152,0.11152293436309767,71801.55743530273,16.112971726806624,-0.1587249261703293
5153,-0.19301876662380316,-121961.35882568362,16.67079497998047,0.022186977123799814
5154,0.28593114992713975,158792.5210205078,13.447829974731453,0.017739515009699777
5155,-0.019572112280106246,-11802.51440429686,14.2892314633789,0.14742111252136744
5156,-0.08826356374456049,-34100.68041259766,16.04278970507813,0.31289312058380014
5157,-0.10622988006100545,-72140.50543334962,27.213788065795903,0.20297759419941017
5158,0.1291443969837799,50781.479451904306,8.951441984863289,0.5423316697850609
5159,-0.015136466789021117,-9698.029346313444,24.774980985107412,0.8294022039660613
5160,-0.47058537340610107,-334431.43018188473,35.0978645345459,-0.25967973560260094
5161,-0.4966347430417883,-297087.7350012207,50.43933145812988,-0.13000019677669375
5162,-0.224511649451218,-138585.8562127685,26.990086505371085,-0.29531291813928445
5163,-0.3328332027672061,-255406.76545166015,32.86408453222655,-0.012224580982134445
5164,-0.1919281290068617,-134287.17003417967,24.23359899310302,0.38612260050742764
5165,-0.3110069332304245,-214327.72751953127,28.66347426062012,-0.06461209276291056
5166,-0.2957331004012769,-149826.90964965822,27.402236401245116,-0.06720764630539795
5167,0.17667158391162047,131757.74505981442,36.97421397802734,0.5639774231639022
5168,-0.04747902907890815,-30011.680079345722,18.883090479492186,-0.1576075776881875
5169,-0.6760642739066107,-442598.8067663575,54.71412811413574,0.006055878948635869
5170,-0.2698139547684846,-174717.1846020508,32.13303341931154,0.6608399910109717
5171,-0.427920493190763,-280407.47942993167,31.939737945434576,0.20779124045438122
5172,-0.35831017890294914,-303139.9780554199,55.14970897631836,0.15546633986637257
5173,-0.2276237948827834,-140356.66672851559,31.510307640625,-0.14679240419174303
5174,0.27967445989672574,161628.09723876952,10.666698966064455,-0.0174126152154161
5175,-0.22393538770057025,-118363.22782958984,37.7788308157959,0.12587559007973617
5176,-0.11624733986084415,-70814.30363647462,19.51877036804198,0.2623948064589759
5177,0.2417782262188836,153534.57931396482,12.335124491943361,-0.27766525328061525
5178,0.05177819185193808,29284.925155029297,14.679496462646489,-0.05643987670708692
5179,0.31707210053112334,216499.75634887692,20.30196751672365,-0.03310495955829048
5180,0.33026135406976515,170030.63993347168,11.144571995605471,0.5489283893907121
5181,0.020250518795585093,14780.618419189455,23.732083704223637,0.2802952443636623
5182,0.08730213325263894,63227.27323852538,20.19423556176757,-0.2817305554561845
5183,-0.3124457791312983,-230394.41635437016,32.59293066748045,-0.30622770893647344
5184,0.38983732173372465,209597.38474670408,14.227235991333018,-0.06050107916547877
5185,-0.17760373840128837,-92318.70670532226,30.5356546920166,1.1814001259767393
5186,0.26348946578689986,135086.33509643556,12.810237992919912,0.2331102223859861
5187,-0.3062564734531308,-172811.74533447265,24.839185014892568,0.2321534247704729
5188,-0.38076608269491413,-198343.53966552735,24.47363499291991,0.6761063786017124
5189,0.7258802188594606,307301.0765222168,8.291531489746086,-0.5351160484990425
5190,-0.26814680666865026,-150930.67529907223,29.057838470458975,0.2535642805273073
5191,0.16559500892055076,104361.42607421875,16.02535649169922,-0.2327208258438015
5192,-0.15536631091985262,-71272.77038452151,17.460592069946287,0.193517339869698
5193,0.28426125770240324,139019.29041992186,10.562054217041016,0.10421728496396611
5194,-0.4452844411340122,-281123.6743066406,44.59829242871094,-0.22020231010998134
5195,-0.38912133997383014,-288226.60512817383,30.359200498046878,-0.07603484563487325
5196,-0.49021541068018926,-351294.7154772949,42.110239526733416,-0.22452982614134792
5197,-0.2800093091346915,-254424.40425415043,54.39220193945312,-0.026783940417111886
5198,-0.21044394689280388,-142424.03400024417,19.43498088500977,0.05339946569684793
5199,-0.4310943405103769,-288304.6867785645,35.720686199951174,0.11882872338096827
5200,0.25456420334617785,116367.64206359863,8.733266977050784,0.1634909580963497
5201,-0.04639059699232625,-32010.472236328103,18.243976997558597,-0.25256776329945274
5202,0.13868381874272379,68971.18919006348,12.085925652709953,-0.012683831829788855
5203,-0.24365507628809782,-182563.4854040527,32.5934434967041,-0.21468789789605247
5204,-0.282578747886952,-133377.63048828128,23.518395524780267,0.017872462113368834
5205,0.1893241086487908,93318.2760546875,11.113324998779293,0.3799123638909449
5206,-0.3734587576801752,-236046.16020141603,35.15775294384766,0.421743596243818
5207,0.03966341832138746,23840.900447998036,21.312262950805653,0.03268209927308626
5208,0.08747230733156709,37176.28636169435,10.076437947753911,-0.40571961949944707
5209,-0.09137937495808708,-50275.683769531286,22.925639389892574,-0.17016022785379034
5210,0.13090154797741624,49203.93715209961,15.916672289672853,-0.1291614212216843
5211,-0.08535381725396939,-50047.51385986326,18.539076958251954,0.46603345280929387
5212,-0.9032428900493495,-675018.0944714355,73.48573544189453,-0.1382542708748716
5213,-0.39534168851175855,-266113.19166015624,35.16539559289552,0.34455915824765687
5214,0.0695910336997423,42379.80587524416,14.524309462402341,0.7260407814291323
5215,-0.11894231875048711,-58743.64452514646,22.875811445068358,0.03164576710780308
5216,0.26652069306942383,155600.36506469728,15.435991157348617,-0.6774648372201877
5217,-0.9523735104025514,-603251.323939209,63.870097909667976,-0.40845436833730003
5218,0.018539802694874423,7555.814911499045,15.384348451171872,-0.09351501475570113
5219,-0.20915145365505922,-130274.57376586914,25.217486481811513,-0.2530308092408976
5220,-0.11304898443774188,-61350.77473876954,17.147696453735346,-0.1974822349309103
5221,0.17921743014014707,114943.46409851077,19.037889540832513,-0.08478237112661714
5222,-0.3725063795069334,-192137.1350598145,31.96161449340821,0.004960406499144041
5223,-0.09672411362273699,-76279.30421386714,23.77886298864747,-0.10871575715201595
5224,0.051706767013149996,26857.548923339833,17.161198992431654,-0.2979137076395853
5225,-0.5383476965521397,-353073.5747064208,38.53295998205567,-0.09636089532158193
5226,-0.15724067806306458,-101484.02018798828,27.07968247192382,0.6023729596523221
5227,-0.017476887913750468,-11643.564847412119,16.279100522583,-0.10894205237121925
5228,-0.5062296444691331,-308242.3270996094,30.05722672851563,0.11020828267070819
5229,0.2457089705365601,149114.86463256838,14.651425009765614,-0.4350711204177948
5230,0.1292203476114918,75795.27504882812,16.716777478027357,0.4440850338575307
5231,-0.10332733904472019,-55259.20500671385,13.558306995117174,0.053066957022093256
5232,-0.18560309950618353,-118923.1052331543,23.157123524169926,0.4424333301192774
5233,0.11881888396479627,62148.56450561523,11.196070971191405,-0.11674036277603377
5234,-0.1694460421662494,-115648.44549194336,29.781323544799815,-0.27621455084392715
5235,-0.05842990244340833,-39375.38001037596,20.219839757385255,0.3712427193185677
5236,-0.32707125195088155,-182441.79990966796,29.814339981201186,0.31155992255382825
5237,-0.2057789471613903,-116352.04417846678,19.257009417968742,-0.22202349817420375
5238,0.007292955443746328,3162.168298339864,11.508911482421867,0.17535750610156095
5239,-0.3572231379349805,-252149.8424133301,30.125706758911114,-0.501691421189473
5240,-0.06287484389111589,-32750.996109619155,24.12359238232422,-0.1527302534859738
5241,0.28235945608099666,142622.67507629393,10.372221984619157,-0.25723029920648305
5242,-0.11678210501197255,-82651.44026977543,39.11177203063965,-0.33242691868972984
5243,0.06946686700716063,40958.75237548826,23.17639500341796,0.16338827855515983
5244,-0.1618508935516463,-100789.43246398924,16.450459454406726,0.16128418327785235
5245,0.346009543761202,191395.8288500976,11.397747547607404,0.03356822397757919
5246,-0.025943682035187154,-15390.85472412109,22.771992445556634,-0.06143054773490836
5247,-0.5782311331420754,-471347.24573730474,64.23315850488281,-0.050969322289817286
5248,-0.02534992022961305,-19962.099296875018,18.394643998779298,-0.07694198308927333
5249,-0.16216760433734673,-116687.06478515628,28.225684015258786,0.23957785315751898
5250,-0.21420815242634975,-122298.48472167972,20.987907484130865,-0.14106883529546077
5251,-0.3881890135419865,-261961.35960449217,28.431594987792963,-0.03737186392277239
5252,-0.3729192372002963,-216439.55455200194,34.24071345971678,0.31204649462786144
5253,-0.5112323936376257,-355233.4496185303,46.70878300164796,0.35010743345834877
5254,0.06289368079706092,40183.5049395752,23.692463960876456,0.35887170916388417
5255,-0.22578872075749679,-182596.1399383545,28.06898100238036,-0.15532511083755235
5256,0.01838909722191898,9004.465710449193,19.364927034301754,0.10134617892706933
5257,-0.14900673066708142,-83598.63696533206,31.714318670654297,0.35702557931397877
5258,-0.2793951642098559,-237284.1413671875,31.506117051513677,0.10955217073133908
5259,-0.009900682273903661,-6073.439249267594,13.514456417602533,-0.2958962081864465
5260,-0.015195741104985786,-9693.063275146502,20.075990467773437,-0.024679875353392635
5261,0.2378357978925899,132655.8266357422,11.11332499877928,-0.4147474664023221
5262,0.03444471355184101,20527.209686279297,21.639836485839844,-0.25112615106687314
5263,-0.5960893757385399,-360069.9304736328,42.810841995971685,-0.34071819106417695
5264,0.08124770803231729,51991.3793188477,15.401678491455073,0.14172943017267406
5265,-0.5290159537463981,-336108.6696594238,41.84222998693847,-0.09263119466954255
5266,0.32473111652169456,179340.7159802246,13.535180505493166,-0.07351170532918318
5267,-0.24783830466851448,-190164.61374755864,36.50994204858397,-0.08271515290041136
5268,0.022117523856231856,12756.919331054683,21.04844053881834,0.25030176871394527
5269,-0.11445840311113795,-74367.49455688476,25.587167982299803,0.2076992594300867
5270,-0.3617013263293455,-286682.38894531253,42.22635989331053,0.3709481167494826
5271,-0.451275711267739,-341227.8003125,40.438942761718735,0.21016845057010317
5272,-0.7258810236258371,-403282.03422973637,47.8845359378662,0.24836069317512122
5273,0.13110182708532717,80729.860145874,14.899812483398431,-0.2640251825035675
5274,-0.07975050752846873,-60808.121885986286,28.060295502929684,-0.08871825652872513
5275,-0.49821866852194746,-263695.2348193359,32.55492849365236,0.20250726046135023
5276,-0.4334936347780872,-299588.341373291,48.14782501513671,-0.15127951925313213
5277,0.08197204952419547,31571.08952026369,10.989907510131843,0.18390694725941062
5278,0.002835246253857723,1411.5804821777456,10.166251465820324,-0.30701746779028605
5279,-0.34000148328119983,-281474.1257336426,38.10285246618652,0.06413381845005532
5280,-0.28727237120322596,-197075.062512207,27.26476938159179,-0.19336690544925217
5281,-0.1385036439146572,-90185.02521667484,23.585627484313957,-0.33512924386255266
5282,-0.1603264368572957,-94529.3430090332,18.43773896997069,-0.13796638081314289
5283,-0.28635434910491914,-211109.26604248048,34.59532654003906,0.18374803591168565
5284,-0.14545301839171923,-93223.98060302733,27.199501012939447,-0.0760344972466834
5285,-0.05115958502751378,-35040.97980468747,28.967241055053705,0.01590553032821855
5286,-0.10106497892455019,-54108.83448852539,23.00859717443846,0.1603366407065583
5287,-0.24259604643609964,-165385.00028564455,27.653498489135735,-0.06623520198397759
5288,0.38423215231578944,241929.0347521973,16.285287016601558,0.30884192066140786
5289,-0.4816880238518367,-367022.26396728517,42.823297383544926,-0.045874014696412786
5290,0.45669636739100283,266023.1171032714,11.217938017333985,-0.05767146350334155
5291,-0.1456032808254239,-58906.56925170899,15.352182831665035,-0.24307003087212137
5292,0.14886282479097382,67291.36073852539,16.340189479003904,0.5070891376454988
5293,-0.2380331367812297,-124837.60460205075,30.644739464111325,-0.005476109023292883
5294,-0.1645045694683696,-113316.54065795896,26.06340004333495,-0.11749084952398316
5295,0.4053741766463374,180808.94345275877,8.682749473144533,-0.2686368759302659
5296,0.05698909760618386,35990.43457092284,16.772118945617684,0.19739396219080263
5297,-0.3894778886143951,-326085.54562866205,40.500178063720696,0.49045224091759554
5298,-0.26654142397026204,-181466.8349169922,33.635204925781245,-0.13487433667233148
5299,-0.3086176461755928,-210089.88285400387,24.407178782714844,-0.09942113105268727
5300,-0.27556191001707975,-203057.14708251954,27.772267968505865,-0.18765134152195626
5301,-0.3479386411146914,-226208.24946533202,33.707193953857434,-0.37570647856633366
5302,-0.3760398799636609,-266882.80431152345,33.42788950720214,-0.08205498177784691
5303,-0.29941062587719763,-215516.61031921383,30.52503746972657,0.35431875712742267
5304,-0.2109810248873768,-133189.5352661133,23.704470990966797,-0.10607451164131247
5305,-0.33876060571389055,-276527.5642053223,45.259625413207985,-0.3190573625501569
5306,-0.14864596019559823,-92951.80192138674,20.119847254150397,-0.055297877237391505
5307,-0.6467357410205368,-409799.3995947266,46.06124046801759,-0.010829627530461869
5308,-0.23762557410044638,-159384.06152343753,26.021445476135263,0.10623815307445648
5309,-0.05983487927799229,-32358.120906982414,24.24188851159669,-0.1744366859139664
5310,0.10574225606644333,59129.010013427745,21.76607148522949,0.3052753835706926
5311,-0.2744050754629679,-189690.22272216796,25.501274322998047,0.32138569042846354
5312,-0.3980524745049918,-255306.12767883303,36.43646279058836,-0.16001499435172928
5313,-0.1381299772203229,-86544.69994384768,27.635203052246084,-0.34594123528371823
5314,0.055268891736041804,32167.64442504882,13.359823157226561,-0.09311115512431115
5315,-0.5581176881042982,-381723.5593811035,38.431020429565436,0.20178238398612525
5316,0.058455165854472364,29654.653203124966,29.901408148925785,0.18656004930992226
5317,-0.5387326691475477,-289069.6596252441,37.96258644116211,0.18604147441549296
5318,-0.3559722515312607,-220236.16883789064,39.24425344042969,0.18366004806129266
5319,-0.13204055184601546,-80424.94601928709,20.846789499755864,-0.12136132748904413
5320,-0.28814723061417147,-206567.80946716305,30.559521467224126,0.046755147141949185
5321,-0.026654485486345504,-16392.41332641603,25.449310511474614,0.5145716620811606
5322,-0.18353652161174713,-95511.01964538575,18.936999474609376,-0.6941569177580763
5323,-0.7843171409414746,-653998.085032959,65.39980850329586,0.31824321340271466
5324,0.3109579824718489,177369.465748291,10.504189998779283,0.09905592343170011
5325,-0.6001001849877565,-405002.310045166,45.17739605566406,0.02045542451761691
5326,-0.09958329383759926,-52463.204786987306,20.630816635986335,-0.5474740908532667
5327,-0.08260555152128868,-71987.16013183595,28.034849991699218,-0.3660519771248856
5328,-0.36582349334836534,-210953.00107788085,29.440560582885748,-0.1425039892724746
5329,-0.6102984443381407,-421849.484753418,53.898315959228526,-0.08205510983715596
5330,-0.3437002623356981,-219436.2448693848,33.91877644970703,0.001191947007628891
5331,-0.08448032898349626,-51652.39591552733,26.45422755163574,0.5321212840725823
5332,0.025701180263949124,18414.485936279292,31.853584092773442,0.011921495232126902
5333,-0.5986501020296723,-325488.7905847168,44.285018674560554,-0.04379088337326009
5334,-0.037436030560757776,-21833.158825683597,15.118421023803716,-0.3244311091362007
5335,-0.36637899660971435,-174376.37068481446,21.68087736901855,0.09270817120946878
5336,0.047025828675828614,31761.69954528811,17.86010298010253,-0.3670785157936937
5337,-0.15999782835935464,-98167.92115722656,17.18787643823242,-0.3822357088870443
5338,-0.4175359114905815,-248520.0381665039,41.67894584008789,0.08420999760476514
5339,-0.44408336797035947,-316441.6049768067,44.731635993164055,0.22041302297554327
5340,0.6830223271852947,300970.2930444336,10.05001901049805,0.2665670885011566
5341,-0.4179387787176927,-238696.63556884765,33.91163744384764,-0.31319444790487844
5342,0.08180554306125248,56748.90243041991,13.952751983154311,-0.08072641813321751
5343,0.8813968145074721,401503.9090710449,8.291531489746086,-0.27657031214704847
5344,-0.413345092141644,-328146.4559411621,48.9565246225586,-0.32720129187853114
5345,-0.6427383191488388,-352788.8449517822,37.11292897979736,0.0678748152631589
5346,-0.4089275263225663,-190351.63467163086,23.760180023437506,0.1426227809236509
5347,-0.3876145144256452,-201959.77497802733,26.792404017089833,0.5527694596389131
5348,0.021564393874571913,12909.46846191406,13.749478531494145,-0.2698451490986499
5349,-0.15753068337573006,-116510.58484191893,23.69846352832032,-0.31696918623148684
5350,-0.332971670437465,-250784.8293652344,44.110298940429686,-0.14789376906942764
5351,0.1883537361198087,98132.54478515626,11.130145500244131,0.006177265034244676
5352,-0.1517341487463187,-84362.20442871096,17.313652919921886,-0.5561969877064668
5353,-0.43140720463260235,-272524.3435546875,34.84641767626952,-0.19701130060443636
5354,0.06491858265964597,35195.4897741699,13.775040041748039,0.055487642642084965
5355,-0.18139799962164577,-135965.0124169922,34.44910577429198,0.15710472254922667
5356,-0.3091339926726245,-225380.2397949219,24.972017670043943,0.5189365975905847
5357,-0.18324534009384227,-89225.95020507817,17.346464944335935,-0.13696445313044237
5358,0.0647267195680471,46519.659477539055,17.85224547802734,-0.04674540906155437
5359,0.05019222335032128,34796.22013183591,21.296993505615227,-0.6250051916168682
5360,-0.2818241549070134,-165205.0195153809,27.73988599243164,0.3633436352385276
5361,-0.40255926583666096,-300474.4496337891,33.40696297766114,0.5962109822886992
5362,-0.19017236345938482,-117577.5601599121,32.92027948156737,0.32853370541442656
5363,-0.4512679885226045,-205680.85520874028,28.491933511352542,-0.18863589335554592
5364,0.09224060129305185,57252.921239013696,11.397747547607414,-0.045179040912815625
5365,-0.17437914258611253,-121938.71949462891,31.709622485107413,-0.2257274590381961
5366,-0.14887976768490582,-81832.41605712891,19.983116985107426,0.03788510060281092
5367,-0.34515530685026297,-203302.14917236328,27.24041141540527,0.14918237275776539
5368,0.02848514467174332,20177.38545959475,24.724675514160165,0.11164266620988418
5369,-0.23854787092268662,-212989.37328125,37.09178547619628,0.11171794097721852
5370,0.2859163432148651,184349.31499145506,13.288619987792977,0.0387873802399638
5371,0.10976752850435326,51888.63669677735,13.147382003662106,-0.0024573732215374174
5372,-0.5874422764226772,-338244.20912109374,37.714526914550795,0.295183504579608
5373,-0.42939026110953976,-266779.40984374995,43.00515896240234,-0.2438441788421817
5374,0.035493790702727956,19068.45490295411,19.038600465515128,-0.1130243961949241
5375,-0.13475589983928185,-82106.0213787842,21.072668509216307,-0.45841245842413453
5376,0.39532841146195424,143061.363326416,9.807979124389659,0.09730904042939442
5377,-0.6374870030957931,-438521.7137176513,45.973666825988765,0.2587530702114037
5378,-0.11273353602325431,-71223.75995605465,26.796012523559575,0.0186341378530167
5379,-0.22066137303904876,-132398.96958984376,30.172128425903317,0.075778704442014
5380,-0.23127893481136402,-143261.11496093747,35.71611099475097,-0.1339233869372071
5381,-0.7201943561844689,-518420.6750073242,54.96025755126952,0.12640172943614075
5382,0.06814792610564063,52757.00103393555,15.334519489501952,0.24472935850830527
5383,0.4040747764026637,256515.61430664067,11.775149725585942,-0.14664776287983708
5384,-0.30135268662841663,-223523.32643188478,29.076788093383797,-0.17874469274012925
5385,0.38951137336466946,257950.71525268554,12.528247956665023,0.16661701986526084
5386,-0.41068974729003677,-266630.02903564455,32.69324391015624,-0.14445807205979513
5387,0.2710149202838237,134020.75955322266,11.736883470458979,0.08622908930819773
5388,-0.029056153185103503,-12997.860366210924,17.91444805395509,0.14189174441536465
5389,-0.20748554455719337,-117282.41976196287,19.94752749487305,0.3296985772871703
5390,-0.2042853358127506,-87735.47011962891,13.808085013427737,0.13518210700243222
5391,-0.19061655128263902,-129075.73561035156,23.711285043823242,-0.3956123699796913
5392,-0.4139195470462151,-277148.3589831543,43.928643984497086,-0.1322760967606703
5393,0.40029051223530343,253210.99470581053,14.790031944824241,-0.3214266094130661
5394,-0.681605367462409,-542814.839206543,55.98370341552733,0.15120991159562358
5395,-0.15254686868245337,-103249.54521484376,20.049871516845702,-0.009330257846546045
5396,-0.09406836600799302,-41444.469879760756,11.014113667602546,0.30100816705309463
5397,0.21011874704683375,112729.88691650392,14.302871986328135,0.37661576406049896
5398,-0.3057730987395018,-147009.65382812498,28.38761791467285,-0.29581033292635156
5399,0.2822921099817741,150963.8950292968,19.943444973022466,0.07489416679080692
5400,-0.037277681439449616,-18175.869606933607,19.186064527099603,-0.12404228635344568
5401,-0.4321457725169678,-334795.3347583008,34.694176946533204,-0.2380213096587255
5402,-0.28616587625813633,-247036.21478027347,37.76173199023435,0.26840448394553984
5403,0.08719268609124972,51781.84468200685,16.508346518432617,0.01699201988153835
5404,-0.38559089310752176,-251323.72015380862,27.622550042968758,-0.23293645723266554
5405,-0.3700074191194229,-192671.93492614743,21.935377971130364,0.7311422494523989
5406,-0.6582174844956193,-414429.4590936279,46.45434696453855,-0.13593671429543241
5407,-0.09825221266235518,-69764.2596948242,24.530953961791983,0.22965367512241266
5408,0.04066238307754599,23471.63135375976,16.093143990600588,-0.0997153216782558
5409,-0.04481369527143985,-28204.699855957,27.74926645935058,-0.07561978105727714
5410,-0.023906007100032267,-17247.342233886695,32.79594799353027,-0.14380314085063356
5411,-0.5418350747801579,-284866.64911010745,29.883391906860357,0.0586406248006769
5412,-0.3787122807026383,-238372.28075378417,31.624344977783213,0.2793225173638328
5413,-0.39375483411036344,-227375.80968872074,44.83853993005369,0.17220896100640154
5414,-0.4505198188231418,-318553.49373168946,36.26100701977539,0.020390307772224985
5415,-0.560868021895723,-359296.0026147461,51.29440872558592,-0.11651371642431595
5416,-0.2898550208637569,-127749.83510620115,22.31231201843262,0.247867203232236
5417,-0.45675168070447436,-335339.60698547366,45.22663616223144,0.010268674135818058
5418,0.26192571151306493,171351.36725952147,11.113324998779305,-0.5590295676126648
5419,-0.17203950302986387,-75744.01078247074,14.136976558227534,0.15742535397107615
5420,-0.1615348174730767,-101489.25486450194,22.98157293286134,-0.3092297873695655
5421,-0.5373902237345942,-376594.8145458984,44.787412973632826,0.2858417538156184
5422,0.13069332594123667,77619.59765502927,21.21071746972656,-0.11007922417944697
5423,0.12453816064145626,78510.50232421876,17.500393012817376,0.2627343375373407
5424,-0.1180153310456221,-65213.125590820324,23.797507753051747,0.0720343241314187
5425,-0.25519002483063863,-151715.54454650875,25.311569944458,0.15483220247926827
5426,-0.5693387252046371,-339807.4948535156,37.050092319824216,-0.17955591114375574
5427,0.1889746824353721,102526.55531616212,17.197638502441393,-0.275562448032175
5428,-0.4167505643494712,-291646.1063439942,33.1516386241455,0.2602901922862995
5429,-0.2149223175374753,-127097.46994384762,32.92987549743651,0.1610478471254482
5430,-0.29823186693117515,-178282.3179724121,33.67134823132323,0.31772072436747223
5431,0.06682402863537998,38265.08779907225,18.726686247802736,0.021022755377499116
5432,-0.2243435786978577,-140004.81453063962,24.66652195910646,-0.11367194108787311
5433,-0.16248883227443955,-101432.24996826175,21.96389648937989,0.11793327126899157
5434,-0.1661707934369531,-77879.40100952146,21.59158053442382,0.1702204581243593
5435,0.08941875069811261,42152.105010986335,15.318712500488294,-0.34366610780649903
5436,0.293808720561075,121555.2750024414,8.689398495971691,-0.2658246397382211
5437,-0.12954045644698237,-67260.84412597652,18.057307525268545,0.027360145156203053
5438,-0.05017620411643694,-36168.50937866207,29.974142932495113,0.010361742277837687
5439,-0.2312507748583227,-108490.90728149412,16.64127021032715,-0.016181991318524054
5440,-0.0827932547066341,-44959.99042480467,19.43424999194337,0.24566995789367269
5441,-0.25574271769576584,-230688.5806323242,40.13652598413087,-0.06535956552174987
5442,0.17064388940453115,76318.90848022464,10.527572152099607,-0.25370047332623596
5443,-0.11952731207270421,-102194.63974487306,24.83291600622558,0.355315923242821
5444,-0.04880143981522305,-26942.305170898464,16.8231454753418,-0.08840701316972763
5445,-0.4527834791567438,-368012.0437731934,55.22361351135253,0.08696064847607787
5446,-0.014121218160482361,-10078.044995117183,26.781053960693356,-0.004793985102744098
5447,0.10269061656054497,68998.85505126951,12.275261482177745,0.14236822234111454
5448,-0.6045459683013061,-350961.45994750975,36.140454663330075,0.292151735122677
5449,-0.340551871805369,-174069.3266357422,35.557594950439444,-0.30507038142958454
5450,0.05637684381204576,34633.539678955065,11.116508759155277,-0.12540804333636266
5451,0.26579293379474395,152062.47910278317,15.73736554699708,0.5552113944298152
5452,0.08277257923332124,51105.04476074217,24.244411468261713,0.06910511616921573
5453,-0.530297579422766,-417337.8573498535,41.733785734985354,-0.13892134161101635
5454,-0.1341048273581162,-83625.70552246092,19.202789545410162,0.10223472280258221
5455,0.28526134786855295,159351.89489746094,20.22964294128417,0.045567175057989955
5456,0.22994096055312566,161379.7995574951,12.063610008544916,-0.37450214084147876
5457,0.3865510348039814,168201.25138793944,7.40615965637206,-0.3287804323711603
5458,-0.0794426317058945,-29213.02971984865,19.733718996887212,-0.25841866677668107
5459,-0.009679769598273208,-6631.026367187529,17.24797544824218,-0.13406735762685307
5460,-0.14777704891741944,-88817.9796472168,19.89453552148438,-0.28068971419702193
5461,-0.2676016172018091,-149109.44067138666,27.7793520180664,-0.16726945568000393
5462,-0.31432610399880123,-171413.55717041012,31.24046497753905,0.29497849980400576
5463,-0.1366813055081785,-72403.51753234863,18.728698482971197,-0.20280043538056247
5464,-0.48666210264435733,-323061.31508666987,44.63125099645996,0.0897013499028063
5465,0.8076296385960998,351139.2401306152,12.328630023925797,0.26997626929330537
5466,0.4667256727426555,270554.7687298584,9.305573993469215,-0.7434566559066946
5467,-0.3127632220696943,-181162.4846490478,30.98264744165039,-0.10579099481804265
5468,0.2560556333774008,199804.31866699213,18.93768103540039,0.6065537171998524
5469,-0.21514062228431807,-111510.62444946286,21.264581494628896,-0.0471623794492428
5470,-0.14999912919905203,-91397.61549926753,30.936044532836917,-0.14796628793325872
5471,-0.6014351736014965,-327005.5545471192,39.302384488403305,-0.2679012380641752
5472,0.45507006219157187,222153.05566040034,15.189280996826152,-0.3441876815921425
5473,-0.5932419511745365,-434980.01904785156,52.91429844189452,0.1623093580156282
5474,-0.1912400595220042,-118563.63837646485,19.027587967773435,0.5287250491043841
5475,0.061213333328466485,39824.72906738282,15.711300995361338,-0.44414075898977035
5476,-0.019057870174322915,-8962.324594726597,14.136337508789065,0.43121237840168225
5477,0.4172804645825312,267455.1349951172,23.7332274885254,-0.15995806958466946
5478,-0.0831370000150788,-42535.3309924316,13.817020084228506,0.05235871824707369
5479,-0.39650214587485455,-219482.2389001465,28.209464391357418,0.1487573823181479
5480,-0.5114359644427701,-403434.14994140633,40.396303998046875,-0.005492885404070263
5481,-0.38542318652371294,-255314.9622180176,36.07328418945311,-0.39404527724229416
5482,-0.26907848749956337,-142616.25490661623,14.261625490661617,0.22397297648797818
5483,-0.1534643198878603,-93251.2048071289,19.639259718749997,-0.16054640419733007
5484,0.15569532657000273,91049.78086547853,20.44674648217772,0.07587216688091517
5485,-0.05527767549627368,-38896.03938354495,21.16633350646971,-0.6120798147305092
5486,-0.3381254280737652,-235671.73882141113,32.58741791522217,0.2891250021595499
5487,-0.3558129464629998,-210209.07980224612,33.758992001586904,-0.3638572331129109
5488,-0.3913297098697996,-346936.50874755863,54.407252977539066,0.0747849755238107
5489,-0.16446701225305457,-101225.49188232425,19.090589474487306,-0.29701574038756945
5490,-0.21038389171682062,-105241.49478942875,16.926507481933594,-0.16937179883967968
5491,-0.4996839438791645,-266385.0201312256,32.557116165344254,-0.6311995310926592
5492,0.4289249099659787,175974.05245239259,11.6728135,0.3482991122513643
5493,0.13344986769302095,80913.0850476074,12.159281022583018,0.21523371475213685
5494,-0.057826804947374945,-36889.45466430663,17.809926981201173,0.22331112130339034
5495,-0.5185863217689886,-302278.8397192382,38.401740128051756,0.130524019546829
5496,0.23891299957454412,175717.61467224124,20.460114961059578,0.4097291399477072
5497,0.1940380738450206,116059.34537109376,16.520285478637696,-0.3809558488119888
5498,-0.19727184683186835,-136920.58002075192,31.059367000732408,0.7455710648303173
5499,0.031061689161746932,17133.72256225585,17.841118007812508,-0.2662772761338183
5500,0.03511755667088193,16373.694580078125,10.178405998779299,-0.07382950614391456
5501,-0.021474927446184237,-8490.214127197287,11.76973246728516,-0.06956122622443711
5502,-0.23812511063003847,-184649.63015624997,36.55517802746582,0.2841281903629767
5503,-0.6047092594574867,-355124.39953491214,39.28261896203613,0.040124711987264215
5504,-0.09453905805834469,-48884.86020874023,17.26680849108887,-0.22155699207670906
5505,-0.08430466145142303,-49642.585191650396,17.985326491210934,0.09439929903447933
5506,-0.861050180478251,-478693.76539428707,51.70916003637694,0.09829070317678484
5507,-0.10358580429286675,-73162.5522497559,34.317902022949234,0.2502032776389097
5508,0.298053277407211,151546.8148876953,9.05958899999999,-0.18041555471301501
5509,0.0698310748882766,45974.26636108397,26.83070964721679,-0.10141666494120297
5510,-0.30031752794858707,-222243.4651098633,22.58380895104981,0.28690154755020514
5511,-0.1999758264118242,-151110.8952783203,33.72977601257324,0.26852738324586367
5512,0.029685759930066037,24392.935015869138,26.409526511962888,-0.025917795941948322
5513,0.06856832394153674,36925.38010009766,12.63059897802733,-0.30399332535391954
5514,-0.2026902489823456,-125448.8237097168,18.925697351684573,0.03746510791604642
5515,-0.5933951395520137,-532158.0898425293,54.000992982055664,0.10298252166276124
5516,0.13607586095177662,65208.68943481444,11.086774539428717,0.1359316576429827
5517,0.0052556923460209655,3700.718874511731,25.472311022583,0.0809696636452428
5518,0.503059930933376,183619.91029296874,6.380759001708985,0.32627969665905265
5519,-0.0391685601944692,-16685.775282592782,13.573629970886245,-0.012182981386719922
5520,-0.31563013972144327,-209546.97341430665,26.728700855346677,-0.2587130943444566
5521,-0.5319042789588692,-378660.7180950928,41.30404631060789,0.49411397520890304
5522,-0.14263268604749585,-99383.33522583012,30.614778998657222,0.4324235278784114
5523,-0.17990220068041302,-107225.20009887696,21.4856309696045,-0.22815682714399685
5524,-0.2906486323619738,-177287.9351635742,21.69996553222657,0.841676190456885
5525,-0.31262559202387186,-207687.89481201168,39.288007483398424,-0.356241250615616
5526,-0.2641296641224825,-180128.68050781253,27.903388995239254,0.09040406452481146
5527,-0.6498825732794884,-480817.4397998047,52.26943942749023,0.30915081122963495
5528,-0.020051670398803,-16159.92482666015,22.557609991455077,0.03709984803630597
5529,-0.177370160560515,-125951.85101928709,36.25451892333984,0.5576748401616702
5530,0.3325493234626455,162542.22048583982,10.165935014892579,0.19923602393858175
5531,-0.1557629058047064,-116482.30632812504,26.05496755517578,0.20030355571842026
5532,-0.14428581511407074,-104938.53187255864,26.194556987182633,0.2962746610360865
5533,-0.26966494893475834,-203205.52248168946,35.0552452027588,0.36497083422935017
5534,-0.49186841153217187,-297057.41110473627,34.82440613012695,0.08749979297687539
5535,-0.2935686339748856,-169584.93033447262,31.384012522460942,0.21204096287853894
5536,-0.4158398793749342,-321211.78381591797,42.14340736621092,-0.4983135832975756
5537,-0.0029956072393213214,-1506.7394165038859,15.764748083740251,0.1282304079969004
5538,-0.5565795403741666,-398770.224309082,46.45425740893554,-0.046016305471071016
5539,-0.2472375695175497,-159013.5347961426,26.82743547888184,0.48305621199759713
5540,-0.14710814459726912,-102569.29961669922,26.165986496704097,-0.14252876065037517
5541,0.06611163301684816,31191.92895385738,14.944998670654302,0.5502250568695831
5542,0.41175285551511365,193754.82732788086,9.704547716552717,-0.2621603868069196
5543,-0.05341909270873691,-31775.439675292917,28.41698849902345,-0.1488539885676893
5544,-0.179181674546444,-136243.43999755866,30.529683488525407,-0.21009104937584067
5545,-0.21483272432640801,-139580.05585876462,19.990875476318354,-0.3383946719509306
5546,-0.46305134208592347,-367538.1382324219,44.33300878625488,-0.33267023740105944
5547,-0.4934616725071739,-342991.43895996094,45.83275934729001,-0.599123166707835
5548,-0.4096877679070295,-331667.6986791992,45.762837533081054,0.27998733012913996
5549,0.20446400730079192,126483.34707702635,17.354406512084953,0.015338913770120217
5550,-0.4422914970231828,-325133.6125976562,37.90070351977539,0.27876879773990837
5551,-0.1786535512377491,-111746.0803198242,25.17867448242187,0.10371594762551718
5552,-0.6465292177569932,-397590.04010803223,56.0306509647827,-0.19835489880928642
5553,0.3064633106650565,221347.23599853518,27.19685301733399,-0.32631137136070776
5554,-0.15578398961237247,-98475.81462524415,29.429183443847645,0.6104371359432519
5555,-0.18892396555548802,-135527.600859375,22.208599492553716,0.3998699107111042
5556,-0.4682962841331553,-305809.93674438476,36.813044507812506,-0.4999681787107098
5557,0.024424976636156753,15030.719987792938,12.796762506347651,0.14495604329140532
5558,-0.3333934885732248,-253944.37132873532,26.65796418377685,-0.10939077523954158
5559,-0.26052906070321685,-176332.84986938478,44.760719519287115,0.33428304783175566
5560,-0.3529005013001705,-228679.60583374026,31.40166907641601,-0.5057953670618854
5561,-0.3467264904335559,-237096.5198034668,41.81721947998046,0.4427080738714858
5562,-0.540837177674278,-420061.7906182861,42.105285067687994,-0.5043744666035251
5563,-0.3921437506106375,-281417.4647180176,29.26855248645019,-0.1286635890737316
5564,0.04080753499430146,30875.409486083983,25.481171945312504,-0.4014275967822472
5565,-0.16825938202312124,-118425.55994140626,24.581580498046883,0.5319686646760444
5566,-0.15114561316512137,-83882.42793823243,18.93524845910645,-0.3013513180803999
5567,-0.5251612993362694,-282327.5055371094,38.855838038818355,0.0005892118133463394
5568,0.16909921975224068,83820.91509399418,12.353533969238285,0.44467430666051416
5569,-0.18628047020082297,-137247.317532959,21.64669449072266,0.20357644352938076
5570,-0.2977640087675476,-202606.39183105467,36.13883120947265,-0.11302756790819068
5571,0.348910068367651,125349.41018310546,6.015074975341792,0.25869429691908424
5572,-0.3308519816579763,-200929.4099279785,32.06322948083497,-0.004800167681271083
5573,-0.10084885468522274,-58330.67942932131,17.17077998468019,0.09544607851750436
5574,0.010463892522313289,7141.184617919964,22.149251517333997,-0.23476146578815277
5575,0.1604960355142448,103246.72440063476,21.756918976074214,0.18361122001041527
5576,-0.06846777562576294,-51554.31696411132,18.284460717041025,-0.1329789600127211
5577,0.3890970402053145,198941.93586425777,14.424434000244155,0.08100383300478127
5578,-0.256201259293236,-124259.1628552246,25.738190968627926,0.21825646671727933
5579,0.02430164904968989,17442.834195556632,19.40485648852539,0.18336403920540936
5580,-0.24645818257841545,-140154.17440185547,22.435442921386727,0.5576133154854982
5581,-0.012982166074287496,-8425.307937011712,20.193645472900396,-0.15716961950952865
5582,-0.29233261191134613,-168859.35994628907,28.32977800854491,0.1167640040235667
5583,-0.25132481820737046,-161135.52663757326,23.97470068646241,0.2594528441947831
5584,0.02850442221553126,15345.02044433594,15.959501937500004,0.43303827395015476
5585,-0.32877587885524423,-221878.2462768555,35.988630448974625,-0.18689079677565423
5586,0.38481821740312744,229056.50043701174,14.848457995117176,0.2550870572534514
5587,-0.5590699664616835,-393429.5048559571,39.53591600097657,-0.17178086996100211
5588,-0.4893981354287346,-279014.9544030762,29.764893460082998,0.06128834677679886
5589,0.37078429448382205,239934.20696716307,16.598885033874517,-0.45580657539989694
5590,-0.31164844021336974,-210535.22828125005,28.001816338012702,0.17807727594715972
5591,0.25825009171442437,132167.05569213867,11.842162980224611,0.4730500965627421
5592,-0.1629269506211165,-123168.3135559082,25.981766902221672,0.29878691601587826
5593,-0.2896373873568263,-183440.597512207,27.21655471533204,0.500234400496828
5594,-0.38162982717080896,-259270.3740673828,34.032868952636726,0.1318753356845182
5595,-0.28265954107699026,-158134.76845825196,22.82236330322266,-0.23947932699065347
5596,0.5601745174817764,317975.6721594238,11.113324998779305,0.3122993635935983
5597,-0.5538615572304506,-254756.96573364257,30.840864065185553,-0.3253266890884365
5598,0.36395595451353324,159208.86956420896,13.561010501586901,0.41911336971130697
5599,-0.3976532553969341,-264895.8786865234,37.840582902832026,0.3660076245098791
5600,-0.21577277325104166,-103381.5951147461,13.722782440063474,-0.02923540304719307
5601,-0.0505772468646768,-27851.85295288085,13.35744065832519,-0.06795691609552265
5602,0.030120003728440703,22683.204561767583,28.25369596740722,0.20808644419227523
5603,-0.29722399474980654,-148195.53438110353,21.106717454589845,0.07021627938621332
5604,0.15427812281839037,79772.9685070801,15.463106626708992,-0.24446986995072853
5605,-0.2905782935074535,-202515.7402734375,23.24251143164063,0.08610749656252584
5606,-0.5406615968913953,-273839.70951782225,29.85465008923339,-0.3287252015300118
5607,-0.36114797032390283,-216684.10997558592,26.13092697802734,-0.11702311549760487
5608,-0.42401352105052126,-237485.123861084,28.11466747314453,-0.35029560538894244
5609,-0.5212844820236259,-327892.4494897461,38.788013942138676,0.4010657389330174
5610,-0.43213361801066885,-376197.9149291992,43.463052028564455,0.0758192604076543
5611,-0.1687331129232705,-108056.33700805664,21.797124186401373,0.09227668655250965
5612,-0.2831448405654774,-187340.16344787594,33.15768100268557,0.13819177702139776
5613,0.02664059867705809,12595.64969848626,24.850216996582038,-0.21460032512971705
5614,0.022252947673587237,13630.061514892579,13.578842697143557,-0.2893979585808792
5615,-0.18766615261341357,-160862.78059814454,27.803747693359387,0.06934089455553702
5616,-0.005713429618111968,-2924.651394043016,30.666468116699207,-0.01458503396134084
5617,-0.20306555442993982,-121635.49748657226,21.126931186401364,-0.08654672649222606
5618,-0.44292886537417836,-321269.64729858405,53.890234718994144,-0.02057123590170389
5619,-0.16465291556428407,-123013.16533447264,21.01504247998047,-0.16744489786195396
5620,-0.19989996322181028,-142839.75501220702,25.532632991455078,-0.3571680260558381
5621,-0.1777219118737705,-142621.67588012695,26.79546851464843,0.10077007170271271
5622,0.008960243563317318,6181.783409423806,16.629065149047854,0.05377067294630094
5623,-0.31302409078605853,-215765.84983398436,29.869443523559568,0.08007446754612997
5624,0.23006619397090233,125615.7154321289,18.799959471435553,-0.17787242364977507
5625,0.22941677372417485,142331.69963500978,15.016386236572266,0.16963995432700152
5626,0.07194313951627994,45270.37239868162,17.507150964233396,-0.12996637183056856
5627,-0.32205186539358494,-247256.35346191406,41.643742993896474,-0.12065171500159017
5628,0.15088938662864865,128049.8929272461,17.45919247729492,0.8222399351705618
5629,-0.6349932798403551,-382043.95629333495,40.73196312915038,-0.29561262839730756
5630,-0.3973889407507068,-337748.09938110353,41.25268995397948,-0.004317069480050621
5631,-0.3304341833456194,-195808.99094970705,24.53149951757812,-0.5739789064498096
5632,0.39985258636501914,225462.6455847168,12.706647527587881,-0.0040711131302986195
5633,-0.4798950505015752,-285831.7158166504,31.102047607055656,-0.15997217121754034
5634,0.3915650549276293,190127.4582873535,7.125804017089843,0.014682585378245839
5635,-0.41212817024465187,-241523.42858154292,43.593068149292,-0.1227665704272233
5636,-0.03586772814592783,-26754.487366943373,19.98965297998047,0.34494995021292946
5637,-0.5059647908899629,-421633.3895483399,55.11990892199707,0.059753903286696775
5638,-0.2613821103924199,-124214.65024169923,14.548757036621089,0.1857140783451242
5639,0.03400709014677316,25193.44830566406,25.32198000927735,-0.10273087179274941
5640,-0.2817880837891013,-226090.60099975584,35.69379510852049,0.031175008596321004
5641,-0.3199922923309766,-228187.29993286132,38.08297748156737,-0.00532608427928073
5642,0.17526261940719084,88297.96241577149,11.50417397619629,-0.4531437078452915
5643,-0.4877552019470883,-259739.62882080078,28.81099442700197,0.37621169335408783
5644,-0.34990706275562194,-173258.40377075193,28.940962919189456,0.14490961222580628
5645,-0.26342092388290317,-185080.99935913086,47.362211013061525,-0.31550905809144125
5646,-0.11708016140818198,-66300.55947998047,26.375317442382812,0.19416096311538814
5647,0.06842584385116304,44444.299088745094,23.373239465087885,-0.15452332581778921
5648,-0.053305597974757084,-30462.55915283208,17.009234470947273,-0.18432422112770375
5649,-0.5908563984200573,-475652.1505987549,50.03821158685302,0.06382851355853157
5650,0.09643585988496277,46128.60529663085,12.795333486083987,0.08557400419566832
5651,-0.7310936011891119,-493106.4340576172,50.87503840258787,-0.166756287404848
5652,-0.3371439757082221,-215015.55479125975,24.548108488769515,-0.07795534233507041
5653,-0.00672974429268607,-3656.4844372558655,13.92074847314452,-0.15812488553164783
5654,0.1587916592269406,97687.65180786134,20.767760960083013,0.4548509507336362
5655,-0.14201690232177452,-85032.5565118408,17.254150998779306,-0.5163727729411666
5656,0.004371725319869608,2801.0321704101843,14.746994289794912,0.2732120629238553
5657,-0.17922745835662346,-104878.05129882813,24.934721441162097,0.2708875599573351
5658,-0.01723097617595942,-12407.620579833965,23.256917527099606,-0.15501575488180624
5659,0.27292739307703706,130694.68834716796,13.554194466430673,-0.17669165506849357
5660,0.3860387493533757,201847.7055834961,13.678174497070303,-0.33881490242764223
5661,-0.049649629096980986,-28050.42927368165,17.40710747631836,-0.17739446670389725
5662,0.4425984258655305,239751.49434997555,12.215782497070311,-0.05769835700080273
5663,-0.3386992643700053,-180580.68989501952,25.87070701049804,0.23127541680324074
5664,-0.23896645791751311,-159324.17529663086,30.687351033081043,-0.06920873080927566
5665,-0.023724376989587664,-16715.904528198233,30.81033539941406,-0.13337565699217302
5666,0.045697736972094054,15363.882509765623,7.876600964355469,-0.15061470500235774
5667,-0.2723586231495487,-153115.68114501954,33.2411715843506,0.32139398462564067
5668,-0.11738478583309517,-81346.3996594238,34.994168975097665,0.5185652670410942
5669,-0.18626556964504407,-160557.83673095703,33.20667094360351,-0.03293971741523084
5670,-0.09516174093466839,-44796.0393774414,16.685506928100576,-0.048726459012007416
5671,0.031129936389707714,18986.224274902313,14.94938702246095,0.35383416372705057
5672,-0.34575365878344444,-265025.40990722657,29.20422453112793,0.24558348720524342
5673,-0.15787642360791945,-71931.31539916992,27.623888560668952,0.009032703511950875
5674,-0.16163678270538617,-119354.27408447264,26.788338207275398,0.25594734784325857
5675,-0.5863388657172451,-370623.2445385742,49.66108764819335,-0.06677747146595843
5676,0.4090651323489156,188880.84127319336,16.05472499487307,-0.10469778418323959
5677,0.21781534134464908,106166.96147460939,16.723324617919932,0.3721965371599419
5678,0.4058411151081044,232991.0839416504,11.820666987792961,-0.25665796527765156
5679,-0.0033454422814553782,-2351.5655749511934,27.96599403137206,-0.26911283110772005
5680,-0.27737323975853784,-150441.2595220947,27.407563457153316,-0.1909757477420494
5681,-0.5181936981297282,-372309.72866943356,40.36370036010742,0.11415959479483803
5682,-0.06928969125258393,-27152.36464111327,10.710524688232411,-0.41887230403196785
5683,-0.07495967945540628,-52686.62482421874,28.231943464599617,-0.056532075013333766
5684,-0.036203723421709424,-18330.1939538574,22.392669369506823,-0.37428602397990757
5685,-0.38740253501571725,-347823.76017944334,43.02856653491211,-0.18305734680589553
5686,-0.21812915697741245,-152839.73553588867,26.89236099853516,0.3736090908753517
5687,0.5337164689672329,292148.9286334228,11.397747547607427,-0.04502875505246322
5688,0.09943752480076667,52379.77085693361,16.089206970092782,-0.12345109438460816
5689,-0.4896474893605492,-339597.47032104497,53.76669249621582,0.02624216282557782
5690,-0.5009907962630858,-318902.1269628907,36.22388069018554,0.11512427382362925
5691,-0.14339180564869536,-93196.3355541992,18.082804211791988,0.04525107008645951
5692,0.17188779929370715,90512.33010742185,15.15656499438478,0.12952994175306687
5693,0.1526842974700542,81190.27548156738,13.337638505798333,-0.07987504498148838
5694,-0.2540997151942207,-190270.75762695313,26.35582369628906,-0.06961946343036785
5695,-0.23878205193977436,-152726.40535278321,22.825993498168945,0.4009576795719485
5696,-0.23660564204953347,-156603.98541137698,33.343147460571295,-0.011988157478411558
5697,-0.3179692088084553,-195706.0460131836,26.58844760546875,0.1593855158745636
5698,0.0865508703162418,53580.88950866698,12.205913972839364,-0.032967966015822976
5699,-0.37902005154200713,-302953.5648236084,49.102350488708495,0.06198453210842199
5700,-0.0069170499817541664,-4195.107375488275,15.302630694091784,-0.3915360932184111
5701,-0.19699888535313542,-142959.33741699212,30.560711044677742,-0.2501436629492159
5702,-0.03659691886970525,-19192.07873779298,16.524373997680655,0.3990001080122399
5703,-0.339373174663098,-239464.61273193365,38.626114506347655,-0.017780133944077767
5704,-0.015769856167297574,-7126.108804931639,12.922406342163088,-0.544690291568532
5705,-0.30424607338818516,-163137.24442321775,27.29710645916747,-0.1701701820581035
5706,-0.17889081700114465,-105652.74332031251,25.88009351232911,0.25521020991688026
5707,-0.2616427346063154,-134062.7857250977,26.053418567138685,-0.10084774766135818
5708,0.0073705274698828566,5127.35922241208,20.751687253540034,-0.11752682913296662
5709,-0.2801135727249906,-163178.77210083007,34.148767015563955,0.14161737312950942
5710,0.035656493679550025,22600.25621093748,20.822013507812493,-0.00956376108784372
5711,-0.47770773850237636,-430296.69942993164,52.05257595886229,0.029357069924296188
5712,-0.15417811845665494,-110440.15652832028,22.56543812500001,-0.2575016976596207
5713,-0.4607211087494848,-299767.36010253907,46.86970451086425,0.377080821954992
5714,-0.13623360913312202,-84551.17544250487,27.063546019287106,-0.039332144205787456
5715,-0.21144141461007568,-157277.3496655274,24.779640990234352,-0.07280292119675243
5716,-0.2542942930699873,-164237.7212561035,26.24184277441406,-0.2840256027274564
5717,-0.1422765647448646,-83136.04932006838,21.965783151733397,-0.26405310652476294
5718,-0.4545615546400006,-266882.1599182129,28.990867485473622,-0.032876744981157086
5719,0.34142885831763203,197856.3371484375,10.654042999023432,0.2739053642249225
5720,0.048358487514149735,30331.03584838868,15.32353355126955,-0.21791746101209505
5721,-0.3219821855269127,-231866.3136413574,38.57767333618165,-0.09653647631419769
5722,-0.4371829413672482,-268374.5600708007,36.07587547851562,-0.07008926238857491
5723,-0.16194141978488744,-118278.02508911135,31.64099552453613,-0.1138125994197
5724,0.1288360844481436,67278.06368408204,14.708939102783205,0.27312238879291195
5725,-0.3986053617687743,-212577.98475463872,31.736314979248043,-0.09070424117450539
5726,-0.7505851664782427,-654462.6817211914,75.99878515869138,-0.21127637181634606
5727,-0.11662049571865052,-88616.84657226564,28.64595952172851,-0.17315112613970773
5728,-0.7815850312270556,-571634.363980713,58.04127488098143,-0.06080043602088564
5729,-0.4415858045947597,-228358.56427001956,29.988735411621093,0.28515986812629424
5730,0.013443441073790977,9695.254249267586,15.170020471557613,0.28658463606894113
5731,-0.4071491201609612,-292441.57529418945,36.33268400207518,-0.4109624978829821
5732,0.12650399088706038,83300.14593994143,17.317874941406235,0.6651873298727843
5733,0.04634658376761677,29157.974900512665,31.390436946289057,0.22813665358166613
5734,-0.35281711376623304,-286773.2701098633,41.53738901342773,0.07922102298100067
5735,-0.04881229791686776,-24880.97348999027,15.031240994384756,0.3954158369813908
5736,0.23014505914137473,161786.71427001953,16.356970020751934,0.4083196911580984
5737,0.2685597931528438,148672.3006512451,12.335124491943372,-0.4284532938391688
5738,-0.49741968755937543,-317144.9831494141,44.30015081359863,-0.2069780716220438
5739,-0.0561670301106295,-39818.81001220705,29.593113440673807,0.1804938032539234
5740,-0.39604352738643944,-205345.72178466799,26.62786415026856,0.045424499191403025
5741,-0.3616850748616235,-250839.24909301757,34.547628421508804,-0.1637665614282617
5742,0.12365182268447741,63974.27541137696,14.817419967163087,-0.21166825528517136
5743,-0.3570389582860552,-314376.22323486325,34.66714942163086,0.13668489616224044
5744,-0.20852413721001123,-148959.3585925293,29.22314443969728,0.2763102539242158
5745,-0.1030663869059235,-73999.04014404304,41.26547547546387,0.4612118091716547
5746,-0.10963328059083427,-52580.940346679716,18.05111649938966,-0.11571727301037135
5747,-0.3427888545884008,-247491.53483642574,29.887868457275395,0.06566877304037792
5748,-0.684014195862733,-455785.13651733403,47.491340626831025,-0.29344925799448107
5749,0.2566029770373878,165370.33009460452,11.113324998779293,0.2818545489362757
5750,-0.11042467675853654,-51189.694036865236,20.03433848730469,-0.4067648440980329
5751,-0.13368347817621398,-74577.74922485351,17.93862800793458,-0.2711111371863933
5752,0.31414933240155846,139108.9295001221,8.876327981201175,0.03702626925616978
5753,-0.25328285536920675,-143048.95465209958,19.747107452026373,-0.2057226559527294
5754,-0.3489963745046208,-174526.58050354006,26.875806559020994,0.7816934689035712
5755,-0.5103663870452292,-331992.857866211,50.194159304199204,-0.28236774788988
5756,-0.6752335167956579,-528352.2953601074,54.98520402014157,0.37142120904093723
5757,-0.040047934477650995,-21477.580407714828,14.801625989135738,0.07475615389983825
5758,0.03369391892797372,18439.240453491213,15.655555496826162,0.11258092854799708
5759,-0.271639214260839,-206588.96968261723,29.559572970336905,-0.14176178388292607
5760,-0.10767935752376892,-65034.159902343774,18.18769353881837,-0.175500645325485
5761,-0.0754513772610645,-29243.97663208009,11.822304686767584,-0.04339530942577726
5762,0.48088661288979495,239713.31654418947,10.3502170119629,-0.3209317721368939
5763,0.07590869075581919,38723.90881347656,13.344334977539058,-0.408389674529916
5764,-0.2845028903373416,-187748.90516113286,35.02805549389649,0.46420651526298345
5765,-0.1756118956288731,-118555.20357421874,20.61487249108887,0.46029109327729323
5766,-0.3270885362561296,-193172.64033935548,31.681395157348618,-0.06043278106983216
5767,0.06284236694786262,38927.195919189464,13.40905698168946,0.06278189313278658
5768,-0.34615818310826973,-303105.2539318847,52.065277889038086,0.013249774199626035
5769,0.04352985442533037,32005.556643066426,16.599548504882794,-0.2116062457671165
5770,0.037197119866504334,24175.57793395995,19.40485648852539,-0.24931806119216543
5771,-0.21903201570353484,-179949.36502075195,29.894171512329116,-0.17926574599135514
5772,-0.12594202133398458,-48954.51431640625,9.498268469482428,0.008843395134131347
5773,-0.2987459966649723,-199173.11418457035,24.99785592285157,-0.12106618715086896
5774,-0.4184575536167101,-287815.9442004395,36.18536790124512,-0.27094944911390106
5775,-0.4228646214435692,-329466.8356347656,41.08526156604004,-0.19744116743547013
5776,0.15678087940116062,73823.1295629883,20.3379979934082,-0.44991046591772366
5777,0.0823590719822616,43001.98967163086,18.61272748388671,-0.01836927340871729
5778,-0.14286254029366552,-67220.91951293946,19.987616164794925,-0.3491125079590594
5779,-0.17556031612901543,-65959.85017822264,16.419889051269532,0.07645028527072334
5780,-0.10847454256144502,-44163.015069580084,12.114896500488276,0.38955817708441587
5781,0.26790733772337766,154899.53587280275,22.195256926635746,-0.4599629571161684
5782,-0.008057085914144226,-4785.350676269511,17.88850302636719,-0.40931971393731037
5783,-0.7990486093513832,-447883.3716687012,52.89324038317872,-0.04439533594655786
5784,0.02761920178102475,20736.940650634788,17.50133694396971,-0.10281737260594365
5785,-0.225271591419335,-156206.55683227535,28.87435742590332,0.012849342651953345
5786,0.09076812666004805,54922.61717651365,16.129153984863287,0.09293547820753491
5787,-0.6762057616229816,-507564.81913818355,61.885051447021475,0.14156493238328666
5788,-0.052013358371674,-31175.800285034136,17.149059455993655,0.35513702907342676
5789,-0.10108739675256265,-52805.894578857406,14.00754993798827,0.013980554779265353
5790,-0.18490577144238585,-112413.60987426757,30.61050544018556,-0.10078816812998413
5791,0.08901538518594844,45033.62458557132,14.672290491455083,0.30904479386662026
5792,-0.45654983219743644,-294091.6101123047,30.575824468505857,0.6204205963554392
5793,-0.008381269912919305,-4883.36398925781,17.04523796630859,0.20640418508303754
5794,-0.17321072549413077,-105255.56274230957,22.704056786315913,0.3968674540583339
5795,-0.44048595099308735,-316140.24955993646,51.63805495452879,-0.42856005762686267
5796,0.16883950812059287,96695.16931396481,17.71279150292969,0.22812967618614757
5797,0.2507998092164292,183784.24560791018,12.833947004882805,0.1755737608683978
5798,-0.5015308512355915,-348949.5492877197,38.3576319389038,0.20825149223323186
5799,0.018464216967159528,11354.845769042973,17.852503014892573,0.2747834643377241
5800,0.2001036009578535,78501.05012084963,6.64331946191407,0.12472704205376586
5801,-0.6406655446598646,-488025.3017614746,51.58738731213377,-0.19280743379780144
5802,-0.06465410287559428,-50667.53948242188,21.60339946716308,0.3610174243344735
5803,0.06599031497655196,31995.050936279302,18.353435383972165,0.3910339008774299
5804,-0.29778875835195395,-251674.04537292483,29.964162938110356,-0.0005292264233036903
5805,0.26821186100344563,121571.1927105713,13.316121441284182,-0.26005702355774946
5806,0.03169715432700552,14469.551841430664,12.230058968750003,-0.2067381595624927
5807,-0.11090894533868567,-81582.51647033688,32.32467664807128,-0.16783361047783157
5808,-0.0779015154300208,-47273.04112426756,31.641680585327137,-0.02372223603175183
5809,-0.30666949714547814,-142452.99545288083,21.642179014648427,-0.07777975315204552
5810,0.11709165949199964,71580.78047973632,17.61405347692871,-0.4232098925567812
5811,-0.4955606449246897,-360558.3993310547,38.824398960937486,-0.2964699001611834
5812,-0.0819934206915234,-70588.77002563473,29.328373936401363,0.0607363149358221
5813,-0.15674517756519765,-105123.0640612793,25.43613489953615,0.1034109091214718
5814,-0.20912713732109658,-158405.97468872071,29.358870938110353,0.2912536823898145
5815,-0.505107741006305,-364514.08357177733,44.38538301342772,0.052275843166405156
5816,-0.08250534445374043,-45686.374575805705,23.75538797302246,0.1663002536332616
5817,-0.26796292308086866,-233140.44775024412,46.29908347399903,-0.16456996179557065
5818,-0.11402040669848287,-89398.88050659178,23.06921554992675,0.20765687485806286
5819,-0.22655792323943807,-100140.82029113766,15.429193977294908,-0.27149899820950446
5820,0.19708061620409625,115614.23624389648,14.564085484863282,0.1411210997995828
5821,-0.07127285026999583,-48560.033151855474,27.856601861572265,0.1446743197822784
5822,0.018515893888346138,10801.769741210926,19.062060985351565,0.03498687465846602
5823,-0.5351371230262143,-402600.5021081543,40.612363213745105,-0.04597831376810882
5824,0.07204060780277977,42425.66657958983,15.19615947619629,-0.4614205796648396
5825,-0.1668378175950263,-113273.35680541991,17.124155700805666,0.5131328808150062
5826,-0.6259476343656393,-421652.944944458,45.25708901757811,-0.2380484985250564
5827,-0.4720576917279481,-369056.11528076173,40.374715529296864,-0.11517472890101829
5828,-0.35033979808705845,-219939.2555114746,32.52723058532714,-0.39800534709459784
5829,-0.2744108657504122,-163318.0246337891,25.44496444738769,-0.425624071736662
5830,-0.505952996674291,-256903.970657959,39.50668075573729,-0.02789019605951732
5831,0.13818399944526844,79935.77498046879,17.651257996337907,0.23445745130888881
5832,-0.22006132341946785,-121866.16423339843,19.248264377075188,0.18682753670599592
5833,-0.1936435299889912,-101061.48941528317,18.169013514160167,0.18413849769504306
5834,-0.2723492859216404,-212075.8887219238,27.082107965087893,0.040360559062619455
5835,-0.5726950524303351,-347072.36278991704,46.14297174774168,-0.07589594379127479
5836,0.9518041460493535,387992.3461303711,10.410557912109374,-0.3303921059919125
5837,-0.49308473038366823,-353647.78049560555,52.78080251586913,0.1847634893824955
5838,-0.2920813420518193,-189955.6796276855,27.67236143713379,-0.06834599642589814
5839,0.11687344326685392,63917.46501953126,17.475583023681633,-0.13074615767252465
5840,-0.1387298241454941,-86237.95945190429,23.784211944702154,0.013783000127301014
5841,-0.3590747554210285,-332438.0352148437,42.11549350122069,0.11442253393763559
5842,-0.2362754493819624,-131673.54515502928,23.412904986938486,0.3871571079759796
5843,-0.3059968325675223,-230965.18918701174,42.39424198754884,0.16937151490821972
5844,-0.3871444123710685,-224530.87474487303,35.17087792834473,-0.07356245351700669
5845,-0.17239055470580786,-94409.50464477537,15.501525020751949,0.003608846814742513
5846,-0.07341167433763379,-39832.85955810544,21.77799299633788,0.022264249814758108
5847,-0.18185024954455906,-111768.9546240234,25.129658114624025,0.07469150013505646
5848,-0.33877005244648717,-197564.19927673336,31.068948966674796,-0.06400174631043916
5849,-0.2478766404768199,-175429.54776977535,28.059743664672855,0.01363999678200741
5850,0.23415454702514543,111141.32138427733,13.288619987792977,-0.5237555817323075
5851,-0.5787025959423273,-312534.33937255864,37.17912096655273,-0.16711920254003465
5852,-0.11182722622667314,-73186.19130859378,20.29547749633789,0.1393159223088546
5853,-0.4509186810619618,-257233.50895507814,28.966870939819326,0.013606922431501588
5854,0.6070093818676724,225467.02424194338,5.726798488037102,0.16846303904819684
5855,-0.1295000261830865,-67537.29565673828,27.5922084975586,0.016538951149497487
5856,-0.21452638045213132,-175160.9630297852,36.15719128369141,0.07035915766625869
5857,-0.23590413872633395,-116504.66166992186,27.43512299926758,0.0351769645211821
5858,-0.21410598430804662,-162177.38993225095,37.164503018859854,0.18306745081272277
5859,-0.3589608171091702,-304193.2786004639,43.45602887127686,-0.06485406518563538
5860,-0.321100349945877,-216207.2077166748,29.917118313171386,0.39696201733853015
5861,0.05064312560921178,39396.6151245117,20.73617700122071,-0.2717110013095047
5862,-0.18458405370464168,-110857.53006103517,25.1100259519043,-0.1698596931187489
5863,-0.25666454018767837,-229711.19502075194,40.47300449865723,0.4561870464834447
5864,-0.08715929334071684,-54546.469932861335,23.901229981201165,-0.07264535854465179
5865,-0.18183570021202614,-126731.85466308593,25.525068033203134,0.36202072030539956
5866,-0.1886449362661277,-97962.85015258793,27.432339671630867,-0.03632376781906432
5867,0.2636213336844792,164019.25441284178,16.74126148474121,-0.11577650368581055
5868,-0.26653482102852377,-183305.0899255371,33.1559624810791,0.3502235082963807
5869,-0.3148736233307257,-123999.07073364254,21.199620995361336,-0.4351979213629611
5870,-0.15675409383150546,-87639.23162719725,25.500513185180658,-0.3148678432103954
5871,0.38823237756386425,156807.77269287108,10.076152456787112,-0.17337565171440147
5872,0.39418946444072017,239212.25613525382,10.250709986816418,-0.08930999359704904
5873,-0.650042544079461,-418622.205637207,53.296023193481425,-0.03987365346942297
5874,-0.14597276209311721,-80478.65022216795,18.46248010876464,0.4055032803277101
5875,-0.09663244637574245,-57479.0096496582,22.68875599560548,0.05183271003711723
5876,-0.11260277326158735,-66833.51485534669,16.006413484374992,0.44446503725868713
5877,-0.06663819720387738,-48194.66477539066,32.33088448840331,-0.006427348452838181
5878,-0.20780792168604018,-141304.87943969725,38.827887914306636,0.2639281715993966
5879,-0.34062548804147413,-256540.52417724612,45.252618412109356,0.0219685256412924
5880,-0.42968757488770937,-201057.4972857666,25.733555720031738,-0.28886259068362635
5881,-0.3777807281047097,-266618.87502319337,33.39853549304199,0.13205755549657353
5882,-0.09145993454097123,-53250.079374999994,19.63446943896484,0.019923639099782342
5883,0.10654130097569307,63275.59060913084,24.627965497558577,0.025209780604614884
5884,-0.36719839457550835,-246793.95975219732,30.037254494506833,-0.08256788395953552
5885,-0.22677262104790621,-164556.8851916504,29.673510997558594,-0.18146493895184299
5886,0.20063638478160437,91414.2096459961,11.890337513427738,0.09440562373859397
5887,-0.5687274720387568,-381903.4609020997,60.88188899597168,-0.2601349869762808
5888,0.18847362321128208,82034.49408813477,12.58130147607422,0.34231364607226655
5889,0.13441183403524765,73515.7946728516,19.641746988037113,-0.09428967387292715
5890,-0.30810282799060873,-184355.6304199219,24.22292802685547,-0.06139638030751108
5891,-0.3717271021476369,-217877.7791296387,34.52174742944335,0.49375445639178145
5892,-0.43410679278038117,-195600.95033203127,24.804801009277337,-0.4406181223230107
5893,-0.4002014704655334,-223934.72875610352,30.906857148925788,-0.4023701472513617
5894,-0.27120789628276903,-156643.63967529297,30.182328942382824,0.08794379208433618
5895,-0.3201448845700502,-249680.6679284667,29.127110993896483,-0.26108486164012984
5896,0.17281607525257334,78091.17455688473,18.280611505249027,-0.12898696804874374
5897,-0.19228595521633843,-109412.7096496582,25.670873478637684,0.03657486340954744
5898,0.054769241212886906,20326.343171997098,18.705850189086924,0.15861023440474306
5899,-0.20638164028689399,-129318.58624511716,22.57970517846681,-0.4350149272785689
5900,-0.4160701090596953,-298097.5046466064,40.20672596685792,-0.03719471319334578
5901,-0.05806884457423272,-35696.13532470706,18.673365962646482,0.12228514609678334
5902,0.17525021234138644,82421.79790649412,10.922217001953117,-0.32546687684615744
5903,-0.15007464149291413,-89840.2598791504,29.419489459716797,0.19881319092525995
5904,-0.31515435271977177,-146662.21911010746,23.537880355957032,-0.31813496426498394
5905,-0.11280895380435671,-58879.3938513184,31.048599454345695,-0.29235071943005436
5906,-0.3882418930330228,-307156.05741821293,49.83134871081542,-0.1242089203442966
5907,-0.5947831031103586,-358653.244440918,44.55410744995116,0.10602453571522515
5908,-0.3127512747588899,-136037.08084594726,25.72033395141602,-0.08847557797480374
5909,-0.33404910957814254,-200069.86907470704,30.759272907592777,0.23090371780233845
5910,-0.23839792991372447,-145102.09895996095,22.558409928466798,0.14544660035048404
5911,-0.2616578969241832,-183340.2290344238,21.848771495849604,0.8096226709837556
5912,0.09136967775269511,58400.763970947264,16.466609484130853,0.3284834783502087
5913,-0.20034771502501356,-105625.89442626949,19.278800487182615,0.1669160089872168
5914,-0.4687314639354459,-334527.0177880859,38.15461900244141,-0.006203802911295446
5915,-0.32241717754461297,-190221.6624713135,35.917880025939944,-0.20139793726389646
5916,-0.45526882257704443,-233587.359921875,28.027383989990224,0.16924132017596946
5917,-0.3204423372704444,-153632.04675170896,22.5737726373291,-0.2927336696995633
5918,-0.07091761827098021,-38734.68944091798,14.025354968505855,0.3680776249631437
5919,0.061728938868149306,27067.494465332024,12.866559984985365,0.13547724865803656
5920,-0.2866399413254753,-190817.71585937505,32.37419743066406,-0.02211464146071291
5921,-0.267605138759869,-145858.0703344727,19.53025919824218,0.16271156579662863
5922,-0.35469655546619744,-246324.2007470703,28.178663901489266,-0.008892470379510057
5923,-0.07860850313094189,-58763.53636474608,23.41896513659669,-0.09232190724524351
5924,-0.2793719763177438,-151756.56454711914,27.4855884613037,0.12692494057128798
5925,0.401886165328328,222361.0044116211,11.51513748876953,-0.0364365125567558
5926,-0.07795401459155502,-51003.87518005367,30.453388444946288,-0.050118852231122835
5927,0.2673070656374168,106518.76530700683,9.221515946044924,0.43499179025896123
5928,-0.04351801306889005,-24336.344519042967,12.855180978759776,-0.315817458941553
5929,-0.9642299069605258,-717389.9467993162,76.60671471289062,0.3749388984868292
5930,-0.10207344470714899,-52139.54291320803,21.05810898754883,0.16201209316220597
5931,-0.307509871958862,-170240.78278076174,33.89181595117188,-0.13733069236332623
5932,-0.5514560363119398,-424597.08958679205,45.93593499584958,0.4300042887445546
5933,0.2876117664153664,153972.79486816408,14.918190455932637,0.22362079327278528
5934,-0.31728421066211243,-215009.65710083008,28.80574174377441,-0.4542198445631122
5935,-0.11022799436171198,-66968.30469482424,25.998512992675778,0.16220880158042592
5936,-0.11332989372781287,-61521.277233886685,21.533876194458013,0.007312184839003499
5937,0.012186862403204969,5552.379510498045,11.412870531005867,0.0022574993906024914
5938,0.01082860102933709,6676.704560546867,18.313170051269537,0.12978278136427554
5939,0.16951498699039294,81765.72062255858,9.191967652465822,-0.17099382238803296
5940,-0.003950842477526261,-2072.1658770751965,17.208622988830566,-0.21406923789545804
5941,-0.23339437598629456,-154573.37964965822,29.5312514675293,0.2240235404429998
5942,-0.5435945817111625,-457006.7098364258,58.63639897924805,-0.2712681465343126
5943,0.09574957758620632,72377.6863330078,15.529759837158212,0.4795882143111998
5944,-0.36725130775969855,-298051.5444873047,38.39489337915038,-0.07063031338452799
5945,-0.01843668543912752,-8589.005249023423,13.124656025512701,-0.013228339210194576
5946,-0.3556848424398491,-273123.3709558106,42.396133603271466,-0.25421666234523516
5947,0.11354306338521995,72376.43173706057,24.944377309814445,0.013256808782367414
5948,-0.30636128782940053,-179013.25504150396,23.874517505859373,-0.5665680349108004
5949,-0.021690152904142453,-12473.349460449215,13.484026012329092,0.6440307660272367
5950,-0.04947606695373236,-27055.074686889668,19.37583823754883,0.042423750834740225
5951,0.10332031713249541,71833.79921020506,25.378765569824214,-0.052642059075015415
5952,0.07439113270460951,53304.005009765635,19.40485648852539,0.3262566358463798
5953,-0.26311557884201614,-209126.18517333988,24.71177804980469,-0.07126311218437854
5954,0.13706219319946134,72574.17576660155,17.300452494384768,0.6234962558895276
5955,-0.4481920107747524,-305663.0023828125,41.65951677258301,0.1882608773589676
5956,-0.8040944184901766,-662467.46038208,67.37355205285647,0.6364805033715377
5957,0.8181728031878119,340178.92759521486,6.380759001708985,-0.38495836547058987
5958,0.17435160804923674,81511.4443359375,14.533421480468741,-0.013100607632744862
5959,0.24596535638393868,152785.2050769043,12.93203171264648,-0.11534765479192408
5960,-0.50830615332992,-335112.93937011727,35.15431497216796,0.0003490465184667759
5961,0.23712603628743242,100807.0542956543,8.804246966552734,-0.0723500144029412
5962,-0.3824611957576488,-279958.14947875973,32.773866457763674,-0.03635706239051406
5963,-0.030383582084718846,-15760.616638183603,16.720556431640627,-0.1611738258996634
5964,0.11205204026414348,60151.53063354491,15.491690010498044,-0.11052414768949868
5965,-0.22749588240453122,-170684.76619506837,32.8497515661621,-0.4033884133150587
5966,-0.004207638191318422,-3017.3117163086135,18.54890663330079,0.43277587088366914
5967,-0.039147060861253906,-21897.784249877943,15.636077912780772,-0.29470261028232436
5968,-0.05153642063334966,-38205.443302001935,21.671415505493176,-0.14264036563824015
5969,-0.053184690211907505,-42667.979707031234,28.374609507324212,-0.32394703071309305
5970,0.02519414393014345,12213.174436035159,20.637153986572265,0.41506927677874
5971,-0.17867755638349783,-82464.05525634767,21.09068157788087,0.7341411900176089
5972,-0.12809078215306033,-69454.59974548339,22.48346144769286,0.20910008119469636
5973,-0.05070275312981337,-26924.93942993165,12.863783976806642,-0.0810957494720174
5974,-0.24943094940151173,-179521.8573742676,32.57874896020508,-0.05844857909952082
5975,0.09078360674950199,44134.29470764161,12.443290478515637,0.4041114467423279
5976,-0.010743570149904512,-7243.839219970701,25.423179987426753,0.2079962209776369
5977,-0.3857099348991956,-253518.5235913086,35.48611040771485,0.5543452683616363
5978,0.14100611535647709,56038.052264404294,8.13568300292968,-0.06770067339850563
5979,-0.2244249258713556,-149627.37478271485,29.472636112548816,0.14657096814539544
5980,0.22683860705035463,91690.3938659668,14.516094763183593,0.22289059627072888
5981,-0.21876489428656531,-142373.8799536133,19.313755998291015,-0.21416161552639346
5982,-0.2633400275283965,-150108.34109375003,29.577715054687488,-0.13508962325132876
5983,0.005188525260642604,2659.004822998031,13.62174452355957,0.08635788616804763
5984,0.38137692875738016,222465.12593505863,15.146609995117178,0.7158404735763257
5985,-0.08408298180688042,-31110.104447021513,14.646231902709964,-0.01353682621639999
5986,0.523967564045221,216497.93994873046,7.278249963745102,0.14291369313363742
5987,-0.2900137164292771,-182724.08590820315,33.54051259729003,0.30321841938764227
5988,-0.39917803194021856,-270158.8018737793,45.49672816735841,-0.15187619735166916
5989,0.19063922463767588,92357.74945983886,13.212005981201177,0.39145307320884914
5990,-0.15881344975497283,-98361.53618286128,29.11056802587891,-0.5430910445392624
5991,-0.18928233586953244,-141535.95541015622,33.35672350573729,0.09881594593723111
5992,-0.10793995427064275,-66035.28003601074,21.331080414672847,0.07454808722808354
5993,-0.4014960006093424,-271384.58240234375,36.942614760498046,-0.0056503566204939995
5994,-0.3174203646374362,-191923.6493713379,30.4194514666748,-0.05940800893390023
5995,-0.32312164529726883,-161582.797565918,21.00291745898437,0.15447270474156236
5996,0.12961401157855923,66212.56487060546,12.02157522192382,0.27014347173234754
5997,0.3219923168946662,152032.94954467771,12.406197951171873,0.010615474605613084
5998,0.10837602935852199,70288.21964355468,11.113324998779305,-0.10087280264942973
5999,-0.053179762862245974,-31760.437517089857,18.798747005126952,-0.499770897973606
6000,0.14200675578454644,99238.07415771484,20.444403993896486,0.19664197421871624
6001,0.04093321445533352,18838.49487670901,15.92170447058106,-0.0057884692757305435
6002,-0.4084274208239333,-185736.7101281738,19.39982342126465,-0.09848892288646684
6003,-0.13713397756832307,-75863.20438842774,24.151940983642568,-0.04882465119242862
6004,-0.30992001676440634,-151052.86019592284,25.511720018859872,0.021252209191917403
6005,-0.3938088517027608,-255065.60436401365,37.9825934259033,0.5050383498940354
6006,0.13540234475188914,75715.43434082033,14.878825570068358,-0.2914205336080172
6007,-0.13417536463640936,-79160.71917358402,21.932750971923827,0.008226070952995278
6008,-0.7111557291105601,-649015.2391180419,64.9151393916626,-0.197876396935012
6009,0.1572159222872605,103182.80611450195,14.636558692138665,-0.05628703101914311
6010,-0.39041817619120894,-279663.0794445801,33.55202648254394,-0.4326883647663386
6011,-0.3927485685382129,-336899.37518188474,51.22765399279786,0.29882757198206295
6012,0.0455856563497972,25770.432076416007,19.79349149853516,-0.15802477391210756
6013,-0.1826205713567492,-143984.57456298827,23.011388448974607,-0.11057022275672689
6014,-0.35825673042079065,-173102.79662475584,23.831943491088868,0.06705608025273639
6015,0.21208725857686908,115216.85494995117,11.113324998779293,0.009396561706050226
6016,-0.18099680275288682,-156167.4461181641,43.34395750439453,-0.4343193718363073
6017,-0.3165577166437714,-284831.4752819824,29.974176009643543,-0.4083115353976392
6018,0.2804273343222802,106059.73025634767,12.217808485839841,0.11714567157606809
6019,0.23271925332584145,120029.67986572263,14.836958022460948,-0.13581946655083796
6020,-0.06035175827209355,-41564.71938964845,31.873624961059566,-0.09971239922621133
6021,-0.3907066163697992,-324483.855690918,46.46159856103515,-0.19521142756369864
6022,-0.47564598567807775,-311372.34983764647,31.21306298742677,0.18886620951351407
6023,-0.37911176705999583,-215264.1043798828,23.61893341552735,-0.2198177126586632
6024,-0.4325750633498229,-354282.63897338865,41.484259450073225,-0.2636509609406505
6025,-0.3880746058796007,-219207.67497436522,27.84272851110839,-0.357202400413309
6026,-0.20356668461129349,-143652.15037719725,27.64958651635742,0.43964769872294557
6027,-0.15141259375263444,-97701.14502563476,25.795609470825198,-0.1915852109032455
6028,0.14912413570753524,72952.75956176757,11.113324998779305,0.5747491841808056
6029,-0.3465173905429452,-163537.51501586914,19.838003459960944,0.06819118077782853
6030,0.4103347140786182,251701.53897216794,11.113324998779316,0.08792515707596392
6031,0.23583672482570617,129974.640982666,9.087605947387683,0.4410985271548335
6032,-0.2517483809352496,-167383.13873413083,26.16394868151855,-0.0773441251737726
6033,0.0486404101286461,26263.983580322263,17.221767489013683,-0.5786976603918138
6034,0.24197108711584062,177191.7029663086,11.84054049316406,-0.30479037620367194
6035,-0.7364068157373864,-490430.9549023437,51.34419342395019,-0.30060848841435456
6036,-0.5727835397093826,-372600.4130554199,37.27365678540039,-0.6624543816481538
6037,-0.3868444066290376,-231565.18781005862,37.88892127697754,-0.05899872540658977
6038,-0.4738937089076642,-396486.44606628414,57.520761545837395,0.2361609053818622
6039,0.37124374901113655,241636.86515747072,12.810237992919912,-0.13922480263705336
6040,-0.5779104153488781,-461863.36080566404,59.20949851562498,0.1878029671720356
6041,0.43532598922524524,206431.28028564452,6.968935001708987,-0.02547895859432695
6042,0.1020354719564794,53393.30936767578,17.067887517700207,0.11641395588754917
6043,0.06634502867757561,40095.99488830569,14.61176748248291,0.1758884615739169
6044,-0.16608776142289516,-113805.53515136719,22.564803468505865,-0.0709223897372275
6045,-0.2984046507664764,-239913.12395385746,31.682843437377922,0.6815402023917039
6046,-0.23624070872650144,-204864.3806213379,33.41365001525879,0.10690923708416135
6047,-0.2555098301526413,-188103.92021972654,30.284097526000973,-0.3734902850099094
6048,-0.0657938979184793,-43053.710001220694,30.331097981933596,-0.19509208468925132
6049,-0.029796966085568997,-17371.10964477535,20.502031962158203,-0.019659482612416297
6050,-0.42575182985566,-314156.48373779294,38.53465720263673,-0.08450425520544774
6051,-0.26781060825893166,-175992.99297241215,30.53522446423341,0.07093410192640236
6052,-0.4995465756183194,-337109.5842956543,50.685406557250964,0.4583658464151433
6053,0.35618532385085855,219387.55020629882,11.973815481689456,-0.15824204646853213
6054,-0.1527680700886118,-90154.54867065429,28.20536651928711,-0.14829741884908182
6055,-0.3761515185153459,-268944.3993994141,36.04838448388672,-0.01433579182692911
6056,-0.4273445008006234,-221551.10944824218,24.948276006469737,0.10456102620511185
6057,-0.3062115922626926,-197560.49475830075,31.584332994018542,-0.21674174263635831
6058,0.29569472573504707,169041.0648034668,16.831456998779288,-0.32389205483982236
6059,-0.2662111456084797,-192867.80476440425,38.815678487426766,-0.15555745625399944
6060,0.22521394458473748,146027.55528442384,14.173076699951176,0.0632965809450499
6061,0.004155945429515442,1866.6348260497907,11.007288972595205,0.12883293061169954
6062,-0.10931830050052847,-97412.67947509768,26.166254483764668,0.26966382791753957
6063,-0.28462845863893876,-275161.37774658203,39.33091624291993,-0.10355518919918119
6064,0.14130275933663203,88534.87371215821,19.40485648852539,0.08742984541468586
6065,-0.5398459367402217,-409605.6801379395,50.87571000708008,-0.12439031727810361
6066,-0.13773110675985098,-85558.38556030273,23.70362252929688,0.4341246121779656
6067,-0.14536846869948605,-100080.66003784181,22.244809956420912,-0.1193404961048358
6068,0.09967539326037868,63088.83995605468,13.641618994140625,-0.29362266129160763
6069,-0.3656094118547323,-236441.61456298828,36.98437446704102,-0.12364119145728575
6070,-0.09431716235417083,-67460.28913574219,30.684620965087888,-0.7823527587882286
6071,0.1030455686708249,69052.6356072998,17.050700154479976,0.27711600667655045
6072,0.015895045632980387,9432.045220947286,19.05947998168946,0.21772834452912457
6073,-0.5067187700826374,-393746.78163085936,49.354686168212886,0.22548013869675057
6074,0.11491430785531902,72705.12822631837,14.114825984985357,-0.11119901703652273
6075,0.087542263201348,47918.8046069336,16.87577102661134,-0.5324019444019321
6076,0.22003306404186135,152229.08958862306,13.163788476318366,-0.09992223480844817
6077,-0.5802934398201128,-411809.8652563477,45.03506943798829,-0.07401641117858267
6078,-0.3163129312192444,-211405.5864782715,29.226561316284176,-0.3105463487687923
6079,0.10003259597503363,68394.33970214846,20.201670542114265,0.47055333217016365
6080,0.564116600171138,263252.42477905273,11.850557495239261,0.11295416364558739
6081,-0.20566770540508533,-119755.0952050781,23.516950014648426,-0.44617858100868585
6082,-0.13289854971909176,-73972.01482910155,22.07216496447753,-0.08517800061465831
6083,0.10188922724773287,60619.59364135744,17.494084000488268,0.1574411572020559
6084,0.12919543371449466,67305.11456420898,11.626906489746085,-0.3751969017281181
6085,-0.15537937524710918,-104386.55190795899,18.81406504223633,0.34658874908444137
6086,-0.3766729645696509,-223888.8755358887,33.40555103466797,-0.3814372082332996
6087,-0.23698619825494052,-136458.61985229494,23.19424799157714,-0.41782181508386734
6088,-0.48721517057840735,-272630.16929443355,32.296568449462896,0.2055967867899992
6089,-0.17182983913417424,-116980.47500976562,28.62688150378419,0.16693059106831046
6090,-0.16972962687430507,-83324.14975097659,14.613099095092782,0.014336488753585008
6091,-0.33945779307256824,-254874.98131958005,30.255047571899418,0.10623295689786709
6092,-0.13677896169265427,-86779.07408447261,18.920027960205065,-0.27476858867642134
6093,-0.2062027900205766,-108077.52571044923,26.828127576416012,0.13570247791765747
6094,-0.2932434201095013,-185302.83447021482,27.641475442626955,-0.08358026675875894
6095,-0.27196203781294337,-184173.1016687012,28.3131274543457,-0.05858968851347111
6096,-0.08075687801573385,-53191.68361694336,30.379286991577153,0.23599289380755448
6097,-0.10798229154746053,-52389.02429077151,16.591602954589842,-0.21506784654523622
6098,-0.5486500384081583,-353721.0693981934,47.67688991467284,-0.3235370548490347
6099,0.09197233090304005,52666.31645996093,15.478119776611333,0.3141111604358053
6100,-0.17979923052862617,-121373.7699658203,17.428680995361333,-0.28305248880501827
6101,-0.12022782305398115,-90663.8466918945,33.21724149511719,0.25608437104265447
6102,0.026609374588610676,15242.245075683597,14.046532507324219,-0.02555634997735979
6103,-0.023910808633583105,-16389.2594482422,21.710919996826163,0.08388282743868472
6104,-0.46225049119475947,-280897.9654321289,38.66925476953124,0.16763824247936915
6105,0.10653385781732572,69323.50349548341,17.689198987365724,-0.008964564290456981
6106,-0.3172917722738405,-219659.84139038087,45.84475161523436,0.44670856058588965
6107,-0.051680114462819005,-43340.07135009765,24.480049963256832,-0.2342287725186466
6108,-0.510848121234289,-333962.93146606453,43.72281357043457,-0.015443152545416537
6109,0.10720580759883072,64208.654445800734,11.401555028076167,-0.2097235679771174
6110,-0.1638361301096398,-110119.94026611329,33.63775951147461,-0.10297908322278866
6111,-0.2989012543327994,-204117.88564941406,29.2384979954834,0.11478374850461902
6112,0.2862565554084891,140826.74172119139,11.113324998779293,-0.04696539691407831
6113,-0.2361869624740313,-171891.04019226073,24.165023468383787,-0.05757137005986233
6114,-0.382203087307795,-272190.8296459961,36.740427486572266,0.41939020184998993
6115,-0.3600192030612855,-215425.80914184573,37.3689929777832,-0.5274731771346461
6116,-0.4053901399565045,-229756.86467041017,30.65701422180175,0.2582269326023445
6117,-0.5980533095312662,-446478.9304821777,57.455737049804675,-0.13449690628050756
6118,0.2331795988098209,161932.59616455078,17.33741735607912,-0.3417390852842525
6119,-0.32332487468856713,-137524.55267822265,16.992830254394526,-0.05943846945356062
6120,0.133274919410975,69601.18315551757,12.05762902587892,-0.09956421530993513
6121,0.5843890368836461,256535.57482788083,9.391115503051761,-0.20857203240614067
6122,-0.204490248810747,-141348.5048339844,28.90740796728515,0.09954352738820392
6123,0.37550752537634186,150585.4048803711,12.62919344934082,-0.20845642410329696
6124,0.015047364958236806,11980.940712280306,20.721455940490703,-0.10445108388448796
6125,-0.19917559504570143,-130232.26399902342,35.51519599987791,-0.019279398020677917
6126,-0.17648352861663316,-132319.91899902347,27.43357533605958,-0.3205880541967392
6127,0.0783043775104064,33871.71492797852,10.80206549047852,-0.13127126307519005
6128,-0.2207029266913027,-137364.62478027347,28.042671527832034,-0.19524250833129375
6129,-0.18631214158820444,-81765.57413452145,26.07965446948244,0.0006735251666286473
6130,-0.06320596669137155,-38062.160153808596,17.3511204897461,-0.2854625723842278
6131,-0.13533874905871363,-94240.07522644043,29.789432524658206,-0.1866722231823065
6132,0.0968447061229772,72210.48508422854,21.306949958007817,0.1995846192784967
6133,-0.019866561734169903,-9730.774790039068,20.288397427978506,0.07784809762129737
6134,-0.7208084337863337,-585824.4048376464,65.32102897033691,0.18039072548192112
6135,-0.34566676618080516,-205668.91939697266,35.56805499169922,0.17146742018826086
6136,-0.2901967831843888,-227062.52337768552,33.14446685229493,0.148717286886906
6137,-0.3758562631421335,-267742.99881835934,37.940689900634766,0.0822109946878053
6138,-0.4057663809454533,-299745.52997558593,30.57189550683594,0.12475351036040314
6139,-0.09091101928712694,-62845.680291748045,26.125797001220707,0.00779646915600273
6140,-0.28392526923140804,-147353.49502563477,19.77944648791505,-0.24547802272381167
6141,-0.06217115017736497,-36510.619594116215,29.159912934265126,0.2684822055869657
6142,-0.22280208997349102,-100031.54668823244,15.638894010253916,0.10144209971360503
6143,0.20829598831802207,137278.43108398438,17.157519489746086,-0.1960806253612107
6144,0.48002005192547903,318093.0303332519,14.418246971435542,-0.022804653228211326
6145,-0.5283804785603567,-392247.24568603514,52.65352106982423,-0.31170824074769526
6146,-0.1688387968922325,-100780.93355834963,24.822680472412113,-0.26954570680052903
6147,0.17348454686771578,116056.30947631835,12.884037710937497,0.06602205869000179
6148,-0.05866072080845283,-38714.15438720701,21.064850468750006,-0.009416331994735808
6149,0.28200897641471634,94691.10606933595,7.011386512451153,0.15042645049857536
6150,0.0075357722019027285,5441.800710449272,26.428702861083973,-0.12931697230675632
6151,-0.5520273952926172,-421805.4348498535,49.376938020629865,0.17912318307818337
6152,0.41056364346547836,333560.59412597655,15.59792249023437,-0.2566698668259632
6153,-0.2568009630493967,-223062.23508605958,39.36088469805908,-0.3982427327347458
6154,-0.2591349221763812,-155664.6807080078,22.78335951269531,0.4486247740688495
6155,-0.6795780047099748,-411801.8098620606,43.00960898620606,-0.29741998741720665
6156,0.09968963076687215,66309.73961364743,28.057073971069336,0.1579140641117648
6157,-0.175116412805563,-119552.39789672851,24.988139336914056,0.15456005078827076
6158,0.2877971267764164,180140.1074304199,11.214037496582023,0.11841331059761241
6159,-0.2309821103992753,-110144.51011230465,27.2480815020752,-0.04415883562402654
6160,-0.49592717290708893,-399863.2484619141,46.00570133703612,0.03703515200159535
6161,0.517508789086108,228206.04351196287,5.875521954711922,0.029398306547987085
6162,0.13623062583956913,87297.25596313472,14.612792007568363,0.22798714536211828
6163,-0.44890686054281703,-298303.3582714844,32.2211484116211,-0.27492434612243183
6164,0.0254481512799158,11693.74368286135,16.36761454931642,-0.01715847427459952
6165,0.03492490255852008,20237.98506103512,18.591077983642577,0.12107863679554774
6166,0.3694156181143552,195925.58133789068,19.31860780297853,-0.2028022655427653
6167,0.026865354588280124,15429.709903564479,22.1880090123291,-0.07676727712955551
6168,-0.3072064986316225,-163127.40432373047,22.182201448974606,-0.6113265931687345
6169,-0.38123267675326544,-220558.13491333005,27.40225046569825,-0.15664659654154936
6170,-0.37794209125063966,-228967.76949218754,26.48642743566894,-0.3034971581519869
6171,-0.1320781590812396,-65904.87031311032,23.893164992675793,0.010354753397967122
6172,0.21921474067353558,127938.22738769531,12.71159153906249,-0.15613993801374043
6173,0.02713672423577219,17651.637663574205,17.50733614013671,0.28550916891934824
6174,0.10360306336806971,60546.833944091806,22.56579999761963,0.02350282291029002
6175,-0.38265240869552375,-190781.78456054692,29.916887511962887,0.4461838587529061
6176,0.11055225362517115,69288.35074584962,21.291730997558602,0.17055006477722745
6177,-0.27194230426110455,-143526.6829650879,25.30634001660156,0.24010515746009803
6178,0.05992480653207411,29458.174739990238,15.358877996826173,0.07386749667793151
6179,-0.5500977435915203,-356966.80463378906,40.00293301806641,0.49305558243801617
6180,-0.4619356693719597,-383148.7548181152,52.03770645544433,0.29030189434744724
6181,0.03992319790175431,18742.257597045915,14.822736959350586,0.5161237041632147
6182,-0.13398753618173853,-98411.04989562987,29.762315998291015,-0.18487767284895099
6183,0.1169673582384075,68364.83292175294,20.6579821749878,-0.44926976223362564
6184,-0.15134778042658878,-79366.48136352538,16.01600714367676,-0.2128428633785045
6185,0.3460781441936198,226543.48190063474,21.36378267956544,0.20094310704405557
6186,-0.3241375020175763,-211522.27003417967,28.158625970825202,0.5855273285469257
6187,-0.1450682050981841,-87487.42202880858,22.967831499999996,-0.33536554111819084
6188,-0.25993154448103284,-236338.82146728513,38.266916118896496,0.1232266950216899
6189,-0.13740624621829756,-77772.58551757813,14.077041021484382,0.048940560470969376
6190,-0.5427346684008498,-391003.6701599121,41.52750951623535,0.14179071856389622
6191,-0.357772088290846,-288754.99746826175,44.8116336824951,-0.08672193176115922
6192,-0.23027602983978868,-137321.49550048826,24.278249468749994,-0.17191868303121993
6193,-0.2141745930912639,-144599.09006835936,28.177490997070308,-0.2064420247234859
6194,-0.28507813794952064,-259001.2968127441,40.66650788415527,-0.4833125936407754
6195,-0.05406810002014648,-40030.36013183596,23.388548013427727,-0.0852321457110241
6196,0.37214378450446084,266405.1008972168,15.383870976562509,-0.15361089217746327
6197,-0.3606392998621831,-241516.58588867186,31.05092099804686,-0.04896051968068043
6198,-0.2078618063515873,-114990.29480834959,16.895950980834954,0.3318499145492011
6199,-0.5673475465160487,-198494.8945532227,26.117748443725603,-0.3732232506338876
6200,0.1685249402771641,98083.71901489256,23.354359005126963,0.31230279274145234
6201,-0.6225319774840973,-337742.6702966308,34.0807995784912,-0.21751630714983472
6202,0.06536910916961035,26432.34046386718,11.393896447753907,-0.015629451224211666
6203,-0.18558356690539124,-119327.42072143558,25.568197044433592,-0.1421980213453786
6204,-0.2723551458585577,-204296.46543823244,32.15392597167968,-0.35233289917033866
6205,0.0014517619821214343,874.9317358398548,25.128368479980455,-0.3235721773644828
6206,-0.04618535208316688,-27865.440050048834,18.875461442626953,0.004956735781341591
6207,-0.1363928637050758,-103442.10027709961,32.36047401910401,-0.3590533266235812
6208,0.18962282516531612,119371.2025268555,16.819377693115236,-0.015086727813335128
6209,0.048370363199279495,30023.21655761717,16.841153004882813,0.14258416649747652
6210,-0.275575203361829,-169434.6507885742,30.431719475097662,-0.0658087687071432
6211,-0.27717478065808715,-189984.38088806154,40.65223359515382,-0.5017958063686446
6212,-0.07122504967494304,-30588.1499157715,18.649611973876947,0.28744249685834944
6213,0.18890955010516644,88503.20565185547,10.14727166979981,0.3775266393097742
6214,0.15156102716736838,86538.23588134767,16.241277287109384,-0.34546351567607037
6215,-0.07613108146466004,-45419.01219360356,23.721813746948236,-0.035758098395002075
6216,-0.07260424545228387,-51061.07455688478,22.14015099462891,0.1844710539817646
6217,-0.17463096124110092,-100948.65952087402,24.30862344750976,0.2810810851475546
6218,-0.1477665917794654,-84303.86076049804,15.691651421386727,0.14332052234580056
6219,-0.07386992196120519,-38231.67976135257,22.795827999755858,0.042937866198529205
6220,-0.06989161380600373,-39601.33790405272,21.63641848010254,-0.003367923003687229
6221,-0.7717339838369064,-509127.7804162598,59.241363498413065,0.27954063442885574
6222,0.19438813987968456,90006.49157470705,13.989736495117192,0.09756279541934006
6223,-0.5483951447816171,-421194.17449096683,43.54463197473144,0.45404050970184084
6224,-0.08643767553767448,-62338.05411743163,32.38016792822266,-0.02654350354350665
6225,-0.12675260233410232,-84083.38365966799,29.86304127355957,-0.007392189827884167
6226,-0.04420018775566682,-28219.905468139637,18.43463649163818,-0.15889651917146586
6227,0.0723008290474873,35710.09473999026,14.466923458007816,-0.1993751431022678
6228,-0.7717202669684954,-450245.41491271975,51.6561539935913,-0.5319708071817258
6229,-0.3444169231771604,-232888.42993041992,41.288879970336914,0.5199202593633738
6230,-0.456822170100976,-377493.1023181152,43.47246649487305,0.078652583993251
6231,-0.24495243009440648,-121175.97729736328,21.423980389892588,-0.09789473353813652
6232,-0.8609286186963218,-588289.3099383545,59.36972250286865,0.15711656369303814
6233,0.05371690662534196,29205.691365966803,21.493854485107434,-0.02816686242018755
6234,0.42278516443585146,209178.1448413086,14.338222488525371,-0.3429332541259724
6235,-0.1983858687857667,-121318.470423584,25.096074380493167,0.15735049517912544
6236,-0.014090913425719359,-9942.159847412138,18.039130987915037,-0.061188342264810264
6237,0.2516320024858971,168194.07241149902,18.017894017089844,0.18546593831197627
6238,-0.0980886359688614,-77101.92054565434,26.529809985107416,0.018144695716242026
6239,-0.455782616652324,-286465.289699707,36.98983745092772,-0.121976354626024
6240,0.017808955822846185,10484.391082763672,18.741678005615235,0.0008955237879267299
6241,-0.2844216216907552,-137658.01484863285,23.1288444888916,0.47155511018703467
6242,0.11519121943932642,67755.11088256835,19.839758576416024,0.17952477865449562
6243,-0.04368135310673037,-16219.858247070311,15.620062517333984,0.050577968524883304
6244,0.09756606237813416,52006.95251831052,14.270742990600596,-0.3047816414273758
6245,0.04971390541142337,33642.51979248046,19.51742953662111,0.01628572640036966
6246,-0.3613797227297753,-200501.71553710938,32.206736101074235,-0.16762183846156395
6247,-0.09711499556781152,-59389.48692993162,21.330363613159186,0.39270439934347345
6248,-0.02928544209530456,-17522.024860839854,22.39316999621582,-0.4370173455791044
6249,-0.4208389919605757,-278464.61357177736,33.9270219918213,-0.08221268092346523
6250,-0.264279469704385,-181879.93013305662,34.7769300238037,0.2234809533278182
6251,-0.03056148241200568,-15082.73486328125,27.22589197070312,-0.05422383126589174
6252,0.07412060869848945,59820.842039794945,32.84702048413084,0.595758728215094
6253,-0.5595237229470598,-331847.6499414062,37.15325000683593,0.3257292372738304
6254,0.042620507282664775,28002.91468017578,14.809023026000975,-0.04523699014683842
6255,-0.27212886881481796,-153638.50385986327,19.507992432373054,0.10751255811680561
6256,0.1596736006696574,86649.76139404293,14.076319877563476,0.3525981568110791
6257,0.6141588274159768,254479.05471191407,5.9805064731445166,-0.3055389674319149
6258,-0.2564778656609481,-161203.79516357422,21.81828799023437,0.6414357657305859
6259,0.29716034842213235,233474.21502685547,11.820666987792984,-0.1771154061076299
6260,-0.19390991386952583,-149165.3360046387,22.634476334960933,-0.03913916754995545
6261,0.012306952667635282,8330.10644531253,28.335617487792963,-0.14477501903913054
6262,-0.07910734883206767,-55311.68891357421,24.740976007324225,0.4342826513902237
6263,-0.0556551314022084,-26256.77909423827,16.966053958251944,-0.09028984677584151
6264,-0.1772982307664377,-82312.36137817384,21.82748114367677,0.14605371029495937
6265,0.7764322251098568,390299.6595263672,8.291531489746099,0.4355660398536421
6266,-0.06307612068748009,-37925.20049682621,22.278963978271477,0.03914525296651116
6267,-0.19986343579943108,-112712.45864990234,17.510328020751942,-0.16383319041221875
6268,-0.1716764702558605,-101922.76048583983,16.46523950756835,-0.19321957302213333
6269,-0.5478763196031231,-417557.1578015137,46.56265281872556,0.7022952311530176
6270,0.24573239833855556,112433.84961303712,13.418135987060554,-0.3752444907356926
6271,-0.08844844546445184,-46156.67040527343,17.497234983398453,-0.19385601192523955
6272,-0.17672274095504953,-135422.57573974613,31.959752541870113,-0.2013439401697498
6273,-0.4579361131966363,-370915.99807617185,51.90447930859374,-0.1576664956251369
6274,-0.13465711670475625,-85937.7902246094,26.15907752734375,-0.3356624927395397
6275,-0.12497513489437523,-75075.03508178712,18.614061483886722,-0.5710564638035629
6276,-0.3133601737119088,-238011.05535644531,32.95191306445312,0.1830297308285846
6277,-0.37213705665683544,-273678.7243945312,28.387691906616208,0.2751502286103284
6278,-0.033720821046299386,-18569.53001953123,14.118289479492196,0.023598492014039286
6279,0.3420973429938419,173562.93076171872,10.70228385791016,0.35445179423386486
6280,-0.0783850977710729,-38047.74564819336,21.679602497802733,-0.5067526244692482
6281,-0.08708919728812618,-53822.93053222656,26.809898468749992,0.13801630681982024
6282,-0.26093825168825935,-141168.5397265625,25.567831965576172,0.32286525283425316
6283,-0.15981207373322728,-111441.19980712888,26.542340480224613,-0.3069366827530724
6284,-0.3788394025070011,-312418.6552294922,38.49260248413086,0.05132109204011323
6285,-0.2528866062820133,-147465.32011657715,22.473218992431637,0.01266929658769
6286,-0.37802062633965366,-245178.8949951172,36.89821544921875,-0.3545993692205392
6287,-0.5482663644342276,-321554.118034668,42.023588260375966,-0.19988212404783437
6288,0.35740742245928236,209504.7897229004,13.288619987792963,0.1236792591626468
6289,-0.017303507180573108,-11180.051379394525,16.20404848437499,0.32453810964862473
6290,-0.2747412045393118,-162291.93793579104,29.832586012695323,0.40415969356111103
6291,-0.10839223671143391,-57424.754956054676,17.576684510253905,0.26993790611186214
6292,0.10661984181150556,59746.470223388664,18.57925469433593,0.3823388293328457
6293,-0.5158290180770905,-339233.175592041,39.980812293212885,-0.10362334536034501
6294,-0.22960134158155532,-172151.89549682615,28.864065498779297,-0.6673429498987072
6295,-0.18437800642698693,-87031.37155334472,19.258453010009752,-0.3311147461144157
6296,-0.11690926532026343,-76974.97891540529,25.76317290234375,0.06262333466826875
6297,-0.1056298642192731,-67568.78849121093,22.08503235290528,-0.055847355364922094
6298,0.12246627113179087,67434.01903442384,21.291730997558588,0.2122203719110876
6299,-0.017490355643042414,-11433.058896484374,28.249108514160167,0.07698318592696596
6300,-0.17082983963797033,-119982.11567260743,22.154614129638674,-0.02438093545580228
6301,0.28579371189342384,152388.92944580078,13.877709025390608,-0.531012333971193
6302,-0.4857939356351765,-327950.7605499268,56.59584803308104,-0.11874996062229282
6303,-0.16814757726316187,-105674.34260620116,25.607607926513676,0.4400850199310986
6304,0.12261862544618805,77559.51713012697,15.85460266772461,-0.20744391754732847
6305,-0.4324258689107262,-240098.143170166,31.00371183410643,0.5428581741838207
6306,-0.6520822460644178,-407880.3848071289,53.09460745275878,0.0076863787876922714
6307,-0.18424503428314196,-90285.00449096679,20.331833473022467,0.09127722984210744
6308,0.23620226305728792,167957.25958007813,13.585492510986327,-0.05992325829438845
6309,-0.02087920695416828,-12647.145141601548,18.317447459472657,-0.06250158482933126
6310,0.19363453851673196,119449.39029663087,13.683049996704119,0.2964680901206061
6311,-0.17433445495428457,-109850.32023071292,26.956918993164063,-0.04047400004549723
6312,0.03769352325948283,21765.797591552735,19.25117548510743,-0.09106899618219602
6313,-0.2014633397184758,-108815.66933227539,26.84956409814452,0.424845861828664
6314,-0.06976317817515451,-39488.23012817382,18.38916201843262,0.2563937586753504
6315,-0.3284943863411214,-185249.7979833985,30.75373709045411,0.2047001042361359
6316,-0.3482625358530849,-231562.4558959961,29.323783573730477,-0.3876737011956221
6317,-0.1288856294115239,-57137.344724121096,12.553563997070306,0.021331193558190034
6318,-0.34332158156022485,-192287.86050537106,27.711678015869133,0.21801910224823093
6319,-0.445756695639256,-308493.67041992187,37.71711102319337,-0.14950726819124907
6320,-0.1721286141963158,-138635.35521728513,34.44211301513672,0.20076814452144767
6321,-0.11783292643639383,-58545.27153381349,18.317326001464842,0.4536816262864694
6322,-0.2116645613930091,-135599.9545690918,27.152269487792964,0.03437827198046777
6323,0.12627304890467075,60898.531748046866,16.68783673498535,-0.35726947469736553
6324,0.066880086580252,31308.281663818358,14.325949491210945,-0.20980613163500558
6325,-0.23447513073130177,-95284.33388061522,13.890962978515622,0.09151576109249249
6326,-0.3386766976045366,-244232.94630371092,36.121049118896494,-0.2794104955900112
6327,-0.2516665699322389,-136499.054107666,22.612588521972647,-0.3651870663391147
6328,-0.24323707630679534,-160298.30019531248,28.78451849389649,-0.29003052343923125
6329,-0.5721110544201335,-455603.1145202636,45.89705544616697,-0.24791017460841794
6330,-0.3784773213869892,-233060.73061645505,31.697825995117192,0.2822184224324846
6331,-0.22431932250433526,-124492.94356811524,20.207357846557617,0.25972937755441344
6332,0.21056830037209925,110496.36229736327,17.009737491943362,-0.4243171657806618
6333,-0.1338069078192792,-77025.6163269043,15.977130672851567,0.04668006069949552
6334,-0.21864095995476387,-122359.16508056641,26.521363992431628,0.5162530317868793
6335,0.04558019889978734,28201.345296020518,29.63445692181396,-0.3005123962233077
6336,-0.11936045787888491,-77517.3457312012,22.96705757580566,0.012612942396361758
6337,-0.4914361170453477,-284045.8445385742,29.283662456787095,-0.20251455183731779
6338,0.11462628890223438,78339.39298522947,21.291730997558588,-0.24111276875884946
6339,-0.08009886663680621,-47319.08683410648,23.75318454815673,0.1459876692014558
6340,-0.14498615769588288,-90507.47979492186,26.48396297705079,0.16191674563677402
6341,-0.11244602737836748,-72321.28522460944,20.552300425048823,-0.2934511842848476
6342,0.11793387174478794,73378.06926818845,12.470940995849622,0.3087338593551506
6343,-0.22264970605961526,-138221.44090209962,20.11941453344725,0.07382041596871654
6344,-0.13588622313714746,-67694.97244506836,24.730894527343754,-0.1554528028901083
6345,-0.12040626195128987,-66212.94978393552,20.92085902221679,-0.08056890929917285
6346,-0.5319705178572216,-408735.7194934082,48.54395799536132,-0.08618608809963185
6347,0.4467795462755932,172724.62512390135,5.437392646850576,0.31838722232301386
6348,-0.2709579523042189,-118221.07593749999,25.898217538085927,-0.3061574670894397
6349,0.14452995016520873,80486.28209472657,19.095168966308584,0.0619676521028596
6350,-0.25367872394079316,-145277.72098754882,24.761622566040046,0.4215917109141709
6351,0.14078544362923487,69512.79417114257,15.288849649780289,-0.11495750789648863
6352,-0.6737011548403796,-475870.49796752934,58.108288308471664,-0.0646695273785074
6353,-0.07366796806717218,-35058.042045898444,18.223314163818362,-0.2479767083642922
6354,-0.21520223593885313,-109983.61928955076,20.999698914794937,0.05241643478887327
6355,-0.17959206809406653,-97825.01937255859,19.050266523437504,-0.1028059643183001
6356,-0.7878918624629385,-430092.9703466797,47.346453026123044,-0.0691207161073774
6357,0.027785349720529044,14904.13530151367,22.647427424072262,-0.3140914716883872
6358,-0.8211031174244976,-563103.240411377,60.12460203991702,-0.1606705150404082
6359,-0.40026895442144567,-237670.95931884766,26.1049454428711,-0.20309760623303283
6360,-0.1280881083356624,-77853.05984130858,19.778732457763677,0.002796275264807848
6361,-0.08481227814698264,-44943.21001831059,17.101007943237306,-0.1841178196745478
6362,-0.36289330406312015,-209905.39468139652,29.148436477050794,-0.4177198519728031
6363,-0.5086128110785444,-408065.4605615234,53.41094055029296,0.10458195207327377
6364,0.16601542340702716,93509.31705688476,15.594495218017581,-0.10202714878263797
6365,0.12043170857174944,67303.60602661133,16.82491297167969,0.3194186613205011
6366,-0.32009359422553846,-236752.48049804685,39.49527801147462,0.1504019270455274
6367,0.0754440209972536,51057.38525451661,22.738247005981442,0.3989054600900259
6368,-0.10811205339459275,-71012.32451721192,20.946708018615727,0.30438619567204456
6369,-0.20997489993652227,-120941.2886102295,25.276458866760247,-0.4512069086282777
6370,-0.06778181772799637,-45412.27385986324,19.319641524414077,-0.08955005006002296
6371,-0.15325258006471315,-91656.11019287109,20.771767000000015,0.30282149703934114
6372,-0.19042273435755755,-134001.78955200195,24.520140450927734,-0.10369888957607595
6373,-0.3788177897862809,-206129.5918597412,36.0684054442749,0.2784870262524559
6374,0.39062469387603604,250592.1898498535,13.965972491088882,0.05464357607882885
6375,-0.37275512012996015,-272356.8500512696,31.049963003906257,0.7187317434148647
6376,-0.26453866162348355,-193450.93575805664,25.496086406127922,-0.10515299892844454
6377,0.34967417354827945,132344.90702758788,10.874856766235363,-0.41803974885958317
6378,-0.30699580193585707,-190297.04400268555,29.779812453491207,-0.4758986860101652
6379,-0.45356448957983686,-305268.80657226563,42.87490011694335,-0.2141971880437469
6380,-0.2742141110022423,-157778.35904968262,27.356787470458983,-0.15773841975529312
6381,-0.347676370499372,-208310.34771606445,30.897743767089842,-0.05089158697121272
6382,-0.07451950633278467,-54183.22785888676,20.08481899780275,0.06998728517691066
6383,-0.1291456306880156,-76440.5603845215,18.365437989868152,-0.23222255035765121
6384,-0.12070961492884097,-53962.33292114256,14.319865792968741,-0.07266370618545774
6385,0.3122876912050383,245269.29598999023,19.40485648852538,-0.11469673009907594
6386,-0.051218635008380656,-32793.80453796385,25.50010048828125,0.12103243342608308
6387,0.3615579041283864,200711.95097045903,10.416649993896485,-0.25292782128065117
6388,-0.14055862880344855,-98605.91955566403,27.880365205078117,-0.14186486627443648
6389,0.08683241956353868,53402.419804687524,16.310213514160143,-0.18560287442540732
6390,0.24647706575605455,158417.77153686524,16.03345600988772,0.14204151779127236
6391,-0.5415837890725554,-400823.9794396972,52.30920346984863,-0.015631626167820066
6392,-0.2707545716085868,-179493.3890979004,34.33768443481445,0.16030638812584544
6393,0.17503169076485917,115740.17929931637,19.431971496337887,0.40990713954079105
6394,-0.1285539587386036,-75416.45219726565,18.37420949414063,0.07177692415506053
6395,0.7411273755845857,296483.76103881834,5.630792709594709,-0.1456483722214991
6396,-0.5342761661255082,-283179.49564575194,31.454777095092762,-0.1371000624400983
6397,0.014402399901674297,8451.277928466778,18.38365858239746,-0.0008499819838084429
6398,-0.28552347179166276,-171219.62445678713,30.172499469116214,-0.5990279079942457
6399,0.07781237910193725,61442.584760742204,17.622079217041016,-0.005180480185262231
6400,0.14677009944267605,49427.550552978515,7.680688509033214,-0.02243764008515424
6401,-0.41600297118435275,-309358.82408203126,37.560595446777356,-0.06795736221947458
6402,-0.053544798648654524,-40737.815253906236,24.73610849389648,0.392738190111901
6403,0.033356701342057704,21453.714699707052,22.388084013671882,0.2545627679842071
6404,-0.3579531118902772,-249618.65975708008,38.57797365588378,0.059536202985377276
6405,-0.3820753458464084,-324907.51079345704,42.953830997070305,-0.036000963444172016
6406,-0.41632662649943547,-329792.3345605469,47.916637476440435,0.5701585804185918
6407,-0.1757478921681435,-80028.14381591797,23.156904464477535,0.19786118997730162
6408,-0.7605081248972034,-457109.69903869624,46.88199591851806,-0.17352179617124108
6409,-0.3268612026152725,-189575.55608276365,24.20025704443359,-0.29771231988650115
6410,-0.0846405624555809,-56369.16414550781,16.661277190307622,-0.14275197920976015
6411,-0.08881709364107804,-65122.715084838914,40.77904952172851,0.48671595241397553
6412,-0.3517329571609967,-218787.52521362307,35.64231548974608,-0.14004553136269357
6413,-0.4144896559090068,-289818.23278320313,36.74005232202148,-0.11143800463601997
6414,0.04922523585525347,20744.60264892578,21.745100618286152,0.2320079091395676
6415,0.06288598697034987,42452.47881713868,16.843967526123045,-0.5492265128525659
6416,0.5110577560242348,216011.32503295902,12.125710000488302,0.05117479484998474
6417,0.18203854253087026,93171.28557250978,13.751018972290026,0.3881122637048146
6418,-0.23679075478751044,-141230.3209301758,28.972030550659177,0.2676888487877008
6419,-0.014316750341086617,-10329.539515380871,22.394942450927758,-0.33151418817787126
6420,0.10044208064913242,67063.10923156733,26.061423528015137,0.347101547952568
6421,0.049711180358271614,28828.46902465821,13.87377054016114,-0.3577471307549227
6422,-0.3175687383578592,-229359.69016906738,37.48749205517578,0.3352034390148395
6423,-0.436213132454559,-330925.2596582031,41.33419094824218,-0.653259614387767
6424,0.48324498717905123,285635.2691577148,16.089479016357405,-0.2584215737091367
6425,0.05717469044842972,32087.900324707036,14.13427897998048,-0.31426641985450504
6426,0.008255184107967118,4219.095733642582,12.186870991943358,-0.014904951090483011
6427,-0.5572149489884115,-253228.20110961917,34.033250454467776,0.31282512140247654
6428,-0.18184761107227704,-113988.61045898439,30.551651029785166,-0.5899829600837101
6429,-0.27687056791247405,-155885.47152832028,40.87490418322754,0.1981375668791659
6430,0.008785208215207257,5165.614765014689,20.25496453533935,-0.15558080496375712
6431,-0.05281925735227313,-27590.608570556644,12.821739994140621,-0.1225865946165796
6432,-0.18184079926585606,-95273.98127807617,15.901267984863276,-0.14884416910340226
6433,0.17931373744582882,109804.21185791018,12.207621511596697,0.414763808006284
6434,-0.30860848547933356,-184558.76369445797,30.968312394348136,-0.28795812107345536
6435,-0.44462667049788596,-237056.092800293,35.22089577270506,0.6455950259309331
6436,-0.7204221620072053,-513343.86505859374,51.997013507568354,0.009786834126580981
6437,-0.4053071919336267,-216006.47108032228,26.026711596069347,-0.0938568427946938
6438,-0.47078391685494164,-280855.8754821777,29.21239356286621,0.6016812359702705
6439,-0.31187908082557564,-220662.15278564458,26.49980025390624,-0.19320514919266513
6440,-0.036922901236652345,-31658.285015869144,28.353013985107424,0.1527634402914481
6441,-0.29592978888059995,-173241.80258300784,32.15914696044922,0.17931228412367367
6442,0.029291398912180782,16409.850205688475,20.980218006835948,0.484091979332279
6443,-0.12794507113068965,-72859.0066711426,35.71958549658202,-0.1916880214900467
6444,-0.46718084975065327,-311301.19963989255,41.22045553271484,-0.3646623314878726
6445,0.0818889930954892,53825.14132690429,18.141607012207036,-0.38595987597344844
6446,-0.12903187519696033,-89030.04986328125,18.734129982421873,-0.19583347971119738
6447,-0.31027537373157404,-167027.6569189453,31.625880492187502,-0.11044401393743819
6448,-0.4671325347391366,-339169.8295507812,35.043553940917974,-0.1150414661854838
6449,0.05722717848091242,40625.322769775405,26.361876977661137,0.2386789426141021
6450,-0.12506839153477237,-66622.67140930175,29.635400944641106,0.34031528217555457
6451,-0.13464218923308735,-107345.12014526366,27.127990997070306,-0.1255479130077515
6452,0.10947716865126515,65224.22422363282,19.59845297338867,-0.10103413681189634
6453,-0.3006657415050664,-172510.7003881836,33.738037400756824,-0.25187578507579056
6454,-0.6348059015637096,-425624.8023345947,51.319491181701636,-0.35355786558524294
6455,-0.2949657673308413,-239528.17009216308,38.949595025634764,-0.3124139982819911
6456,0.20519937894028029,110339.25710998535,27.88599448706054,0.10806608135956892
6457,-0.4352422161627759,-320186.60969970707,37.596930004150394,-0.11001362390040616
6458,-0.19671036590414648,-110821.62870056152,22.358938404907217,0.3045328672042254
6459,-0.5980770015692878,-401936.6749291993,45.34429653149414,-0.2293658085873277
6460,-0.17905231644560426,-116591.09553466794,17.591152032226567,-0.1523636733888453
6461,-0.08697172421556915,-50040.03651733398,23.413889963256835,0.021261888056941704
6462,-0.2867805595218341,-166241.00950073244,26.970985465698234,0.08647810500475862
6463,-0.35344730273947417,-252206.6092089844,39.982189926513676,0.032921753581689
6464,-0.36636595087116136,-199811.15563293456,28.800613999389657,0.10744084004508192
6465,-0.6238812563853093,-401477.9141845703,41.57576893200684,0.03823825296009484
6466,-0.13448360310298332,-102405.31317443849,25.985009984985368,-0.2795875784531891
6467,-0.0320599206440292,-15577.206303710926,10.007556503051752,0.09337641638383881
6468,0.14898921468665177,55386.845830078106,10.465612983154296,0.08266320055853257
6469,0.3239267108748538,218365.22440795897,17.30059748876952,-0.03064904009631986
6470,-0.0036906662558899984,-1884.885216064431,18.211345011352538,0.26466738548393176
6471,-0.24623542471753954,-185968.14142456057,33.49901159484864,-0.1483356381236713
6472,-0.145101993064753,-100892.62829223633,22.98636147216797,0.48998791162943256
6473,0.09958833515616518,48017.71054260254,15.105958971313468,0.1874964192044967
6474,-0.2639506628024581,-204799.68952514647,26.390603554565423,0.5473357573662362
6475,-0.23195042966735732,-197684.75159179687,35.32563795288084,-0.2888578983761443
6476,-0.3538447347279378,-213406.3960546875,30.31475661999512,0.03868503100792314
6477,0.05203023621603179,37067.41332275391,30.046664526367188,0.3692821650578898
6478,-0.7282384337721712,-402521.35027282714,41.28353104827882,0.4849508089391352
6479,0.016408646244176015,11255.688041992194,13.725300490234375,0.14461282872970577
6480,-0.3597104010517968,-253808.8304840088,38.724068037353526,-0.4043323285649983
6481,-0.08796677841443315,-55612.50521423342,15.557395506469732,0.04017565818399013
6482,-0.27412358558875566,-211680.11540161126,22.406350527099615,0.8971480059505598
6483,0.19999388126422232,99221.38883056639,14.324616941650397,0.012140150153372293
6484,0.24933070997364004,153130.66485046386,18.223649492431644,0.9882938896204937
6485,0.3481030538633051,197438.49075439453,13.423610125122067,-0.023711523359594023
6486,-0.8130292204137837,-707346.5187359619,71.7115053875122,0.08704126404374776
6487,-0.36371066411142267,-217305.46528320314,30.714749542846683,0.24327554170947827
6488,-0.3992832341496616,-338267.90000122075,44.22230801379394,0.3404981921407702
6489,-0.38846675564660715,-205973.15046875,33.01412209582521,-0.2674961078329111
6490,-0.17497130323940496,-118300.31058715816,17.833337003417977,0.19441453117853366
6491,-0.1445823895222366,-80934.67034301755,19.602505191406248,0.034601235289203426
6492,-0.480583308363724,-340429.47330688476,45.26650832946778,0.003423046033492368
6493,0.3547407829284498,173388.79975219723,12.265058001708983,-0.2231984731793622
6494,0.12342357494619775,65751.45479003908,14.389595471557614,-0.3882785343362227
6495,-0.04029369347032167,-21826.604706420876,15.735608980407717,-0.10913833848327922
6496,-0.009076544275795967,-6326.327469482418,14.886385685668943,-0.23656107503636686
6497,-0.23059913027091236,-141559.6607617187,31.022279937988273,-0.058548150419933394
6498,-0.10412132462820282,-72391.40534912111,23.562921517822264,0.05946292004005441
6499,-0.20768301176814444,-114732.24848022462,20.273160422729493,-0.03271811974834912
6500,-0.006093234411051995,-3809.379893798825,23.244996969726564,0.7638814045003808
6501,-0.23730320543471772,-115193.34609985352,18.250114524902344,0.6161315532480895
6502,-0.16658127452049942,-122047.66864257811,32.56631356579589,0.04547677365038191
6503,0.00034633355990789597,187.03434082033345,21.537387996582023,-0.26774238612745543
6504,-0.13833995691901393,-77620.3548364258,22.82940550830079,0.4550678424278869
6505,-0.19270467432094274,-134639.75452087403,19.558288504455565,-0.5788744033582723
6506,-0.30079139069595834,-149414.90091918944,17.5220515234375,-0.3091556690130385
6507,-0.7625101489921959,-391651.7541613769,39.187285416137684,-0.03513384864456618
6508,-0.3404296753704511,-265212.01466247556,34.4596804831543,-0.15166240299321826
6509,-0.014351705462326838,-8381.093687133776,23.454434547424317,-0.05803077192424395
6510,0.024815451298174068,14892.037687988239,23.392164977172854,-0.4101518752963947
6511,-0.3111370692176962,-173542.81928100585,23.62936094677732,-0.11343403490158153
6512,-0.7078834521937982,-457632.19022460934,52.39973998583986,-0.06248010466251113
6513,-0.08038978602852592,-48397.3173742676,19.9261804975586,0.09819195075593212
6514,-0.5778612706628866,-370798.67501342774,51.11218752075194,-0.05895408107922738
6515,0.34778815056008416,157446.98499328614,13.128655473022476,0.08023134935644821
6516,-0.48908185403027726,-338036.4833563232,47.46838790960691,-0.2744198844815149
6517,-0.32860280265485253,-268172.6392480469,43.54972541625976,-0.06907759945348439
6518,-0.14674861185091564,-89094.63017822267,17.467826485839836,-0.5040279065841214
6519,-0.4698293599127571,-313005.7748583984,34.526895510253894,-0.2112007278843977
6520,-0.10333589123040055,-68979.07026733397,26.591339977539064,-0.045641435872589425
6521,-0.18012470887580767,-103534.69182128907,14.57578218603515,-0.06970250637751425
6522,-0.09786846207477147,-54726.589672851595,21.75215996948243,-0.1630904130716054
6523,-0.1195972586129884,-61004.8010302734,17.74489125988771,-0.007780120532648521
6524,0.3087521778929571,114779.4604577637,9.957963012695313,-0.24209051932897896
6525,-0.21302159020256214,-104747.57487548828,17.42238997143555,-0.5239839000080267
6526,-0.3764335224350714,-165564.079765625,31.676387954345696,0.30915277534758334
6527,-0.024236821425407118,-14731.800382080066,14.911523527221663,0.08296728318210336
6528,-0.6334729087543411,-544254.3379162598,60.312008736206046,0.3273830990580714
6529,-0.5131082700719761,-330000.7548510742,38.53000797595214,-0.22899594324556696
6530,-0.28907420929897915,-222197.78526123046,27.301985512451175,0.5131248645710594
6531,0.5218561121073292,210897.0830499268,9.902075000244123,-0.05467053220915457
6532,0.020599133179280475,11272.60517822265,12.961526954589841,-0.08635350966177904
6533,0.1765175044396501,124042.1207250977,23.161003454711917,0.1631870865912453
6534,-0.45325310241509054,-369353.9355834961,46.70884147558591,-0.2552538664982753
6535,-0.06341011134004462,-49971.897882080084,20.258170765014643,-0.3953497746262617
6536,-0.5712771261240351,-430447.12041381834,58.63020016906738,0.13008455387707857
6537,0.19532327588008494,80109.10457031247,11.585916485839826,0.2647866491337144
6538,-0.17203198327934185,-115842.09213806153,32.95049746136474,-0.24253052743846415
6539,-0.11461070541165094,-53763.6319470215,27.811738614990222,0.13148443125173156
6540,0.1007326829842975,66442.47502197267,14.734824475463876,0.3802518587727024
6541,-0.31068608378647317,-211577.8200207519,35.7890035234375,-0.3682774884035858
6542,0.3902117775465995,134163.10024291993,5.542760692993167,0.12103886003439956
6543,-0.3157802132989419,-175148.1152380371,24.585705530151365,-0.2582866504093308
6544,-0.12101202838216632,-72381.66479248047,22.42029501000977,-0.14554735985364992
6545,-0.048730831987198596,-23466.54503540039,10.490399994873044,0.3693222670228983
6546,-0.15301273012477598,-118270.164555664,41.9015896171875,-0.6712314108978317
6547,-0.902281201763331,-744230.0981744385,85.14264478863528,0.5991901479111765
6548,0.014229252854669932,8287.453308105461,15.184696496337896,0.003866248695237201
6549,-0.18920527781144691,-93187.42432373049,24.389694885498038,-0.3774293709291924
6550,-0.13961407980497817,-84379.65291259767,23.815189772460936,0.07838590007645427
6551,0.313300323679856,130870.04588623051,7.746957991943369,-0.010264095076767527
6552,0.07208771059729535,34429.26410888672,20.338566005371092,0.19917535290627722
6553,-0.003710895072339401,-1741.4951635741963,12.145735961425782,0.028095203406646167
6554,-0.3680030838238834,-237910.86503051757,24.823700473144534,-0.07041162243344344
6555,0.15361843796021096,111520.88113037113,29.89569151586913,-0.29740688922480746
6556,0.10494120959156628,72156.80704223634,21.48648097875976,-0.08961475828494618
6557,0.028011904407798414,20143.999473876975,22.20235856481934,-0.36740403452977466
6558,-0.32753173310819916,-251196.4250695801,38.81943801367188,-0.265052145236993
6559,-0.19287098327652696,-133810.40953002928,28.117979406005855,-0.1782001089956211
6560,0.05533667896585692,29538.242561645486,11.113324998779305,0.12884226780259958
6561,0.442073971064664,216430.78457885742,11.659648483642576,0.05345990735894027
6562,-0.5963657036385163,-465618.34858825686,52.45706187322998,-0.3383473899206468
6563,0.04538886382113288,28411.76861816404,28.185695661865225,-0.027145084577357145
6564,-0.5222545259161641,-338822.17208129884,39.03470418707274,-0.10925245098643199
6565,-0.38436969323040054,-207611.71588195805,23.152399288391113,-0.3174867588219957
6566,-0.2564841312544947,-164353.25536010746,24.0252110369873,-0.31560190271632627
6567,0.013471666867648864,11658.631083984379,21.049212086059573,-0.36074246088597733
6568,-0.4842485397847933,-208814.9778027344,26.36299079516601,0.15010610049166098
6569,0.06796748381506913,36031.68489990231,15.52354899389647,-0.13191214067270554
6570,-0.7475497291715243,-482027.8947521973,57.414527949951164,0.03532804566313643
6571,-0.4090971541612489,-236277.99973388668,34.409534104858395,-0.5596222504334322
6572,-0.006007483224466442,-3487.2601574707005,16.75109746032716,0.1689514622026794
6573,-0.7586697593118822,-395268.0405761719,44.35732204345702,0.8922509691091007
6574,-0.18692614765604532,-107510.25454345703,25.491516483520506,0.0637593220227278
6575,-0.2930047789697313,-177241.7219519043,27.41809183361817,0.19790486807203242
6576,-0.880634150475967,-798615.1541247559,85.80850240002445,-0.09983960576101825
6577,-0.5291312792955462,-289052.8597094727,35.0360024621582,-0.0072661586715480585
6578,-0.21378969920110596,-137905.59135131835,23.815788969970704,0.05429189076589057
6579,-0.1307904701168216,-72708.69015624997,27.821397477294923,0.2964914655279178
6580,0.12236487159004858,79836.5373120117,19.872029970458975,0.40879230553853646
6581,-0.4057691238878862,-188656.49455566405,22.21472141833495,-0.0008646259961581001
6582,-0.06556232464371364,-38313.30625610353,18.115303117553715,-0.430001895495911
6583,-0.6107233425434174,-318842.38304565434,38.19053082202148,0.14467147351255252
6584,-0.46822758078594395,-287678.64959472656,34.48050049829101,0.21299783189905133
6585,-0.15770754468684353,-103525.36977661136,17.93246150183105,0.08686096842840903
6586,-0.5090575562800067,-418248.64195556636,48.34917419311523,-0.1564476850822331
6587,-0.38631741908216094,-208842.91403198242,33.61400163415527,-0.06030308212301975
6588,-0.19797721003876168,-149872.834699707,26.363214958618176,-0.018884472232742686
6589,0.21049178045036565,82986.440715332,13.034881923095694,0.19196114405648879
6590,-0.39385220422062994,-271611.95868652343,34.54037635546874,0.005100784611263147
6591,-0.12410067166615833,-59550.82409179685,23.001147932128898,-0.027121848401059995
6592,0.15448091995728735,81011.94988891607,18.292691496826173,-0.08322994133194811
6593,-0.31545135846817574,-255158.10167602537,38.79518200732422,-0.32768296382155854
6594,-0.18787990453864967,-108452.52508056635,17.516601972656243,-0.4430406890326336
6595,0.0765452304784033,40431.48236206052,14.27737351171876,-0.26812026682064666
6596,-0.3662080448851494,-268015.54021179205,35.706699519165035,-0.047534504190488755
6597,-0.33394415788087695,-107020.62934936523,12.545675939453124,0.28405995487033386
6598,0.04543171877734506,21397.529794921895,21.146059964355466,0.05506091005337628
6599,-0.28058070445103456,-173869.80771118164,20.09916875280762,0.42744242483062883
6600,-0.0106886442467013,-7069.873319091799,21.023644459228507,0.01367187533805978
6601,-0.12432381851449205,-75516.60839233399,16.887275002441406,-0.38481450155457475
6602,-0.11488438630631756,-74031.80713134765,30.801235987304686,-0.09640212216346486
6603,-0.5336008603289004,-400632.713125,46.419871263916015,0.05162522581067169
6604,-0.1583558547935812,-78797.92449584961,23.842001454345695,0.20632317346670323
6605,-0.19878391191342165,-89614.2045666504,19.16527848327637,0.014796531747493475
6606,-0.48703788805912884,-340300.7558349609,41.257320602050775,0.10600630367620509
6607,-0.5126692079670224,-326517.91750366206,40.7478447305908,0.37984995417017114
6608,-0.13721193696580225,-71022.45512329103,18.229291493896486,-0.2633211010627579
6609,-0.6101775624238579,-439450.41638427734,46.477835501464845,0.7666307616118926
6610,-0.157181525910195,-99548.06589843747,23.0343518590088,0.11114094231224436
6611,0.20508918216851582,130266.47947265624,15.689682007080071,0.04075284986709324
6612,0.05705043685630675,35670.81896850587,18.416606498291017,0.2781584419248796
6613,-0.26296428276271594,-192648.44845214844,33.94767132519531,0.704347642066651
6614,-0.3998223954465475,-189871.10030090334,35.1762754981079,-0.008668353146474985
6615,-0.11623502929779922,-67318.36139770507,22.884124151123057,0.2255363907220367
6616,0.4163758779967229,152684.22836669924,10.777707204101537,-0.23478061155405028
6617,-0.20208641197342345,-99598.31427368161,25.631400656005855,0.015823207960470057
6618,-0.0820880264370649,-55065.42883056638,17.856537498901353,-0.301023358583353
6619,0.06259150941397662,37399.74515136717,22.187724984130856,0.09903825357230771
6620,-0.015376439305155597,-8177.520617675807,19.294251488525386,-0.3583452996480235
6621,-0.25685564560483803,-179142.69082641602,34.69621149804688,-0.6276111545109505
6622,-0.16144632922214344,-110978.61995117187,30.6225449473877,-0.0930818820799373
6623,-0.5800187710515009,-417684.60401062015,45.701061401794426,-0.03343952303546499
6624,0.2109402188648964,123561.44906127929,18.64727200854493,-0.37995722692277045
6625,0.05094384576500182,35407.932532959,20.625418451538078,-0.25848894364880054
6626,-0.08746270650466748,-47354.37229614257,25.51114049194336,-0.2914825627052951
6627,-0.3735470550158418,-238864.59212463378,28.501922397583,0.2049449626157764
6628,-0.4384282930487198,-328854.89484985353,38.90362552575683,0.05639448908844186
6629,-0.1269885837323167,-85643.15945495604,19.34424696411133,-0.22622450075965175
6630,-0.14086480103974347,-93409.98817626954,23.38302439184572,0.2637170059680381
6631,-0.2957333492298479,-188092.24550292973,31.012007987915048,-0.127360668454281
6632,0.09839231459431923,58212.545778808606,11.169000472167973,-0.11851810674331917
6633,-0.4472766581435669,-325190.26404541015,40.8765754074707,0.006772941623235768
6634,-0.1510459032189597,-79197.54496826169,27.43548903405762,0.0949184742113917
6635,-0.1418766122927865,-96175.5890710449,20.633234923461906,-0.08056726257292283
6636,-0.4795468795835313,-459435.9014880371,61.18016911877441,-0.14364742646574433
6637,0.5991596196116457,253047.12362060545,6.034134496337897,-0.016181880676973622
6638,-0.48199415953373925,-319898.9497705078,28.991614942993166,-0.3675154726073706
6639,-0.2577422902445369,-133457.0698193359,18.619362464111322,-0.24562341506734428
6640,-0.2392760434829133,-156189.29487548824,25.960913011474616,0.16987870864694785
6641,0.42834106896867674,248392.2830090332,9.766930989013659,0.40248861275764286
6642,-0.3622183119677142,-244553.94959228512,38.89852696166991,-0.23675121111189187
6643,-0.47271918589743606,-329493.961640625,46.89450465991211,0.030766425703084188
6644,-0.41668137323604015,-171380.81512939453,26.5516875251465,-0.15777879625451646
6645,-0.11728377875515594,-70935.72799316405,21.068524963378916,0.30194016415962166
6646,-0.2152312599723228,-132687.8894519043,28.127286475952136,-0.1673435862328728
6647,0.5479524847355818,235862.11420898436,5.8898527099609375,0.35559043753200736
6648,-0.37769967121431375,-294683.16790649417,36.714299519409174,-0.09622766175126228
6649,0.04361559272816168,30092.39969848629,21.278792960815434,0.19695150826108898
6650,-0.21074495260954862,-109664.92527221682,21.322889018676754,0.4002187308172738
6651,-0.33059923393412455,-178610.05254882813,24.243638769775387,0.2646333053947046
6652,0.33726914421982007,208393.46919067382,15.693099977172853,0.17862600627459885
6653,-0.3181664107620639,-241583.15939453125,35.26282686877442,0.13998123173513996
6654,0.28199478761196595,144203.50561889648,12.641685938720707,0.23980504100757333
6655,-0.03474857163593701,-15646.11465332027,15.278413952636718,0.29931628903790786
6656,-0.3456983400490445,-261402.65274353029,30.1605678439331,-0.05088171812395801
6657,0.385318032257798,193805.9443823242,9.477742986572277,0.21752773095885622
6658,-0.31558321536138506,-199129.85754882812,20.839639474609378,0.3816111128814111
6659,-0.5533578767428072,-534735.0001989746,60.60092502722165,-0.1768773520820552
6660,0.024703420873435626,13564.529847412137,19.37669150891112,-0.24559810049346048
6661,-0.19811850565214165,-111097.05508789062,20.511887548583978,0.18852048645162603
6662,0.08418643921821194,60265.154110107425,21.796371970459006,0.9095826060788121
6663,-0.45891561845610207,-263766.6487731933,37.51570266650391,0.5613896395309959
6664,-0.2095817229266906,-105362.99093505858,22.547817969726562,0.42559370427007925
6665,0.23409631571562184,86079.0451525879,12.58723600317384,-0.10918024876473016
6666,-0.2458705981656585,-173583.6722424316,21.066944543701165,-0.32239168731051826
6667,0.07514705845505967,56287.24386230463,20.19817352221679,-0.07717402445281625
6668,-0.0988435494722899,-67180.72009277345,28.80832764978028,-0.280612398416328
6669,0.23973205463673244,102412.40487060545,10.501507951904285,-0.429799477001704
6670,0.41947315640693933,274974.11940429686,11.36693500366211,-0.05579042258885852
6671,0.1631286295504216,107943.28958618164,21.5302050489502,-0.03174817431824401
6672,-0.22306289535620213,-105083.33196289062,26.983063996582036,-0.07400143459647616
6673,-0.5691290337673754,-428803.8545300293,47.39884642993163,-0.24151234825098855
6674,-0.30925862430162554,-209283.4143914795,39.148033979736326,0.34641944801976005
6675,0.04847237893011656,20922.49002441406,20.580329442504862,1.0612447316566236
6676,-0.2901640908180315,-203754.06583618166,26.083394620117197,-0.0909000754670008
6677,-0.6650308344478303,-429980.4399786377,43.70865102178952,0.5948422355782692
6678,0.24720736606425006,148189.14554687505,24.776411477783206,-0.012147920693962228
6679,-0.12533448693950994,-64165.494803466805,18.310169520751955,-0.10372537346775636
6680,0.20343321615611756,130100.21663085934,17.431151459716784,-0.22144728970099076
6681,-0.6135281509074584,-402918.8794958496,43.74221794653321,0.11139969805855879
6682,0.170318329616683,102318.11813720703,14.590450485473639,0.7205006264894277
6683,-0.21752553837304883,-141034.91000732422,24.96360346923828,-0.08259433395856859
6684,-0.008080830586313667,-3413.499932861334,20.13126947094727,0.19791442609197218
6685,-0.4283182617079011,-288696.2559008789,34.94998674975586,0.12859076246555387
6686,-0.4527191829439282,-238761.3152886963,32.41626652893068,0.18736237728842212
6687,-0.3113647611218836,-242852.13793334964,34.7994269909668,0.6790292643364166
6688,0.08513643706967458,50868.99898193357,14.214204494140622,0.0740638430331892
6689,-0.5215975863016977,-409717.54025512695,56.388267043823234,-0.10495788079593468
6690,0.004108048381077999,2450.095367431648,14.239535929565422,-0.2686805544825295
6691,-0.2486738032545171,-198489.1196435547,34.7663379477539,-0.21230059486423836
6692,-0.11959252128242985,-74047.40503112794,21.16582098919678,0.40551038140945367
6693,-0.0003377781636699455,-203.59476684570836,18.499743519287115,-0.5126751736101554
6694,-0.4611695717495417,-236850.0853161621,31.290199528930664,-0.23054027675612887
6695,-0.13375219266126467,-75936.08466552736,22.250890453735355,-0.312994279019905
6696,0.015221473200099494,8432.498989257801,16.92224346777344,0.002000825153406488
6697,-0.13360089624016072,-90283.93146484376,25.516764110717773,0.14042916694578816
6698,-0.18802236131977906,-155410.520748291,28.0026069732666,0.05993673873807249
6699,-0.11268482244087061,-76844.18931640628,34.039508995239245,0.14628595820976864
6700,-0.11317227234967552,-80718.59643798831,25.57314016870116,-0.5890667462831536
6701,0.11473933544494481,64610.06852661131,13.605327162963862,0.23545014308098042
6702,-0.16923667979103418,-112541.85398071285,23.70217346264649,-0.050586931573316035
6703,-0.04213866537716772,-22309.3249926758,21.63865745410157,-0.07001887634864977
6704,-0.04036509142307354,-23119.170495605475,24.09362065173341,-0.014412265633845624
6705,-0.2868652710189994,-171034.4567230225,32.11498660296631,0.2534822816953423
6706,-0.20725537246957024,-134808.60805297847,23.98307929248046,-0.34383756539527177
6707,-0.3009419182804653,-182059.19525878908,29.324145479736323,0.2055475186923598
6708,-0.33342658386392454,-206088.87046752928,34.92469451416015,0.065268011080174
6709,0.1569364746637008,84220.50458312989,23.69675853997802,0.1965043724441708
6710,-0.036937647715650265,-26866.499263916005,25.858515485595714,0.48726866231977833
6711,-0.2763441442020373,-185344.92490356448,31.508829952392574,-0.06422169029347448
6712,0.501231588670646,217884.9040258789,10.291789508300763,0.2595777496851562
6713,-0.06832658813385217,-33458.84144897461,18.37019615234374,-0.18111751861573772
6714,-0.4071879320737145,-219095.8446081543,26.017606462524423,0.13358059572727893
6715,-0.05221278290900555,-31284.82994750976,15.804869983886718,0.35135774402760067
6716,-0.32287340252953406,-249814.9055700683,38.24712997875977,0.21986085948108705
6717,-0.27126754019025934,-181692.89255187992,26.006562253967275,-0.02709002272416137
6718,-0.1712759374247334,-96694.51978637694,24.863040950927743,0.8491291296676323
6719,-0.055189025075907845,-35815.59886718748,28.247308958984373,-0.16900531240417332
6720,-0.5030995565463521,-281172.1421557617,30.853932702880865,0.3161190999156969
6721,-0.15950498355566217,-92263.17470581052,16.146818507690426,0.24860945615326377
6722,-0.17612929291278911,-81312.56950195313,17.90338000109863,0.2171853276436572
6723,-0.16703586900719156,-113475.35478393552,28.016155982910156,-0.14322439838033935
6724,0.05026145623854259,36252.199589843745,22.568358504882827,0.23746686822640495
6725,0.18910491814714112,102673.04708374024,18.977096007080075,0.08683391662705343
6726,0.009642787773970117,5482.447275390645,17.721154801513674,-0.27326211780384785
6727,0.07858875314107971,47612.49020263672,17.205719004882813,0.05002410742351132
6728,-0.15211271852656846,-92685.51734924315,20.741925986755373,-0.15136334309304347
6729,-0.03712206551098438,-29604.462355957046,29.609929005371093,-0.3659116450704694
6730,-0.03743823246564727,-24098.500941162085,22.68332401879884,0.2214988287707173
6731,-0.057750631791471226,-30025.09993530272,14.507273460693366,0.4103040989125816
6732,-0.2861798899346784,-221040.5275512695,38.98921400024414,0.17422353291774967
6733,-0.2713714523795105,-183877.21252441412,40.49144301000975,0.009226918031983137
6734,-0.3601326818192596,-277850.4578149414,39.79153830444338,-0.13567284525266066
6735,-0.1884333551369419,-107159.14919799802,22.77127398242188,0.3731955492898177
6736,-0.3995098199525562,-287991.33087768557,35.33477358410645,-0.213708043187542
6737,-0.10767858102915925,-71474.91720581055,26.943495201904284,0.09603707514616641
6738,0.14998644712666623,98486.76078857423,18.493164022338856,-0.055919290169321685
6739,-0.0532233442405307,-28937.779465332034,14.851544955078117,0.3204317077838739
6740,-0.1466329752769504,-113874.0186309814,25.34323849743651,0.31447169549186144
6741,-0.21474017869467718,-125083.68044799806,25.988839545776372,0.03827315299930459
6742,-0.2626352671312352,-168346.28482177737,30.05534098950195,0.3196567874828105
6743,0.15861232293103972,80040.68211181641,19.08642196411133,0.28147908122419124
6744,-0.09184238579359273,-61821.96962768554,25.257176492919914,-0.35293465698807397
6745,-0.1706142729412618,-120461.6305908203,24.368871645629874,0.06829738296160501
6746,-0.2720918897623138,-207933.87512451172,36.83628753417968,0.18982927096196164
6747,-0.3965497017272511,-203172.13668701175,26.80621111547851,-0.07466074419623825
6748,-0.7477957653503703,-433773.63485839847,46.711469449951174,-0.21946720951511434
6749,-0.08507028603812013,-53815.97388427735,25.48547695544434,-0.5468678705490303
6750,-0.7644072578788563,-463320.02959106443,48.449565468872066,0.5174382190853374
6751,-0.3071039808740877,-209729.10228759766,26.388122689941422,-0.1486304648108507
6752,-0.011391651095342051,-7673.711981201166,19.139828493408206,0.22874188333777368
6753,-0.1099124378866688,-69758.525423584,32.12429495520019,-0.013948735364280505
6754,-0.1535961739844035,-102061.25961669924,23.076857967041025,0.23919557902141642
6755,0.14411455113222588,62408.02500854492,11.558824011596688,0.23512077839290696
6756,-0.3069534310020759,-205120.6250354004,29.90166248962402,0.16320293811278744
6757,0.017805420980888446,9491.765067138702,15.555890989746096,0.21886528060412538
6758,0.32589605147812883,133961.70021972654,8.517705449462891,0.12413371411551005
6759,-0.4690909294062518,-305525.4584429931,37.327713824279776,-0.26019507595629654
6760,-0.6066475954646902,-451420.2397070312,49.13120503149414,0.03337108201581874
6761,-0.46726163354855277,-264862.2264404297,34.823736140380845,0.18046109395345866
6762,-0.04879457745896361,-30185.896759643576,16.847646450439445,-0.23968329952696768
6763,0.01585060833641963,8830.609388427778,30.475953978393555,-0.29337468533349753
6764,-0.16959229661729117,-131353.12321044924,16.9988675366211,0.09110917930027378
6765,0.10020836361221168,42962.14984985351,12.0792379963379,-0.07463058472159291
6766,-0.20350706474032673,-91073.28558593747,22.168797513793933,0.1243854356158937
6767,-0.4992075282751193,-415685.9745385742,51.2184679453125,0.26300377601123476
6768,-0.29061249245224363,-171409.51463623048,28.89635549267578,0.04340513881881511
6769,-0.20086742502060165,-166218.71755004884,38.597224759277346,-0.17077055523704118
6770,-0.13309558075952252,-77962.27524291992,24.00367098364257,-0.5135223040882468
6771,0.40199918602284357,227689.48581665038,9.059589,-0.22366026705753111
6772,-0.764266738923842,-555879.7260766602,55.58797260766602,0.11352295461465413
6773,-0.03398434310592558,-18247.83024169921,20.728185512451162,0.1667480439379071
6774,-0.06858570844984367,-43874.16978149416,16.90510055493164,-0.09259558205965579
6775,-0.12471767282567131,-90025.77495422363,27.258180995971674,-0.040484184474643733
6776,0.2123466206644028,125881.35443359379,13.440006993896493,-0.11511969852912501
6777,-0.08393195574023124,-57393.080566406235,18.214958504394534,0.13476068333637875
6778,-0.17738245041436482,-90756.87324707031,31.186918961303718,0.5508913496767441
6779,0.18809266170406602,108709.41491333008,12.294585730468748,0.47091511527042507
6780,-0.17920667018977413,-102395.38146850585,17.028945142211903,-0.4751134340901178
6781,-0.582014223363038,-402230.0830163574,54.77633076757811,0.2661552470868522
6782,0.14670523342608108,76084.93530456541,10.57981549218751,-0.23820290941852482
6783,0.01874692112396908,9266.685154418941,9.237843998291018,-0.022952366692396583
6784,-0.2709655769622776,-200485.99326660158,37.46949596252441,-0.055476792103386505
6785,0.1420311988343234,87524.24973266601,22.81759397216798,-0.19654498947886162
6786,-0.1321760870580195,-84778.9715698242,22.248266554931632,0.18937080837490755
6787,-0.11966289772222061,-63615.220501709,21.796557015625005,0.22901852568853484
6788,0.4496424826461423,241238.670703125,12.168220976562495,-0.07311720823660069
6789,0.1155966168415774,59439.23066040038,12.55638549194336,-0.3158804348420407
6790,-0.6045535638907865,-489503.0095739746,51.28997349401856,-0.12421436092346073
6791,0.0012783312355805424,978.5842602539124,15.63080204125977,-0.29632098164427595
6792,0.12186269922776657,97178.87484375,26.742794475341785,0.22081777152669277
6793,-0.05249046568464166,-38339.5926940918,17.84133004833985,-0.2826051085418707
6794,-0.3096862264877848,-195550.9694604492,24.52249441967774,0.7938008357874482
6795,-0.18085004351004036,-114520.0407397461,32.71708004052735,0.15566554855649478
6796,-0.3975908449364034,-285309.4274584962,43.16989771594238,-0.11208764835928733
6797,-0.08023675289970028,-49813.884708251964,21.8474039904785,-0.19129666576669524
6798,-0.4191740375572638,-301111.8195056153,41.75746103857422,0.13028534426483063
6799,-0.11366670653123037,-63280.8396130371,25.66803695263672,-0.1309101401836524
6800,-0.08172336383834518,-52960.124281005854,19.4048564885254,0.44683277212795713
6801,-0.35932427462524397,-252595.29720214842,35.93852567871093,-0.27179404668231477
6802,-0.34485853216914497,-251148.88513671875,30.29362650683593,-0.2152797668796563
6803,-0.06888068525135273,-38110.77996093753,16.38989249792481,-0.4210067653814842
6804,-0.43922814189655757,-336803.00418945315,46.23288541259766,0.10613761056199904
6805,0.023532969635515825,15795.785430908194,27.39541746838378,0.07528644212585861
6806,-0.14263787998744193,-92417.89424072266,24.447221434570313,-0.12804046480531034
6807,-0.4892298370911021,-327891.083894043,48.343529397094734,0.23561115820018283
6808,-0.03687607013826724,-22825.27970458984,13.39683152502441,0.4823477465318215
6809,-0.30571550459512786,-203678.46007812495,34.16255748999022,0.3321309897111905
6810,-0.21278263010133902,-143264.69517150885,18.692738035461414,0.04906354607805548
6811,0.2974500376414516,144531.30004882812,10.886293458251957,0.08721868541128756
6812,0.07003285606938617,42246.65962890624,13.718222989746101,-0.3030527753006346
6813,-0.029860913587368802,-22380.291180419903,21.170858136840817,0.010712877885263391
6814,0.16365766316832792,85408.25000244143,16.151337997314464,0.6208430318407
6815,-0.2521645639509366,-167193.67537231446,21.786373976440427,-0.13348106790760306
6816,-0.5039350363623967,-311513.947890625,39.10109493725585,-0.056914861322713436
6817,-0.08253233723667873,-44812.23504028318,29.97747794726563,-0.34151972619989074
6818,0.00833794738144527,5660.487375488272,22.175912171630863,0.31041335510404283
6819,-0.0558507586479731,-24719.455650634773,18.281414511718765,0.25449759944401923
6820,-0.413237226562949,-284148.77986450196,42.71059297729491,-0.22154296018840333
6821,-0.46597529018703315,-342619.9917199707,49.72217802893068,-0.219585020633537
6822,0.08344056201471937,41995.279949951175,14.386989976074222,0.2971684293411085
6823,0.19462411375560107,121500.29293334961,19.769047541748044,0.28657873418876695
6824,0.2446973110301905,183577.11886474612,20.17660149267579,-0.3862961054615726
6825,0.31489333550893045,198939.36985351564,18.18904599462891,-0.9196368065213633
6826,0.36322461079219126,214683.5266943359,11.218929989013658,-0.5573337854075802
6827,0.2183259442742427,142355.0188763428,12.302612973144523,0.27425129056149694
6828,-0.014672359017561025,-10610.75615234371,24.59350800256346,-0.13923223953611932
6829,0.39562357161236017,251498.3192956543,11.448014998046869,-0.051598992432239615
6830,-0.4963673504799306,-340315.6570825195,36.35256418115234,-0.07121974976714841
6831,-0.03612376290501472,-19735.864672851538,16.294374986083994,0.08427449242104129
6832,-0.2936397294312855,-150806.80471923828,16.233948974853522,-0.19647632748974259
6833,0.11456376090599532,82743.03552734375,20.77570849121093,0.30204898861165547
6834,-0.43239638195712293,-175538.7094677734,23.111635953979484,-0.4325659644609664
6835,-0.35246471167760096,-201406.80171997068,29.738655191040035,0.2726899693797365
6836,-0.7034973396358918,-416847.039977417,42.002103504333505,-0.35551876845294855
6837,-0.46273972040362216,-208030.7593811035,22.546956955688483,-0.560145836113384
6838,-0.2802187445212555,-173774.40272094728,26.327017119995133,-0.39019817265490253
6839,-0.09702824941457021,-58167.049960937504,16.069554440673826,-0.16668345524199396
6840,-0.25649051489100627,-134227.750637207,27.811109705200188,-0.4008601486151785
6841,-0.5681085096644506,-399498.9600854493,41.25236196643066,-0.16861868207135247
6842,-0.36274101061368164,-199989.99458984376,27.69838552221679,-0.0550843601780323
6843,-0.22389770096537676,-142553.42005493166,21.24288757067871,0.005101822377458051
6844,-0.04390886756747397,-28322.660146484373,21.39356545214844,-0.34426083585668193
6845,-0.34162881584646737,-268169.69931396487,38.80606946020508,0.2052295532404305
6846,-0.11941904875421487,-67562.92533081054,20.384041000122064,0.03219197274952935
6847,-0.26900900412385786,-144208.61512084957,17.978404518432612,0.045807298253662594
6848,-0.16340626277453063,-111510.1087426758,25.33686293554687,-0.4143179493493214
6849,-0.0768613586742049,-54574.340230712885,21.83143854199218,0.24243541170675784
6850,-0.33295659280685397,-202018.2197937012,25.918073477416986,0.15640203937280248
6851,-0.2369004094238167,-164688.88303833007,29.033676770385743,0.3228589247765939
6852,-0.025166590549684047,-12412.94017333983,14.21007051049805,-0.35411377235589053
6853,0.10205640793302316,45534.34245361328,13.084626473388669,0.020923601091568766
6854,0.28199976610448896,180541.052210083,12.825105458496102,0.02432708538316724
6855,0.2070547162642483,119045.9167626953,24.665181480712896,0.8486108958226327
6856,-0.06760000713898652,-33854.913479003895,19.682614546386713,-0.42517062044872356
6857,-0.7436257876676021,-376617.97481933597,39.82864696276856,0.022706372634555556
6858,-0.018115933075115855,-10388.019375000003,19.372846998046885,0.34683261897864703
6859,-0.3930555561375706,-333167.35383789067,48.741560537109386,0.31750143760398314
6860,-0.004726531279396575,-2178.199658203117,23.425957435424802,-0.31237755249597304
6861,0.022607825642106665,13684.700642089825,25.600379436035166,0.4775702323798986
6862,-0.24634804410697603,-122247.71814331056,20.946219300659187,-0.121609703053553
6863,-0.08377862873983735,-55154.84519531249,25.447954459716787,0.20568385909154055
6864,-0.6033774138001129,-250480.70971801755,29.34231096179199,-0.3844552944194879
6865,-0.16109274405894727,-73502.40685546875,14.429911953613278,0.11697849291367866
6866,-0.2323285133201252,-160960.06475585938,33.318555499511724,0.46441774221655713
6867,-0.2961805326650489,-220268.35831420904,41.44737374609376,-0.4390421338947653
6868,-0.07383432612799148,-39150.00484374999,15.276278529785154,-0.22894950751799506
6869,0.1598448727949135,91095.796963501,24.27625149902344,0.1481683463411759
6870,0.15826438667548973,114544.31704101562,18.209657359497065,0.46166393596329053
6871,-0.12749210951637713,-98402.2700476074,30.3162444642334,0.25319362409180823
6872,-0.27583257898301106,-181628.58152587892,32.73850196435546,0.040345771393611195
6873,-0.11145457098102327,-58431.7969415283,21.62320745367431,0.1209565879860099
6874,-0.14807692784933912,-106545.17354370118,27.340422431884765,-0.024446124421965452
6875,-0.35811880521884215,-190591.9251257324,21.46698647216797,0.25695816521406234
6876,-0.19554956165798798,-127645.91584594725,26.3271720168457,0.6994699897899792
6877,-0.24358400648796502,-129234.69014648434,17.459941000488282,0.6102526766268258
6878,0.09960342638297903,76372.34415771483,21.789426947753913,-0.1483868946799833
6879,-0.09686544613209148,-51521.09910339356,21.495717459106455,-0.26536893135544243
6880,-0.29554214387459643,-194497.05172607425,25.61868164685059,0.10238708970124143
6881,0.12409273413980818,56025.939399414085,12.15827198339844,-0.2163365119904517
6882,-0.24755193477165438,-134086.8128833008,23.977578496582037,0.2558163214007519
6883,-0.17519423529820136,-129840.95635253908,37.604202665283196,-0.5533558424714577
6884,0.0942316951576341,49604.01002929686,18.07558497802734,-0.09755704795428788
6885,0.11537064180488338,62003.99471191407,9.96311099877929,-0.26352769006761256
6886,0.011989956845511683,7791.299818115251,25.925655010253912,-0.27428224626340064
6887,-0.5766064493608252,-435377.1016949463,51.6899996611328,0.07879343177010313
6888,-0.15097598471780138,-107076.88373168946,34.20772492297364,-0.39014232574060126
6889,0.18463955855615521,135536.0301452637,18.94914502539062,-0.1472496179158963
6890,-0.15312606836955991,-104092.2253137207,34.06167347473146,-0.1552292187905269
6891,-0.08246591506560068,-43746.23035644532,20.25681048535156,0.10354680020091585
6892,0.08784557192050868,52855.58020874024,19.31644795019531,0.48970409576173685
6893,-0.31539569325159567,-245606.78695556644,30.393617704101562,0.17819939628628298
6894,-0.23622882741914653,-125912.25540649418,22.856993496826163,0.10779137941646486
6895,-0.28550009759355566,-179691.80165649415,31.494455457153336,-0.005511537678477467
6896,0.07490745627631756,48146.469790039075,22.311983496337884,0.5131790399090961
6897,-0.27121693894196486,-220860.84619628912,42.50512659863281,-0.12309551487614026
6898,-0.11727792528678153,-65841.26028686523,15.299039977661137,-0.21762138739367998
6899,0.01268598734396121,6803.53990478519,17.818574508056624,0.03194085029431953
6900,0.20531623484729397,119473.20196899411,19.191488979980466,0.8303523445566348
6901,-0.14107902533926955,-81911.01259765621,22.86464525317382,0.47978848773584887
6902,-0.025653085958950845,-13490.439976806621,20.972442971923844,-0.1494779787697678
6903,0.36806122781824135,193775.399552002,13.539825979980478,0.3318941592605881
6904,-0.25289741846146946,-181619.43184570313,30.919034507080084,0.022224269961523883
6905,-0.2338876414810251,-150690.68061157226,29.669848994750996,0.03631764170636076
6906,-0.3532940338449302,-191942.63987060546,32.02398802001953,0.21833655448082345
6907,-0.1896778843028082,-173974.67917114255,31.19089714550781,-0.3494949492478857
6908,-0.2692517200437217,-168451.98056762695,31.177826531616226,0.10641942539319192
6909,-0.0689014629184894,-44157.21359863285,21.331000533325202,0.23978399018134147
6910,-0.4643351069721988,-319277.4088745117,40.63310498559569,-0.0933478774878193
6911,-0.12292654117763087,-73013.08483276365,21.5653259423828,0.012435033612608691
6912,-0.0790286264984081,-47888.54547790528,20.99310653607177,-0.2383130157086714
6913,-0.09430345195781774,-64471.75443481447,22.729535502929696,-0.07528499658963095
6914,-0.46019005605911545,-352778.28982910153,46.269106643432615,0.10064473422515521
6915,0.1133556594528269,80597.43481628416,18.497929204833984,0.3343667063162146
6916,0.5578948535439007,342196.16543090827,19.40485648852538,-0.16382125892603355
6917,0.4515701734209168,209934.57574584958,14.672215495544428,0.2355330625646355
6918,-0.33820714716846556,-271874.59044677735,33.611280523925785,0.25323454815076923
6919,0.4728407820060578,228792.62724609373,8.291531489746099,-0.6106080898029929
6920,0.4577694838802499,219437.5089025879,9.663767487060557,0.14132843012914365
6921,-0.17482913427148572,-118971.34616088867,22.800359573242186,-0.10505634814543936
6922,-0.19879204053552646,-150369.35760498047,30.889942877563488,0.15869631701953738
6923,-0.20006782698367803,-132383.8294641113,25.778637506347664,-0.2489126631000359
6924,-0.11504991358972616,-66405.63538574212,25.25081298925781,-0.35227879300554465
6925,-0.1929754023482381,-136078.03006286622,28.717800976806647,-0.12110638098337058
6926,-0.12378849268317549,-83593.10932128906,22.6272519243164,-0.30323495224778707
6927,-0.6815161901625792,-502129.9146142578,54.51735996826172,0.18958657972084628
6928,0.28539991081455895,167067.79684082032,11.535667752441404,0.11284999308077794
6929,-0.2773701988785435,-187265.78408325196,40.01682940612793,0.260416370137853
6930,-0.4162881721496046,-284702.9482568359,30.38772566833496,0.1979232155932443
6931,-0.18993684923766452,-112774.04543945314,25.66275750012207,-0.15039751002568583
6932,-0.27277842482309755,-172246.3800427246,32.39442545043944,-0.284602298194922
6933,-0.1543130540634606,-102730.65714965819,35.28973403662109,0.2921952688992955
6934,-0.2519746406679034,-158081.88159423825,27.2462992088623,-0.1577000721547099
6935,-0.07738040138007532,-52696.34481384279,19.152435181945794,0.8233002919350313
6936,-0.050946563849565696,-31256.597365722664,19.86740568872071,0.1434437666914882
6937,-0.2757099412603453,-195883.6497058106,36.144076977539065,-0.2666960248742062
6938,-0.6448868811457862,-504631.1745031738,53.88068490441893,-0.178121292791562
6939,-0.17801070672542552,-136121.87926147462,34.29629243634034,-0.44199129169417944
6940,0.014077030983402893,7671.226054687519,28.79391998706055,0.3843481516403565
6941,0.3257217829254261,216836.1769873047,14.018833945434563,0.2398748036830213
6942,-0.17835613380031315,-130614.65911132813,26.652080009521494,-0.30518742433841034
6943,-0.09474207912022825,-43508.606108398446,18.19301610156249,-0.13326942815757012
6944,-0.24141034610797063,-153350.41231567384,26.544369657836913,-0.23820888350926253
6945,-0.35079344653045824,-219263.21634399414,33.73447670129394,0.0801602619706496
6946,-0.4729519351383287,-365593.0253222656,42.450914146606436,0.12595627139788107
6947,0.10348879417088525,59990.1397631836,15.32701895922852,0.3154021854481786
6948,0.03395222519993314,16193.008417968755,10.907576983154298,0.1554247192953438
6949,-0.3119007912259531,-190784.20770874023,27.40425279907227,0.0038613210904397074
6950,-0.5209023870179084,-346195.92956176755,46.092711944213846,0.2447365845663686
6951,0.6006334405554351,319014.419921875,8.397136479980452,0.04396975895901097
6952,-0.3944599123715635,-257511.00455322265,34.497349924316396,0.002148474361124552
6953,0.01690598239013775,6636.8800646972595,9.807514010986337,-0.10572606177410451
6954,0.4487314875269571,232603.43980102538,7.135384519897448,-0.2264117187373992
6955,-0.45299028664925556,-322396.2799389649,36.82986799353026,-0.1107765753952689
6956,-0.017155590162141413,-9139.45114013672,11.300625960937515,-0.5331912971344899
6957,0.2910309158018184,200358.59271118164,21.476176488525397,-0.09457290141277193
6958,-0.5637337226886594,-446035.9595422363,49.91932147106933,-0.11572442866604665
6959,0.3757800907972136,237197.0240393066,12.482240500854514,0.16360744352785736
6960,0.12993729793181208,57869.77342407225,20.17072330651856,-0.27601138789205165
6961,-0.11874804567291632,-82053.88466674802,25.964161942993165,0.7365480578035215
6962,0.4968571221175784,254595.75089111328,9.40834171997069,-0.33847102961760017
6963,-0.34044998673518145,-320663.06348327635,38.732981041320784,0.47508680731236
6964,-0.4049996681057253,-218177.8479541016,29.292082948974613,-0.501462894445616
6965,0.2515950274261421,125352.80459106449,14.39976504589843,0.19694777642444997
6966,-0.11716580807810771,-69844.82503479,18.837419463928207,0.1544266188259846
6967,-0.2016932730051069,-127169.1319256592,30.92945513403319,-0.424200790980075
6968,-0.01471278335832482,-9637.239761962875,15.129145002319339,0.10977662963015622
6969,0.21114595972741454,121229.27842163085,18.930442494140625,0.24727501505584729
6970,-0.08407744989928001,-46655.14174743653,19.5251983595581,0.14136347415688935
6971,-0.018285544695561682,-10978.034705810562,16.574765489379875,-0.47500442850165664
6972,-0.2903405352536711,-202355.79121459965,31.876311609008788,0.22911770981663568
6973,0.11750845565609876,66236.99773254391,11.199737974243169,0.25337163735104135
6974,-0.41367192023052785,-317796.9031616211,49.289889007690434,-0.15156692053282556
6975,-0.2067038693033674,-148214.52818603517,28.536114498291017,-0.021341487933711253
6976,-0.0010353960144569416,-596.7845019531233,24.23208394970703,-0.3136169554283698
6977,0.29417374074243363,200094.6171923828,12.810237992919912,-0.3361832712797754
6978,-0.012240240094148529,-6117.7199182128825,19.778364979858406,-0.17546997743405643
6979,-0.5721203239564898,-313129.25692749023,35.09835571472168,0.17411053014096098
6980,-0.5333363295214031,-316563.9642840576,34.963578907897954,0.33351111999953925
6981,-0.5949791228708639,-405570.730333252,42.66105250329589,-0.12613560755534406
6982,-0.34519597714578004,-226365.27871337894,29.523958172973643,0.1455220733381808
6983,0.39795608777291386,253452.4673742676,15.684749439941392,-0.19702757645098026
6984,-0.3986804709545594,-289148.14717712405,30.526497024108888,-0.09409190599492957
6985,-0.5713467779601512,-327891.46160156245,41.14407632971192,0.46366166305182677
6986,0.005654008031994064,2837.4791845702857,16.55891149365235,-0.03179722220451913
6987,-0.3477640740113461,-282997.67463134765,42.69375243200682,-0.011381173730727695
6988,-0.5302478883771957,-392068.06004150386,60.190012996582034,0.31805187544973806
6989,-0.07698090662940492,-53787.0755895996,21.61919607897948,0.024165067254414786
6990,0.13642023915354437,87020.6970654297,15.869554525634763,0.3012150767299529
6991,-0.04316097316226924,-28573.86232910154,33.70964552319336,-0.19419864659003358
6992,-0.44615303686278757,-383004.04295532225,50.29997905090331,-0.40478932912842297
6993,-0.32256872393449865,-210345.1968811035,23.263858844116214,0.008010038110896638
6994,-0.20298292574007304,-128419.23486938476,30.893519517333978,0.12239707289951371
6995,0.00728321416388122,4362.24961059566,15.957301012207031,-0.05242923001053999
6996,0.0732307904052368,51296.987564697265,15.468205488525378,0.04844469942497055
6997,-0.6417537356057215,-604070.2709320068,71.94688861993409,-0.09437895416781572
6998,-0.06895279121187028,-33128.05197631836,12.34662649316407,0.3332989737449513
6999,-0.01309383532238783,-9290.825260009751,19.52274244299317,0.2501366758052497
7000,-0.053641861782136376,-38708.830490722656,29.521014995117184,-0.21378375977814298
7001,-0.5941331298727242,-421604.17890136724,46.197629421630864,0.019117019705903415
7002,0.08051368007167727,49224.879929199175,20.571261966552736,-0.3342145052197798
7003,-0.623827054696815,-383386.40214843745,41.002384028808585,0.23197031180707764
7004,-0.4319737510174734,-266236.3460418701,31.272870592224134,0.010822523520110055
7005,-0.700578516656767,-531939.162039795,59.89489922155761,0.354152884196462
7006,-0.24337180202792538,-165140.87782470707,23.037390761718736,0.027520093619034007
7007,-0.18174372475349435,-129729.11014282225,27.142893485839853,-0.35850943238236777
7008,-0.01940149758963932,-10511.9360699463,11.113324998779305,0.07681954858037238
7009,-0.6002763636558065,-523177.44015747064,52.553521994262695,0.2018539703612713
7010,-0.3974558123193254,-335004.89969116217,43.37196146301269,-0.04238872779136468
7011,-0.37884810229393473,-266481.7405194092,37.09718652642823,0.288153879939296
7012,-0.1592740717788161,-86900.75957275392,19.845871426025393,-0.05640415489258264
7013,0.3795438273326141,160477.07973754877,7.358793534912122,-0.2891736309468288
7014,0.20641263563850398,155952.61361083982,17.895646549804695,-0.173807141343666
7015,-0.15207782641121118,-99916.22542358396,24.22409849499512,0.2379141210911213
7016,0.0289803943029583,17187.52517333984,20.191302024414064,-0.2942251730612899
7017,-0.4302443491409091,-283549.894588623,39.88586897766114,-0.134606935935999
7018,-0.23855713676465554,-145881.61022583005,29.472963997558598,-0.1752326637445298
7019,-0.055387849121460726,-31860.312580566446,29.416222632202153,0.3768390583451255
7020,-0.10993211237874273,-68496.56914794922,21.381943008300766,-0.0858689026885172
7021,-0.6645760236752855,-375058.44442932133,39.90599143914795,0.046200663414447084
7022,0.3833950852605807,199444.29201293946,15.497143490356441,-0.05298953050756351
7023,-0.3275222839224102,-138920.72955444336,25.57973441516112,-0.0017317233790955465
7024,-0.25222138319264875,-116798.82586181638,17.17553257983398,-0.3810666794257783
7025,0.3367751117474652,140678.27942138672,8.589411148315437,0.12138977752107816
7026,-0.415318868608101,-253513.40550720214,30.917194509399405,-0.08340266479263844
7027,-0.2572844385753873,-121289.28005004884,19.103341991943363,-0.2243409446471599
7028,-0.006822076312810158,-4924.378165283284,16.19529124926757,0.384961678473843
7029,-0.522263191491317,-451127.16004394536,54.38372902465819,0.7946572262516747
7030,-0.6303379224155946,-393042.8890570068,39.56502942230223,-0.009641518490484629
7031,-0.3320521304257204,-219663.03555786132,27.47111459484864,0.037794880558189206
7032,-0.47227609924391273,-391070.7347302246,51.20568699475099,-0.24477406919865122
7033,-0.34248273361724496,-242259.46680236814,39.56503511230468,0.04608393486021831
7034,0.11978285499655682,76882.83622924807,14.63744646582032,0.22702625251008884
7035,0.0957111171601765,58857.42420654296,14.274604040527333,-0.12753290925452726
7036,0.11345646378568258,62109.085540771484,17.033341485717788,0.09812235554248606
7037,-0.47900119348776377,-271567.91599243163,39.925540457519524,0.14808233405418664
7038,0.14046927778344717,78422.92946777344,19.28562695983887,-0.03811777314868068
7039,-0.2991389248820646,-197782.11613342285,30.585493513549807,-0.19120108415622622
7040,-0.11316332886072476,-70603.10030151367,18.56248653015137,-0.2913068331751987
7041,0.4168358027565851,225342.58831359862,8.640248176391585,-0.5041308392194311
7042,0.026249263527528554,16869.13475219725,21.10108900854492,-0.32005601767004027
7043,0.0020103672218974166,1533.189171142556,24.350850052551273,-0.08684387224728592
7044,0.10108576776253554,74542.24757934568,28.531123744750982,0.651553795805946
7045,-0.31993979509104103,-271136.44880493166,36.881030313232415,-0.16473277351686005
7046,-0.05064499687224796,-26785.262077636733,17.49724511230468,-0.09591679687266799
7047,-0.18167525331067855,-126331.0401324463,19.45686155609131,-0.41218248446322386
7048,-0.13739463289429577,-89330.73502807617,21.653077990600583,-0.16342246857539489
7049,-0.6136060276992082,-437683.5582348633,48.26011448999023,0.1534966500601761
7050,-0.12590040680044953,-74013.78654418942,31.02928997167968,-0.06901998266586222
7051,-0.2897982801880623,-162850.73444335937,25.50753293798829,-0.12092345565282038
7052,0.3268709651201961,146611.71910156248,10.076854985351558,0.22290993710957582
7053,0.12311038973168904,85364.62524169922,17.51335547485353,-0.016013171900189985
7054,0.19488402685845474,120969.65342773437,15.81612351708985,-0.03483013312997206
7055,-0.5371166040142644,-347927.739486084,43.81299243823241,0.2627274708991887
7056,-0.4479386436034453,-263557.8336364746,41.16238185412598,0.2841230496572862
7057,-0.053946295351763165,-32901.64705932618,23.95341568041992,-0.08023733923174303
7058,-0.4601839457345336,-353371.51125061035,40.45995699060059,0.0620647212893157
7059,0.3772585533290656,189642.07314819336,8.798696486083978,-0.05044204010763464
7060,-0.3411320048754058,-229748.93384155273,24.842970550415036,-0.1471304397460739
7061,0.2337374742732216,113804.4266467285,11.6728135,-0.23034317819823907
7062,-0.2774980454554951,-225630.94287658692,31.033108258605946,0.768431084557298
7063,-0.07164385257762731,-56717.665800170886,24.05274510479736,-0.3083798074780069
7064,-0.188317697097277,-131487.76522827148,25.617406974365238,-0.5383093195837882
7065,-0.31577504442510357,-188952.31957885745,32.57605787097168,0.4240994411496231
7066,-0.5057417391028368,-369670.6854577637,40.29976003808592,0.08962309475869613
7067,-0.5449583278387321,-349124.3166931153,42.43003516021727,0.25861267791506737
7068,-0.10367657170717236,-82485.70553344724,29.927730506591786,-0.07866971637339548
7069,0.5284904373457419,219732.50005981448,9.392480502807627,-0.22791960086875507
7070,0.49598616852166366,246664.35592163086,7.1380484655761745,0.19258990127267203
7071,-0.40518307142026805,-327479.11446411134,41.7652509312744,0.40797941607276467
7072,-0.03642362117256976,-18246.41938232421,14.891612475341804,0.15257799005302528
7073,0.0600052113989295,24960.33430114745,12.222082502258301,0.010700080926824621
7074,-0.09791772100132386,-48375.869611816415,22.5030765065918,0.06741542134599031
7075,0.07286676788335367,50548.61181762694,17.015589991455073,0.11527346579219568
7076,0.09177390061803477,37881.09143188479,10.343283485839843,-0.24511749765842694
7077,-0.2780482521986204,-225959.09901245113,35.536975867065415,-0.3357438206017571
7078,-0.2570372869751656,-220739.6386291504,31.129584341552736,0.1924135767166648
7079,-0.15299226801825508,-99290.4149182129,21.013750495727535,0.25119135500547635
7080,-0.13397394009057212,-58094.430084228494,19.087556030273436,-0.0599752871830183
7081,-0.19674962239564117,-170071.31437744142,27.04640399316406,-0.03462215709438489
7082,-0.09368886744823117,-59920.492407226586,21.206023010253904,-0.4434814279671218
7083,-0.12865405787670467,-76671.69121948243,24.252536945190432,-0.33642306298935787
7084,0.06943393472430914,37592.40613037109,14.335830956787104,0.24809665464030106
7085,-0.15365481417515203,-76276.71459106445,19.048768473510734,0.3034396139018575
7086,-0.11591677019782642,-66728.49528320311,11.551346007080074,0.085159731411897
7087,-0.15062849941947104,-92719.97559448244,15.498898979370109,0.0387228274860494
7088,-0.07752484628616099,-49669.49701782227,18.315066154052737,-0.18810996117446493
7089,-0.11447479432278458,-62630.352467041084,23.702652475219722,0.4583381174965441
7090,-0.5129816812231751,-448978.8196923828,44.88262598217775,0.08797400181004808
7091,-0.08420081212180751,-50485.01803344724,32.526787971679695,-0.36178533933029605
7092,-0.006087332458444041,-3489.527331542973,16.16921900073241,-0.3237693552327557
7093,-0.24506470393302485,-172224.31476074219,31.11988549755859,0.06389110972841802
7094,-0.2944611003658533,-162100.9548144531,39.810660972656244,0.257014775643329
7095,-0.056896988674998136,-35675.590455322264,20.921449031372067,0.2987148527449471
7096,-0.13463790279382498,-70290.00821411132,19.23917903417968,0.4407602881389843
7097,-0.5589878275552602,-314489.699923706,37.165541946228,-0.17756726743532006
7098,-0.10420566717923906,-71195.39111450198,33.042663511596665,0.6912577889529694
7099,-0.3971966073345002,-208994.34922851564,24.38903245288086,0.326933626518673
7100,0.22050224483653105,143433.80501098634,16.360514453125,-0.20865473251459687
7101,0.6007199643063796,328238.9236352539,14.289671002685536,0.2552555952770162
7102,0.004497898295972745,2071.9499047851605,15.25075299633789,0.24919869883353973
7103,0.1559281592819383,96783.70548095705,17.93130045141602,0.33808944110220274
7104,-0.10789027577410282,-80749.03447143556,29.276957458862302,-0.09782204880676024
7105,-0.4712398263271172,-341908.3341003418,47.18799144641112,0.13405975655901442
7106,-0.1878728392180229,-127254.1099511719,26.257280483520507,-0.10214160623653529
7107,-0.27884061813027067,-170739.0406994629,28.218729164306644,-0.0007857581547337151
7108,-0.3191483193023072,-207766.26463989256,31.094732532470708,-0.05289352737848327
7109,-0.3712663866244162,-226254.95428955078,38.14067691845705,0.27026036472023013
7110,-0.4058347345910529,-264015.89481933595,28.2792114383545,0.07632133727015013
7111,-0.08870452228920225,-64260.231555175764,22.10144003955078,-0.2353089358978617
7112,0.004517697049879263,2894.9327954101245,16.72501501831055,0.12214870466843172
7113,-0.7129163673384957,-459783.9545257568,51.54106142871093,0.014303968995310824
7114,-0.40080056133800157,-201396.77745361326,28.313101969482425,-0.014822824875514973
7115,-0.5575229361177633,-320772.3091674805,39.34264293090821,-0.18769738346995415
7116,-0.19502998049335066,-110583.57682861328,26.243740497070316,-0.22040966812082705
7117,-0.07782794611227385,-63467.63949829101,17.978472497924802,0.5838352990398507
7118,0.07218017464627588,29914.4276904297,15.959468006835948,-0.036333085787425466
7119,-0.14516930903458328,-89327.38141357424,23.784881979003895,-0.430801761315125
7120,-0.3601176943427301,-208083.64195190428,32.94164518029784,-0.2776360512127249
7121,-0.28889728751876514,-158360.2683880615,24.63337386968995,-0.03020745834038236
7122,0.5285760284040522,252470.081607666,9.424604974365234,-0.08927493379725011
7123,-0.2406417412293302,-169463.71869140625,34.72359230407714,0.07684035206004972
7124,-0.12242329631741838,-88338.90056640626,25.101042954589847,-0.166163046168407
7125,-0.2301765748713697,-157451.81555603025,22.87563696014404,0.3443383651396381
7126,0.15269603339643134,85482.65413940432,20.11534897119141,-0.08858352545182079
7127,-0.2007099253019104,-127549.4942553711,31.06374194201659,0.3826472711699223
7128,-0.14551229403582244,-77680.54514892575,20.73827598059082,-0.0460422308344896
7129,-0.07172846742605339,-53279.40786499027,23.561239991088865,-0.14980776437770874
7130,0.2976738918200103,239118.76364379883,15.92450948974609,0.13015828960127743
7131,-0.001072389468629872,-722.264991455082,14.856088454711912,-0.1304649623499778
7132,-0.2033111637086669,-118714.57909179688,31.911191395385753,0.16414597696422523
7133,0.07143296351355041,56825.96295043944,21.472222955810558,0.13819125836476018
7134,0.07258909945132387,36636.98012817383,14.337237010498042,-0.11276520521902238
7135,-0.033842410060176124,-23422.292753906237,24.166795018066395,0.13094961955950704
7136,-0.015204407656090333,-9685.139815673805,13.612139986450188,-0.3590852695443452
7137,-0.22882350330461876,-102244.97923217775,15.350368097595219,0.3712322818204429
7138,-0.05781442005388265,-36955.638065795894,18.476058831970217,0.05291979304829541
7139,-0.695097938991351,-397584.73726379394,42.80413472344969,-0.28093078382524106
7140,-0.312562616611512,-220457.39472412108,37.305066421997054,-0.14369517752337835
7141,0.07663537084941896,48615.85581665038,16.22178905468751,0.20686881014291023
7142,-0.5088998413531419,-402774.0363684082,43.346675636962885,-0.3648502611014436
7143,-0.3348342599411804,-211582.4302380371,25.19140601550293,-0.20473865217559944
7144,-0.09981315837294105,-61429.30882568361,21.243190973754903,0.1830816972431335
7145,-0.3970087994006097,-236130.9686865234,36.949184387451176,0.2099063394662512
7146,-0.1649149100879652,-98840.57034179686,25.547326002197266,0.11265334535982464
7147,0.1550676146887275,82614.84454589848,15.103204016601573,0.4063739131672879
7148,0.04562154912861606,26293.67896362304,19.347101985717774,-0.1599415451353712
7149,-0.08251707233211793,-53600.897971801765,13.551891654785154,0.33307068865858774
7150,-0.17815946982457445,-141775.7987902832,28.80246239416504,0.36326753730143874
7151,-0.5167861817498918,-381368.4100811768,39.98947248956298,-0.156387034966871
7152,-0.22208529633260407,-166270.40016784667,22.51150850061035,-0.013803904367390358
7153,-0.8121657496768191,-512628.8494213867,55.17390347509765,0.254272991683623
7154,-0.03227076940248543,-19369.080555419947,13.97926849035644,0.728253837518645
7155,0.10459970237842019,59969.52516601561,14.446960520019521,-0.0011133796094249793
7156,-0.09340931449156897,-74096.16096923829,30.364185942871075,0.724683753534184
7157,-0.3561579523555058,-116006.40432250974,13.802077937133797,0.030973710322469487
7158,-0.14386031963673812,-91613.14992187497,15.619464986083983,0.12945986297101006
7159,-0.36350807961268417,-225272.87492797853,32.132701510864266,-0.16083367872071982
7160,0.030439536296841443,17671.510687255868,11.956206465209963,-0.41620776558686995
7161,-0.135449018954551,-85265.53470825197,23.418874977661133,-0.29169125763271153
7162,-0.1868068080218039,-105639.56923583984,21.425560451293947,-0.12295508862932078
7163,-0.18669813726415554,-107432.17945068362,19.64082296313477,0.7536916535693625
7164,-0.34341865859494997,-153915.52377319336,18.87587489245604,-0.08080340811419764
7165,0.1201995794953762,54483.2751171875,13.837641426269522,0.09249957280800411
7166,-0.2447983085988951,-167129.4810534668,33.785876614624016,-0.3355726949258938
7167,0.013947773751647059,8410.948186035122,20.786529532958976,-0.19607748801421288
7168,-0.41329170293607376,-268806.4396325684,36.6042219366455,-0.04311623132853303
7169,0.11979409894538508,72112.47844482421,15.990804681884766,-0.20541987624698418
7170,-0.06213877779597882,-39846.11997558593,28.196074963745126,-0.006458453014455304
7171,-0.4670115805197283,-355180.00593383797,44.169524184448235,0.0533123652057422
7172,0.1099157972225628,60380.55171020505,13.273395979980474,0.17773275157078172
7173,-0.8088610219484961,-453734.20332641597,52.76441506140138,-0.05995367909075343
7174,0.025174861167773434,12876.529779663091,17.20622050543213,0.25548796518143685
7175,-0.4009834757626088,-201931.47192260745,33.08845466760253,0.3062807653724935
7176,-0.013768354658185529,-9176.380028076172,18.805006011718756,-0.1477502449055129
7177,-0.36527605850067596,-249638.27266479493,26.140299301391607,-0.007356990035278786
7178,-0.47754672250926555,-284908.85010009765,30.946480991455072,-0.13143376568134765
7179,-0.6588670526553322,-412689.0297668457,48.623037959106455,0.3265354691647466
7180,-0.40998988340461057,-280177.80347534176,31.609553370239258,0.07446691530638676
7181,-0.4029356969652688,-322257.44033508305,34.27624500610352,0.5823285258555484
7182,0.02409743063122869,13647.143808593755,17.248661494628898,0.032908542771233236
7183,-0.22712058597550955,-143959.17525878904,24.232307980468754,0.12908455700101548
7184,-0.11945604855827455,-77828.60033569337,33.824527485229495,0.10789715939254974
7185,0.28167158314862434,183742.44789550782,18.319667164306622,0.22569452105053242
7186,0.0029433431485048596,1740.0810516357342,15.188328810791019,-0.1895231102367711
7187,-0.15005655616169766,-80031.10922241211,19.233854446533204,0.6837005053324801
7188,-0.13619228648128803,-85810.79653808597,26.416652511596677,-0.037863650089305124
7189,-0.35334539306861995,-233462.32887084963,29.67961843090821,0.6926068106984988
7190,0.0633031460825166,35760.22084472657,13.51141100048828,0.021303990418455383
7191,-0.5189171718833473,-320653.3252832031,39.11876049340819,-0.04781732504860771
7192,-0.1925141643634736,-137264.03335083002,38.30870182092285,-0.5681981064739777
7193,0.03738270401234077,20318.184307861287,33.05584002404785,0.1600012883299089
7194,0.5673363659643776,259787.9912335205,11.420413978698733,-0.1714669341835476
7195,-0.3352828044691311,-199271.69496765133,27.599130023132325,0.12790666892112837
7196,-0.022471953030406566,-14739.133081054679,19.120698502441403,-0.3776054826808052
7197,-0.4564541784226924,-350570.001842041,45.086971683715795,0.3652014790645837
7198,-0.3423085344892825,-306848.0670996094,44.57674198266601,-0.2089823612665543
7199,-0.0740038230061644,-44168.77398681641,13.590559908935543,-0.37703100337763606
7200,-0.035628080269391224,-24246.405781250018,18.632967973876955,0.04149325715052843
7201,0.018037441906192747,10320.22170776366,20.718484958374034,-0.12118139958215723
7202,0.14429214271842877,85231.41587280274,17.570454946533218,-0.014729203849654832
7203,-0.2097690174613384,-161697.77544189454,20.684363125732414,0.4431946629563553
7204,-0.25631366353269974,-138757.6541308594,21.85751646435546,-0.15776496138583995
7205,0.11184258463911119,66554.8254382324,18.12330500158692,0.2622832461056522
7206,-0.3148032262615946,-157830.54985778805,25.823833466430663,0.0622304037103031
7207,-0.3855943082514618,-272598.5092443847,45.91094139331054,-0.21304031227205564
7208,-0.5491932995663724,-312363.2344299317,35.93174944006348,0.3478054598339729
7209,-0.24561355243082886,-154485.0314855957,29.45802148083495,0.0952023957652188
7210,-0.1078141725868906,-63178.593437500014,15.447652507812496,0.15278207331925348
7211,-0.19507186340573204,-132636.11962768555,25.452850505737306,0.19522584847449168
7212,0.102210650024037,60052.83333618163,11.636980988037097,-0.4449145112427872
7213,-0.09867450825460401,-53216.7102087402,17.429024948791497,-0.24966481332358398
7214,-0.4663241202088099,-328967.91638427734,34.82164165600586,-0.003937437352007221
7215,0.041766119383532155,24043.27027343749,12.226059915161134,-0.10000907752003728
7216,-0.1206357498769192,-71465.81294067386,27.548345430664067,0.09420097498549723
7217,-0.08189323116899938,-50456.990880737285,17.746734523193354,-0.006810593995330951
7218,-0.013765453518794714,-9105.79036987308,20.41515647216797,-0.18524372608546147
7219,0.04830791231617695,35105.938176269534,22.121301502929697,0.42855322277428554
7220,-0.10328673303120675,-69986.07421081547,16.52585843829346,0.21078902833679045
7221,0.4455810002477006,187843.90029052732,11.291605491943354,0.3168700079029291
7222,0.23006369987030897,119694.4999316406,10.709082492675783,-0.04161565311309568
7223,0.36808908798292284,280165.72783813474,14.973411979980463,0.17056893046894547
7224,-0.35918786299527256,-223643.51732543943,32.80511473413085,-0.19053942087604742
7225,-0.019166528050609546,-12578.511748046905,17.558567688720697,0.518818027886734
7226,-0.5516476044125295,-375521.3587854004,44.54999808020019,0.21871224343540144
7227,-0.06809364460687206,-41835.12532592773,20.47140703479005,-0.2020978748937467
7228,-0.4483626696307588,-189424.6935546875,21.60469797106935,-0.15682191296807974
7229,-0.36816839428000975,-280935.1777124023,34.16837380249023,0.08690096142104725
7230,-0.25754684954126594,-147833.08440307612,25.20384850158691,-0.12412479881050348
7231,-0.3272015366128442,-174782.00041259767,35.026332015136724,0.22493701011987013
7232,-0.5974860286172924,-366492.92416931153,36.78501092639161,0.15815398983360465
7233,-0.2729687880440194,-172411.04514526366,26.951875492553718,-0.042508516863009015
7234,-0.26290667896937875,-146924.90105102537,29.053938464599604,-0.017729168360401674
7235,-0.4074292269777869,-236750.26186767578,34.07364519384765,0.36647147220012105
7236,0.03838252942824779,28081.551818847656,24.84908742077637,-0.050817836453745706
7237,0.023496237569758327,15783.374711303739,19.02418348492433,-0.03325399659001818
7238,-0.37277495406907857,-320505.0450195313,48.04276897387697,-0.17391274755708522
7239,-0.0542935423332671,-32388.93156005857,24.986531191894528,-0.1460997419307565
7240,-0.46366599806480857,-313350.74393493653,38.43943114660643,-0.09087666791204574
7241,-0.46104243801143413,-266889.0851062012,30.891696993652346,-0.11988980993841776
7242,-0.32198384271491254,-225017.0587524414,28.47829633862304,-0.35706332272826397
7243,0.1208981506003222,73714.84411376956,16.590436464843748,0.522645830167172
7244,0.18864452669049137,130859.20781738279,11.955111003662099,0.028916640520146607
7245,0.17970071149347805,77973.48761718748,7.71671245996093,0.3974440825330251
7246,0.02919534821931611,12593.934505615242,9.543485511474602,0.3374532109093461
7247,-0.5400466068386678,-434129.69491943356,55.92534295471192,0.9070829850928004
7248,0.07303525570141511,52030.91035766601,20.445494004882814,0.7815471731941448
7249,-0.5283975179557616,-376790.8647045898,37.679086470458984,0.5118601510457247
7250,0.13703921886217355,79859.66094970705,21.17729296655274,-0.032219488101790046
7251,0.28618336846593423,167402.94607788086,14.869010962158196,0.20476812147204623
7252,-0.3269311435154318,-281783.14815917966,33.28832079223634,0.07787419854964639
7253,0.08167084673981014,38175.86559814455,12.70266456518554,0.01823050776105656
7254,-0.21098099940700177,-158429.1752746582,27.61895097570801,0.028108264203003167
7255,-0.5141983287972088,-355263.52595275873,43.27776907159423,-0.24145777387844286
7256,-0.272757200155347,-182615.4467578125,33.28368612670897,-0.08172577884345139
7257,0.13996143468908143,94585.04412109374,14.587918516113282,0.247405331561699
7258,-0.29051374186620216,-150906.85430908206,21.396276440673834,0.03661931439404839
7259,-0.11403393343925453,-62815.76959350586,22.3315369041748,-0.1450970300624292
7260,0.20942300159808652,104353.48434204099,15.69889704296874,-0.5593565420201437
7261,-0.5454310465401465,-405748.3617590332,50.08519846789549,-0.09037675798010569
7262,-0.21717703067624025,-149421.60521240236,24.276223028564452,-0.5922824906366342
7263,-0.020911513255513794,-13191.801069335954,15.600369916870118,-0.48015042083188064
7264,0.6701881268277302,313126.27999877924,10.05637045605469,0.42664271694983175
7265,0.043845173128320244,31612.346351318367,18.765424002441403,-0.22201713163129083
7266,0.09541187087273122,55831.90532592773,12.160707012695307,-0.1875607647197565
7267,-0.05317297953527542,-40077.08950805664,35.50515054357911,0.03910506340365216
7268,0.05262218140342934,35823.69605834961,19.15955754345702,0.12757539655618516
7269,0.2404733895797172,169284.0593444824,30.602156530517572,0.057055618980479846
7270,0.036475856766091934,21824.97035400389,17.284185926513675,-0.15365767303409386
7271,-0.3925241334328174,-281273.7045526123,44.47550496484374,0.23281642488311252
7272,-0.08146477880524604,-53540.18810424804,21.58376446838379,-0.027889142036967993
7273,-0.023130127883698524,-13068.064500732406,15.01792249829102,0.3697623987875541
7274,0.41092973531054533,189795.23796752933,10.695406957763678,0.2345993643414485
7275,-0.2548927223700916,-107686.88254882814,16.88075582922364,-0.13719892428890598
7276,-0.23946770842347342,-127140.15002075196,16.858415475219733,-0.018471036201017175
7277,-0.05823610293774334,-37689.349558715825,15.381375954406742,0.07455776588064908
7278,0.10677904326144833,59203.620241699224,14.497548486816406,0.08940702960392061
7279,-0.07278901319921632,-42619.46885742186,25.187880465332036,-0.44199200771526215
7280,-0.07874486658840571,-40848.719520263694,24.837492483520496,0.46525533135030417
7281,-0.4681255392544032,-358767.1801269532,49.508020018066404,-0.266545030029777
7282,0.473746375213517,203492.7313964844,10.392520479736325,0.10401679615339181
7283,-0.10060218410665753,-58060.92005371095,22.1380409984131,0.29979053421986174
7284,-0.11250924569552478,-57915.46194702147,17.18813716467286,0.06177669269665651
7285,0.007500954602680319,4486.591708984422,16.8314569987793,-0.2796548803262266
7286,0.11981305012283908,64815.39427185055,17.912205487609864,0.08640064023135274
7287,0.1305665539075159,59616.99061279297,12.751302458862309,0.2628837128964626
7288,-0.35428327227414375,-251654.49885192869,42.05596236578369,0.06515016351507481
7289,-0.25237511127219214,-145838.785491333,34.67182753771972,0.3711534620839487
7290,-0.3148724349054202,-165155.6607067871,26.271779022399915,0.3501894826212889
7291,0.30980593716901217,153817.7892907715,8.354778986816399,0.24586158216410747
7292,-0.4214295094475411,-233539.61770751953,25.98504278833007,0.2046832177511511
7293,0.013272298545719652,3451.0300292968896,8.114500489868165,-0.2812304032101658
7294,-0.22650033806749525,-160440.42053222662,35.45276303381348,0.20138723442998488
7295,-0.17475806104785574,-85192.20027343753,24.06510899511719,0.33904932757657386
7296,-0.42976927674988835,-328717.32006469724,41.64740151086425,0.34316877677406155
7297,-0.09449564680014455,-59907.72139648441,34.80489654577637,0.3986180390787109
7298,0.3466636169188616,202960.92180175777,17.416315019531257,0.2919425453478573
7299,-0.34736882822856807,-233675.54563598635,32.505714522583,0.1843972499577045
7300,-0.4178383981796164,-247554.99609497064,31.1337475123291,-0.03900815717680248
7301,0.02207951602251168,13272.97821716308,21.5474934897461,0.433682365899512
7302,-0.45497517470199655,-309354.3553137207,36.45876001135253,-0.038439220982111846
7303,0.07899688295049258,35920.338424072266,14.869818952880859,0.11594883467728037
7304,-0.3812207514152067,-268152.73533203127,43.68136938342285,-0.4186679958679459
7305,-0.29632465036685884,-200746.1445971679,33.60280845458985,-0.036935741320860686
7306,-0.2237316726122231,-122381.07989868164,23.461408480957033,0.25175627426123975
7307,-0.335839072884365,-204919.89839843754,28.619103442504883,0.12227037369160183
7308,-0.0013764935553138087,-825.7042846679688,28.768851477294927,0.0060783018716378395
7309,-0.3400839012192589,-172550.62374389646,21.998442381225587,-0.06857367960866194
7310,-0.33024897754729354,-277516.9456762695,38.35674802221679,-0.2531045575464362
7311,0.20415860329545038,98706.8807421875,10.753998649169924,-0.32112759895578913
7312,-0.014074683198624137,-6287.528916015624,14.481781497802737,0.35871853036195606
7313,-0.22131509724823467,-166882.02962524415,27.852130945922855,0.27219729621635574
7314,0.10021286331792333,61606.528172607395,12.919489492797851,-0.19087838136090166
7315,0.37636564768258257,147769.0396862793,6.549393494873051,-0.5520348949538727
7316,0.2223457761901989,130789.35150512695,21.39094482250975,-0.09696851950460576
7317,-0.3282627145875362,-152509.37553588868,28.148494507690426,0.27590621947972
7318,0.16302047244302553,78545.81080505371,13.815394428771969,-0.18353164462100457
7319,0.27182485579207644,153424.61942871095,11.647647972167958,-0.023487533554050442
7320,-0.5836822373320132,-237843.9579089355,26.262416825683598,-0.18924910063245698
7321,-0.22371575976624564,-119997.28147094726,24.99967899047851,-0.23860010997067463
7322,0.045609873751541886,31422.792023925787,15.702340000000003,0.1286482439107723
7323,0.16941393642803546,107296.36518920898,17.112234990722662,0.016049216957402503
7324,-0.09223785842936116,-61803.699423828126,20.822132436035155,-0.17834716188816674
7325,0.010637562679387102,6570.393613281238,16.568369044921873,-0.36805365162411313
7326,0.09534595887415649,74435.11024475098,15.938824020751962,-0.20755861731280464
7327,-0.22849673216167707,-194682.05965087886,23.791105991943358,-0.08860101249224732
7328,0.14403653269765332,84489.61038757325,16.83599797485351,-0.2377261911632476
7329,0.005178500735484699,2647.713748779315,22.19398607556153,0.5482995778264049
7330,-0.0705868576261254,-42517.6906555176,22.066706542602542,0.16058125721504962
7331,-0.39214237407600455,-281019.62203857425,33.25534398706055,0.10870100538675746
7332,-0.14596572622199178,-97372.80490600585,25.30968997546387,0.29135395072908554
7333,-0.19103379138207857,-128790.11092163087,17.922869473999018,0.18422105157503896
7334,-0.09443986619216917,-68390.7870727539,24.937737970703118,0.45302197351929235
7335,-0.10806100181298477,-60606.60303588871,19.455751465087907,0.1646626715417685
7336,-0.07361238123445778,-38041.83905761718,18.304646934082033,-0.09416130929656841
7337,0.18600068031829675,66105.6893701172,8.291531489746099,-0.06405068460277696
7338,-0.2767080305415026,-150795.20489868164,36.18935850134278,-0.411135574773923
7339,-0.014966969086141478,-10617.787412109421,25.078506446899418,0.060704098464997705
7340,-0.3929414011722599,-238573.8414575195,37.234672498901375,0.35947155200606173
7341,-0.43124229837062583,-313823.0632836914,43.21423685192871,0.007553025525624789
7342,-0.3552517755273555,-206375.42588989256,37.877935569213875,0.10750058525848331
7343,-0.35262219198882033,-158722.87462158204,20.71425242749023,-0.37332368427634866
7344,0.06087542857900068,41675.946939086905,18.75748700805664,0.1880947832428086
7345,0.05461708086084826,40244.40775207516,18.651905972412113,0.5016956257047595
7346,-0.5525863498703101,-391882.6048059083,54.037621984497065,-0.2001227458577031
7347,-0.022704658294072165,-16634.442026367204,17.257341983764654,-0.07210614496152988
7348,-0.347349289659427,-244095.66989379883,32.24477156982422,-0.02350090481894605
7349,0.032698387975366616,19883.82567382812,20.48210049096679,0.46177876484755326
7350,0.17163244360646468,101732.07456909178,14.71848498474121,-0.3728101476211708
7351,-0.027754744673392954,-18070.070216064458,17.53067502246093,0.1013448757449625
7352,-0.6048498020515545,-422421.43166992185,51.011242541625975,0.0659178593326501
7353,0.03171464193758506,18693.9505609131,19.445797454284676,0.3127362857917042
7354,-0.3947853802352236,-294906.50536132813,38.153328010253915,0.056863634282781544
7355,-0.006809448553830914,-5327.275724487292,23.41107312811279,0.025159020058698873
7356,-0.014544835658187719,-8786.397902221695,13.93735385064698,-0.3565426220865474
7357,-0.2799117691604106,-191922.0747265625,31.248199508300782,-0.3762675607170967
7358,-0.24046789312763525,-184465.24522216799,39.79108052026368,-0.14292892786858738
7359,-0.08974759780662124,-47914.97136474612,14.691803945800777,0.1668931400960853
7360,0.4082086813167397,178504.4445458984,10.538592973876954,0.047496454746953645
7361,-0.5319374586649762,-421364.4739782715,46.487187379272456,0.07298387820252918
7362,-0.005864720937809218,-4074.211075439458,19.643253003662103,-0.31335638996210885
7363,-0.5566237447377466,-376476.59954467777,44.86866797155761,0.21731335170443536
7364,-0.08646489964246051,-41664.920302124025,20.63630403088379,-0.11058068355309705
7365,0.12832574059611848,75406.45233764648,19.4048564885254,-0.10851407247574588
7366,-0.29102192653907244,-167037.04975708007,31.19221896569823,-0.17453895240928513
7367,0.047528031247901906,32025.26051025391,20.595055992675782,-0.15419852632079753
7368,-0.205801709042973,-109805.9020184326,18.147396611938476,0.020589652901355494
7369,-0.2534361697679093,-160964.87853149412,39.53652495190429,0.10784144918985648
7370,-0.14973479810581944,-97583.87333190918,31.58838464416504,-0.44220927062402987
7371,-0.5314840829612714,-359421.2973168945,45.85628570642092,-0.1759494218013049
7372,0.31964937562935536,202435.06204223633,11.11332499877928,0.23475016710052418
7373,-0.4113687643393931,-223413.2826940918,24.16102073809814,-0.36460165101573816
7374,-0.29200455632700445,-204822.09646667482,34.6429519921875,0.5893710225156303
7375,-0.5310891433084887,-385460.1750146484,41.43421749316406,-0.09305621147961117
7376,0.6270436580640022,444271.83532714844,16.73979099877931,0.14033591352175248
7377,0.1492164824977305,119776.67758422854,23.322260984130853,0.08854087960986078
7378,-0.721219707656162,-546984.5622937011,59.36905921228026,0.3990826434944139
7379,0.1009256708646663,67912.30635864257,23.962101490234375,-0.09089658638042039
7380,-0.24481653087096003,-149195.5621557617,29.934245342041006,-0.06127412404260609
7381,-0.23850623524373113,-167169.7150305176,30.844942984130853,-0.27265074831766883
7382,0.2488426600540943,148698.650022583,13.814065657043445,-0.5234571537409285
7383,0.0628831301684252,39293.36305419922,22.720473007080084,-0.18700956024293627
7384,0.04941982069612723,35198.30011596683,17.089917488891608,0.264276960367806
7385,-0.18880791690558826,-133946.54497802732,27.40335348645018,-0.04464313801487403
7386,0.4336036901893836,246502.43934692387,13.691972021972646,-0.2616847260388059
7387,-0.21416216400447544,-185335.5313189697,28.212906009704596,0.1696525934707414
7388,-0.20359655831633555,-156152.57935668947,20.49574898046877,-0.10561650853197538
7389,0.006466432945114244,2978.2302966308525,13.051206465209964,-0.2295802050455969
7390,0.05564431687590744,32072.87962646482,14.743308272949221,0.29974181266228533
7391,-0.2876455411082318,-131773.7822302246,23.572991193603514,-0.8511800489984316
7392,-0.10079819789423569,-55058.73514709476,29.62224701269532,-0.04751351753220998
7393,-0.41421990389652596,-326333.88727722166,35.87759670623781,-0.11184533228724637
7394,0.14335719569094493,102503.47372558594,30.164087638183602,0.03205943170587108
7395,-0.5706961764540592,-312448.24123535154,33.92730758300781,-0.03301690230465081
7396,-0.12625001871193325,-75772.86372558595,14.821007820068358,0.5104778953892558
7397,0.29010877720064127,151240.41731201173,11.329892509033206,-0.08178437279914999
7398,-0.44944272626838006,-235942.92285766604,27.087968265258787,0.032202921397979235
7399,-0.2767828663925404,-178067.70002807613,30.3225710447998,0.16645624927361638
7400,-0.2922773134996126,-194444.33465942385,27.44833050598146,0.17793444965702399
7401,-0.3061884811452711,-200274.84724731446,35.92674088793946,-0.17619613571519027
7402,-0.49756765538403447,-258182.01399841308,28.9161889352417,-0.21487602268654718
7403,-0.39342946012981056,-223576.91459350582,25.135471958862293,-0.1506224770772896
7404,0.06627546845724598,42405.287452392564,16.789705502685557,-0.0455627847843706
7405,-0.24816573458601837,-125074.30569213867,24.101398458251953,-0.2458050568484444
7406,-0.3402658425743848,-230667.93024719233,29.284039996887195,0.0036120254648023277
7407,-0.710801483042082,-391125.14951293945,40.974506488159165,-0.12385705763510345
7408,-0.5343051358119084,-303238.3624255371,35.92634952844237,0.17933539650742866
7409,-0.04199628738760805,-34643.926481933595,26.296597334594722,-0.2827029403636562
7410,0.13432380930158377,71835.85003723143,14.176850482910162,0.33207427206932666
7411,-0.4150498671984124,-239615.40702514647,26.548042192749026,0.05361260902841186
7412,-0.11409751720676405,-77310.55533935547,28.475909470703115,-0.3161077562398893
7413,-0.1514215789955119,-105161.51067749024,28.826840942138666,-0.3322350131519237
7414,-0.2566679381416822,-157809.17070068358,28.795363483642568,-0.4698446862493281
7415,-0.425263163462666,-317640.0273498535,33.71582974279785,0.1797702258531774
7416,0.03828505403022266,16402.820173950182,13.687915991882315,1.0156629944868447
7417,-0.3534575069875831,-272789.93011596677,54.03289753491213,0.041128205194026886
7418,-0.28455823596421,-216584.1348400879,27.834435485473634,-0.290201476321502
7419,-0.1227197788138105,-67533.79479492188,21.59605749670409,0.23150739033323092
7420,0.0054262880052213126,3391.885480957004,24.201216825927744,0.05031517079236003
7421,-0.15212240181441333,-68432.7685546875,13.733834997314448,0.15796123142088292
7422,-0.2918617654006454,-184633.00435546873,28.71125296191407,-0.20352981843844664
7423,0.12588076961870623,56583.47380187988,10.287812482177735,-0.15103080384388157
7424,0.0905065546047325,49367.13450073243,15.121571031494135,0.1016119699899279
7425,0.09338361733719484,46708.00423950193,11.808002015136706,-0.06712579991266991
7426,-0.19132825639305634,-98152.74520263672,20.090366999999993,0.5107006694310983
7427,-0.4969809438308084,-339990.7945922852,39.22582760754395,-0.47136421170798826
7428,-0.24725878687424904,-200752.90472045902,24.84644897399902,-0.1787516425717105
7429,-0.14487297291080614,-137359.11945190426,43.4608664534912,-0.3169138167995821
7430,-0.4265858128224674,-336214.96459350584,46.03109697949218,-0.11170163728620448
7431,-0.11507379939919928,-82166.73054931636,28.102993500000007,0.22723022997253908
7432,-0.0038355547229593366,-3221.850101318345,20.927567988769525,0.27321269247832464
7433,0.2807316119206113,147096.54056762694,18.32545493273926,0.1668244678704917
7434,0.242486145013803,148785.47901916504,16.82136200366211,-0.5348036334945538
7435,-0.37246943380047076,-280171.61532836914,31.869282055786126,-0.1170840260011063
7436,-0.10854231661216009,-81520.22534912113,32.28283796520996,0.053859416376039485
7437,-0.16925420605566768,-101052.56726379396,20.355856917053217,0.49096648967158757
7438,0.1465344829528205,76510.12026367188,11.584698451293958,0.10067174948538117
7439,-0.15512369180420013,-88573.9676538086,25.017089181152336,0.2249116712799785
7440,-0.4649711726394748,-236813.90951293946,26.813798453979487,0.06408287919441104
7441,-0.12861919646252465,-73762.1198919678,22.048248981018062,0.05686894641305008
7442,-0.2996940079505391,-226960.61926513672,33.44149491430663,-0.033562660886023166
7443,-0.410068547956885,-271870.7243994141,34.354422447021484,0.0551693784383972
7444,-0.054146864230435576,-36775.36101196287,25.664801072998046,0.26448831135201073
7445,0.12689711394754571,83550.38448242188,23.692009028320317,-0.1860634640399025
7446,-0.18698720182383663,-140250.9096032715,27.195978002197275,0.512770419336551
7447,-0.15913950187168008,-95434.94462890623,24.30982151330565,-0.06114520227155457
7448,-0.1371717481988209,-80540.08458129884,22.85006797412109,-0.24331466268398266
7449,-0.17263106737696784,-122074.2880096436,28.23720560778808,0.04347304335129292
7450,-0.17968476226955657,-125386.63205688477,33.23453146923827,0.23327798703832908
7451,1.1417232645945825,618050.880888672,8.291531489746099,-0.018994695923084202
7452,0.10291886441661882,75394.15415405273,26.73920751867676,-0.07471223468630817
7453,0.07482187601707878,41703.9405529785,12.3188595032959,-0.06712665564206267
7454,0.09565413699937765,60727.513953857415,34.567531961059586,0.03593443477549095
7455,-0.030399610276594168,-24044.225383300756,23.115122524291987,-0.17035592485282053
7456,-0.39221367683890007,-296633.5042260742,31.735948979736317,-0.21065899391949863
7457,-0.12874998564311627,-80066.83970581055,21.18160147875977,-0.40203348662186367
7458,0.31277440268009443,216524.73885742188,16.24725100878908,-0.2375119610724172
7459,-0.25266643170645664,-165636.54800903317,23.2872119013672,0.5789607353451758
7460,0.0499685072348711,36047.643059081995,14.186813705810556,-0.289254941864916
7461,-0.5025539480680273,-325817.6026318359,37.98057623571778,-0.09524597509350083
7462,-0.05680728788591144,-33069.325681152375,27.303565997558586,-0.12076313533121591
7463,-0.598969234686767,-369004.2772241211,39.831853901245104,-0.3989081043201912
7464,-0.09062505091063215,-64498.45577026367,23.14412197631836,0.1595679121018166
7465,-0.18152123616291932,-123939.97498535161,27.510902510375974,0.3422353412021553
7466,-0.4505133213507922,-330378.4119128418,39.09660569482421,0.1186138109976256
7467,-0.08185203754498305,-57728.60151062014,32.3486134086914,0.24829101350078495
7468,-0.3799605446840556,-226396.4359106445,33.79398105126953,-0.19852166751204564
7469,0.04109186962807429,24975.34955810546,18.578419588623056,-0.4935937932634805
7470,0.0471865853936788,27241.0748522949,18.301367012207034,-0.03730415662138407
7471,-0.14482875188638844,-113301.74274597169,31.434032259338373,-0.32269353851591176
7472,-0.45384214079329877,-333680.66859375,38.926103838867206,0.1535469959024388
7473,-0.34770700495902224,-211201.66519775387,43.354029497070314,0.10907531855169351
7474,0.17328848027306187,83165.61759033203,19.483207009399415,0.3322167376907957
7475,-0.05984443232576867,-38181.934250488295,22.600010486328124,0.12372814479282293
7476,0.07373752371407337,51822.123944091814,16.82191599072266,-0.04732559248651166
7477,-0.15375037538832262,-79010.73958129884,19.999932946411136,-0.41816680579994897
7478,-0.31781530454398693,-226300.9416088867,38.488150614746104,0.12835070863053052
7479,-0.2849863981428313,-207947.33227294925,30.480739510253898,0.062353173949340854
7480,-0.3549818359851606,-224629.06433227536,28.359217478393546,-0.4141102942211236
7481,-0.10440752496134442,-58659.299632568334,23.227458476562497,0.25070655786548196
7482,0.23585390328031042,167542.03087646482,13.887672830566414,0.05664553089795881
7483,-0.29618711351374505,-172239.85056518554,29.868495059692368,-0.23368833488325913
7484,0.5754877973337161,327187.14484680176,11.571102993896487,-0.18878464148774485
7485,0.19767943256985515,112805.56830932613,21.218629802978516,-0.1704267021778965
7486,0.3257488563689427,120243.42999755859,6.387335028320318,0.44635428278912465
7487,0.13376407723583025,88046.21164978025,25.75101447595215,0.011684963840158083
7488,-0.429218904150524,-331148.0819018554,38.503330985473625,-0.004254631617739168
7489,0.06578343657764112,57801.30096923825,19.758364463500968,0.4969007803172988
7490,-0.24436540168236967,-125383.73998413087,17.141981516723636,0.00013460294870498582
7491,0.10610334439295543,59538.9661376953,10.250709986816405,-0.4613417070465871
7492,0.2651161864563255,138244.17753784178,10.717086008911124,-0.3822732014840794
7493,-0.17189175440679816,-115275.17993408201,21.31835500073242,0.163832329263168
7494,0.26581763466206126,142976.3744537353,11.93173572448732,0.2801446452221583
7495,-0.34802500484114146,-251240.03842041013,33.264870858398425,0.43191548441283156
7496,-0.04901911686408185,-25764.510593261693,18.312091014770512,0.3209195484795267
7497,0.5362818914358478,254119.26045288082,13.923745491455076,-0.3522584404911811
7498,-0.17835344599603448,-124865.67104980469,33.67341348364258,-0.08109169431378282
7499,0.3066578516910089,187594.42042968745,12.925639935913088,0.17734092505793636
7500,-0.29217597569824466,-202372.71021240237,35.03177047241211,0.07135443972481134
7501,-0.12276015364227964,-92668.17509948731,23.032791523620602,0.3726969410376724
7502,0.5476460236759035,215144.39041748043,12.337938491455093,-0.3388443617550819
7503,-0.12589356235212618,-83115.10525024417,26.05545498681641,0.4446065112256966
7504,-0.04747725045348069,-34048.97564819336,28.754871971069335,-0.16187002251598676
7505,0.4452065661159154,314642.6907409668,15.625266007324226,-0.014716769218461578
7506,-0.2877021811677408,-183650.11555786137,28.119733533813466,-0.2552814298747993
7507,-0.18197734915430264,-70086.03436645509,24.077210949951176,-0.4038240791895769
7508,-0.5844283490311093,-468243.15639160154,59.16933202124023,-0.004840145592191025
7509,-0.4593282217332089,-298380.8032714843,37.42002000927735,-0.0872765758618817
7510,-0.30898770944967663,-197863.61049438472,22.67246203479003,-0.05371366718228828
7511,-0.2794195355192692,-194399.9704467773,31.58371007666016,-0.1967719926136097
7512,-0.2738569583062767,-94006.24061279297,16.058841531494146,-0.40824043475689226
7513,0.23164561904072548,101387.21464233397,8.223154024169919,0.2870304582652401
7514,-0.24191712930516926,-148274.84974487306,31.980068988037097,0.6382987939914263
7515,-0.4482214115915602,-415801.23424682615,54.80926041271973,-0.0899606978959339
7516,-0.6287581778129591,-536542.1202941894,56.52883850598144,0.35573415439996836
7517,-0.7002684972633193,-469629.3318200684,53.04575517004393,-0.07335150728341394
7518,0.1890206834412459,100510.43071899416,11.113324998779293,-0.47615699918864485
7519,-0.071725171422879,-45919.09908325195,19.07233337512206,-0.16857765362272295
7520,-0.09143716746582513,-38750.29279846191,21.75876896411134,-0.00899987065776373
7521,-0.21115904909029692,-120152.2658428955,17.951021587463377,-0.0075259577471233794
7522,-0.10356863201347628,-70463.16855224612,22.40924627429199,0.17954083155826878
7523,-0.1792518306069033,-104436.5949963379,24.377843494750977,0.2094732811937659
7524,-0.04711625182013556,-23670.984743652363,19.77859948779297,-0.07088937246928077
7525,0.03568386823192279,16561.827200927735,13.557022674926756,0.08318073472499615
7526,0.04260924010318665,33218.94026245117,20.848431965332036,-0.05004806782857358
7527,0.2473190356419154,140852.09267211915,14.10726002392578,-0.1365056446143743
7528,-0.06979991736502267,-44098.17431640628,21.168990968139656,-0.015514307089883836
7529,-0.19077331543723772,-115778.8500994873,26.888308488220208,0.1797935141588868
7530,0.29328804158428895,159825.0161218262,28.582491003906252,-0.36818930693449786
7531,-0.575842939811541,-462783.0993389893,54.13301140515138,0.07764753237881393
7532,-0.21056516337919776,-107359.06324707028,26.733755059814463,0.037691344843068686
7533,-0.22723037411086547,-131748.74404724123,22.12444796044921,-0.2756421986554736
7534,-0.43441297230589226,-262154.0553277588,34.22379223309327,-0.3164046159616916
7535,-0.4948362190820163,-318570.05102661136,37.22365413903808,-0.07460658406419701
7536,-0.032789011642568436,-19100.67522827147,18.64666002075196,-0.11554404509095045
7537,-0.6088050672618331,-394449.60116455075,45.71458514819336,-0.17473478175723706
7538,-0.030688806549198127,-16805.432502441377,20.240075530761715,-0.4199212379884871
7539,-0.15799153468909355,-104204.46411499023,29.697420884643567,0.2493535410548591
7540,-0.5030935927165984,-301567.7493890381,30.963716423522946,0.26938322320879865
7541,-0.04650848600910321,-27564.193859863284,20.283456488525378,0.4268265315393431
7542,-0.31227051327835625,-136787.64723510743,18.37655070153808,-0.2685156915386191
7543,-0.20642497312831531,-119238.5857800293,22.816751465576164,0.10562971573888265
7544,-0.40287577372818045,-318400.3557067871,41.40350754943849,-0.11028992767449096
7545,-0.3443824220690034,-212520.099855957,46.88392093652342,-0.20910647369083973
7546,-0.29797968265373737,-186915.67916748047,24.620742212036138,0.48452658367932977
7547,0.1464219874265826,90378.6898376465,13.104917986083976,-0.350277937955928
7548,0.2080058418311107,136002.86429382325,17.691216538696285,-0.0358548300524306
7549,-0.35414970992863165,-217573.86365600582,34.1460103737793,0.04431040556248896
7550,-0.5197181544649877,-390007.2954382324,56.35827749645996,-0.15297663616870882
7551,-0.06834769433557102,-44414.69428771973,27.933362972167963,0.059717181244801236
7552,-0.002798509959779728,-1504.4051416015718,18.842282000488275,0.07010328158435619
7553,-0.1606264276367065,-121172.29075073241,18.140101087768564,0.009687235806738182
7554,-0.4612357759235128,-415064.46455078124,54.85489001623536,-0.26910860835807954
7555,-0.3688687741944269,-242991.14424682618,44.154420891723646,0.12673772739714864
7556,-0.25943247776214406,-146829.58533935546,28.486306998046874,-0.23324277315525416
7557,-0.18325132782963868,-134655.0749871826,27.60775794647215,0.5436501116462229
7558,-0.3921260623940379,-192247.67039062502,23.56011604174805,-0.20092650328691528
7559,-0.09193870562406868,-62616.710960083015,21.1583674595337,0.16251819182539468
7560,-0.21490378220785042,-113248.26826660158,18.705867368041993,0.27293632847937144
7561,-0.49944477062605297,-338064.352545166,39.46326977514648,0.48848558138758225
7562,-0.04025183361433445,-32829.918300781224,39.24206749243164,-0.017270325891086246
7563,-0.04346516558970848,-32046.280634765688,29.80148205651854,0.4786005743346889
7564,0.30133535088791225,148197.50690795897,13.915247467041016,-0.17176178522454813
7565,-0.023614142571456474,-19360.13632568359,20.41310843457031,0.12272899587917228
7566,-0.07989763523195245,-43425.69045898435,20.002755456787117,-0.0011895278880504408
7567,0.29474751327595905,138269.79396179196,9.441581013427733,0.39259867332374404
7568,-0.2488045114501058,-197459.31453186035,19.868662944885262,-0.00302790084192893
7569,0.042209935541068735,24756.386170654303,17.580546490478515,-0.38964102663362526
7570,-0.380385408754688,-206722.3198583984,26.259649472656253,0.15075524265376505
7571,0.11722892210849566,82895.98904418945,17.36594499389649,-0.035699182746702966
7572,-0.17676889062478301,-87682.03460693356,24.049122460327137,-0.5378698967879988
7573,-0.3922821561551573,-189210.205213623,27.607105481811523,-0.16794303935718796
7574,-0.3862423286295456,-291052.1991821289,35.46367141625977,-0.13366574954171004
7575,-0.8645865313093613,-375117.1981005859,41.59706950122069,0.027386505674420872
7576,-0.15132935409220988,-83850.61055908204,16.966648988891613,-0.07037156617721464
7577,-0.5906115982926222,-287242.20950195316,40.78769842993164,-0.029247325538604246
7578,-0.08843509223738846,-57791.45940917967,19.580590920776363,-0.18715171120179117
7579,-0.13435376789908896,-88669.43461914061,22.91460546679689,0.2661892223310556
7580,-0.2960414839560057,-165914.169251709,28.176630942871085,-0.14191641438538816
7581,-0.3600463040463281,-207436.31399169916,27.65299791711426,-0.32793835046346376
7582,0.05104755278245051,26020.340371704122,13.814769981262204,0.05714982630127271
7583,-0.40342885820231683,-276281.75061401364,36.14050755236817,0.30207724010809855
7584,-0.22343259818282735,-143237.83525390626,33.71914402636718,-0.7000803224385208
7585,0.13870816795347046,80338.53420898438,13.136791490478512,0.2315127890413256
7586,0.1940122157060383,99259.15500610354,9.704286478759768,-0.11325266171131682
7587,-0.0679640193198496,-42910.87461547853,21.74206793249511,-0.10597165383806638
7588,0.32612092979710366,121218.76798828125,6.031237036621081,0.28153337108510734
7589,0.12654467432037583,82169.05502929687,19.40485648852539,0.0156200106397387
7590,-0.12779270383466593,-52267.0505065918,18.81629553784181,0.03169788859508712
7591,-0.11102611372040472,-59472.28653747559,12.614873499755852,-0.5260276768811918
7592,-0.06654850303603754,-38354.428518676774,14.79951646081542,-0.5347003528525983
7593,0.2872764845122685,171515.6894934082,13.67029947302246,-0.25868000003911423
7594,0.24709145799771207,136418.52454589843,14.728556372314458,0.05078691453872606
7595,-0.39116437157146106,-315449.4951513672,38.98632453149413,0.2950716174419232
7596,0.44870024023045574,319853.4994946289,20.584324963867186,0.37235890602257393
7597,-0.35679019505554876,-221012.45400146482,30.62366789196776,-0.1222350424759205
7598,-0.029867801289603653,-12727.584962768582,12.58896198828125,0.8825876870379953
7599,-0.08246441375762145,-51200.33047607423,19.191643991455074,0.07867450732255477
7600,-0.20762732996981131,-159592.70933410642,29.463760501525876,0.26814802660206066
7601,-0.14617917416160373,-87938.30538330079,26.304040547851553,0.3196347798907828
7602,-0.4054765669931229,-351267.035267334,46.66750001989745,0.29305289305916243
7603,-0.23644773936897182,-136611.59664672852,20.61468265734863,-0.001178846100741497
7604,-0.2023652338588662,-117526.23087280273,25.116239015136728,-0.41869978051273815
7605,-0.1996811477953715,-115126.28183837891,18.54821744543456,-0.06571381782259432
7606,-0.8092643078132102,-586329.9607312012,62.635775581665044,0.38808954707972315
7607,0.14785574785808867,66589.0356286621,10.299862920532224,0.1795404256632854
7608,-0.4021783060943075,-292016.1279821778,35.48011834594726,-0.30343978082901985
7609,0.08652675774713106,39760.86276977539,12.822209991455088,0.18052676449052704
7610,-0.01968375321194302,-8712.209298095724,13.959935446166993,-0.5494310414918188
7611,-0.45806387413954985,-422893.013392334,50.03968535632324,-0.08695438628597435
7612,0.07058251397744811,41603.264746704095,21.288307950622553,-0.13204945689762757
7613,0.002681891128706145,1319.4603137206868,15.95412849133301,0.012947209126676705
7614,-0.2674192722605049,-179777.35984130861,28.13709898278809,0.001741952979501487
7615,0.229936189108662,161781.65090759276,11.828031010498048,-0.14644046848494927
7616,-0.28247205530688996,-197715.7997106934,24.498846961791987,-0.06691669922073977
7617,-0.33117786081485684,-172640.48471862788,19.033200487976078,0.095029954177994
7618,-0.06007060331570279,-43943.028756103566,33.116683984619144,-0.5508394248597718
7619,0.05558129982582885,37864.12546142579,20.177701502319344,0.4531773108656013
7620,-0.01993984946054414,-11481.437796630853,22.5085209416504,0.3272195099010462
7621,0.38757954653518234,142432.08546508788,5.7831064796142515,0.09389151950882482
7622,-0.12876987467583398,-78605.45997680668,36.61740503100586,-0.39034519500680587
7623,0.27991422648309683,203258.85564086915,12.431590021240245,-0.4169847390187632
7624,0.5774242197289319,208028.69954833985,6.272461011474603,-0.5796300769012553
7625,-0.3747257538483138,-252991.21219482424,34.714565251953104,0.3587553125753469
7626,-0.048512511584261425,-26897.05507934569,11.782130450439453,0.380988022484856
7627,-0.4845908165748459,-318045.9586376953,38.90929387866211,-0.06794585690407315
7628,-0.4772510945244842,-445688.5451110839,59.9724255015869,0.25134757291626614
7629,0.274991116502224,126247.46488769533,7.478652002929687,-0.14643902474005452
7630,-0.1537033240393128,-105232.96018920898,21.229898463745112,-0.25619402560502674
7631,-0.39562095852013046,-242050.28558349612,30.599702534667962,0.012779703291879033
7632,-0.07398040150404026,-48095.36728210453,33.45220418469238,0.042098117275473246
7633,0.009186602380838342,5716.25417114258,24.475901006347662,-0.5379331977381161
7634,0.18674390541346564,77432.0205126953,10.004749960693356,0.01684539710328217
7635,-0.04826127685409114,-32956.84040283202,24.52104551013183,0.05782409247061219
7636,-0.009493463728302958,-5396.454696044937,13.843149488159176,-0.6238199702482412
7637,0.18975817910415324,111631.77555541988,14.683677980712883,0.022192151037752586
7638,-0.31881190848611723,-207126.30071411136,26.89976555334474,-0.3219230593319483
7639,0.21848489102727653,169568.155,13.602669497558592,0.13821534134612903
7640,-0.08042347750992238,-60554.51978271484,22.68378197729492,0.38459271914285814
7641,0.492648027820638,258486.09059448243,14.592919854614268,0.23024365448512196
7642,-0.06458217296188522,-38611.68868774413,17.212011298095703,0.10322493773091682
7643,-0.41320868832251284,-306637.7445874023,33.08908945861816,-0.4000630596617796
7644,-0.17423999342566635,-74895.72994750974,15.244382484985353,-0.33285352722235156
7645,-0.03991715695734452,-24495.554910888663,19.442768990234367,0.08480855395624887
7646,-0.17710009985996814,-124936.08683837886,21.34832799548339,-0.008755310493630913
7647,-0.020306662265434667,-15111.75054687498,19.40485648852539,0.390796051227735
7648,0.28229451595913935,173981.36460327153,14.426862999023438,0.0750050281079482
7649,0.12725990819838698,75032.9246191406,15.281286494384752,0.513341377394231
7650,-0.29850911961619253,-217200.98271667483,33.83525157373047,-0.07780565115077086
7651,0.0888001334910939,53975.92056030275,22.25757801367189,-0.12646142530691495
7652,0.1567198908588949,112109.58299316408,14.317603479736322,-0.29412644755956835
7653,0.13643005619711204,50873.71207641601,13.226735310913076,-0.062151346437092275
7654,0.028989385936557845,24726.86973999026,21.68191101000976,0.2624483843261607
7655,-0.10861806390460539,-66180.33494140625,20.106260994262705,-0.1848137226110354
7656,0.17372888098043623,59295.755670166014,8.658752980834956,0.31443376081810676
7657,-0.09712344222942884,-62216.0752001953,24.677232507568352,-0.20460115819727231
7658,0.4989555757898382,212391.88102783202,9.03994147509766,0.19736530605615454
7659,-0.19948884217420482,-151189.92777954103,28.905471485351562,0.022414285416318448
7660,-0.5806376838350297,-366545.7665588379,44.35255165466309,-0.22532128991116873
7661,-0.42962487301412877,-291850.7445178223,34.0114994420166,0.18166489838715727
7662,-0.08032773679520533,-57145.07657592773,23.257383115844732,0.2950899606650562
7663,-0.2767589449872366,-160599.5242285157,32.802104440185545,0.16743247831673386
7664,-0.0716515130596073,-37372.40946655272,19.960414971435547,-0.13969822196798773
7665,-0.27247465341949,-189276.58487854004,32.05348541973877,-0.13466403747535288
7666,-0.32691423199618047,-179064.59025512694,31.009824001098625,0.27779014489477466
7667,-0.07618654427098133,-44994.380762939436,21.21773859729003,-0.08626730321670542
7668,0.14703089799559105,70908.95217468262,15.60562033605956,-0.03304305524061998
7669,-0.16486845702402525,-130673.29008666993,35.21799456396485,-0.23006346061889787
7670,-0.2010920582719731,-92498.58905029297,17.5517629666748,0.5090172349842768
7671,-0.4954811623830199,-376853.4371026611,38.977797720520016,-0.6128413192394295
7672,0.005478918149466913,3113.7055999755703,11.893250989746093,0.14380995412991876
7673,0.06332160497519787,29810.93505859372,11.98025693945312,-0.050060625610653386
7674,-0.24221909915504777,-206999.78534423828,32.068127719238284,-0.11194144741480921
7675,-0.2572864487063097,-152057.54949340818,20.956843123291012,0.21853193351273756
7676,-0.37581444495864336,-311080.2802233887,46.21124702575684,-0.3319163111694198
7677,0.19444264473191034,89805.0454309082,15.57846918298339,0.3204993655969821
7678,-0.2503390665321629,-133360.21042968752,28.79543301989746,0.031567312559297525
7679,0.020663655733708694,13596.620812988258,11.113324998779305,-0.45139206045495905
7680,0.0860174538083809,47421.681433105485,12.503694489746097,-0.004468819594052376
7681,-0.5975414901352251,-363454.01034301764,45.166352477783185,-0.5225063626679753
7682,0.09265620215166855,51220.03043457032,14.551653954589833,-0.09047080031930696
7683,-0.23635248927041438,-156008.93072021488,38.17911002026368,-0.2336044583044159
7684,-0.016430031408456204,-12508.070712890647,21.379306049926754,0.04276919415324152
7685,0.17848333172929481,134320.809765625,24.09601450585937,-0.0039913341546063755
7686,-0.0885607258854572,-38552.66023071292,17.529671518310543,-0.43607409613781184
7687,0.016700872877454306,10329.332570800805,23.552660468994127,0.36481515053246694
7688,-0.5422327390691335,-334572.8192578125,40.142099392578125,-0.1315867022074532
7689,-0.2721142306780449,-165806.59472290042,29.87464797888184,-0.05500487671207069
7690,0.24410919397313233,148961.056138916,13.583390007324237,0.4135159724830836
7691,0.07779839728090074,43120.74976928712,14.379820499023435,-0.04451752452783769
7692,-0.3835243887991347,-302673.8941998291,35.22001698577881,-0.48046218538465324
7693,-0.029239939865814937,-15193.825418090826,15.27178755963135,0.13028432236384113
7694,-0.004058259396213499,-2580.0487792968634,19.59894694555665,-0.591453694477005
7695,-0.15027902329778475,-105118.30552124025,27.508381002563482,-0.5508843137573768
7696,-0.04050086317377665,-19253.843251953134,18.832152997558598,-0.05749000662829158
7697,0.18551715634223764,122434.39983459469,21.12319900854492,0.19699058358562938
7698,-0.29980980916147226,-212769.17473022462,28.07577912768555,-0.09362482110915207
7699,-0.32848789395955663,-219907.7055688477,30.067774825439464,0.5181756192688592
7700,-0.04555343118546739,-22615.600272216812,21.98994548718261,-0.19053671730180827
7701,-0.10405108274214485,-64648.36407226561,25.718339506591786,0.8565388700536111
7702,-0.042643183658846576,-33932.406799316464,28.9012646989746,0.0492146599395941
7703,-0.13475942967498225,-86082.20514404296,23.69774096569824,0.17843244076062362
7704,-0.4380988336064267,-222362.36492187498,25.704216503173832,-0.02141548438893908
7705,-0.2371801032063111,-131746.5252630615,27.364743508300794,-0.3531430099653725
7706,-0.38311360968810265,-198554.71848754882,25.083376346313475,0.6234071969477856
7707,-0.03204431064227808,-17270.435057373077,14.924582949218749,0.1960166667151887
7708,-0.21958129127153447,-96416.90344970704,24.205379924560546,-0.38459630110976356
7709,-0.516885712331645,-325367.25001953123,33.01267248144531,-0.03880195371434129
7710,-0.5129138281216262,-250397.44514404298,25.453998502441415,-0.3557441252254152
7711,0.1417581657317064,63169.215358886744,11.459696168579091,0.24175518372192373
7712,0.3007481716398896,190475.53235168458,22.121977998901368,-0.2876752070266723
7713,-0.7033247801198526,-353849.5661499023,41.6769045682373,0.10513597900712653
7714,-0.3155244155944393,-191861.95949707032,28.620929970214842,0.16088278361176456
7715,-0.6654193537593399,-440139.2451623535,56.47310652624512,0.34198246340383304
7716,-0.18412541475594743,-143510.2711022949,29.25279104797363,-0.012089331906819665
7717,-0.4304993729050679,-274012.0350671387,35.197625981323235,0.2536768758371836
7718,-0.07954365129596008,-39312.18665405274,24.64942469213868,0.21601926079564898
7719,-0.08406279294402917,-48344.26526489257,24.618147984375003,0.0797756916068721
7720,-0.059771351078199766,-30433.405202636714,14.17975549401855,0.41181914918077817
7721,0.3013106929653597,119340.18022583004,14.678313184448239,0.01002813034105146
7722,-0.1677068977589688,-139464.5951489258,41.121873917236314,-0.05488171740784521
7723,-0.06328102931280567,-38975.63018554689,18.713426985717774,-0.09551838341592458
7724,-0.16665524693327496,-128609.69899047849,26.193546951904302,0.0449222553401497
7725,-0.00830022339806449,-3863.2640795898624,17.129952408691402,-0.06851033148720974
7726,-0.23562421969537295,-160386.74306823727,37.637964034179696,0.344322460931564
7727,0.012670495415208656,8453.785864257792,28.78637697534178,-0.5765445091749483
7728,-0.31407638059347415,-213502.08862060544,29.751231443603523,-0.07612743555213555
7729,-0.26627036418620714,-179789.2206652832,25.724706569457993,-0.018570975836059857
7730,0.015589364569608856,7640.994536132814,17.60938001281739,0.3003910855665104
7731,-0.11757735906376701,-68047.74055236814,31.16673598040772,-0.34169292803966733
7732,-0.07815025550107216,-52320.63963012697,27.143755004272457,0.004774658743840111
7733,-0.3563495055698984,-241135.7449267578,46.19766396630858,-0.019212647823396475
7734,-0.2906011886450931,-189896.08987670895,28.078041766113266,-0.49226514770481283
7735,-0.26536117073833093,-142441.5426287842,21.268144248474133,0.205579431584841
7736,0.2792668656005938,147914.9432897949,15.400313478637672,-0.10517554250298287
7737,-0.006924157917279369,-4495.684908447278,19.482263514282227,0.243534477673247
7738,-0.30496186120190993,-224314.97711059568,36.83734924182128,-0.24455387212683471
7739,-0.11693300545359236,-81334.41537597656,27.556891549194333,0.051084383979243655
7740,0.2547745352429809,139977.67665527345,14.561934505371097,-0.12967764896864595
7741,-0.3767317967256454,-280920.15302246093,43.011588878417975,-0.007386920262508636
7742,-0.05056694065506208,-20266.272751464843,12.532137518798828,-0.2801026333142112
7743,-0.1657751407790559,-122368.41467285156,29.647762464233395,-0.2705218953076914
7744,-0.19376580135969815,-132564.9803344726,34.68130253527831,0.5292500937329333
7745,0.1901818608007196,85131.19959960938,12.238026493164082,0.030776949274483312
7746,-0.3942722158704447,-247055.37559814454,29.313966568359383,-0.07227577740846157
7747,-0.49546994800489924,-300371.63984375,37.95552647851561,-0.12364769964799137
7748,-0.2539974158240428,-182540.10521362303,27.033259994262686,-0.17581979562373382
7749,0.030898182745598062,21744.66461303708,36.120227027709944,-0.15005404099564001
7750,0.22380101435176147,121274.09908447263,11.79788050708007,0.02766534143774782
7751,0.009153352395497395,5332.89321533202,13.110185990844725,0.11355634223255688
7752,-0.28255716807318043,-154714.13962768557,24.58258245251465,-0.18130333467079227
7753,-0.09592074080893849,-61781.42538024904,26.019843462158192,0.1909563960158838
7754,-0.17997779997178215,-104669.38556030273,27.026627539916987,0.24191760309397733
7755,-0.4699852036469783,-327249.93455200194,39.445148958984376,0.10920976002072373
7756,-0.10471761268836022,-81031.53928710936,26.349117946533205,0.03632496912700498
7757,-0.3606294386106332,-277383.6050830078,45.45712046020506,-0.22675223668246378
7758,-0.4952897575508168,-328824.7301818847,46.63817250134278,-0.02491172793707773
7759,-0.019569606866831315,-7944.894559326167,10.807361444580078,-0.33800271557883793
7760,-0.6882248612236598,-481876.71407714847,53.246700894287116,0.3002579528361081
7761,-0.25459606733752155,-186340.24031433105,34.635583256042466,-0.05863767731093222
7762,0.035268260018484585,22172.89489013671,18.989175354858396,-0.0874943833316624
7763,-0.291843483292562,-192112.97994628907,30.45553556213378,0.3427693716299888
7764,0.07082658713604732,56243.2195349121,33.14015922802733,-0.02245886082469794
7765,0.2548966189044837,116657.59414306641,9.906459493164055,-0.3977918173005913
7766,-0.5092046573490537,-335592.4694250488,45.67726990637206,0.20570978554266142
7767,0.3517751668040943,220640.27310424804,11.281856144653318,-0.1845537021904153
7768,-0.022696893598592203,-11294.289263916044,10.92265818969726,-0.25604317567581575
7769,0.3105165507911156,113692.43032592772,6.592149008422857,0.07147153737464569
7770,-0.4974496910731782,-278264.9862646485,27.82649862646481,0.05129223852167661
7771,-0.38739921920923553,-327758.78523071285,43.150014038452156,-0.2563365387851849
7772,-0.3360689012647759,-268429.1801965332,40.09732898950195,0.265086164090429
7773,0.22502375203907266,136319.0747705078,19.493594005859364,0.09405565122518825
7774,-0.3561400210159385,-266077.84564086917,36.30035402819825,0.11726420455707116
7775,-0.5224286498731542,-393205.8497619629,48.37620545483399,0.44879185883047373
7776,0.09707139799900352,48141.04829101563,14.293890664794926,-0.06790061001591008
7777,0.23960887533849198,149249.9298498535,16.90862251257325,-0.1018394423420417
7778,-0.319861691540253,-173327.07447631835,29.294909949096677,1.1965167058966466
7779,-0.14433907217738726,-78401.35489379885,19.290794484619134,0.24174868737218336
7780,0.21699583176485962,87909.81919311523,11.364851481689454,-0.2282871216300991
7781,-0.11949175457821096,-64752.96308593751,19.267973521240243,0.07333198373508062
7782,-0.295522965927142,-153920.7850878906,29.639213491577156,0.7835619209458315
7783,-0.2516796470252493,-164013.02524780267,20.767925489013667,0.406832572628616
7784,0.044545977156033534,33774.03955078122,18.72935700341796,-0.19449851944128854
7785,-0.15394129509902355,-101484.23450683591,20.82353798291016,0.3943188694379243
7786,0.9164127681932102,451731.3246557617,8.563032451660163,0.39908883478255924
7787,0.6194765743866049,414898.96441406256,11.113324998779293,0.10271765429934718
7788,-0.4474156772395735,-290058.9594775391,43.78202598999024,-0.28985424960455425
7789,0.3426376022638075,186548.1480004883,19.76173649365236,-0.46915515929609397
7790,-0.6987587800125765,-552115.6440240479,59.788496402404775,0.4898952340934591
7791,0.37470763615678426,246855.35846801754,11.742544455566408,-0.17059778825801597
7792,0.1785538140586981,45894.39034057618,5.219720478027349,0.14066385993880806
7793,0.25230520851626687,90029.99859497069,10.492908107177739,0.1355493103974525
7794,-0.08139331327235404,-45519.34528198242,18.592993448242183,-0.20003921046612097
7795,-0.4687349103762125,-339675.7536590576,47.96194653277589,0.17011301662398323
7796,-0.2623726688771018,-175409.08517333984,29.48300247338867,0.04280222897914283
7797,-0.2260720077117944,-192846.68017822262,34.45552458520508,0.28875079129878495
7798,0.26578791574093025,119280.20525756836,13.757035975830071,-0.2640820351944757
7799,-0.1947700551575965,-101241.5404040527,15.705795203369133,-0.06533776435107927
7800,-0.25424369076054687,-162929.26228637696,26.636851240844724,0.2776463210517371
7801,-0.15657941575093492,-99295.757421875,21.408003436401373,-0.09428343371890015
7802,-0.2382701017385188,-170008.05033813475,27.943774528076176,0.10092285542158161
7803,0.2079960603666734,115803.53482421873,14.150391519287112,0.2565260511010721
7804,-0.23872433615105573,-181046.42489257816,27.68403497583008,0.3689048522810176
7805,-0.2564387987147606,-166155.71542968747,30.992107997802737,0.03784155746293957
7806,-0.22244286526164203,-108801.69817565917,27.357821481628413,0.36125132661226667
7807,-0.019671109507651077,-12877.320589599592,11.766979995117186,0.063661044772881
7808,-0.37285417405687415,-225623.1099731445,26.62600197387695,-0.0663836774230091
7809,-0.46905214399207334,-308571.1540032959,32.62371790039063,-0.021683089826107758
7810,-0.4101343938609579,-316742.89015869144,47.75497048303222,-0.2457622508335168
7811,0.19584026923349906,125540.88576904297,23.5674419197998,0.3564683268207231
7812,-0.28974835919001707,-195330.23097961425,31.0959910960083,-0.060984426410621594
7813,-0.6115924010131488,-439574.1610296631,56.46449810559082,0.15256232768888175
7814,-0.33263125481187394,-275505.76780395507,36.59258177917481,0.10465494198341625
7815,-0.339027273553743,-229767.6007470703,38.012138525878896,0.042143552153559555
7816,0.058699616678684806,41416.17450195313,23.75283350317383,-0.19442048085274388
7817,-0.45864767645630433,-337325.590234375,37.594645520263676,0.6877441669466368
7818,-0.2071706904931559,-177374.7793237305,44.12773899023437,0.12265457666060875
7819,-0.46438488516246307,-182085.48986206052,22.669389012939448,0.21046922971350543
7820,0.1577249947883507,105186.9043591308,17.627517526733396,-0.022623284890101528
7821,-0.1901926913250118,-138760.23997436525,27.91497094348144,-0.22027280325464937
7822,-0.5060565548207544,-334406.1895776367,41.89198799890136,0.021996769664217545
7823,-0.5460398282826746,-306860.8443359375,31.849397436523425,-0.2983873128409666
7824,-0.21611557686657423,-143856.0811291504,29.26526231652831,-0.15241640836629802
7825,-0.4599736594700177,-311629.01473632816,37.805301489013665,-0.39150095782166133
7826,-0.21366085537982427,-127838.67703613281,24.355305691406247,0.1770199774912181
7827,0.30924163610831223,179233.9670501709,10.3781074580078,0.13450917676201268
7828,0.060815163626510904,32285.01541503903,15.895179147583002,0.4245901003320888
7829,-0.07048547952515279,-41802.36792358398,15.805213469848631,0.01167514805218363
7830,-0.4361888276071044,-249827.07493469235,29.603884472961422,-0.07726458745000618
7831,-0.15579025397963814,-102413.9206091309,24.83742548596191,-0.05263776843779963
7832,-0.4106299025642505,-373599.7143786621,38.146636947021484,0.036823975352025855
7833,-0.27239256952740315,-124317.89437133787,17.788403513916013,0.38120691398062323
7834,-0.41110699916047716,-314120.08905395505,38.051434410278326,0.5127642377292148
7835,-0.07738693769991549,-43527.82288146969,16.2605674802246,0.37227009271504985
7836,-0.345676277899572,-211600.90505493165,35.474078462646496,-0.23478889955001297
7837,0.597972849832162,342388.24923950195,11.057905967773427,-0.054457364889760836
7838,-0.26437898499299384,-160071.99024902345,21.723526471435548,-0.03046417548401127
7839,-0.536377857496309,-320685.9592590332,34.17802942224122,0.3292973718884242
7840,0.33365486683495343,233529.41588500977,22.714625994384765,0.5435961007110165
7841,-0.021403723841343113,-15127.99100708009,17.09119745385741,0.0016640052566447136
7842,-0.15437252847204957,-74090.0086846924,20.20873589941405,-0.17242104699712618
7843,-0.4364049170707217,-329478.6742901612,34.6171108116455,-0.16959011323683842
7844,0.1586553839519517,114624.29987182611,29.45751594921874,-0.17902146558678336
7845,-0.015750199268784706,-7442.375009765616,15.324267482421874,-0.09816853782507623
7846,-0.24307300371315693,-159801.05783447265,25.084537764526356,-0.00039136510365274043
7847,-0.0765913621700595,-51218.14499267578,21.849533949951176,-0.016146747259261917
7848,0.0015501471625693744,801.0847082519613,11.69812149023437,0.24263664977863245
7849,-0.24623746871583363,-168304.673236084,24.6914748284912,0.3356833751254671
7850,0.06987469831624109,42110.81958618169,19.63638147827147,-0.050345972491493175
7851,-0.6561770303439187,-423680.18974487303,44.85610752331542,0.23860694507209126
7852,-0.2143764764123346,-122449.5416333008,24.74309371484375,-0.35250651123852944
7853,0.0886544627657965,46325.330224609366,17.12788301953125,-0.0850190268842598
7854,-0.19001484977058367,-141799.68518798827,29.534985425170895,0.12276269849115637
7855,0.19772476077314421,133212.91910888674,15.811651177001954,0.04167324353038563
7856,-0.566375926386176,-354161.8457507324,38.75311057800293,-0.37213193283658674
7857,-0.01934951017836498,-12358.502210693376,16.487057482177743,0.13666409288790957
7858,-0.09291541452734194,-43711.03570434572,19.777915114135737,0.29032672571174684
7859,-0.20504868732335624,-131398.0058325195,20.46355096691896,0.011861265835219252
7860,0.059129231835247265,33754.42861633298,14.755406444580075,-0.27184881341941974
7861,-0.3926815038616959,-270917.8553479005,28.380636012817384,-0.4660745608814355
7862,-0.18844263360274077,-113490.96447204592,19.1509749946289,0.22021773424714552
7863,0.03325760547327398,20460.332927246112,12.464102441162103,-0.14158112670410572
7864,-0.09498436884240724,-66609.33460205077,25.32998343139648,-0.2337081503122785
7865,0.07800006812426229,49532.22359008789,24.39409366638183,0.2034975906280287
7866,-0.5265025660300047,-330881.57095581054,41.590707596923835,-0.11571614398911007
7867,0.4630193104871919,213898.7002368164,10.330113646118157,0.33197447239572153
7868,-0.1244251260751424,-72245.62408264156,16.617182882629393,0.5702135563328968
7869,-0.5552646714103117,-340040.42934692383,37.211065484252934,-0.26252828386115756
7870,-0.41755077120672957,-270296.8936779785,30.2498828343506,-0.08304175883543759
7871,-0.09572095539513638,-52368.94127319335,13.825129942016595,-0.2066338084486591
7872,-0.05045758715203555,-33210.93704101557,22.612384514282226,-0.0010707669184673537
7873,-0.6728180391641908,-352394.21513916017,39.87217948950194,0.0344656943730634
7874,-0.24755356542981094,-124244.31481689452,25.285113439453138,0.47823789338527173
7875,-0.21432546333309563,-163080.70045959472,35.78602401556396,0.12660853155977897
7876,-0.32922741030950686,-204354.7980773926,40.319004989379884,0.01244514771986114
7877,-0.2482059137408999,-187313.17504516596,33.64252252819824,-0.1924220265672865
7878,-0.2811370704361946,-183313.68123840334,29.546768594055177,-0.09655806103561607
7879,-0.20615992796526658,-102316.33018432614,20.3954229888916,-0.3716379214703329
7880,-0.41013892846724276,-297017.7250512695,36.38446499572754,0.20907167635590862
7881,0.04636805808909247,23481.71690673828,18.239554961792006,0.27562213805156865
7882,-0.45996263952099004,-301367.4446691895,37.17039894311524,-0.23081528715551028
7883,-0.3811657796128537,-197142.97712768553,27.10394728466796,0.04295191325464323
7884,-0.3320756428445913,-164079.07014465332,28.16189948956298,0.348961267867427
7885,-0.29747728007519636,-207437.81525268557,27.92532301184082,0.31834152028087914
7886,-0.35018373895970456,-229311.115657959,40.94024056848144,-0.047757542327529906
7887,-0.24775249783009887,-168494.035111084,33.97706127954102,-0.07065166197758968
7888,-0.2581579320724196,-167966.27392211912,31.152044884643555,0.6270701431062634
7889,-0.035588297614304334,-23103.175371093766,13.823594990966784,0.35619413731300414
7890,-0.48017434141740645,-254455.65888427733,31.982949146728508,0.19883061138587732
7891,-0.23128167152237925,-113951.9107421875,25.27156459448242,0.09630026085914603
7892,-0.45763630745923256,-322898.81755981455,48.290955814331035,0.03627719894672462
7893,-0.526721553227462,-323482.1244702148,36.67645044506836,-0.5622515787818817
7894,0.19656754329730042,120698.38647094724,22.18889071362305,-0.0663819630843601
7895,0.3528485131901685,178302.8127026367,13.740083991210941,-0.15140940064165212
7896,-0.09742339803363426,-61723.22519226071,23.110510960266122,0.1902395362454545
7897,-0.30296402440688547,-200771.29931884768,27.7917444987793,0.5773133869637135
7898,0.18052480208696467,115709.37617553707,13.964608005493156,-0.3477341865899193
7899,-0.07793375264041277,-30201.61488464354,13.847411421020514,0.2853056375775551
7900,-0.4807031572712464,-303451.0748132324,40.476259487792966,-0.6657175394187225
7901,0.08632711285446748,49031.550194702155,21.81544049145507,-0.32837232782022874
7902,-0.027153267770432397,-17468.86037597654,18.331400494873044,-0.02956078856707364
7903,-0.0881705790280689,-57040.13042602543,22.1364950559082,0.005954337459544749
7904,0.3266502607906721,184347.34559814454,11.113324998779293,0.289257399360559
7905,0.17335024615995984,129112.5300390625,16.639974488403322,-0.3658193944031248
7906,-0.01622855131922481,-9001.324088745125,18.455401954406746,0.21491163930466206
7907,-0.33788293636557754,-213714.91481567384,38.897496456420896,-0.018903789937926026
7908,-0.06187585871457664,-50372.84138427736,22.202553529785167,0.3739694430126416
7909,0.09804502132646031,56279.96437561034,19.15279948937987,-0.21287470386242904
7910,-0.27158543074570773,-143757.0417700195,26.493382014404283,0.04398182681426285
7911,-0.17150208014662902,-129843.35459350588,25.690624496459964,-0.24470814875581956
7912,-0.09869118655394873,-63621.34508544924,20.183123008911124,-0.3200470302280159
7913,-0.26237945822357794,-170526.26610595707,22.050074601562507,0.4485047399275109
7914,-0.012417867073237556,-7395.545132446263,23.198207495361334,0.07699034580131467
7915,-0.281850247494002,-142315.69497802734,27.374206002197266,-0.4390196271438237
7916,-0.0749156128099077,-39164.92551391601,20.345309508422854,0.007612805261286521
7917,-0.15802773845996151,-104930.44103881839,24.866484455444336,0.1638227888196331
7918,-0.36207751610301814,-183841.61487548827,29.790848992797848,0.06401697292572196
7919,-0.17059965101583446,-129777.86475219723,30.8998510168457,-0.1536479250270231
7920,-0.05796570256480265,-33665.78558715821,18.0544940357666,-0.044208219672799864
7921,-0.13475552061795537,-62860.3501208496,15.715577009521484,-0.007281092814557459
7922,-0.8870174661062934,-653647.075847168,69.27997207995607,0.3199953136151762
7923,-0.13503541841571737,-93979.22459472656,25.822125421508783,-0.0717964191232438
7924,-0.20944993005267581,-128819.27944580076,23.47588250341796,0.5096245081930834
7925,0.23466188948767874,119285.0095837402,12.42026700158691,0.1389932871581075
7926,-0.047001192633970054,-26602.43849975586,18.188045067382813,-0.11256518493153045
7927,0.027074506256320408,16696.836336669952,16.995214009643554,0.09888667981040977
7928,0.0016442206695668725,1000.8910510253481,27.029048026000975,0.47643349338540925
7929,-0.3247209414578554,-235658.96601013184,32.442864095764165,-0.23590842011659297
7930,-0.31204637356899195,-260860.27045288082,35.11055482067869,0.013105749013932301
7931,-0.12133138577288262,-78224.6348571777,28.454728141235353,0.28484116267111326
7932,-0.3939270126077677,-241245.12092407228,35.76302336193849,-0.18386533564506694
7933,-0.09142347368302997,-47241.31515502927,13.47769949145508,0.19500392023517768
7934,-0.10022827579194772,-44446.65368896485,15.948814023193355,-0.342940358487753
7935,0.04194226040177449,21925.482685546842,18.296857036865237,-0.20572358095852972
7936,-0.10664624231636949,-73467.34482299804,32.012737516235354,0.24245493198436485
7937,-0.34895431290712925,-193749.5423474121,28.569229717773432,0.6010721055056726
7938,0.14920949797050703,80323.74728271484,13.370132474365237,0.3181039862485396
7939,0.16131897869047107,110180.08421020507,19.99727345239258,-0.28590360171482526
7940,0.11690750796922664,70556.67665771485,18.258308654418936,-0.042279222345883063
7941,-0.5876150219594193,-297491.5288745117,36.448983391845694,0.028769227759000496
7942,0.15063056397733066,118689.93712219238,20.672835496337886,0.017587142268550956
7943,0.703649461839731,322095.7172253418,9.2339564777832,-0.45202324502552166
7944,-0.15885928538993563,-131719.22548339845,20.83848409375,-0.4393919963338881
7945,-0.04769873729141824,-24001.494882812505,17.081541496826173,-0.062317996831488545
7946,-0.01490901289674498,-10186.325061035153,24.442135982666024,0.3820761015070634
7947,-0.3267166225098,-234061.8930078125,38.554601034667975,-0.2412698954852502
7948,-0.23519826384213904,-182365.68371459964,28.371673495727546,-0.0135788574881617
7949,-0.015277146037061921,-8009.384835205099,15.705799488769543,-0.2015365537060454
7950,-0.368703969890809,-235960.22639892582,25.89005163134765,0.09660396744491077
7951,0.21610673989120827,146685.69920410158,12.479523989013677,0.21185849880445196
7952,0.05918049142801148,37167.6024194336,20.08612797473144,-0.40263129121757635
7953,-0.7839093433425615,-471204.94971374515,55.79886297479246,0.28208830170876753
7954,0.01153538137554911,6019.384466552765,19.57589718017577,-0.09919965031055654
7955,-0.10086559573237758,-55578.634951782224,16.105214455017077,0.5431234783745326
7956,-0.38799336712192195,-196442.75471191408,27.512173971679687,-0.22895423328365716
7957,-0.17944381043775393,-104609.6091784668,21.762532153686532,-0.17724259391751165
7958,-0.21100819044843763,-113735.61509399413,13.544132961791998,0.09089897705470755
7959,-0.054798790459149274,-31536.1744085693,16.504222827392585,0.7848614707402873
7960,0.004152508719955947,2454.939488525415,16.133121520263664,-0.019990989562404828
7961,-0.2667876098153148,-189393.8313708496,31.258067113037118,-0.2505255655607869
7962,-0.12892583187574277,-78237.55943603514,23.67822299877929,0.15152458218842943
7963,-0.44467418954643423,-256956.39454956056,34.34830593225098,0.29781612282359343
7964,-0.16608421286331143,-89971.19431701658,18.59797346215821,-0.2415145227245342
7965,0.0019735869045228263,1108.0629943847598,14.510988981323248,0.08229400650889152
7966,0.11478830509599527,50877.46027709961,11.88969448498534,-0.0986726922521844
7967,-0.033297876947005346,-24538.420338134747,28.64015314880371,0.21786754777272585
7968,-0.526799644131436,-329857.5350927735,41.77312699743653,0.22687959204502872
7969,-0.23808675531799073,-161952.60966064455,30.001635441650393,-0.36730210608451586
7970,0.040882264327251235,24748.174516601553,13.343303504150395,-0.11354321775011071
7971,0.3240575239970852,197838.65103515622,12.966304935546871,-0.1564823776209773
7972,0.1118621832064999,56973.45599975584,24.1724780144043,-0.07567813869338054
7973,0.12701958428247428,58286.98010009763,14.353683992187506,-0.06566742037412489
7974,-0.2346915755752804,-133694.4342211914,26.746158437499982,0.12858062896986255
7975,-0.3425139441642197,-256955.34465209965,42.075655490112304,0.20941429975679712
7976,-0.17976095402793701,-105504.0346337891,28.851547949462887,0.05517635000828818
7977,-0.3843524398024567,-239703.7818786621,29.373385194458006,0.1398571218985632
7978,-0.19752589300228235,-117935.81339904784,28.59821583087158,0.4939905605013451
7979,0.35220858794352233,199074.33020263672,14.186761514648435,0.17009632053316653
7980,-0.10832708991085982,-67849.09123413087,25.560307092895513,-0.1863607878902239
7981,-0.184697473453691,-113963.06484191894,23.58493999499512,-0.42976905407134475
7982,-0.27181922237894096,-177515.4644384766,35.335372206542964,-0.121597450876047
7983,-0.058981755540556895,-39679.015498046894,21.26911100244139,0.23695892002472843
7984,0.32387717181987064,168347.07831176757,10.939844991455088,0.4664820076602942
7985,-0.2636940188905041,-190692.17029052737,31.56279099999999,0.18861221473837814
7986,-0.5384213129734164,-370348.65888183593,45.47690993139648,0.32139014569918767
7987,0.019066449680580105,9272.365021362297,9.440561500183096,-0.19369657077283428
7988,-0.5036119996490831,-321424.1991113281,37.132125988769545,-0.0012943331144526077
7989,0.12024236522080824,86924.67949707032,24.214597466552735,0.25540708935569245
7990,-0.3478768489864532,-262731.50053833006,36.144387538696286,-0.003068513521591763
7991,-0.13336543001179565,-83359.07007446288,25.029401979370125,-0.2952692092032091
7992,-0.2084511660541793,-117423.12521179201,15.789948266418453,0.31753377563303453
7993,-0.7319221493855198,-524359.7247039794,61.28708948321532,-0.14877313068464001
7994,0.3234559750413278,181772.129453125,12.832346288818366,-0.3357803922697928
7995,-0.7319582615862138,-425463.2649914551,49.4073639683838,0.11777284334720116
7996,-0.30126591638377226,-221191.88479675291,27.461263005310066,0.8730756800919871
7997,-0.025066347289777833,-15698.630300292962,21.364096493408198,0.22127488380617127
7998,0.07749508137256225,53560.16177856441,23.311512483154296,0.15269997598655158
7999,0.15182921328772359,59172.329527587885,11.525436514770506,0.13412908986260422
8000,-0.5646368397573902,-321295.4447253418,38.231009418945305,0.23531896860048257
8001,-0.1243676295511736,-71414.40045166016,14.177379551025387,-0.292487628090476
8002,-0.39253517515159897,-299245.9094921875,37.11961995983887,-0.056927491982710604
8003,-0.04953763879016681,-27948.52017578129,15.894027512451181,-0.01968836318392404
8004,-0.20634532218348153,-135044.17833251954,32.414402470703116,-0.41719852779691324
8005,-0.47414803226791946,-295593.1394036865,29.572929420227045,-0.30190194348315796
8006,-0.3632549585742334,-225986.6003808594,40.97370098168944,0.4938906732731607
8007,0.04079440653863298,24990.685048828156,15.65320300708008,-0.26191922415601193
8008,-0.109861949145867,-64348.159554443366,26.56332395520019,-0.12260315661561799
8009,-0.18547834002940747,-101314.25422363279,23.199093445190428,0.17529446304330668
8010,-0.23854963051148126,-164652.74341918947,37.43190736511231,-0.06859074011475706
8011,-0.31027753406038294,-194360.42966064453,29.94412197460936,-0.0005197701416774959
8012,-0.1841891448273925,-117614.13353881835,20.321685372192388,-0.050872830457044604
8013,-0.48366151766164095,-285345.7752587891,31.609510055664064,-0.3393038398811774
8014,-0.22329498690436725,-130960.95834594728,18.85176155004883,0.2465452597142583
8015,0.01680547600547719,7541.544781494129,13.99344748791504,-0.2949222692002678
8016,0.16017699291772208,90936.54496276859,21.002905959960923,-0.285148756014843
8017,0.23295350438704548,119547.19924438477,16.73213902929687,0.14494023240639597
8018,-0.21823863788814354,-186497.78737304686,30.547070333862315,-0.27093930523554005
8019,-0.2488331488933668,-187839.14022094727,40.55088551391603,0.22192692957514087
8020,-0.26557954899950276,-173992.70900878907,27.01392346728515,-0.08440057139778588
8021,0.498163293683013,222433.47997314454,10.877894473632821,-0.06307660434892795
8022,0.03274153821989336,20949.14950195314,13.972379523559578,-0.13538715315708674
8023,-0.009330480967267737,-4005.349893798826,9.429007000488287,0.2273372571127761
8024,-0.0754718452591668,-42626.430206909194,18.409261816650396,-0.3842900761817505
8025,-0.4326180042218271,-241564.34939086915,32.600216879028316,0.2735237619467004
8026,-0.6267304884036002,-392767.0307946778,44.89982928601074,-0.04326812120781687
8027,-0.3498913784517087,-235012.19188964838,36.31639416235351,-0.06009377046958828
8028,-0.050928571195288666,-37691.25619506836,24.550118998779286,0.20258978096929608
8029,-0.09338774406897608,-51380.46626586915,16.40173497131347,0.03156760150022689
8030,0.17164631102678402,69790.16969726562,15.984712469970713,0.3160805371567182
8031,-0.08630286833571606,-57491.73945922851,23.762299480346684,-0.29860596133080564
8032,-0.42068037922430457,-263876.11535278324,26.38761153527831,-0.0644315054845744
8033,-0.26145740237668263,-163312.60858276367,30.5391396710205,-0.3911537938323949
8034,0.4535401358306112,215364.1308935547,8.567039147338877,-0.45321567457190437
8035,0.14278015123722518,77065.81760986328,11.185675990844727,-0.1777642294047562
8036,-0.28349527850920275,-179891.08201782228,37.937499980957014,0.036899573614190564
8037,0.07481943034396175,47567.35398681642,19.58268451635742,-0.08563159535360068
8038,-0.48973146461805594,-234906.23108886718,31.076471141357402,0.15231289596244282
8039,-0.3009028301479691,-174503.32541870116,25.642156999267566,-0.12353558418513219
8040,-0.19756936489028623,-157319.16497802734,26.797281447509768,0.07564414862622208
8041,0.5634304994878253,232470.23428710937,6.662812223876966,0.27444038616220723
8042,0.060812492984073895,31452.390280761727,20.039444454589837,-0.35404617075492295
8043,-0.20323802526095303,-171880.78517700196,33.901276490722644,-0.009385817159834123
8044,-0.13094565129875244,-89701.36552490236,41.75620454272461,0.4589103608048721
8045,-0.421901878690952,-290810.8515881349,35.56795821350097,0.1740513109007668
8046,-0.4469256227684026,-228899.9723168945,25.141957261596676,0.09369206797421054
8047,-0.38897295376725827,-269341.40664794925,31.796771202758784,0.23104396759243465
8048,-0.2544977844341786,-140672.15148925787,18.199773654174805,0.1654817232045357
8049,0.003950295038034523,2499.7250372314593,24.001296469116213,-0.18940555989360952
8050,-0.045195583895325096,-22882.415127563487,14.088278985351568,-0.1822735813463858
8051,0.16189108877320824,119790.82459472654,18.399176010009764,0.039667574083452985
8052,-0.17545317516939155,-99560.65435791016,35.43606995544434,-0.33014532017558695
8053,-0.42389200388192716,-226079.8540148926,40.218224968139644,0.05330154997233744
8054,0.21657309398347177,98230.22498291018,13.92523298535156,0.03206561052147616
8055,-0.29565711135402656,-170212.48876464844,24.946516352539067,0.005412989913086767
8056,-0.1747267483185076,-127059.72578613285,28.950409048095704,0.2847358677048663
8057,-0.7132347307698,-390253.2802856445,39.37764103149412,0.05695562793705171
8058,-0.30964134416866496,-227835.44974731444,36.96859553710937,-0.3519577396025371
8059,-0.029142189145373015,-20513.183740234366,27.692821999999996,-0.03866139611970037
8060,-0.24863275346592112,-130803.05171752929,22.05694096838379,-0.15084469714004492
8061,-0.19256221264896975,-104125.95005859372,28.084885976562486,0.1693847761436907
8062,0.01424712096789794,7178.049199218731,16.517351512695313,0.33193441091984466
8063,-0.22441007280506264,-177410.3027636719,22.33776445397949,-0.11548023148307535
8064,-0.04219940584674975,-21567.024370117193,16.070155976806653,0.015063679249651735
8065,-0.7141832057211929,-408026.22912353516,50.416347890136706,0.39965537094487696
8066,0.04114458519359664,28484.00587280273,11.895177456542966,0.2942018288873261
8067,-0.46740188694101586,-272077.0746990967,31.723886461486817,0.10396962806643376
8068,-0.050119412651988465,-33223.02330810544,28.00508251477049,0.2922070366999548
8069,-0.23012987069914725,-139653.06032958985,19.872659107055664,-0.4835544849144395
8070,-0.043240455575972454,-25127.727877197292,28.117652004516604,-0.15213941273746842
8071,0.20111309191468565,132894.41479003907,14.898501011962887,0.20377564998064576
8072,0.0027595512496275654,1524.2667346191556,15.990931136474618,-0.4010888729330361
8073,0.2976638828698911,195384.51096069335,18.708181483642573,0.3143074170590578
8074,0.23499399525967096,129814.07496582031,24.552851637817383,-0.07322290104410806
8075,-0.5549290988581739,-384199.55820190435,42.75856171374512,-0.520131826593326
8076,0.2978164698845899,128956.49881958008,6.514615205200203,0.19968468048038676
8077,-0.47129726947096584,-304839.8047485351,51.822677942871096,0.23452311870233056
8078,-0.3091886862179426,-240575.4204431152,37.678484517456056,-0.23340470261206384
8079,0.22487053463508033,157330.57981384272,17.792516491455075,0.3102111951102201
8080,-0.15783301826294377,-105114.13713989257,16.03324868188476,0.2272819240495618
8081,-0.11560421055811057,-74354.44908813476,22.03687252221679,-0.2638844906700186
8082,-0.13868048573311306,-81149.38989990234,12.80546446936035,-0.07907053124757227
8083,-0.9933964563481748,-719124.0565527343,78.92244964697265,0.19885734343563907
8084,0.004735838393906801,2634.1078948974537,16.76282024859618,-0.20309257143789067
8085,-0.3663863490994254,-289068.94587402337,36.06477704223633,-0.4317594706005698
8086,0.09426855308873514,38735.65773925779,20.83888474584961,0.3772301485621011
8087,-0.36998997294745317,-217052.9614038086,37.978433540893555,-0.2940043143499242
8088,-0.15190764809555174,-96447.44097167968,27.72838550488281,-0.18505335811109536
8089,-0.2202606557494291,-145230.07921875,24.44132147900391,-0.1501152136577974
8090,-0.2653378770621488,-207303.21547973633,38.51141454626466,0.5021286506441318
8091,-0.3475755900860038,-230018.37941162114,39.07940944921874,-0.22176892531813505
8092,-0.1907173062351924,-122706.24241821289,19.610838624389658,0.28057758974094565
8093,-0.2311066422635817,-99608.89863891604,16.05900634191893,0.3563690274391262
8094,-0.12497815815079659,-63093.58961730955,18.127529997924807,0.052919305217536565
8095,-0.2191454236168517,-134355.40064941408,18.722843024291993,0.32696500310891474
8096,-0.09238828623152175,-50469.638142089825,19.9081966508789,0.04571111241254386
8097,-0.5569627273825524,-358556.4426513672,37.62563391857909,-0.10861717150878275
8098,-0.19425149946087988,-119823.70220703124,31.512828008544915,-0.33056443202360575
8099,0.07521415446312728,43199.48961303712,17.32470649157715,-0.01006884598571412
8100,0.09513979427668827,46692.182215576155,9.210663989013655,-0.1452465769870617
8101,-0.4832098215688898,-263653.6256549072,31.17364402282715,-0.25746384462506877
8102,0.26314112863529904,165940.1297393799,19.81468497949217,-0.13372081975794517
8103,0.3082772926590945,177694.3865270996,11.593955121215807,-0.15997373022107209
8104,-0.43320801431018013,-217184.06064819335,24.236872568237306,0.38602536085189154
8105,-0.24823609323752807,-134633.10545593261,28.222972522155754,0.2311719978041766
8106,-0.21715788178771792,-113587.25008789063,15.723902008056639,-0.21852282113554825
8107,-0.491340093520245,-359156.99893188477,37.43615241271972,-0.3906480834193097
8108,-0.15956964915420435,-116014.20815002444,18.85002881378174,0.41820451585188884
8109,0.14524709503047464,69320.46548583984,12.23717097998046,0.3159502269831216
8110,-0.14937281060817575,-91811.945703125,18.03258705676269,-0.10022693250957876
8111,0.15006258803771402,111315.01453125002,14.031308499511704,-0.022957467576148416
8112,0.4412642717435256,293864.5605505371,13.314746492797857,0.8162652551618674
8113,-0.19749299264384448,-130835.93562011722,27.969328060058597,-0.06544850649245935
8114,-0.23818929515684292,-135545.3649389648,25.085359483642584,-0.3973913340030099
8115,-0.1615788892010757,-119453.60116821292,28.584682452148456,0.4104726680399512
8116,0.08369722150926946,56136.66653442381,23.561865323364245,-0.3806151373269765
8117,-0.3706972154231501,-232077.36972412106,36.860444513793944,-0.33633301654426434
8118,-0.4154507859519709,-274831.3345373535,39.182846582275374,0.3495685703890105
8119,-0.27331014739455906,-143319.87998535155,25.135091522216797,0.4975445572059443
8120,-0.25756897012863234,-131952.8498358154,18.243435562561032,-0.10177051360211485
8121,-0.12431410332405313,-84168.73987548829,26.17191148559571,0.42735067730862436
8122,0.1464273412527923,80564.3138922119,13.895693258300785,0.0897628985007412
8123,0.03425696356227166,22908.9866003418,17.254682505615243,-0.40837583398824784
8124,0.03095004237314338,16256.320545654293,13.823594990966805,0.21809724519098342
8125,-0.5129810053161996,-396379.93012207036,60.17982347924804,0.11114510212539062
8126,-0.22309994393748506,-166177.80400634767,29.634576444335934,-0.04376696281016577
8127,-0.21109761507392624,-155168.79740478515,27.07657974047852,0.44788062272978246
8128,-0.20646103394044138,-136547.80970703124,35.48839898291015,-0.2846813176611248
8129,-0.5955718096211741,-321794.17943847657,32.40648747192384,-0.04375883805052687
8130,-0.10784816294273404,-79674.5255871582,29.781569468750003,0.15881681724062816
8131,-0.2859642519202742,-195459.5294946289,26.64524494152832,-0.1521016592197183
8132,-0.7087883324091276,-611618.5837121583,65.35057439318847,-0.009192498864094874
8133,-0.20954927150565983,-120956.23072265627,27.21984151855467,-0.05477480017783261
8134,-0.151462507211618,-76341.11771179202,15.835265458923345,0.4422239515651973
8135,-0.2480574105411991,-195664.29465942382,27.88460450427247,-0.1637672563807074
8136,-0.49094200835775675,-331508.0645532227,35.476867004150385,0.7190701794725128
8137,-0.6206847459449271,-403416.52543518064,46.809371442138655,0.26428867377679943
8138,0.41346015073891107,205583.74526733393,19.342525459472647,-0.12163161032694392
8139,0.0857348016021067,59427.73541137694,12.408842987792974,-0.20643706109144966
8140,-0.44055486964493706,-374392.0773162842,40.899862226501455,0.1448631242143143
8141,-0.379463039678464,-258395.7084619141,35.04824086352539,-0.41033379806654174
8142,-0.2994773047956767,-175184.26521118166,26.841638939575198,0.024278208919863053
8143,0.032394137773636374,17585.753151855482,21.551611110107412,0.38003834250344454
8144,-0.1308837505794279,-77266.64869384766,20.705440874511712,0.27115896641819703
8145,-0.8113114083251306,-579742.5591479492,67.823880454834,-0.07970651491047087
8146,-0.266379985795309,-140766.8157232666,23.547523510681152,-0.4188885797510655
8147,-0.020220034687106713,-15032.180522460942,31.71446802172852,-0.2314756803729479
8148,-0.27176632987112753,-195750.05472717286,21.765217988037108,-0.22574818783286985
8149,-0.27928148082150683,-164349.63977905276,27.34728998767091,0.1525104270701423
8150,-0.1780357092343783,-152854.82976196287,23.940057509765634,0.08730138239812966
8151,-0.3748647878919244,-249807.1279449463,31.19549879644776,0.22423025874305522
8152,-0.5687154372652243,-338769.0107580566,38.76546356579589,0.009469857126347998
8153,-0.42068185851691475,-263630.6033605957,31.654094413085932,0.27524524864304534
8154,0.1025634298614161,45493.71659179688,12.146312488525396,0.04861235849112862
8155,-0.2660479081356795,-169066.05947509763,19.724337448730473,0.13571690824762225
8156,-0.3781375414521545,-284365.62861083983,28.436562861083985,-0.04541057804873738
8157,-0.35981043931722956,-277395.25915527344,32.98881241748047,0.09147930135555872
8158,0.069374100276029,41757.87878906252,19.243657058471687,-0.2690420341179121
8159,-0.4462963394893769,-288933.89900634764,37.487144559570304,0.05130868935211135
8160,-0.1894360133969331,-140642.87573486328,19.63668899804688,-0.33394415880911305
8161,0.07045179799545488,49039.06481201172,23.007641493286147,0.0846821077355606
8162,-0.42436424211531076,-272139.089810791,38.95246547229004,-0.12021216968273979
8163,-0.3660372670961397,-214995.70000366212,28.0012144465332,-0.31023439744150616
8164,-0.17942636934070488,-137439.9535131836,21.303315854492176,0.11382593817719282
8165,-0.22361806905937184,-129792.41963500979,34.51159652148439,0.06670934261788025
8166,-0.33879615383042994,-194616.91078857423,26.446509506469734,0.6572363566568359
8167,-0.9056471900893157,-662740.4542608643,69.76137844927977,-0.14850413857359276
8168,0.014388733916571918,9164.841750488304,25.876862497070302,-0.00343543200471712
8169,-0.1259847453184062,-73711.18974792483,14.90144150360108,-0.5392604037097137
8170,-0.266624622586151,-166169.43973449705,21.699841496521003,0.10129581162687984
8171,-0.27100541922072424,-136181.48926757814,25.767731916259766,-0.055600314029947834
8172,-0.5724585631676208,-347478.89204528806,43.34613070074462,0.13895251616020557
8173,-0.638529192677948,-551278.7618255615,56.383843186645485,0.16946337430481995
8174,0.007383959692109092,3476.7527478027478,18.592914934448245,0.04841395640752034
8175,0.22206866930869013,114133.47363891605,14.710706080566405,-0.2913110145400314
8176,-0.4407062956410535,-309847.3935375977,38.814649842773434,0.23527193845885352
8177,-0.40358072848370175,-228508.66966003418,26.91538595245362,-0.29514571928403216
8178,0.04088116136387791,19772.669599609377,16.425665210083,-0.27310396328063163
8179,-0.09620539284922416,-57614.15447387695,21.73749245214844,-0.08552566679634344
8180,-0.08041095833992998,-53476.57455932615,20.94505100610353,-0.26737533367126276
8181,0.1745279269473963,123877.12022399904,17.74103549694823,0.0613134251042771
8182,-0.589692897546847,-422578.3,45.785724006958,-0.1928925058911441
8183,-0.2859489548587846,-201739.53378540042,44.69775196313476,0.1821629120320874
8184,-0.43272133462642887,-327750.6146472168,45.15011296447754,-0.08432544220164194
8185,0.06884591960757747,48939.23745483399,20.03295550659179,-0.2208468193527797
8186,-0.4215631640791004,-371074.57946777344,37.98529642968748,0.2005198502332814
8187,-0.14372799171196338,-80964.66056396485,22.86758703601075,0.05726023065361906
8188,-0.187429254487051,-147338.51303588864,37.0096134453125,-0.181023130270447
8189,-0.3229229551895844,-173122.72935668944,26.712534952270516,-0.03837187599378569
8190,0.13140813211368435,66164.229934082,10.9849635053711,-0.24852118278848861
8191,-0.06373126223418088,-31081.385302734445,18.810489005126943,-0.19564126323833245
8192,-0.44133535217731024,-275473.476151123,33.938931337524416,-0.2728067391214975
8193,-0.5412929698436115,-273058.04944458004,32.59176942712403,0.34880756960770914
8194,-0.2360831751536073,-167096.47355102538,31.19072046276855,-0.2688636668746667
8195,0.17543031694606034,101790.25915283203,21.474843506957995,0.20054250660022926
8196,-0.1602589490885465,-103597.3327307129,20.179288298950194,0.04898720179440366
8197,0.1372561216981693,82429.30548828121,13.710140987060546,0.013588766299095879
8198,-0.1662906559308561,-91824.50361572267,23.407469976074225,-0.02387604016119483
8199,-0.3996769748808575,-348747.91795776365,44.20023680065917,0.026137923461341996
8200,0.24449073242405173,139504.96245727537,10.707961470947252,-0.3259326199606515
8201,-0.2529640456183894,-150602.2545263672,28.963469949462894,-0.02580698495676805
8202,-0.5029619411807198,-331614.64901367185,47.662794884765624,0.4078634426074304
8203,0.07786652048461701,56256.744835205085,18.109130989990245,0.320641828385615
8204,0.027840282847953056,17260.154497070296,13.337531695434567,-0.3229501022125862
8205,-0.1245894819106995,-86877.4094934082,19.259742509155267,-0.2825973715353342
8206,-0.316162853271288,-218188.73017944337,41.25734350256345,0.3879503841081769
8207,-0.15352954297446714,-113805.95091308592,31.6822555571289,-0.11808646584484432
8208,0.09854534403436704,72981.96107788084,16.831456998779288,-0.2933144258125201
8209,0.045138899518495826,30963.698278808602,27.426991903198232,-0.675113229645659
8210,0.07715216387144753,33530.066256103506,14.112817981689446,-0.22699709878393012
8211,0.058540574689815564,32882.89025878906,20.351860640747077,-0.15773305386201225
8212,0.06906679310631925,36633.54989746095,16.64762799804688,-0.05867761976773027
8213,-0.033432837069969176,-24314.654444580112,24.59816294287109,-0.15942361154038226
8214,-0.06590053021089144,-34596.61669372559,16.237709171875007,-0.051878627621095186
8215,-0.06366751634517354,-33933.16055175782,22.5484799975586,-0.2879176778401075
8216,-0.23318308132175042,-127575.49923828125,23.869681895629878,-0.2327334625547972
8217,-0.357975395365702,-247036.23864746094,30.737241912109383,0.21394710775466838
8218,0.22142236208681632,132575.50426757813,16.8314569987793,0.047947484686237093
8219,-0.2050556386681568,-99203.95156860352,23.77759551818847,0.3713120351558119
8220,-0.1579553594669723,-97708.12530029296,20.19957064465332,0.046865449261135554
8221,-0.23093303267908025,-149826.08071899417,23.293450548706062,0.18541194376937034
8222,-0.06591353087355273,-35682.17971191407,24.940791979736325,-0.1483796263550025
8223,0.242053761751242,187902.20885314938,27.640774026916514,0.23912251084227032
8224,-0.32388081894286824,-169598.17996704095,29.531143444335928,-0.044922326454527144
8225,0.11995735914166165,75164.99970581054,20.732402500000003,-0.010235246591211894
8226,-0.29336571532215483,-167031.7048101807,22.44620848437499,-0.0029228267048163714
8227,-0.18662357791157225,-136038.76471557617,26.832444463867194,-0.022329334508717647
8228,-0.2814035493671513,-206629.46546447751,33.487031465454095,-0.14372280694369416
8229,-0.012685274968674831,-11198.164174804697,21.62844348620605,-0.01461631458852209
8230,-0.6248121933657376,-445749.79166137695,57.8104436204834,0.4263682386285023
8231,0.5674560544103163,294460.3339672851,8.297077051025397,-0.2335107727285551
8232,-0.3656946290508129,-175667.5707714844,25.753298532470698,-0.5144675981658271
8233,-0.02805113579204242,-16981.004481201166,13.967884985595708,0.5164021386782025
8234,-0.69853145343751,-549595.3082580566,54.95953082580564,-0.6608249505792804
8235,-0.8226534862616515,-641419.6439672853,64.94890588134764,0.5740446755898743
8236,-0.39655930951633667,-194836.80965576172,29.381425443359383,0.2467308129314808
8237,-0.39030679815242064,-204350.72530029295,25.81849753613281,0.25776043173828334
8238,0.08031707342563242,43615.52096069336,14.571768448730477,0.21750749372928385
8239,-0.03463948750296718,-27403.77964965823,23.544683151611327,0.42624647034831314
8240,-0.24370396130673158,-124990.84919921875,23.78739691918945,-0.11084322756058711
8241,-0.37045301629406985,-337776.714855957,45.51042102978515,-0.0769910838022932
8242,-0.13519593271468452,-99285.02124145512,31.181080501220706,0.03214992334031716
8243,-0.32573367096865025,-263165.97011840815,35.904723983520505,0.1512104420840743
8244,-0.5929184262549105,-440354.69001342775,47.99135899475097,0.1367552440897296
8245,-0.21628241446193733,-96374.52744873046,13.074654280639638,0.040749822366939116
8246,0.11180481263604793,55730.70107910154,16.820320851074218,0.21532345929469857
8247,-0.38538339252415404,-266754.2998876953,31.492502471435536,0.0012993906151732596
8248,-0.13657637970252817,-97463.66005737302,35.368164506591796,0.2445942117915327
8249,-0.2847182837189256,-195504.32927856443,28.53663899951172,-0.20212332502170363
8250,0.39925926593268724,251577.25261718748,12.219764657714835,-0.3780409108517606
8251,-0.2257238158811829,-169692.22000244138,28.9064095053711,-0.1200656483886809
8252,-0.049749773453069766,-35434.35015624999,22.44212303247071,0.0026761273992794267
8253,-0.18336220726068597,-71348.35034301759,17.92814000366211,-0.0927219993524378
8254,-0.30482015545346125,-192033.97644958497,27.97960296063232,0.16999699731042656
8255,-0.10748286406303005,-82241.30848022463,22.328639474853524,0.397595022242438
8256,-0.7087714779494276,-451794.3048303223,52.57226847570801,-0.09450200770086205
8257,0.26926982777562314,160156.8147924805,20.37918553515624,-0.15882604382662469
8258,-0.186360849854406,-146603.67472900386,36.174019521484375,0.1327047473535712
8259,-0.41652443730355415,-248184.0032788086,37.15905887499999,-0.2934946177891804
8260,-0.24956945967398603,-125546.79928955078,24.520389480712893,-0.29284780186254283
8261,0.05224163198050278,22882.07479187008,17.691826515014654,0.3848765093168132
8262,-0.15484586198219882,-88247.56013916017,22.787159474975578,0.23812145048911135
8263,0.1030400359317947,77221.34987304691,32.130530514892584,0.016111501339271788
8264,-0.2512110017239139,-173547.57520751955,36.8195695107422,0.19057613925733807
8265,-0.21415121239995,-124810.45482604983,18.077564476501465,0.25995362412995154
8266,-0.31059944422793173,-210619.71934692384,25.82549144543456,-0.03001022618163646
8267,0.07492529480179583,33855.63648315432,18.252832965209965,-0.04491691810445623
8268,-0.2276150698317764,-161659.31203491212,28.841455705932624,-0.03554454426968352
8269,-0.027127141822846403,-15854.064620361314,23.52394748291016,-0.2087786005276628
8270,-0.2626960711779575,-199149.62248779298,36.04855095495606,0.033784883230257065
8271,-0.14225927324475734,-94915.28031249999,21.975558013549794,-0.24164185570565727
8272,-0.132296594161154,-54420.585040283186,16.290472977783203,0.26123961796753015
8273,-0.6016669243171787,-473194.633491211,59.92665845080565,0.13113458732793298
8274,0.0023653000110474076,1745.4684967040957,23.769262693847672,-0.06120751889379705
8275,-0.27633435566585335,-164450.68990966794,26.6420650048828,0.18658220668829698
8276,-0.17541476844990947,-81426.48083862304,12.202905603515624,-0.01959619334089285
8277,-0.3414945892550721,-246173.15505981445,36.07962850842284,0.10003697878627275
8278,-0.0689528126181127,-40785.13306030275,14.416438214965815,-0.1022891965824018
8279,0.09735109200851264,51020.49391235353,22.659038478637697,-0.21705959621175086
8280,-0.11592481064359826,-56929.799726562494,16.676218054443364,-0.11091031714163894
8281,0.11849196137437232,40277.14544372559,9.890810976806645,0.13768079383332232
8282,0.41282988562538425,238511.22900268552,11.828031010498059,0.23476106019167206
8283,0.033130140980542316,20673.245062255854,16.64511400085449,0.11201577345908378
8284,-0.6093759536657778,-405410.93101318355,47.68647159838867,-0.35238280643593817
8285,0.20687197568876153,133117.26536865233,13.733995517578126,-0.2410624647385732
8286,-0.053931552535110644,-40088.715322265605,20.54849700048828,0.3886869821587732
8287,0.06663914138326323,43162.054680175774,17.616089507324215,-0.13271861938476232
8288,-0.32652178797159187,-239474.95899902342,32.038456920410155,0.20542226732776658
8289,-0.3836909175972982,-224667.02883056639,33.06880747021486,0.019040459479104113
8290,0.0646512679649883,39577.95204833984,23.08845602685547,0.011293580432577027
8291,0.08272015425360296,53786.069669189426,17.311331483886725,-0.18041930353033278
8292,-0.33743169410156754,-250924.08478393554,48.232259464599615,-0.39213258127844086
8293,-0.18092009812914644,-131784.5598944092,29.033631989624016,-0.07179504646390103
8294,-0.3235291248400613,-233534.83568481443,27.92891600610352,-0.34942815546595823
8295,-0.5226947909695804,-364910.11550292966,45.776756512207015,-0.17745212392712
8296,-0.4992018700076408,-374026.7400274658,42.69338000396728,-0.06731761769682347
8297,-0.34768827514382245,-167670.86357421873,26.442459365966798,0.27216821206333136
8298,-0.12947713688009577,-80562.4500146484,19.126401940429698,0.29135739011465434
8299,-0.011677111971724273,-6783.9687316895,21.844749002197254,0.436714373641653
8300,-0.34700699478008595,-226060.5219543457,25.068273986450183,-0.20484569010870923
8301,-0.07257987463750949,-46716.774384765624,24.051323475585935,-0.33713411037009783
8302,0.11724515702687724,69624.0961328125,25.034582943969717,0.4420406435635272
8303,-0.17646713954842363,-112134.11542724608,21.062990568359382,0.33028803776574495
8304,-0.10127657866103403,-43092.38017333983,9.449384500488279,0.01568959138022671
8305,-0.21172086087484568,-144898.6994104004,22.84364741613768,-0.23556426659598578
8306,-0.344818393461113,-202992.2398742676,25.095746989135737,0.5967339589239828
8307,-0.1261966858139166,-58241.776959228504,20.80307797021484,-0.10673107745544988
8308,-0.23862809490696651,-167199.43072143555,34.78853060266115,-0.3941775994857416
8309,-0.34879628505180826,-219790.5143182373,34.69501791253663,-0.5248082007002799
8310,0.12157204186283524,73887.90778930663,16.982531987792964,0.5063326031439228
8311,-0.08807089043171928,-46636.45993652343,26.662242996582012,-0.1177456459989304
8312,0.05510782901943798,30811.759887695305,21.244775966796862,-0.14588810757353032
8313,-0.23225680568768226,-109361.83977478027,16.38087398864746,0.23104219990014385
8314,-0.4456434393662534,-272360.74442443845,30.48016744683839,-0.45327447266443344
8315,-0.28087902563716644,-159974.66234619138,21.966598921630858,-0.12187764988723086
8316,0.031076199642373143,17605.35827697754,19.426706027832022,0.33364519739380927
8317,0.011322790785568452,6250.120269775391,25.789679943847656,-0.024614892022815346
8318,0.0594474696883068,43180.669354858386,19.51963403161621,-0.3877286690686366
8319,-0.25734008702972777,-167034.70552124025,27.067711527709953,-0.11012272114555519
8320,0.25920679272806674,131956.40185913086,13.704855935424822,0.05274247744675754
8321,-0.2653421905322498,-162097.86055175777,24.190149548583978,-0.24481688387025197
8322,0.12472014096784201,90093.28540161134,26.556478631835944,0.5282928393066605
8323,0.36173117220580386,205868.97995483404,13.429965745849628,0.15976259036753904
8324,-0.45935095750826893,-373280.01954711915,50.071834991821305,-0.38094517439426917
8325,-0.15473887213727794,-88438.7872583008,23.517243903686524,-0.1027154352154161
8326,-0.1124151609361009,-60328.684691162125,28.00615798950195,-0.04197234406171167
8327,-0.08092911032482615,-52902.738950195315,23.71455453588868,0.358189885218237
8328,-0.31476679869471913,-187819.8716479492,30.18846949255371,-0.2672739169805857
8329,-0.22160543315480963,-133533.321842041,25.31829444421387,0.04534054109078675
8330,-0.15353630584067704,-95069.13007202148,22.064395966186527,0.2040641494413692
8331,0.18347442212093176,94953.28607543948,10.16183347851563,-0.02837240813001358
8332,-0.1733803881901078,-155196.90046142583,37.43450097827148,-0.06865713599710464
8333,0.0784231046216363,47905.94659790039,15.958893500488285,0.030929692268016628
8334,-0.03839791262757353,-25415.94980957028,28.64871799829102,-0.29810553091081493
8335,0.2094356168116467,113668.68524169922,10.997495999023446,0.2353960985438942
8336,-0.016935793845967433,-11222.511953124995,21.413883008300793,-0.06142463286814736
8337,-0.4525560232749274,-280548.9549542236,29.401395976623533,0.188633985225787
8338,-0.47764730368801955,-323132.16367858887,42.22251045623778,-0.05921224481785086
8339,-0.2396023247063081,-149164.8157067871,25.296089536743153,0.08789683873673922
8340,-0.20197782758421698,-109790.5003552246,30.700533533813466,0.5946208522773255
8341,-0.025758863796701614,-15737.924189453144,17.20646849487305,-0.03796775672561496
8342,-0.08921924752727477,-56100.16876464848,25.869049004882804,-0.09671844172480311
8343,-0.06358929480033684,-24434.041771240234,16.604932526000972,-0.09182613414142862
8344,-0.5764668766032148,-445047.5836645508,51.580857856201156,0.521037837940461
8345,-0.37082080566123554,-296131.3690148926,36.10734041467285,0.009080654290039897
8346,-0.025214003669509436,-17279.463507690423,23.31454698919678,0.006620824469455738
8347,-0.43453090462908034,-192895.7839477539,23.221642458496103,0.10489651456085253
8348,-0.44209540810187314,-239754.57034057617,33.51518499340821,-0.038988352870229545
8349,-0.46240024755961656,-246931.35481567378,28.594437485473627,-0.06636593258438621
8350,-0.27259333892384674,-171037.9193078613,35.40239195117187,-0.3456081166771779
8351,-0.0658960639222823,-27148.335402832046,14.335162988037103,0.17544067371797872
8352,-0.36975426167328357,-258336.914888916,26.692941524047857,0.08666868056408884
8353,-0.25261031895038827,-198107.83520690916,27.26763822552491,-0.41565670773330116
8354,-0.4214616545622375,-303374.85628662107,33.24756863781739,0.7018456662173931
8355,-0.31408202283563963,-239423.31530395508,27.38595699658204,0.3329438393775589
8356,-0.4550251025799827,-305028.1230224609,40.03227124487306,-0.05693370907476176
8357,-0.30476304759515277,-133783.21122314452,26.025070396972673,-0.33278003517607735
8358,0.08260348390456843,37818.99693237302,16.642190496337893,0.03765047750901581
8359,0.45767182093709957,205559.7030102539,15.979570944946284,0.36645353356488336
8360,-0.3025520875628303,-191132.98053100586,33.20607856372071,-0.42307717770522557
8361,-0.12756138037792875,-67754.77567504886,16.63114753881836,-0.47876569121250373
8362,-0.12741943733735914,-82643.04876342777,18.636422968872065,0.24768700248693937
8363,-0.10849992946803812,-69246.0545275879,31.799561945556636,-0.053788801792464536
8364,-0.37853471476236583,-303856.6359362793,44.922486552978505,-0.3166119901622687
8365,-0.3713626077548254,-277539.11093383795,29.773439093383786,0.4640675188895399
8366,0.4244980748780538,229862.30499938966,12.464027473632806,0.04481998359446398
8367,-0.13628166109911477,-80926.83994873046,21.6471434741211,-0.1453837256924067
8368,-0.16328952821735432,-89084.00324218746,19.616720988037113,-0.26548957375071924
8369,-0.05487913774142859,-25890.346503906243,19.811246122802725,-0.5982670598770266
8370,-0.23154920354538247,-77335.34526977538,11.272221015258797,-0.10468014274573734
8371,0.07092945913449582,50541.22525634765,17.18464096752929,-0.47143996100285857
8372,-0.14969588116748161,-82521.11015869142,26.9494740340576,-0.23322325868053725
8373,0.14064607290359082,82257.72546508789,21.86007397045898,-0.004200754036819119
8374,0.16465222837240845,92562.34861206054,19.109970661987294,-0.34197554133613045
8375,-0.3737443527135179,-262167.1251879882,39.924205980712884,-0.07921523038374095
8376,0.1418994200162109,102531.01992309572,17.758679501708983,0.02160330746305497
8377,-0.21385008941775416,-144654.8384301758,29.15051034423829,-0.03189946425912461
8378,-0.03412852337186062,-21457.475454101557,21.269111002441417,-0.10453851837266077
8379,-0.2632438139465787,-225341.5913757324,33.95456198754883,-0.08259446114684102
8380,-0.6010287434361117,-527148.9293457031,58.582420951171876,-0.2750985352686884
8381,0.21514474443567835,122367.59230041504,12.79565000537109,0.3440244459178523
8382,-0.34034188414566624,-202413.25934448245,30.864827909545905,0.025814606223954473
8383,0.06152541811878423,29141.903858642545,19.787778103637695,-0.7028592476504951
8384,-0.1349223514219882,-70505.91515991213,19.332823493408203,-0.16262825004457468
8385,-0.6241685935459832,-295490.18913208006,31.280746959350587,-0.019868760948139153
8386,-0.5853454978955052,-468499.87384521484,53.91987260876463,0.29461076720841006
8387,0.15808563425085254,86751.74806640626,16.831456998779288,0.19737852139098946
8388,-0.6720677927114999,-552554.607477417,68.13471423077392,0.11794824871182784
8389,-0.42847080603601045,-331816.83924926753,41.390687429321275,0.1709232122091077
8390,-0.22363592586015055,-191219.1139025879,33.818233864135735,0.5299969134894308
8391,-0.34366025661512667,-200439.37715332033,37.156551973388666,-0.07741384555476612
8392,-0.6896409140600076,-359924.91309936525,37.37228779174806,-0.21126037752379262
8393,-0.15190119052325196,-136279.84054077152,25.47889003918456,-0.039642549791805225
8394,-0.09106554622335546,-50254.37709838868,26.563334964599612,0.05054355480363239
8395,0.13512463896478608,69307.23944213867,17.497025084716803,0.23778874498582322
8396,-0.06237059908908307,-40144.359155273414,28.00457952197265,0.4210419847228813
8397,-0.6567805960084597,-431451.0554663086,44.31727255639646,-0.13292275294716127
8398,-0.13710560362202434,-93087.24783081053,24.18848870019531,-0.25207798042500934
8399,-0.7263527384565357,-531805.346722412,60.27401902929688,-0.09070363171520263
8400,-0.23440746550190392,-169680.01969238278,35.33145245263672,0.21152338602007945
8401,-0.6458622880757071,-374616.6095220947,42.574414687316896,0.3385746726609056
8402,-0.06274114705965182,-39980.350740966795,19.80552242578125,-0.11456279808714662
8403,0.005970861423129428,2932.740053100584,12.944209981994634,0.24983502328017992
8404,-0.2007141942726481,-155158.4951147461,31.487372481323234,0.08408534765545188
8405,-0.4085189521565038,-266312.1785046387,29.636475561645508,0.26743530219845923
8406,-0.11743626833165725,-72092.59761474609,27.950764471191427,-0.10191218847108889
8407,0.11796415014841086,88113.95484252926,21.802044948608394,-0.15874763148324028
8408,-0.14359223222365744,-55611.192830810556,15.744330476440432,-0.08164233659417766
8409,0.18301429703941113,127237.27501098633,17.186515513427743,0.6164960805506643
8410,-0.385998591518516,-304556.7593188477,44.40108443188476,-0.08224952880482879
8411,-0.5300865564312337,-290379.4109753418,30.41502174450684,-0.21447107755810307
8412,0.3905452704569088,169971.87694152832,10.864982453613285,-0.05636006729036345
8413,-0.07598622255806978,-44047.77925903318,32.70263942443849,0.2695947120369885
8414,0.21974087298523362,125178.53341552733,24.295931975341798,-0.14576681438908548
8415,0.21643302947084114,124727.921418457,15.60929146655273,-0.1784691930268707
8416,-0.22114699391830794,-147015.90142456058,37.70967296337891,0.23862696249744986
8417,0.046821721377381643,33300.865740966794,14.601338453124999,-0.027553637199068417
8418,-0.581365962582533,-360929.5048034668,38.462051505004894,0.2070780217644778
8419,-0.09116612107414321,-59559.64898681642,22.715694013427733,-0.08290565329312509
8420,-0.41810516817354043,-284738.5548474121,40.52053252087403,0.22787378006675837
8421,-0.3498620648092591,-240723.10060424806,38.053660495971684,0.3197715768304761
8422,0.031540598974706784,14501.270030517546,13.966135990234383,0.18600005519609553
8423,-0.12635449338091725,-71216.5850500488,16.293762924316397,-0.7314935447984233
8424,-0.5684583716520791,-414783.98939697264,49.59405547753906,-0.14327456212709513
8425,-0.3235784335344762,-228449.27689941405,30.30669679577637,0.18736930296957788
8426,0.2822528120374318,140917.36025268555,12.220574993896484,-0.20835073504103574
8427,-0.22469416991161564,-161252.98950378416,28.65979794213867,-0.0032684707382889234
8428,0.03020819588977911,17514.7983343506,13.159849520751962,0.10187304043787289
8429,-0.20540553425446867,-129318.15360961913,24.095097993164057,0.12372483613219787
8430,-0.2465280299760311,-166654.91015747073,32.798702463867194,0.06243570426205135
8431,-0.0520432993308982,-33726.64012084961,15.524736021728511,-0.0591555317816254
8432,-0.17429765877888093,-118550.34941406248,24.111240927246097,0.35855828024129094
8433,-0.7702600002091791,-462711.9151159668,47.908132016479485,0.21325467528771894
8434,-0.6043656911752393,-337953.6964672851,36.71516162402344,-0.5798852632133508
8435,-0.3213309425884946,-229784.18931030273,37.91920742663575,-0.21337043732133365
8436,-0.006781209130415273,-5173.795880126971,30.43073206945801,-0.20954239154483584
8437,-0.1372053373507806,-116093.08940063478,23.07932996826173,-0.2831683488945448
8438,-0.06578070316136841,-42827.870424804714,25.534823495849608,-0.5713394022774252
8439,0.36248507677187125,241336.74505126954,22.226748466918945,0.2913568760303674
8440,-0.021713863454681577,-11312.507366943366,13.659264463745105,-0.24033048672095286
8441,-0.33315245513275377,-225938.78033752443,37.88720753381348,-0.015315499574849217
8442,0.09455030123590884,51959.835167236335,11.113324998779293,0.4480225191101446
8443,-0.20121417512342915,-116273.30995361332,15.27381999926758,0.3273163792428182
8444,-0.09432241963435854,-67897.6144470215,27.01779300244142,0.613416643748
8445,-0.09317622697010441,-63568.76023437499,26.53703948657226,0.22399733102240918
8446,-0.2583619610999829,-178270.39281372065,34.232266826660165,0.13500638550511776
8447,-0.16573863196595195,-76006.93489196777,25.513711957702633,-0.37281701489508967
8448,-0.2304974661449054,-135859.36910949709,17.01001247131347,0.4363750592481955
8449,-0.3987132131679215,-273627.1252612305,40.85017016711426,-0.328564406924273
8450,0.5192051290294888,332652.01010620117,15.388046472167968,-0.8744088881640135
8451,-0.2160211664395713,-132206.93945678708,21.194554954223626,0.27651654636137585
8452,-0.04636038334713068,-32038.33282470703,21.394713491943364,0.12157285022833435
8453,-0.11141625275383366,-90258.04552246095,27.613573482788073,0.23614794975456257
8454,-0.3640423499368625,-203815.09518920898,29.32053745629882,0.27331948035704096
8455,-0.5714409515549459,-342186.6045892334,34.42890946746826,0.16369617144219237
8456,0.0299863669710103,20821.905073242175,20.241643032836915,0.023743334968036083
8457,-0.06738304520191339,-37684.06961914063,15.047407482666008,0.13608844351168523
8458,0.03612704027318705,21374.606723632816,15.067910834960943,-0.030523915757130378
8459,0.1006795229414336,45718.644367065426,14.548969049438472,-0.07887255421161884
8460,-0.12567313120564033,-75171.56660522461,16.5656046397705,-0.11574012998599155
8461,0.21865754059965334,141661.2331335449,13.926157162475587,0.6018708763400388
8462,-0.39046776181428205,-276402.16419921874,35.808042708374025,0.27711683025860134
8463,-0.10018252392119266,-81821.44989624024,30.810703479614247,0.2587424178365945
8464,-0.2491107047889814,-177637.52999755862,36.713522048950196,-0.49484628876446907
8465,-0.025610249437360965,-14080.051381835958,13.106479989379888,-0.24073040333908657
8466,-0.2931937603432296,-204295.3245629883,26.800448953857416,0.15090841209460362
8467,-0.264514373167432,-177269.93394409184,26.630114969360363,-0.061967241992300984
8468,-0.1570602510560323,-116194.65140991213,22.46426417370605,-0.24216904874647247
8469,-0.034207992549009185,-17196.16013671874,16.467440475097657,-0.09038961592836821
8470,-0.5209414379912419,-384818.7750976563,56.60776102392578,0.0753938720469572
8471,-0.4023891532573052,-333779.5802600098,47.47232650341797,-0.15292744205397973
8472,-0.31140801384440703,-264555.2045349121,37.187522414916984,-0.5939152785817421
8473,-0.28450286457306295,-152445.53462646485,21.656971475341788,-0.05122892802780204
8474,-0.20914416186159604,-97984.18551757812,24.853038025390635,0.4132987834051619
8475,-0.37932080229620074,-206520.72880371095,32.53557785766601,-0.10104719671544073
8476,-0.1330067590122249,-69270.03382263183,20.793827405456536,0.47563623186636
8477,0.23582175879293052,160272.76059692382,21.009949520385753,-0.3968284549564876
8478,-0.46572851056331255,-200006.60499877925,24.816705963500972,0.16651572159037467
8479,-0.2526650220326927,-182029.41126342773,36.00788915026856,-0.5164512197863003
8480,0.6905812070826316,429363.7743859863,11.397747547607414,0.29689527018579037
8481,-0.49906409964313864,-353387.77048950194,41.53923806896972,-0.21485662176363
8482,-0.1907735801373834,-101976.25114013675,18.310343077514645,-0.12555907850747303
8483,0.3406037459207696,194676.2769091797,11.397747547607427,0.028899174506204144
8484,-0.25966776396815366,-151460.5293652344,22.757063480957026,-0.5445008736375037
8485,-0.5143874746866237,-375401.02545288083,43.79535302197266,0.022957718487718128
8486,0.100840162912691,48340.12567993163,14.885709471435543,-0.33521555232971567
8487,-0.5743388730884688,-370038.0884661865,44.89687846722412,-0.21234651489656148
8488,-0.3608228464139103,-242598.02537597658,35.422597483032234,0.3303745104319774
8489,0.13823098119999408,90047.1897692871,19.388125038940412,0.5892825085777705
8490,-0.5092368128505549,-333796.64676513674,44.80654598315431,0.036546694113160104
8491,0.18966528966601479,115868.5227355957,16.832643198486313,0.26787159981392966
8492,-0.22847468634171492,-162421.6274511719,21.836731788085935,0.24484184681737772
8493,-0.14749434372835357,-95157.61499511718,19.259443962036134,0.048929720760191045
8494,-0.0771550731626119,-56964.36018554687,21.510916994995124,-0.030965385979844145
8495,-0.1656397351471415,-73001.66807739256,22.76803442639159,-0.04794343704157754
8496,0.03850458029775261,16761.95055297848,14.128611738281244,-0.083752086027574
8497,-0.2183595936887142,-164547.57971435552,30.310198468994127,0.02601900818275327
8498,-0.12288829074893982,-70284.65376464844,23.006554827514652,0.19896326556678948
8499,-0.08468482604705023,-57796.59270141597,31.560298603637705,-0.1296161363244314
8500,-0.17327293387437245,-129608.73457031247,29.275867070312493,-0.5206389315745119
8501,-0.25611224481346245,-181587.37832885742,34.9020128446045,0.020727256756921882
8502,-0.17855758317198553,-105115.57021728515,23.337485004882804,0.36285472521557877
8503,-0.40811736595056547,-291844.7202819824,33.94440401647948,0.10486511752144208
8504,0.3321451658745076,169185.88845947266,9.843042999023432,0.34596998741603413
8505,-0.10855013709940559,-63607.48473999021,31.60213597839356,0.5672800387945967
8506,-0.7326752971855327,-463215.56288085936,54.55200105078124,0.493610317986372
8507,-0.18910969545714432,-105550.12617980957,30.258826488891604,0.14909338353369106
8508,-0.5333223392906992,-325581.7808154297,38.11725149597167,0.20961340926196315
8509,0.32615497804675736,194016.27884277346,11.553271016357431,0.04614376032974684
8510,0.35056815173914885,146636.73474609375,10.49846449731444,0.5617074085272827
8511,-0.11561291248537071,-74361.41491638187,24.24131999890136,-0.28095414073537855
8512,-0.45700959715184936,-208516.74769287108,27.22140442248535,0.3466913140107974
8513,-0.0787531626281577,-47201.45447875977,21.786138492553704,-0.15663558901219474
8514,-0.459457503933431,-364109.3247918701,42.582535473083496,0.06359742489705861
8515,-0.4873032344822102,-322456.1698693847,36.30667697497559,-0.19666917875310663
8516,-0.3763312234064952,-231584.75027221683,29.298904040161133,-0.4667662414768499
8517,-0.16264403596251698,-125036.17066406246,24.891326132568366,-0.37800256901697804
8518,0.2656571093292803,200254.76301269533,13.714310978759755,0.7662236578127339
8519,-0.2965595586124203,-168168.3147192383,30.93639946630859,-0.37187301636230435
8520,-0.33360586849528623,-246976.39553100587,31.366403541137682,-0.26964552682649456
8521,-0.04159253056237794,-30976.796694335877,24.90944651464843,0.6539569213987239
8522,-0.05995929749622073,-47901.00684204098,36.05489251074218,-0.3642608963241437
8523,0.48018623425794255,308228.2409082032,12.091452988037107,-0.3570370066182688
8524,-0.41504625708951765,-262855.96660034184,35.472255699584956,0.04250871417769331
8525,-0.1459896015314456,-75810.02921752929,20.95713248669433,0.24844577031136506
8526,-0.2312464721465538,-152500.6226812744,27.217459542785654,-0.39636358330925664
8527,0.2020938088278552,84767.92448730468,7.7354304926757935,-0.15057895185962894
8528,-0.2673765168995753,-158225.80526123045,22.297231991333003,-0.36925845094384363
8529,-0.16001127492559133,-94330.78437622069,21.74026898803712,0.004647894174213829
8530,0.07298536012465444,32077.574381103528,16.757004469360343,-0.08448150083037598
8531,-0.22055999407146462,-97126.84496582038,24.37700093457032,-0.00795631172414749
8532,-0.19427118132988805,-115854.36483886719,20.60196798754883,0.450283933261098
8533,-0.4278633044855672,-223208.45018798832,27.249326510375983,0.18012526852591823
8534,-0.05379881469021082,-34571.01209228521,28.650860497924814,-0.3657161176251444
8535,-0.47104479471965105,-317088.3797900391,44.851122977050764,0.33953836335711635
8536,0.09706265713294807,64815.66610107424,16.640685828124997,0.020578738427025026
8537,-0.13688225828688547,-52707.54697631837,12.866277663452145,0.08014033055693645
8538,-0.3545920224170089,-173895.583850708,22.307025044860833,-0.09539528662906542
8539,0.06883885234537251,46502.871579589875,14.733920462280267,0.04365403467142108
8540,0.06355483706723056,36481.29745910644,11.113324998779305,0.19801290337848232
8541,-0.34305233723155243,-168089.03467163088,25.09489447155761,-0.14479113465125595
8542,-0.190095160608922,-171735.707935791,31.972143794311513,-0.19465198482859425
8543,0.369001562699631,166506.4422363281,11.7227139621582,0.3057737221383496
8544,0.15989019639433572,74880.42549438475,16.212255902709963,0.13394776441954573
8545,0.22799985273999468,130557.36225524903,14.000039522094735,-0.02897059943277822
8546,-0.25459155032495595,-107046.90576416015,18.637420487304695,-0.17012911430771563
8547,0.19496653976094822,93254.80982421871,13.631463974365243,0.24113667054985105
8548,-0.3902574704590763,-223460.35020751954,32.990388978515625,-0.07986865875066809
8549,-0.534517685417935,-370151.29848022456,47.407616817260745,0.349042911729995
8550,-0.16685596765450741,-119244.40044921875,39.976713551147455,0.5555275629516132
8551,-0.8094589168760274,-714299.0464843749,71.42990464843749,0.10575074401348214
8552,-0.2658083228750439,-237297.90201782226,41.85255751513672,0.02463579301670153
8553,-0.20419674086608414,-152260.54346801754,29.27174544238282,0.28815287499444725
8554,0.49478615861881947,219341.39524902345,7.266355989013682,-0.17627912744293797
8555,-0.36017375072769464,-312129.7747277832,42.65496902404784,0.13308987310228615
8556,-0.17620257445893056,-84181.79024658202,28.394876966064448,0.025469358397760038
8557,0.29961496988764424,179428.85714233396,19.45414150085449,-0.3005220664544451
8558,0.36545737705696363,180691.64001586914,15.080575492431631,-0.04017169254699775
8559,-0.17935240747529585,-130698.3072192383,27.11998841381834,-0.1585786645960642
8560,-0.27524178916253955,-129029.45583496094,22.817332507812498,0.44315534526219663
8561,0.14199618483234588,109733.10966796875,20.189707031005877,0.27999149665320233
8562,-0.506509968292227,-261106.58447204588,29.266022933532724,0.159632640340239
8563,-0.43352821161139804,-249180.82008605954,30.84118602252195,-0.01273276514085023
8564,0.26737607989678924,198193.90407470707,19.4048564885254,-0.38233802921751847
8565,-0.30271512541701767,-236328.3305334473,40.76155551623536,0.2209224217829344
8566,-0.45389344478603044,-314135.23700378416,43.5835331776123,-0.043858193648193856
8567,-0.03287296600780973,-18179.547729492217,22.00768900488281,0.13324094862774963
8568,-0.3082275110287197,-158619.9781201172,25.258961499267585,-0.14788623309539656
8569,0.13057312366179133,91392.0894970703,17.490941990844718,0.19109566783795967
8570,0.05363175772410863,34359.51027343748,20.38364352441407,-0.054004554630925475
8571,-0.17477134035265,-86487.68071044922,17.04253763403321,-0.09663928567086515
8572,-0.03565550258449968,-24199.481523437542,24.163143707519538,-0.047646469930572755
8573,-0.07060007864000002,-56051.703454589886,28.203859452880874,-0.05761723204912109
8574,-0.21554541828266668,-86911.71954345702,24.206330955566408,0.23300834801405632
8575,-0.054037740146889994,-34370.97108825684,12.54237855200196,-0.191136519302416
8576,-0.09787925866926588,-54192.58616821286,14.95849115905763,0.12646047437682564
8577,-0.3160813405445777,-228805.38965698238,33.35983149792481,-0.26636998133177753
8578,-0.13425380194830747,-106649.7220849609,23.295379007324215,0.22678868705319766
8579,-0.33664632356906243,-224499.47472778324,32.326872976074206,-0.17823992894700552
8580,-0.30969203720694655,-233227.43672241215,36.753514914184564,-0.20892170269913746
8581,-0.1164004126902202,-47675.964313964854,13.60313996118164,0.12851383364767774
8582,-0.07941629321142624,-36793.539273681665,19.81367641052246,0.008467224663097983
8583,-0.9242857349186212,-694864.3371630859,69.4864337163086,-0.22260493098950715
8584,0.026400679522680066,15484.604125366226,18.92850300158692,0.28440453988308384
8585,-0.20376128826115147,-156987.5008135987,39.414706471801736,-0.13083660493257143
8586,0.03551005954568283,25131.089996948227,22.26877150463867,-0.031024926085956226
8587,-0.06364418358327341,-38223.29062744141,31.612112495239263,0.41515964403790606
8588,0.19261785775490273,93295.74022338868,15.198848509399419,0.31667934177067447
8589,-0.11994574829272414,-92284.40996215821,29.137336010009772,-0.2271671360026851
8590,-0.5605543675887853,-297394.88418945315,30.434088884155265,0.26403578125081295
8591,0.1589701528221163,76781.91014892579,14.672290491455083,0.9164187879574004
8592,0.06586028635234259,37628.87096923828,17.26950752416991,0.053725389210725345
8593,-0.4445225721842896,-215105.52576416015,26.223101580444343,-0.3033348349632278
8594,-0.48940415853767505,-332137.87122009275,47.1613456383667,0.09287242700970431
8595,-0.32575984989632745,-219743.8148449707,41.94845042004394,-0.06538522264321629
8596,-0.20007406801932104,-112610.44480529788,29.367765472229003,0.11687172750633464
8597,-0.02983755501899931,-17704.809873657214,31.79768847296141,-0.08282633268122408
8598,-0.29147921716133096,-220680.8589355469,38.734519394775376,-0.47870430562558147
8599,-0.20091826384951414,-127486.25898742673,33.104293919433594,0.06633285294985797
8600,0.11372837688758981,72962.9798413086,18.953236006591805,-0.1583447608111837
8601,-0.49028523197465823,-377352.89520751947,42.43495301245118,0.09093032808591438
8602,-0.2883356519126681,-151771.29188598634,20.117001656127933,0.07268244529357426
8603,0.09563257618572067,51606.46971801757,18.901470034667966,0.1104957085097103
8604,0.26336163035195537,160282.02532958984,14.827611448486325,-0.2033226507171706
8605,-0.06825660018955888,-49617.05770629877,29.721101711547863,0.5359829969643605
8606,0.18516661351457178,136737.40081054682,13.033285985107417,-0.3757816182834799
8607,-0.08138131465264367,-39182.594849243134,14.275082459899899,0.4683035995235513
8608,0.20730009627694262,116671.98061096192,12.603228451843268,-0.2944951574623684
8609,0.28842424045875803,172522.89916992193,26.210691495361342,0.20691673688698883
8610,-0.490928467697123,-308937.52904663084,41.78851642736816,0.1591597233425895
8611,-0.21147133941739182,-132854.18540649413,22.16319399072266,0.1431703411512033
8612,-0.1603107760367646,-118111.67067077635,30.75943049652099,-0.22759193242675854
8613,-0.13418863205683326,-95042.69629272462,23.312202134887688,-0.1475466393547946
8614,-0.18002594390219373,-108972.93484375002,13.982141446044924,0.4214597636987466
8615,-0.44940394461761674,-393195.535670166,40.79982806384277,-0.02509413190522515
8616,-0.03122476381906059,-19628.190684814443,16.568221634277354,-0.012192014255773265
8617,-0.07229374506798215,-57297.41468261721,31.478841499755855,-0.07861995137607292
8618,-0.5091164631650487,-371119.2095507813,42.628435371582036,-0.5101067463378138
8619,-0.39063203137000485,-303753.2139746094,37.82397141503906,-0.5300767149891391
8620,-0.4835033962847574,-430536.23095703125,57.45695407495117,-0.274080967562731
8621,-0.1070881420219156,-42915.71969726564,19.42958494616699,0.08843724755785902
8622,0.028822164212722615,14581.095750732464,16.74188293090821,-0.22434162859717163
8623,-0.0525649853740815,-33435.060112915045,19.266937932556147,0.011981007923238331
8624,-0.2206216275414072,-151599.7219165039,43.57365665063476,0.08431163212108919
8625,-0.26380539231370104,-207318.39719726564,27.11960675488282,-0.40543096586352967
8626,0.09798946030859448,70550.73994995117,26.667673463378915,-0.42053495039891714
8627,0.24831502310401005,186036.95697753906,20.458381032714843,0.34346686799512055
8628,-0.14026465210482972,-91408.0132513428,24.328870004882827,0.29575675899971254
8629,-0.12589653553530983,-63981.1590234375,24.62201796325685,-0.05143143857911267
8630,-0.0663960703223182,-35719.83933105469,21.180549000976562,-0.604184474911883
8631,-0.15204767085856397,-89399.56952392578,23.28474447680663,0.10025984071252017
8632,-0.6722510301167401,-521956.00093505863,58.59558858251952,-0.034497302117974124
8633,-0.22466822226880864,-161085.69044311525,27.880182987426753,-0.09177215581856832
8634,0.058233734584713176,24333.17196044921,20.934044140502927,0.04534772268601057
8635,-0.11993041336274131,-81409.96858093262,34.9552133607788,0.28947978179558725
8636,-0.1665440323509375,-73181.61014770507,24.10380750170897,0.40836783556877776
8637,-0.41530583347954464,-310445.3863989258,36.12715011059569,0.025881713745056743
8638,0.05859227922164288,37993.3016845703,18.207198984130855,0.5005228835952503
8639,-0.28478698053084245,-197111.8631512451,26.798164502441406,-0.1691791043879487
8640,-0.4038274172478422,-337317.75908264157,42.26203485467529,0.054875564757284875
8641,-0.04859874243281357,-28550.114455566407,24.66984097070312,-0.16284277746155285
8642,0.17156292118465633,100387.99527954104,17.028581507080084,0.2931058334988825
8643,-0.3916222511813818,-345002.45026855473,37.61497252197263,-0.20127479542666074
8644,0.11909201373827624,78009.03727661133,22.824762271118164,-0.14844122357636735
8645,-0.3549422649067583,-221549.78546142578,22.40668800854492,0.31066077120140045
8646,-0.45434781850743844,-242540.9040710449,28.88202394250488,-0.02359224877217226
8647,-0.48549766952969287,-275810.85010742187,34.32899548205566,0.18971694451601798
8648,-0.1272778891091418,-86160.41714233402,30.298895021240224,-0.0009024143064676553
8649,-0.14147803866774358,-92759.96512939452,23.551646020629885,0.16212435856687832
8650,-0.28892066287671486,-212126.75606201176,30.274842991210924,0.39021809328663665
8651,0.4754954401564225,229662.77354248049,10.073351515136729,0.39496217160712244
8652,0.023547428315963244,19009.945645751963,20.30200389892579,-0.057033353868234035
8653,0.09368229743449495,48125.30482788084,19.472147947753896,-0.3153427816901773
8654,-0.24901218192153313,-132392.29523864746,22.755918518737786,0.2628469080693355
8655,0.2990437635213556,111507.10496948242,6.344065002441407,-0.45023365986895997
8656,-0.022563037793720944,-17626.885108642586,19.867556475463882,-0.6561816449076465
8657,0.33985564344827646,202211.09286010743,12.738995424072257,-0.25180683835183454
8658,0.1354705219050304,56990.38754760741,12.024568464721693,-0.13811019158779003
8659,-0.3407191241924325,-206024.51064208982,38.48191003759766,0.5067288637924612
8660,-0.41528040455370185,-241057.51504882812,27.492035512695324,0.1931363408877084
8661,-0.36720028565903123,-249800.1295581054,28.56223349023438,0.317026522871039
8662,-0.2586258809077885,-190057.5921484375,39.48586024047852,0.1776178581689086
8663,0.046861549884556576,27422.384730224585,18.80313149658203,0.08236091488026479
8664,-0.010613591283836168,-7251.274840087921,20.70960397949219,0.3510880317022597
8665,0.20251057573086156,97705.78460693358,11.453185056396492,-0.02217338139608463
8666,0.15411983395189263,97651.43016113278,10.513784984130867,-0.368306398594839
8667,-0.14736885381887718,-90600.53813842771,22.911137789916992,-0.051689245203702265
8668,0.05981052666294622,40730.26008178711,21.830233015991197,-0.4143590305836298
8669,-0.0016149948294252737,-898.8966259766021,24.741760699646,-0.32214060767377783
8670,-0.33273156844458124,-189954.74964599608,29.1545894753418,0.34152309081289667
8671,-0.2570472601446333,-179798.03529785154,49.37579848242188,-0.11656983689923706
8672,-0.17349289763743317,-127430.96555053708,32.3062484506836,-0.33084616893726276
8673,0.2575106353050179,153167.69794799807,23.21855446972655,-0.033068805686926606
8674,-0.8119219103940967,-688372.7464685057,75.21439459484863,-0.09215645585029407
8675,-0.1676761953037536,-97876.51473632813,15.879483559326177,-0.26553106493947615
8676,-0.20169454877680168,-123058.62696899413,28.841571197143544,-0.2900213331428136
8677,-0.4971221349880756,-347903.89437988284,47.26300093261718,-0.140028455811831
8678,-0.34033821079084164,-247707.05762451168,40.79919642431639,-0.08522578070170317
8679,-0.1254070706627052,-67979.93092407225,19.813228933471674,-0.010321568948196452
8680,-0.3387058374159732,-165529.98642578127,19.640468638183595,0.16509825751989676
8681,0.263804368650144,155591.9093041992,16.056371511962894,-0.2532119886302567
8682,-0.16492691532765388,-87610.03087158204,15.850326560180669,-0.4097984963331183
8683,0.2985990299799502,136095.97975891113,9.77360815856933,0.6288026015375897
8684,0.18152804368273098,119217.64449340822,21.43826546850586,0.24555943876662847
8685,-0.10350493835635204,-66087.83427124024,29.426833972900372,-0.12105508120548834
8686,-0.10821801237800178,-60546.75892333985,15.651751526977542,0.5448379840928939
8687,-0.1307446799114876,-85674.93500366209,23.96210899755859,-0.035571277734502
8688,-0.5055152812711994,-435949.6354821777,55.13114157409667,-0.5104966765838606
8689,-0.017358477346743506,-10037.015422363285,19.65855803149415,-0.22914670942172538
8690,-0.09605630068062405,-61012.24601684569,20.731029008544912,0.4000406746771788
8691,-0.17077125653838673,-100196.88987915037,21.347875994873046,-0.05226429533661035
8692,-0.4367046942477605,-336071.9299890137,56.523015429809575,0.39768147794093117
8693,0.1897301500669434,137483.54031127927,13.413638000732428,0.04564845115874823
8694,-0.7830964326324671,-409245.88580200204,43.86026657897949,-0.1699012375554088
8695,-0.27186013072461807,-165387.303314209,22.352469315795904,-0.06702870249171451
8696,-0.251557045488423,-162692.01114379885,22.17735563659668,-0.2758043164575122
8697,-0.40140639913006654,-288914.4606079102,36.645595070556645,-0.023887524532792272
8698,-0.5507322071449018,-351874.0337786865,47.97651083221435,-0.24364641552219643
8699,-0.09775620327321682,-69366.75785888673,25.25486196936036,-0.33471153567309864
8700,-0.26319501077149793,-128705.19034790038,16.1333145111084,-0.17416451920579604
8701,-0.34370584704913354,-296239.9764501953,40.648984686279285,-0.2833142541657971
8702,0.24603190319977625,113022.14128173825,9.955971595214855,-0.19257119652923507
8703,-0.1097946623110399,-53282.67444335938,14.6423873996582,-0.3609625733711445
8704,0.03895288701022751,22433.21560241696,20.883354507812495,-0.26735383072899105
8705,-0.09251022129653035,-53803.969683837844,28.614800956176744,0.4032293027308811
8706,0.05277629512746312,28679.40862182615,22.1694236553955,-0.3714247359086398
8707,0.45095948640703293,291844.2590856933,11.690906507324206,-0.0935063971975598
8708,0.016746602697709764,12373.560416259723,18.232714490234386,0.019836640011897246
8709,-0.6154349047219323,-464549.6637005615,61.256092377380355,-0.5196265031775333
8710,-0.1776747758109759,-95147.06523681644,29.403707016601565,-0.049095956289019776
8711,-0.0258674067382723,-18642.572514648476,21.307382499999996,-0.06518892668596324
8712,-0.022758406126678326,-14765.575346069309,15.364391499511711,0.47794405847591453
8713,-0.21433705786129933,-111141.58248535152,25.676694197509764,-0.13191325747140448
8714,-0.04731762915906872,-25309.419630126988,13.126725009277346,-0.17866983975364686
8715,-0.16672747875008315,-91409.23604614259,21.151769232910162,0.18727709802393774
8716,0.182162589805045,126824.13452392578,24.958530513427732,-0.6071274428677468
8717,-0.5883494444877263,-421727.16659301764,51.48642389282225,-0.10587351523581602
8718,-0.18704963518869394,-119591.51980590822,34.385731433349605,-0.141932025083846
8719,-0.2962609539815957,-169405.38935180663,22.264104489379875,-0.3504464850186535
8720,-0.5581551097260264,-271448.1245758057,31.422716425109854,0.33900291810712874
8721,-0.04380949585793975,-25570.00017456054,18.459261940673834,-0.3848444786515896
8722,-0.4775739677574328,-308152.5349987793,27.701285477417,-0.0737852094870231
8723,-0.48600565125077916,-252868.90012878412,36.84942196917725,0.0004460689237273749
8724,-0.23676064544222913,-142106.96930419916,27.457458481567375,0.06243432478955119
8725,-0.42090613410220973,-289061.6449597168,36.300335989135746,0.13957398087843872
8726,-0.33209490079418,-221583.8401879883,30.76534548388673,0.09316944924388358
8727,-0.11522618199411677,-69927.83552856446,13.717743994995113,-0.06052088401061424
8728,0.06772730247813845,39954.77545349124,15.579860443237306,0.033425348409783506
8729,-0.38918297329494944,-234890.61914306637,23.795594463134766,0.35241905113928945
8730,0.18320539194230265,108190.51957702635,19.905039051513675,-0.15974857209851248
8731,0.24357863338787122,117612.80990478516,15.98364698236083,0.08582909722120842
8732,-0.7590259340162955,-511683.3749682617,52.111342513916014,0.40622645759877524
8733,-0.14764364022239726,-109737.59510498044,26.98078995861816,0.37832984246232526
8734,-0.3256467265110533,-235704.28572143562,40.36533747143556,0.047401559769887476
8735,0.41944403649581713,314227.91900390625,14.973645996582041,-0.057554893835660814
8736,0.08783668458391729,53121.54352294923,21.43331804846192,-0.2806949667775765
8737,0.05457638653990565,24136.57551757813,17.17471548046875,-0.15266206150563336
8738,-0.16508151832402618,-69570.44938842773,12.220717413330078,-0.0220642723777872
8739,-0.01004927237668008,-5291.255769042982,22.581581017578113,0.06775148834063101
8740,-0.2070693832557846,-123066.20477905274,16.814409506103512,0.35880325941428287
8741,-0.38644077274208355,-276595.96931762696,35.255853395751956,-0.18504100874471616
8742,-0.3815123520605924,-233579.02487548825,35.11676948376466,0.09509233759488145
8743,-0.28344877531438795,-165937.11470703123,29.414340950195307,-0.4691211741224948
8744,-0.17434272079230317,-140410.22176635743,25.300954517333977,-0.03016394062650561
8745,0.1814645531491134,90805.14543701173,16.329508466552735,0.04793649868588941
8746,-0.520720919976565,-340605.2301586914,34.536470495361336,0.0040685286727834445
8747,0.15530458469067793,85124.62752441407,9.603691428222646,-0.5308475832948841
8748,-0.7328812740560602,-421363.3992712402,49.38483093859862,0.16570588215683968
8749,-0.15221915995287388,-104940.77883789063,23.927439945556632,0.0729049619256596
8750,0.1132147841195299,48079.75643188475,9.60334828173829,-0.06280552145983573
8751,-0.6322221429270399,-511907.0254345703,63.825890557006815,-0.013559177821929488
8752,-0.1725875983173041,-90732.42528808593,21.08244697406006,-0.20135443839685688
8753,0.0420960566414513,20409.94923828126,18.481038497558597,-0.18180747749913007
8754,-0.22079712138386268,-147827.1599853516,36.19482993225097,-0.06428184281140131
8755,-0.36377825227381005,-214163.34973632812,32.38874195629883,0.03048145814708469
8756,-0.03305057554605614,-21041.23971435547,20.204015992675792,0.2680126891583914
8757,-0.4415672897090578,-322055.13014892576,43.07968643530272,0.20808713947933621
8758,0.0882459217956055,35888.86028320313,14.51811368444825,-0.23131356131869293
8759,-0.04768026981092816,-34562.05138549802,16.96277204101562,0.09710721863311546
8760,0.09532697794408913,43812.32361816407,9.447224643554678,0.01098313780765443
8761,0.05565292803668219,44068.57479187011,25.683579997680674,0.055415032058503975
8762,-0.5145408934957055,-374908.8342858887,42.34726097265625,0.48144265367958355
8763,0.09053857652758769,48009.82489990235,15.020565161132811,-0.2460804057043729
8764,-0.07474466629691837,-48341.432480468706,18.593850987182627,-0.21111823164030025
8765,-0.0814478179505541,-57195.490869750975,19.41737241003419,0.29079933224181853
8766,0.19508517554635646,55997.593178710944,5.977388488525385,-0.22689274755030608
8767,-0.6429850927361879,-407514.255012207,45.20265798022462,-0.35369325742144253
8768,0.0031289174418013196,1924.454091796826,19.22328400830078,0.09781633128341316
8769,-0.3685411895240746,-267671.7161853027,30.1487171072998,-0.13804230976655413
8770,0.04780037244537561,32840.72973205565,23.661202013000484,0.09324098916098525
8771,-0.46720897817241086,-386387.794473877,47.77944693798828,0.43580609908792134
8772,-0.606637175335132,-457697.7449499512,54.70446297863768,0.042417551252896375
8773,-0.05999320351475115,-34232.18475341798,21.464548476928705,-0.310590820753383
8774,-0.24741835202408838,-220347.19530395512,32.85519749035644,0.3070284361110215
8775,-0.34682496091417647,-242581.46354003905,28.593899479248048,0.1398141969807829
8776,-0.3387327652441134,-291844.4678039551,36.24724527307129,-0.3051128972722189
8777,-0.035116509606675374,-19532.31686279294,19.579165902343764,0.2766324587626738
8778,-0.19948595396643423,-136422.32997558592,23.982473984130845,0.005564750654076958
8779,-0.3765373954903635,-282210.117791748,47.63167836145018,-0.08149964672671076
8780,-0.2264816052000665,-169682.84950805665,36.90270645642091,-0.4617952440839521
8781,-0.03384428803693668,-18550.254934082062,12.230030502441409,-0.03729030152208976
8782,0.13579669087918708,68725.95404785158,15.523311054931652,-0.43869019879594323
8783,0.10188747779551625,52070.681209106435,7.424652453491219,0.17410257725915076
8784,-0.045648491141534686,-25449.985030517593,27.676941492919916,-0.3213552555849826
8785,-0.39357113227524476,-272551.732677002,32.07097519262696,0.01523932315662969
8786,-0.23987263453807878,-141435.18672973634,19.448885976562497,0.006342867257064086
8787,-0.22436753985953428,-143148.69435791014,31.433618947021476,-0.004412796690498332
8788,0.09474033981518709,44415.78997558592,19.157156980957044,-0.21035407995979646
8789,0.2249711967039915,100097.34362304688,12.195327972412109,0.35839217374986876
8790,0.0899349617407049,58455.1690893555,14.061706494506831,-0.009081403945268702
8791,-0.4052111333223094,-299012.450489502,44.349173008667,0.30582503871582156
8792,-0.29119615357997214,-240818.539284668,34.103193431152356,-0.3797219402045314
8793,-0.14565350015899245,-98714.18814453126,17.018392439453116,-0.006887500012828492
8794,-0.2466247416165194,-216459.7198974609,44.34146798291017,-0.029222914484329666
8795,-0.6483525530787115,-413343.5725549316,41.45708874719237,0.14407019401217705
8796,-0.1965417321561872,-123596.90770141603,21.291730997558588,-0.4117115839210341
8797,0.3386344383690753,174224.32861816406,19.893886012451176,0.17270249870778268
8798,0.02793026206700197,19425.642939453188,21.27227013342284,-0.25209567321004456
8799,-0.16874632917497068,-127064.80427246094,30.905312543457036,0.22781545335919523
8800,-0.4395160580240308,-319081.83645874023,41.17774065832518,0.19704553568203517
8801,0.34153151617063443,196862.61217529298,10.709082492675796,-0.20259653341967207
8802,0.4055820187670379,200750.34512207028,10.47708503344726,0.04671082519309543
8803,-0.3536657279478555,-255352.26202026365,35.40633618554687,1.1940860506840312
8804,0.4237538901405778,238720.78564575198,20.11332748999024,0.32127790665852174
8805,0.3781970939856405,185554.2742041016,11.755034500610364,0.2912631273581144
8806,0.11661845174363646,69682.78534790043,20.997196462524425,-0.17943992592273847
8807,-0.2892929019440863,-145503.90448852535,22.638150495361327,-0.3290693050312957
8808,-0.006116173854813658,-3727.5392114257847,18.619677504150385,0.22897463601388124
8809,-0.4275419911989462,-294954.499611206,31.55117151165772,0.22943470340161082
8810,0.2015993072438482,103697.24002197266,11.698121490234382,-0.0732284129204938
8811,-0.1866060498467134,-132939.65770019533,26.772681493164075,0.03860021070889824
8812,0.27065944219573607,237052.92641845706,14.684763473876961,0.05950440125867187
8813,-0.18917040919949282,-111905.84978637696,36.55559851208497,-0.40806945102586545
8814,-0.38544610179224287,-212902.85032470705,31.874936024658197,0.03022775491575026
8815,-0.15059010395169545,-92318.69413696286,17.009899431274413,-0.012899175017972822
8816,-0.5535604155949693,-475194.6201354979,61.32525802368165,0.5230391092578255
8817,-0.34437132385032765,-194355.1253527832,40.33052746398925,0.1681960165338507
8818,-0.5260552483410916,-406329.1788232422,61.18120592590329,-0.18306818165620586
8819,-0.21518187568347005,-112977.4936352539,21.696698363525385,-0.14240182191651862
8820,-0.3838077398955668,-275594.05666381837,34.84532417980955,-0.10073358614674775
8821,-0.2529755413125145,-132328.69202392577,20.887659979736327,0.192130467867617
8822,0.12755404218898014,79175.13535522461,22.967779469604487,-0.2300325844230114
8823,0.05900132097696248,30843.8776574707,19.850118941162105,0.08972812725929939
8824,-0.7854695453039294,-482301.97022460937,48.24381250231934,-0.14672988984161783
8825,-0.5663376827836433,-299296.15658325196,36.31249564074706,0.704022062067584
8826,-0.2170906671143388,-141579.4767175293,38.17658169848631,-0.015025929865404838
8827,-0.5554144995294128,-341696.7400195312,38.578556502197245,0.6396117141613659
8828,-0.18926137715963479,-155783.78033081055,49.46961800744629,-0.36176302175304503
8829,0.4864880439324017,202052.33458129884,5.946540994873038,-0.4769712569601849
8830,-0.1898348929794294,-104067.12453063966,19.547257979858397,0.11315567657130693
8831,-0.1091396654933456,-61118.01070922849,18.76628463989259,-0.23296581592295565
8832,0.21310668701368887,140671.9675732422,15.178138038452143,-0.14574568770631066
8833,-0.16256683142719808,-124098.84927734378,29.53393995227051,0.08203181637626704
8834,-0.13068100492754445,-64717.03495788574,25.021709997314463,0.3167515058428007
8835,-0.40943326756443127,-175046.2160571289,26.269755098388657,0.319974142592796
8836,0.1945981406048685,76389.28070312498,15.912617455078127,0.38197649880653944
8837,-0.43979504062121394,-278817.30975341797,32.234996953125005,-0.14465752399076068
8838,-0.262112512414249,-181038.69572387694,26.75252298974609,-0.456906968781422
8839,-0.43723042786276684,-414789.03763061523,55.20985878588866,-0.18525808162462387
8840,-0.11708711419082266,-73536.09529174803,33.7722835501709,0.22340233095521997
8841,-0.2570832446915348,-175626.48007202148,34.975876489868156,0.12238752093564866
8842,-0.2316410474648367,-154748.28907836913,32.824130892456054,-0.025494373323911926
8843,-0.17374575873065592,-121947.74426025392,29.53694145019532,0.2211728224409294
8844,-0.004937472421440724,-2497.9402026367316,17.69057497753906,0.2519115391080674
8845,-0.23330435315323061,-174924.54023193358,32.18660314782716,0.08927175950852538
8846,0.019819218931288265,14742.43420166013,18.305397520141618,0.4747177974530533
8847,-0.06696268175832187,-45337.60044067385,23.29114904553222,0.18385051783929643
8848,0.08554952472886976,50281.85549926758,20.16230146032716,-0.17500994439532805
8849,-0.05011455316375343,-30368.424420165975,22.422604900146485,0.18296442125724827
8850,-0.4523253732219914,-313546.0094396973,34.68388042858887,0.8434620204563644
8851,-0.4687209087953414,-236029.23997436522,35.81024395947264,0.08937244964610584
8852,-0.3490996885627723,-251589.16507202142,26.388224715332026,-0.13449359682412393
8853,0.3563324190371422,137614.76067382813,6.643763998779294,0.18209858520272199
8854,0.31254939642047846,160408.76765808108,15.818272995605485,0.14743928170044632
8855,-0.47750677283756576,-308672.85940185544,39.55029490344238,-0.16133084964123376
8856,-0.7612128240966761,-622441.2359136963,66.95262053338621,-0.12198647929680405
8857,-0.09904815975152105,-43765.488248290974,19.12981196081543,0.17148395689671986
8858,-0.17347980775107488,-119313.3469067383,22.356314632446285,0.23547808680474944
8859,0.39246529025822363,255604.45994750972,11.437301007568347,-0.40300435864747913
8860,-0.2562600860167728,-160087.531605835,39.31920061248778,0.029793290036670958
8861,-0.40419247773939454,-232235.1364050293,28.5730035029297,-0.1970545734024411
8862,-0.08058629356205936,-68428.99487182614,29.741937493652348,-0.07976099515425912
8863,-0.320235880308355,-212287.6251123047,36.13824745727539,0.007001400526886109
8864,-0.3481572207310114,-244313.1855078126,33.76411907678224,0.1624964614217346
8865,-0.295159880957335,-171181.07512084956,36.417680495239246,0.22326309573623979
8866,-0.29927840449745097,-192041.6745300293,35.185649437255854,-0.25938719057805915
8867,0.15826011507517632,84904.36433044431,19.902372513916017,-0.2327840346068448
8868,-0.07112791161360399,-40005.536804199226,16.47192000207519,-0.2948525799154771
8869,-0.3658270951883292,-265319.42946655274,40.1097069696045,-0.17341340683205647
8870,0.39533588876785597,230169.66934448242,17.49408400048828,0.009939268882801017
8871,-0.05095511120864307,-30308.005825805667,16.884626547668454,0.34778773151074727
8872,-0.17223223486190967,-72422.91487304689,22.899788514160154,0.24933585788365875
8873,-0.25886084852053465,-145163.27426879885,22.637680935791018,0.062306986365560785
8874,0.0767641228301677,54997.91949829101,24.110052972167964,-0.180012810355611
8875,-0.21071196409854812,-126688.09870727538,17.453685142089856,0.4251626957344943
8876,-0.04285250337394509,-25189.154735107462,19.807164462646483,0.16732011741798597
8877,0.407670967090344,210969.37607666018,15.383870976562509,0.29915167316289
8878,-0.1391475479445536,-61256.45908325196,18.2010727368164,0.8852976450004737
8879,-0.03925566504445338,-31398.723016357406,26.14844531262206,0.2397728407500122
8880,-0.3781063371687835,-224874.12428955076,28.345935915893563,0.16936854488218042
8881,-0.339277645455534,-231280.27449829096,32.405754452270514,-0.04540992894204251
8882,-0.13374385397854452,-90998.84063720703,27.69981054333495,0.11053000482898312
8883,0.16860094303245485,105812.49468811034,16.41553098699951,0.027088264549613324
8884,-0.502850869204689,-332001.08059936523,41.827271031372064,0.33169792665765035
8885,-0.4439237608690814,-221127.70423339846,33.962557420898435,0.14724600871808466
8886,-0.32610390372420744,-239272.0432849121,38.59312044628908,-0.09244096851802237
8887,-0.16299100925766016,-110655.92394897461,23.688326492065436,-0.1971080485967376
8888,0.03841149829863201,27490.37426025389,19.69947496948241,-0.26304268076443965
8889,-0.11781443399559033,-76912.32635375977,28.66032593066406,0.039182328829272695
8890,-0.3104850892075611,-163134.41885375977,25.696217010864263,0.041127199067570966
8891,0.3968290553598336,236798.6444750977,16.00719949731445,0.1296108527316777
8892,-0.3379568546715562,-227905.53491699224,36.96647495166017,0.33058210131278704
8893,0.22894402460116403,137240.68975830075,13.341984960449219,0.3535964954592433
8894,-0.5945318957619823,-364584.3886450195,42.111192843505854,0.21408509952209592
8895,0.10722928265519192,62424.83143310546,23.997321506591803,-0.3136036878213169
8896,-0.2538968605671207,-213313.57494384763,31.978790523437496,0.025690457806500953
8897,-0.09172448187201111,-68295.59358032224,17.795073466430665,0.2506575993272806
8898,0.1061526378099962,71049.58048339844,19.22873597631835,0.017979927661822236
8899,-0.24279702656345756,-98952.88984802246,15.893518989929209,0.6481839034351453
8900,-0.5453641335057444,-360105.4539086914,44.04723444531249,-0.3733034809483873
8901,-0.5101749461647448,-341047.84150268557,36.19758711987304,-0.4163101000392603
8902,-0.17028282352571564,-138097.58954345703,35.9577174835205,0.37969783663537565
8903,-0.5017135262954383,-372848.24554687494,51.725879004150386,0.09312738108909412
8904,0.2900318659954316,162700.48377441408,9.586979240844725,0.02075670180958296
8905,-0.5038693659882928,-278963.63440795895,33.294144428833015,-0.03080957852237863
8906,-0.4488045346460735,-317210.75844482426,47.26388048266601,-0.046190201801553914
8907,-0.19927224412083586,-183498.3427526856,33.2222827989502,-0.48533842033045443
8908,-0.37628322837117595,-187824.74084472656,25.488334063720703,0.2527080829261446
8909,-0.28235279719237727,-185160.97496582032,21.722986717529306,0.19497043114073612
8910,-0.10257552552768207,-66669.75043151854,27.103885003906253,-0.471079014732548
8911,-0.3657360586357845,-223954.18013427735,31.613500974975583,-0.15266291655042036
8912,-0.23111093996980536,-179692.07775268558,26.620097774291985,0.43315307557917637
8913,-0.07890243374111923,-50136.358189697276,28.776134473632798,-0.5045249827576371
8914,-0.09472233744539346,-67767.84507324218,25.025458503906243,-0.08429319009274068
8915,-0.5515108050019825,-386229.8647253418,49.82202594274901,0.025773553811875963
8916,-0.7359126569628978,-400950.8755322266,40.095087553222655,0.08246030373975471
8917,-0.7918644815243048,-521170.5399768066,60.353890478637695,-0.11907534219395301
8918,-0.3842192545774984,-213259.99540405275,32.851013549194334,0.2669197578615597
8919,0.2420149679277,152273.61510620118,13.132988012695312,-0.29762160739978777
8920,-0.4859951894478879,-279322.00457031257,37.36621696484375,0.32924578843455354
8921,0.1903206231119941,116271.45545166015,13.897095906005868,0.14969656061642136
8922,-0.030572026196475678,-14825.215001220698,17.773369973876957,-0.09556890985341814
8923,-0.13166518072126585,-76720.26959472656,24.18459850012207,-0.2933924933883764
8924,-0.16370124174576933,-91729.42187255858,22.159751175292953,-0.023651092614033347
8925,-0.15938720760768807,-97500.17584472655,28.353799969116217,0.3882123859556441
8926,-0.3174429825359548,-219668.3773608398,21.966837736083985,-0.21833918167138242
8927,-0.14873028141326036,-85756.59512939453,25.708306463500985,-0.4319661437781662
8928,0.27868640562725483,190206.34941162108,16.7115074868164,0.5570926419658785
8929,-0.3033678657104745,-217729.05544311524,41.34404099694826,-0.5463029455499206
8930,-0.19451073556126403,-100937.21912597652,29.24515343066406,-0.13589057678659777
8931,0.09418975285013309,51660.65432006836,20.829971022949216,0.3607601541307505
8932,0.07501663385553436,45304.75921264648,16.551543982543947,0.16162512674660987
8933,-0.08453065195531594,-50537.25490112304,12.17734894421387,0.09540793519494707
8934,0.058118001039321125,34199.094475708,15.871466012695315,-0.5148396808757505
8935,-0.01509325495253251,-8376.514279785162,12.543762996093754,-0.20662229870362278
8936,-0.6051989584719104,-326101.4167919922,41.53536867224121,0.2815851971214486
8937,0.029017762136237447,18778.835123901346,20.867371030029304,-0.35134832185501924
8938,0.327333086484719,124509.63000366213,12.318884010375978,0.2959614424547905
8939,-0.09135662712910399,-34037.574410400375,18.39472814123535,-0.20116341727811682
8940,-0.12004139546019399,-76536.78509277344,25.784828007446286,-0.13847484379398525
8941,-0.017717394017288873,-11401.457275390625,19.060016209472668,0.2949349550453632
8942,-0.19704158155269888,-137144.47480834962,27.61861644226073,0.1354608033182268
8943,-0.03050120534644077,-21883.25852905277,24.80444998974609,0.3016917611005118
8944,0.2389484977739615,138762.25548950196,19.838153731445317,-0.26208684749427863
8945,-0.29587433024934906,-203096.71766601564,27.448522496826165,-0.40702694350268603
8946,0.048997187859542934,29856.675144042994,20.244660454956044,-0.31654477984668733
8947,0.12260702763848859,92752.93682739258,13.510958044189458,-0.11703188708545974
8948,0.08886098875998472,46439.70455505367,13.093185803100596,0.15532615351676154
8949,0.039436354208648994,29789.338569335927,20.625128488769523,-0.2716071835648651
8950,-0.22590394240454925,-138930.7391064453,26.62451995117187,0.0873812107277629
8951,-0.3771302069839125,-223196.7149157715,30.037289491699205,-0.36921688860497026
8952,-0.2108176399236107,-128339.02025024415,26.573204508178705,-0.39365232227509084
8953,0.01634650879476295,11590.925175781216,19.657872508056638,-0.028832683091149214
8954,-0.10727048399102669,-78901.87485595702,32.04428749536132,-0.11818354229106756
8955,-0.17679839919029042,-108222.37998474122,20.141471958862304,0.1250832711124543
8956,-0.0825465255829023,-54824.289733886704,22.206933971679675,0.44451776390582326
8957,-0.22584032012346356,-152100.19182373045,22.008389095458984,0.2456074033275096
8958,-0.5725301391094029,-324572.0850915527,40.240619479858395,0.10596331080841744
8959,-0.41835848955742383,-346849.0498571778,57.880893963378895,-0.22189256519615635
8960,-0.6509738155706096,-451170.0951342773,47.83193071411132,-0.11571542464416264
8961,-0.06734991645624583,-42956.35502563475,25.15285048791504,0.3490054554870894
8962,-0.14675737423385998,-105525.85511352541,27.008546738281243,-0.19791497487749568
8963,-0.2312027483853073,-191473.59329223636,25.74470986560058,-0.011557719164272584
8964,-0.38885853033477535,-307300.9651538086,46.69714901611328,0.2639497242481917
8965,0.3501212690302598,268479.6398010254,19.4048564885254,-0.13191741087838962
8966,0.006873501496456145,4304.803464965851,21.603660005371097,0.1954250310377089
8967,-0.2172739627927769,-137626.32544311514,35.8426985706787,-0.5723279354262111
8968,-0.30033490086921694,-159240.88526367184,32.17572302783203,0.37590054701608416
8969,-0.32152931000443474,-214367.43609375,30.2837915,0.2865763315300327
8970,0.16809128833273318,82903.0304248047,19.10795298046875,-0.02514212964925719
8971,-0.42287319963828607,-246568.12013793946,33.84419401391601,0.3469064256900872
8972,-0.13924557213626404,-92459.17089233399,30.1271871064453,-0.04329479597429013
8973,0.4644350098290438,200807.80994262692,10.178405998779299,-0.06430629568007498
8974,-0.12351201533311015,-59865.5851171875,17.755985000732423,0.5238828097071412
8975,-0.13544467354813017,-89772.96529602048,26.35287102813721,-0.17190174904095926
8976,-0.5932522650289497,-436220.6253479004,58.613199552124016,0.49675802936284785
8977,-0.19335081944224874,-96187.36843261718,25.896365412353518,0.08106529385846897
8978,-0.31608850237811487,-265740.045769043,31.755250043823246,0.41278173585213773
8979,-0.327153622287629,-211675.69586059573,28.30429110498048,0.5422703582697376
8980,-0.025238520776859865,-16343.0085913086,32.35016683398436,0.2538497334849366
8981,0.0304370498622627,20434.764067382843,19.740316507812498,-0.09046768287781447
8982,0.11202237387562378,51794.28094848634,13.273573909057617,-0.41094983306916527
8983,0.3168635781369101,168577.8143823242,13.463962986694334,0.04550489009412453
8984,0.2520740431556917,157739.7197662354,13.65799551049805,-0.13200695971814688
8985,0.17318934112500742,83183.18503417965,14.598368961059583,-0.3123179996827108
8986,-0.18810670500330526,-120331.09572143553,27.55866503222657,-0.16858928331574438
8987,-0.2901354767646166,-130149.21155517577,28.119919577636708,-0.05718444336255864
8988,-0.5607446681128075,-454503.9490576172,61.519283950439444,-0.02014441012735686
8989,-0.05109783788195235,-40007.09018554688,23.122453515747075,-0.08345890603765928
8990,-0.10448421652243757,-78041.17695678712,31.84318897558595,-0.055105098550190024
8991,-0.23462585248981654,-131420.6373352051,19.425859025024415,0.5200181697723462
8992,-0.21583520312645063,-153987.14983032228,23.53227194384765,-0.24901752585233866
8993,-0.1267188288240934,-87376.65427856444,25.761682113159168,0.4090590633869042
8994,-0.41893211990049045,-266409.7795825195,32.211772957397464,0.04260915428213932
8995,-0.14665802015556015,-94406.54411987303,26.885026900268556,0.15275196058681245
8996,-0.3027898483002705,-155244.23963378908,26.029722443603514,0.2904534926482925
8997,-0.4051612851088874,-224315.04439819333,27.206839442138676,0.3283026848070039
8998,0.18123683359236875,110038.25587341309,18.744851488525384,0.428460504586773
8999,-0.46253530413051797,-373523.4680773926,55.77918329394532,0.04829696387467566
9000,-0.5098171173082398,-319477.99024230964,54.28175352410888,0.3117968134303976
9001,-0.4246058170447524,-302721.1865270996,42.23370698791505,-0.02919996364042021
9002,0.40776696429550235,175718.5396594238,13.758515999145516,0.1105350133353697
9003,0.06614515997704232,34876.52930847164,20.233917993408195,0.7883698684151861
9004,-0.14699071299668198,-104668.25229492187,29.700080234374994,0.631575108052362
9005,-0.11175736690165713,-92679.04057983398,36.551992050048824,0.10934685440305246
9006,-0.015632079384168704,-10326.97032104493,21.848243501831057,0.03725832019630165
9007,-0.2739871998716687,-137263.63908813475,29.02533696545409,0.02544891047089394
9008,-0.31903454868594516,-201782.23504394526,39.760300481933584,0.279761291526962
9009,-0.31587902687007985,-205951.5649743652,34.17462353881835,0.3188737556766926
9010,-0.16167426142484653,-88412.76876342774,16.47820241479493,-0.1427572751969536
9011,-0.5487797988233313,-417313.49499755853,58.29871903857421,0.08904171313178676
9012,-0.37489003095407025,-271459.70858276373,34.72257148217774,0.01311365538755642
9013,-0.02882390999502117,-18908.510607910168,23.469685984130866,-0.017008635249917952
9014,0.1837836724398177,85471.1197973633,11.541566001098627,-0.3000775003771505
9015,-0.09115639297591362,-63748.04369995123,30.1897904197998,0.2529603591241115
9016,-0.29453091443974094,-160036.16255981443,29.787425489501956,-0.05097599710256642
9017,-0.17377200526328607,-104512.98491088868,28.848937499267574,-0.028579229537028007
9018,-0.39474912455534195,-275446.6895874024,31.333254977539056,0.0041043378713697945
9019,-0.3749854488261056,-295735.8247814941,44.63562067248535,-0.48065057909824094
9020,0.0030776990564423197,2819.4992407226455,25.117125047851573,0.10382182189141345
9021,-0.09221881088046628,-62558.99744689939,20.535086709167473,0.0729942482836848
9022,0.1264140311553619,89444.7138653564,15.607100147338862,0.11121951416778417
9023,-0.10274978284404837,-61021.440347900374,23.26075555822754,0.1586340327936618
9024,-0.21318755091149327,-144180.82250366214,29.007130709106455,0.25442269278276797
9025,-0.30567059531573215,-209219.83298217773,35.42512226306154,-0.4264485279125699
9026,-0.6189033784317267,-341709.8535632324,40.881587365844716,-0.2894914901082988
9027,-0.3422995117755035,-181822.30493896478,26.36575998754883,-0.23947373383236217
9028,-0.5328975059838936,-320933.7956018067,49.79248752270507,-0.4070146653024391
9029,-0.30762988090039484,-215800.9901159668,36.9148899991455,-0.12824650262314657
9030,0.008998859991630154,5721.751735229511,16.115094869506823,-0.6795532932751389
9031,0.17822670642071947,104085.23495117191,14.310834453002935,-0.5815420086382598
9032,-0.16447526527123227,-131850.6741772461,31.663262449829094,-0.13314325441273145
9033,0.4080709068505224,205194.1490466309,10.809643498046858,0.08137438090952608
9034,-0.23814973612409815,-115622.59366455078,19.91655001220702,0.10153143134273807
9035,-0.34560320138428474,-183487.02231933593,24.92883129125977,0.051027765307217365
9036,-0.3720249115512354,-198412.93051879885,32.44872840161131,0.5410911690315903
9037,-0.3832162990696613,-248186.36530395507,35.70384506530762,-0.49866978917044563
9038,-0.6954370656376543,-614309.9404522704,61.906941524719215,-0.6086951924333576
9039,0.38323931445404913,222122.6721533203,20.079421493408212,0.08846012324158223
9040,-0.29596272473698726,-227485.71268798836,24.46638397033692,0.1822843772173663
9041,0.038208123779681295,25640.82602661133,20.39279835241699,0.22740515677246875
9042,-0.21253617173358796,-160689.20469970704,30.944646508789052,-0.02294302294869037
9043,-0.15503337287562027,-106932.65998657231,26.020279013366704,0.5030154050830208
9044,0.15273747037157315,96267.6846923828,10.84461147839356,-0.030973041233405815
9045,-0.5821443594925492,-461131.4794702148,50.636200953857404,-0.03914455730814256
9046,-0.5261647384188115,-362889.0532080078,43.35169985937499,-0.08323348181148534
9047,-0.4993809272430219,-265069.78883239743,32.97164045135498,0.5227399559958549
9048,-0.23176220451169316,-174097.04451538087,28.542997500244134,-0.07404375079967718
9049,-0.07865149094410716,-51229.08562988281,17.03964273937987,0.36897863446048984
9050,0.002625168824955338,1619.8956072997826,22.321004966796878,-0.14283239569043968
9051,-0.0021902523286077857,-1555.2396484375167,27.620432976806654,0.5796294831883406
9052,-0.1950504162541847,-128602.05561279296,26.964912518066402,0.004521616646131328
9053,0.4041724729200892,179092.0348547363,10.421436507080076,-0.30832722055312706
9054,-0.09373143760149821,-50011.37186645504,15.870179187377914,-0.2015085641441371
9055,-0.3338313011647486,-262394.41012695315,32.24699248754882,0.06856502244818882
9056,-0.2739810802834128,-224413.40968872068,36.557474997680664,-0.362374224554484
9057,0.01775876629990804,11840.17065673825,25.071276964843765,0.6407113186307679
9058,-0.20259139751772345,-158812.70984619143,24.92327598339843,-0.08092938606979037
9059,-0.1789694025304287,-117869.83476440427,23.074951390136707,0.10769356484219798
9060,-0.5094589972121952,-281131.84984985355,39.685029508178715,0.05723724011444051
9061,-0.6336858158924994,-413482.1992138672,41.730397419433594,-0.13217399754119857
9062,-0.489614936221439,-395466.26996582036,44.1822305048828,0.22594896606260986
9063,-0.1902039217608215,-159297.55433959962,30.962000949218734,-0.11398896313749181
9064,0.10184310125596852,51005.81729858397,13.942779791381826,-0.0764022538109712
9065,-0.44153872871549193,-301699.3200231934,47.68716800476075,-0.11556438293019732
9066,0.3143351629955651,177209.0501940918,14.7578669958496,0.323526862545139
9067,0.4539442271020754,176993.52020874026,8.350976991943364,0.011226460781162692
9068,0.22394888782049208,152812.17392089847,11.154820007324219,0.26401689033353787
9069,0.13228884973660776,95117.44385131836,13.822222426025382,0.2571148470846362
9070,-0.5681187181265053,-452254.6294073486,49.55510697491455,-0.11990647978334583
9071,-0.2920035928192771,-189956.86373291013,27.36042149243164,-0.519025330940047
9072,0.12638154264273438,67366.06551757813,23.68095389331055,-0.23338648508244805
9073,-0.16419909312416164,-102205.44219787596,21.50668225805665,0.03243722540426571
9074,0.0286978690207219,16113.214710693352,20.559309488525383,-0.3445027022848165
9075,-0.0800109935340405,-66911.99101196293,23.76264798388671,0.07524056804614151
9076,-0.07220737634443557,-41884.31037719724,18.343106028076168,-0.032396423112466766
9077,-0.4753675662881411,-307822.69149658206,38.882209145996065,0.13230728875232506
9078,-0.539554457933697,-411301.0395751953,41.13010395751953,0.10899436341083538
9079,-0.15308415533274555,-99919.13560180663,19.731178511474607,0.2864851983010491
9080,-0.05766964043782758,-36750.51990478515,13.701323482177733,0.042856288684108804
9081,0.19804145571321563,131064.7055090332,11.82318902160644,-0.1277426658744379
9082,-0.12447361652088812,-92502.16441833493,27.325796980102535,0.5650107326117272
9083,-0.5942023256148955,-427686.0555419922,45.22566921179199,-0.20677445428382246
9084,0.010708368281738882,7594.490010986337,25.98116497668456,0.44732088827465266
9085,-0.3684518093989178,-256121.46836425783,36.41664633862304,-0.4660268150218606
9086,0.5829599760626304,377050.82232116704,12.525254041687026,0.026068647344183994
9087,-0.343567964387307,-254250.04907226557,43.455051937744116,0.21969612194835064
9088,-0.2384296302479211,-143024.85555053712,31.64408799963379,0.08126455064341553
9089,-0.13189751491586874,-100602.4239440918,35.80124638928224,-0.09377308136790118
9090,-0.2901604394924905,-192335.68829711914,36.619816949462894,0.3946168292464097
9091,-0.04137538784201079,-25543.503665771495,16.05630899572754,-0.2833993215170894
9092,0.3665763432682258,279893.98746948247,13.823594990966795,0.22476456265883746
9093,-0.04399399853303418,-23312.663040771462,26.56297435595703,0.06072651262973653
9094,0.24001010520475616,91124.89388427735,8.341039996948245,0.41821869316533217
9095,-0.032703562236453536,-22420.93601074218,29.550185153808595,-0.19573515377885853
9096,-0.6364524734386547,-308422.5643676758,31.2665394613037,-0.009959964477596606
9097,0.015751240176933502,10528.270126342759,21.61417646655274,0.0060962461254400165
9098,-0.47124262903942543,-281620.46017700195,35.675604002563496,-0.5532582804744376
9099,-0.15229307625295044,-133256.76536132817,35.2265600432129,0.0779992418020702
9100,-0.23391956974329572,-179963.07633666994,37.006056139038094,0.010585235871318047
9101,0.44545391840346915,263146.2898144531,14.486436456542975,-0.11732365211044468
9102,-0.2822295595569211,-181202.01461181638,21.234966462646483,0.44189876205932366
9103,0.018737904287776892,10525.280655517563,17.000827496826183,0.01231466517406523
9104,-0.1954186602689161,-120363.71117248536,24.805588505554198,-0.16973976517907305
9105,-0.01985514892764845,-9664.728081665031,23.830590954772944,-0.029563005319487218
9106,-0.6190290046594419,-393016.6450170899,44.427221478515605,-0.41733753963325926
9107,-0.2329539239218833,-165706.84137695312,35.74279512841797,0.07837826038619947
9108,-0.1633256854216875,-109323.75775512695,27.48036828881835,-0.3145497338480342
9109,0.08555415680379434,59322.83986328126,31.06664600598145,-0.31209724524582017
9110,0.4186146926764056,142575.0941101074,7.205419978027348,-0.08698025731863354
9111,0.3841717485778061,181851.3362145996,12.958063016357412,0.2463888197817605
9112,0.017143443894257305,13716.22228271485,29.062708412109384,0.4483396077708659
9113,-0.2530295350762627,-184317.7947644043,31.541768482299815,0.08258786371990397
9114,0.06125632280486799,33351.47415893554,14.455509510742198,0.1786003580878347
9115,-0.2020636268880085,-113468.5893249512,33.500515964843764,0.03297933036836809
9116,-0.008098815045585048,-4391.142541503854,25.144849505737294,-0.42458528583279853
9117,-0.1543312274174213,-70345.21823791505,20.8381484656372,-0.3956389424211765
9118,-0.10317606698455269,-69713.0897521973,29.696066497070305,0.004415022130809045
9119,0.7653275901659166,481454.7378320313,12.377808505493146,-0.5947729622870924
9120,0.08051808641826738,49270.81127929685,10.70167043041992,0.19399813915612021
9121,-0.8311814650558742,-513606.6932324219,53.7060653317871,-0.17291658489185666
9122,-0.4794706570428224,-396208.7451287841,56.02064546160885,0.34640070406016826
9123,-0.21670978306091665,-115748.20614562987,23.746668136230472,-0.26082120952170257
9124,-0.05089961122906609,-32107.87598999025,28.292956001464837,-0.057031182689203506
9125,0.18173908478335288,99881.41466918946,19.215407989013674,-0.10276092075666507
9126,0.041029967228881525,29757.76501464846,21.06336151489258,-0.13468253370823302
9127,-0.25949334738960605,-167495.31703918456,22.357788428039544,-0.16111469498150024
9128,-0.350776356666599,-229799.8101098633,36.7192180321045,-0.01256747124185193
9129,0.10986826512910282,59802.29537963869,20.910324983276368,-0.18936614896205703
9130,0.029183766248982414,17186.69256591795,15.660360506469722,-0.08199015334173201
9131,-0.06032593237574472,-24747.34462524414,12.791793501220702,0.18874342958821363
9132,0.17595108907858661,96538.71104614258,13.551755436767579,-0.06194329315119243
9133,-0.6146483268935601,-449471.08009765623,49.04630902905274,0.25478386467600916
9134,0.24598624742541966,167248.50334594725,10.416649993896485,0.1666449164485748
9135,0.22368008606582115,136102.1145788574,13.266926508789068,-0.030725148387657313
9136,0.09744858937274842,52096.695900878905,20.70544498571778,0.2990976558855125
9137,-0.5330903630643277,-433530.69432006835,58.64603943420409,0.04749969977927451
9138,-0.2835437351630087,-178501.00974975585,31.998034978271484,0.08083894251867436
9139,-0.38204558613248185,-296915.10513977055,36.46495450872802,-0.23413404388455267
9140,0.4968999041206101,257298.64471557614,8.291531489746086,0.6817428871460196
9141,0.10574273305843561,70929.01952514648,27.481288553344722,0.09487200795153891
9142,-0.19714231089911255,-159643.46954833984,34.37775551501465,-0.06153231630360276
9143,0.18688343165365837,95260.08657348633,18.43769532653808,-0.06893972486111101
9144,-0.2521166033907892,-148829.82140991208,32.65496459484864,-0.03130877805661461
9145,-0.4700910698111924,-212925.7335583496,28.848136368774423,1.2281031593629186
9146,-0.2305926989627597,-145954.7345385742,24.287249952880874,-0.46919074504584585
9147,-0.18556749394563685,-117898.90510864259,25.724410499633795,0.25368364642519275
9148,-0.5344756806989233,-420769.0747412109,50.937138453613294,-0.22270668511880337
9149,-0.21214412693302015,-129046.97932006836,21.508181963500963,-0.22833428879425346
9150,-0.43505802459764303,-249052.2757104492,41.505813033935546,0.1784397257988525
9151,-0.03895934633786233,-26484.522584838876,23.94058497216797,0.6222007336388188
9152,0.3451903801702341,227914.3700024414,12.234350725830065,-0.2876946878674104
9153,-0.041474220087881035,-29025.190541992204,19.195422523925778,-0.4312517656998855
9154,0.28415646450198595,160701.46013061522,14.098296483642583,0.4115688913283513
9155,-0.441793884910782,-310155.5405670166,33.535849971008304,0.38164003932322543
9156,-0.37882038693721354,-251658.76045410158,38.41336148181153,0.21159381152099815
9157,-0.34348932129568555,-235407.57792846678,29.354574781127923,0.16883768029264057
9158,-0.5476860278638106,-384234.8601123046,50.95253097045899,0.07157347226042761
9159,-0.09232761862735818,-43084.50641845704,13.212438112304687,0.09195925024629077
9160,-0.6343018214661185,-619200.4042712403,76.51783432434081,0.09303736602935432
9161,-0.4610315857864268,-328216.5901940918,53.123563952148444,-0.027527682686248448
9162,0.4304594713182162,245253.89118286126,13.27384798828126,-0.21503940588523407
9163,-0.35428692083592894,-192459.37497436523,28.006237010620126,0.6672204706555126
9164,-0.23055857432150348,-135896.4910925293,34.42302130578612,0.007543990169054449
9165,0.22952764129893957,112563.35240722654,10.409183661254879,-0.0781111916906695
9166,-0.1000485336672495,-70477.43862670896,17.706662466064458,0.2838250985070352
9167,-0.0020442489400381045,-1343.187951660162,21.13203098840333,0.034617400547781736
9168,0.17674934339373458,76053.95903076173,9.053507000000007,0.1388983840706539
9169,-0.0719601167847429,-40773.46910644531,23.351066917236324,0.3605721186538385
9170,-0.11632552725968535,-89169.34061035156,25.655857085693363,-0.18949896539482888
9171,-0.2098301927882578,-150951.3790863037,23.783861494567873,0.0495669725456669
9172,-0.22740303439975848,-132901.0335003662,31.474456338012708,-0.06646511002241023
9173,-0.3530016756938629,-256250.18542358396,45.17724559924316,0.03663214722072533
9174,-0.18366238122685824,-108283.6588574219,22.412588530761713,0.6426917310305449
9175,0.03343456877757948,21395.254600830067,13.598533512817381,0.014840437757210268
9176,0.34879434268045856,173010.58994506835,8.664823513549798,-0.2927943496457358
9177,0.4708541255236235,256933.3356164551,10.155786003662099,-0.22777204143797408
9178,-0.06891308346604472,-39088.356636962875,15.830030022460933,0.2545952922357745
9179,-0.05275568440625308,-33757.117904052764,14.465773939575197,0.02037751100078235
9180,-0.5349599955030525,-458225.59896850586,47.47218984069824,-0.5442311357975417
9181,-0.792400590551283,-603461.5854675293,69.43018153088379,-0.09288527645720024
9182,0.2258633590002514,110184.03473937986,18.689698979675303,-0.12133785216041751
9183,-0.23145429046178026,-110701.99784179685,17.706542963378897,-0.24419144066225013
9184,-0.050040435339263854,-34995.04005920408,36.722905052001956,-0.2136214203095096
9185,-0.3419551858769924,-172778.53003295895,22.00510298181153,0.05038675880911437
9186,0.06064567575873949,29520.080391845695,16.13605945825196,-0.06684629726189376
9187,0.03949233019932547,31552.18076782227,17.585149026367198,-0.25307028144062677
9188,0.08316033835527004,67148.2452630615,14.740148001220707,0.2563988446832242
9189,-0.4228743419830215,-343863.53521545406,40.41387002844239,-0.29752608483501475
9190,0.04966284626058867,29737.980153808585,11.126164495117195,-0.21228792413703088
9191,-0.21675580304458747,-135863.13632019045,32.5169356402588,0.04467777555056034
9192,0.4183004546633565,241433.8259442139,11.889253484863264,-0.22959603450751925
9193,-0.5346323850340643,-286442.51788330084,36.42076331225586,0.005810709962210701
9194,-0.9479788344721414,-758623.5719805909,84.7150661602173,-0.07754986437571407
9195,-0.30404783619512804,-223694.3936706543,27.394997939331052,0.13883731549807715
9196,-0.19727310324496658,-99553.30360839845,20.50569687719727,0.19118694763992733
9197,0.1440207064269492,87447.54733032228,15.949870477050787,-0.19635048044499853
9198,-0.6426227200300245,-468635.6106530762,55.41327805432126,0.0954850264472727
9199,-0.5681611073477602,-361174.139810791,37.02151947924804,0.3317671355731945
9200,-0.22840607005441524,-169336.65098999022,21.00324056542969,0.37772658082131316
9201,0.009072445734302178,6134.180688476525,20.753895968505855,-0.19450076646839365
9202,0.3169255407846667,113190.94436157227,6.806839467041008,-0.2500885102356799
9203,0.30950173665770964,132893.54196350096,8.567039147338864,-0.21679972840094527
9204,-0.49289896951269657,-268419.9163671875,31.649672667968737,-0.2796454309795778
9205,0.20944251296404104,145221.206182251,22.086806927307126,-0.5133578516149117
9206,0.04570358693932404,29471.50935791018,23.32089505407715,-0.4460928152392036
9207,0.1502152476134231,98222.28210571289,26.262859490600587,-0.09762536489541176
9208,0.043003852733968055,24028.55605041502,16.044034869201656,0.18967787304367778
9209,-0.2644401504362973,-155525.76950317383,24.05817467565917,0.24219147081258777
9210,-0.18367251280863497,-124071.01475097652,25.867231470336915,-0.23532771560615146
9211,-0.20037854596460414,-105829.14512817383,26.536060018432618,0.3117966049499474
9212,0.011051447748632285,6092.021676025368,22.21050601464843,-0.1682994671878584
9213,-0.37368735991170365,-233005.135041504,38.93224646899412,-0.34311405833617725
9214,-0.026306604942083263,-16174.660765380875,28.65629450720216,-0.01073966243045047
9215,0.042578546933436066,24988.16479370115,19.40485648852538,0.19129525888251456
9216,-0.18964653659525357,-143563.6809313965,35.335859568481446,0.34434570839004364
9217,-0.1405487658308232,-92789.34495971681,31.362378485595695,-0.12114741875601104
9218,0.19761914324503688,111680.62841186524,11.438533985839854,-0.19129141231778765
9219,-0.14338738583710053,-86587.23564147952,16.309112037109376,-0.32850879672387884
9220,-0.4877708690826018,-392467.57026916504,46.71285603186034,-0.16071562732213795
9221,-0.31907555268351184,-280629.1339031982,51.03564740228271,0.08810816344024926
9222,-0.3489863389250025,-131387.53642211913,14.886725692504877,0.28313302156835884
9223,-0.31222957246202654,-215012.00009216304,31.00450152264404,0.4293590439717653
9224,0.10238957034571759,70599.51162841797,16.239649548339855,0.4230630612589235
9225,-0.17751994632276308,-137861.87513916017,35.64449251257324,-0.03339609276825206
9226,0.026319371343303817,12222.275505371064,10.72314296777344,0.015597512862679037
9227,-0.4796257229665265,-369679.04209960945,52.440412182373045,0.001399888971151381
9228,-0.11145104594071324,-79361.6500305176,28.183661024536132,0.2753448929588904
9229,-0.410066087272549,-269854.5522424316,45.47307951171876,0.027758950758065122
9230,-0.2802344393781251,-165897.3808569336,30.077635566894536,0.08415620634125469
9231,-0.2620878930758483,-147239.25497314456,21.359111958740232,-0.08597803689455935
9232,-0.15171639126908384,-90352.3596960449,27.786405474853517,-0.004851339575147279
9233,-0.6461387406150184,-538170.5319799804,64.53348866882321,-0.08273306429340924
9234,0.5184907304125141,318024.4495117187,11.890337513427738,0.06038806145515055
9235,-0.045223580148356445,-33016.9690673828,18.699325454833986,0.1677896546245925
9236,-0.3942820825272566,-270510.4904492188,41.81296398779298,0.42709096379726424
9237,-0.13542969073240824,-91302.27539489747,21.736612494018555,0.31452741750400587
9238,-0.37159203456645173,-161077.754029541,21.55243114599609,-0.04812514845035145
9239,0.05904984418828103,37144.51909667967,18.54109550195313,0.32522873440974365
9240,-0.602677713846166,-269955.25561828614,35.4536570026245,0.03681570472101486
9241,-0.1311780060564616,-64282.77023071291,18.089110538452154,0.34097721306153284
9242,0.035308733804072866,16986.474420166036,19.586929937866202,0.009579277235828274
9243,0.05509012841657894,37385.572137451185,15.47240415734863,0.1667520786745596
9244,-0.3820207026364572,-274416.41873413086,49.874979923461915,-0.1655113665896806
9245,0.08159736844631965,45879.79849243164,9.82601999829103,-0.22748999682115795
9246,-0.22133630121518877,-138852.77536010742,22.949392534790046,0.05038647522737155
9247,-0.1320641539445311,-90385.71887573243,18.17521151574706,-0.3475289084065734
9248,-0.38939667998572014,-311296.30023925786,36.19518147949218,0.2679047056225451
9249,-0.2606437645100884,-179569.4625073242,25.76384147973632,-0.04382902490060384
9250,-0.7668321916083254,-585274.0592156982,69.77789593792724,0.16021061638697065
9251,-0.14388889223985554,-81257.41627807615,32.48195311242675,-0.3776208785176142
9252,-0.06971057456789503,-53966.45573608398,20.40352849182129,0.04757035802000159
9253,-0.5535830979677009,-291922.93493408203,35.668663480957015,-0.1270195905477945
9254,-0.13716231211047628,-95593.38686523437,22.032218168090818,0.5611300503705038
9255,-0.10492875520510728,-63414.716113281276,23.973613576416007,0.3212868458411588
9256,-0.25489289544424665,-160810.48529663085,30.88626050036622,0.15914402750853124
9257,0.0854480175748537,52000.80288818358,13.888062010253918,0.19235459391302434
9258,0.04894847679168156,32081.516884765646,17.7739644765625,-0.3520634817934241
9259,-0.1524160845228844,-89595.2138842773,26.517314986572266,0.09866849897155833
9260,0.008163268565100617,5833.495772094757,27.009077944702142,0.059124398401052033
9261,0.003935356801895384,2513.731744384757,24.087735995849606,0.0805107392028982
9262,0.13835881562929667,74875.26976318363,21.232574038085946,0.44878553548802347
9263,-0.18906174482261306,-75107.33122070313,9.654782627197262,0.1597939047194501
9264,-0.41465696968116,-314985.91908203124,38.46494689257813,-0.416625283147818
9265,-0.09427229431067911,-50747.10689697269,25.00691751306151,-0.31220259570649883
9266,-0.40072069509751684,-302572.69149658206,38.311614114135736,0.17472203360012264
9267,0.2591534529663213,113623.52846679688,9.399508518798811,0.2618525909780188
9268,-0.5387395528856267,-374337.2996032715,46.765839955078114,-0.12397487131261001
9269,-0.2223812824362295,-145891.06583496096,33.096145478759766,0.07572455675374667
9270,-0.14618808159893623,-62091.855748291026,9.032157620971685,-0.05110163918885829
9271,-0.29454996865581173,-182744.63031982424,33.4221855036621,-0.22875251303592042
9272,-0.039986708232148525,-22903.68466613769,20.29429847705078,0.03182308396667392
9273,-0.5461572693732849,-533780.6667333986,54.68549265429687,0.33942044001397303
9274,-0.23772947802455976,-149689.05954101565,32.55884891699218,0.2069764706270307
9275,-0.29497341772264846,-236658.08372558586,32.71990305944826,-0.07539499421811498
9276,-0.20857403429355423,-121493.57123168944,25.79612808581543,0.11707058832839726
9277,0.16376002705941123,104432.9294836426,15.969773986694333,0.8896524221869508
9278,-0.030209779343179796,-15875.509311523449,12.384553914062492,0.2544150369222147
9279,-0.2894057173887712,-164134.58920043943,27.57427197943117,-0.14026705769320516
9280,-0.3602710275542611,-240911.12966796878,31.087975527099616,0.35476694502974077
9281,-0.22388186402367022,-159148.1944799805,24.361690995117183,0.057013713648410944
9282,0.2368102378363815,139314.20046630857,16.01243299291992,0.3322940880983607
9283,0.2725978938699683,149658.5272546387,17.033735496826168,0.039893513770104784
9284,-0.3836616118549268,-236068.0814178467,31.721989158447283,0.0031986139485812304
9285,-0.04454527469236822,-27331.20988281251,19.33632299145509,0.18780302868373805
9286,-0.12241188126739688,-81151.5696850586,24.046932525146474,-0.14286603742800352
9287,-0.4573494420248527,-331027.437923584,39.94441375158691,-0.2010646685802899
9288,-0.0929383013790873,-49751.20471923829,12.833192972167978,-0.1805791111683131
9289,-0.1792965185618458,-122582.02005859379,35.998228452758795,0.13385603801729862
9290,-0.35915364636560215,-213180.04937988275,28.553583701416013,-0.39067467238928405
9291,-0.8378281469426664,-558306.6707342529,59.80755394586181,0.3335560803239018
9292,-0.3790987392401893,-270588.52825439454,41.228633120117195,-0.0664078250551563
9293,0.28854924328586984,113144.1249584961,9.621501502197258,-0.0514363857083392
9294,0.23682864933465975,127325.6454614258,11.774615982910152,0.325180611100758
9295,-0.4512158987714131,-278496.1595263672,35.22464338793943,0.8662165312002433
9296,0.1482413587752425,89254.72041381834,12.801764541503916,0.4043365599890083
9297,-0.3280052581332737,-245695.39392211917,29.079277400024413,0.2966003154483634
9298,-0.0689779169908433,-39999.97681762694,21.709265479370114,0.41403231910870636
9299,-0.46750757365136625,-336996.5758605957,45.382423557373045,0.5947373401747388
9300,-0.1257523240332184,-92171.46518432617,27.95331751599121,-0.34372793461011114
9301,-0.24945834875613432,-169000.0068585205,43.64355746246337,0.08328539426008526
9302,0.352074224396647,171916.9845458984,11.455549506835942,0.5478254850497877
9303,0.003190781150848832,1814.0798852538937,16.006664943359386,0.41559651129999337
9304,-0.33652525779274933,-221415.1102026367,31.612054630981447,-0.09471873970966048
9305,-0.32280189158616274,-215843.12330200194,38.18184045361327,-0.21123515612582838
9306,0.05408555384685762,24861.58132080079,14.13669229870605,-0.23492532811863742
9307,-0.26007827315059406,-144143.1716040039,26.85169251965331,0.32834925913176327
9308,-0.2948705662267786,-198729.9504724121,36.10787050378417,-0.07321641772699726
9309,-0.4635838506948329,-375558.7378027344,61.126194717163095,0.0831037428959308
9310,-0.44569031632727324,-282942.0697058106,40.456450979858396,0.216437031036324
9311,-0.40742624429877056,-209241.3457568359,33.15674156396484,-0.17113136312010435
9312,0.5062257989605348,310834.9695825195,14.14347702880858,-0.08106811683325704
9313,0.13996038521732398,81884.74508789062,13.349300645385743,0.05596404634542457
9314,-0.2690976760424756,-175579.16076904297,21.638797063964837,0.37204070990308435
9315,-0.14302730936905295,-73891.1753881836,21.33948005053711,-0.17684670905059197
9316,-0.4356283986208957,-335916.7948834229,38.73926595098877,-0.3446670744319704
9317,0.25640283362176064,111660.35059753418,10.680505499999994,0.0035736789762709736
9318,-0.1604359104240413,-127189.21556152342,29.818083990966787,0.20619872563382322
9319,-0.46871386042840846,-326913.8687255859,38.21909289050292,0.0034316229745593556
9320,-0.06946521593127539,-43316.33324645999,23.368926785156248,0.4534887658197224
9321,-0.13541244151643872,-100133.92426513667,32.72957149243164,-0.045089791967905156
9322,0.17412865619805623,108285.45314086915,22.010676999511723,0.31767888190990745
9323,0.0796790637640352,48108.999725341746,25.192478476562503,0.28224452717057663
9324,-0.3866234507035232,-300426.8597741699,38.805301986328125,0.1555951191553881
9325,0.09283452761723901,55822.210654296876,17.515022507324222,-0.41617235847034606
9326,0.13413389356271088,69960.37115844729,14.225195838623039,0.0773557642356244
9327,-0.10062090997098504,-53275.59913574219,15.654719465087878,0.38186718232488814
9328,-0.14859021532617628,-88286.10051086429,21.39500303790283,0.4344528996169216
9329,0.19291651814172375,91452.2351812744,9.424604974365234,-0.118156962043459
9330,-0.026353712762055836,-14824.124582519547,11.301728999511724,-0.07226262934167373
9331,0.5388365838684753,359568.5619335937,13.707964520507817,-0.014012427226472807
9332,-0.29186916949691427,-198365.33018920897,28.848379990112306,-0.14868117939965994
9333,-0.03247152334557214,-16055.379934082026,20.96392099243164,0.09846992729405661
9334,-0.2948750249447641,-160144.46960327146,28.04636249011231,-0.11104291254914385
9335,0.4283082370884074,238654.18456481933,14.611834000488278,-0.2878891095004565
9336,0.14811854651258557,97671.3453869629,24.98171197216797,0.36567529779144664
9337,-0.4149447915202721,-310486.0592230225,39.571466416198724,0.17535678950489142
9338,0.2802809669008048,163220.14906188962,12.756960490539553,0.08394648147305475
9339,-0.2789089013668474,-217544.89331298828,31.130886461669917,0.025334462850981607
9340,-0.18132663439148317,-111786.05809692384,22.279344496459956,-0.09907487369647545
9341,-0.059547855408338554,-25390.74047119139,10.733225975585938,-0.2536866703558872
9342,0.2809574482726829,171295.3348590088,14.189736506591796,0.0867957542958346
9343,-0.18553202050555484,-102130.17404968261,26.08314240130616,0.08879044308603244
9344,0.020339027723715142,13099.988867187494,22.131963009887702,-0.4578459319219655
9345,-0.5729892846051535,-379719.2948779297,44.397914469726565,0.07644566424529829
9346,-0.3468492798189199,-180530.17364135745,27.148647429931643,-0.3242843587512502
9347,-0.08479626044134414,-49109.60064453125,28.513371466064452,-0.33613048892779057
9348,0.14246612884061333,78635.27265014648,13.427680978027349,0.02911528905879189
9349,-0.47260666661478445,-219885.22562988283,22.92332550488282,-0.49217743305671546
9350,-0.2369482088056554,-172180.66490356444,28.281915437744136,-0.12290133722496788
9351,-0.16769275791449123,-91054.89654418948,18.276518175903323,-0.2598019150616631
9352,0.03175770433367244,24242.004145507814,16.273455527465824,0.02428563625578976
9353,-0.07634913016629875,-53031.90565246582,20.528135493835435,-0.27340866206539344
9354,-0.35506565816707547,-244444.35006713867,43.98212400012208,-0.32136176503679553
9355,0.1310333526684877,76634.49381347653,17.631579539794917,-0.09840397724512827
9356,0.22037486643585338,104202.68027832032,18.117698959716794,0.23419340591937018
9357,-0.1173100603877733,-68757.21051147461,22.16395600158692,0.19420503885715618
9358,-0.3232377762620696,-227478.59940307616,38.930223460327156,0.36129378060777356
9359,0.24127724659269517,177122.9639404297,17.95249198901367,-0.157140652878303
9360,-0.1973051106580935,-127033.76127197265,23.722346604736323,0.11040168267724532
9361,-0.2641694855056382,-222607.44399536133,35.57443336315917,-0.2870216111376714
9362,-0.11297553830173408,-74982.74531005856,26.389016019897465,-0.14036910938441916
9363,-0.40501098022378534,-266834.3210687256,30.170274076354968,-0.243391345048341
9364,0.002390920633077538,1548.2950683593663,21.02927151220703,0.0004658388734456486
9365,0.06440247214020121,33641.95283935546,22.989345970947273,-0.05954773669755237
9366,-0.025001191104617956,-15640.670117187517,25.85341550708007,0.16806552090869237
9367,-0.12759104231418533,-85583.0494604492,20.172913998779304,0.21185066974606478
9368,0.332782281398566,157698.26117431637,9.287544010009768,-0.03515150602883112
9369,0.16403488308675235,118273.85166992183,17.379061319335936,0.13787229013423352
9370,-0.37241034812577445,-325476.9612292481,35.72460912097167,-0.032866268992868486
9371,-0.22781113409257903,-159424.8151550293,22.894135504638673,-0.11653225408091226
9372,-0.22198729866901337,-144550.13519653317,30.86193102722168,0.18148741392383094
9373,-0.2485113347072151,-134359.8560534668,23.034630596313473,-0.3226042957831025
9374,-0.4119831879096992,-248275.28512329102,41.994809056640605,-0.03171429110604234
9375,0.3018308834403593,171142.3100341797,18.419389017578133,0.2056907684475292
9376,-0.3947656380571069,-302940.7195214844,35.97790940905763,-0.16206747874726565
9377,-0.4568091701935323,-386703.3963189697,56.848022619506835,-0.08704317283716921
9378,-0.061959910180425085,-47648.78991699219,26.945147460937502,0.24689023162982823
9379,-0.3286522780489434,-208204.27508911132,45.620061974609364,-0.09382217425782347
9380,0.020347514420613458,7672.1649572753995,8.469786488037114,-0.39423413985660455
9381,-0.1201967828752746,-63450.67399169922,16.21937794079591,-0.441844335341361
9382,-0.047545812240577794,-20385.202016601565,12.807996132812486,0.38353318306042483
9383,0.13609635947995746,87621.63915710448,14.809950476806657,-0.18150863468874048
9384,-0.03634530756071562,-21507.709613037114,22.049447441040048,-0.1676208483224076
9385,-0.40097510151894816,-283189.9694494629,43.25986890795897,-0.04609164213218784
9386,-0.27750503624730627,-177796.40651855472,29.922812671142573,0.35568205833340244
9387,-0.1963017590454024,-157413.7342871094,32.701241705932624,0.0045772310600024286
9388,-0.36524264542535817,-196941.64438476565,23.45493094042969,-0.028144697862751995
9389,0.04554484629370272,28921.475439453123,12.812665031494141,0.0871588403741973
9390,-0.3459720436900549,-231271.99109741213,30.94896010974122,0.28006591883169035
9391,-0.16161678759691675,-84647.26840576169,14.801377851806638,-0.007101344761295659
9392,-0.1246597083689524,-75971.71886291512,17.618489816162107,0.2069910165928789
9393,0.33963362328562274,151556.59514465337,15.596316923278813,0.08252095541265124
9394,0.1584807246659753,85978.69996765141,18.424199986694333,0.09666429865091752
9395,-0.2601748653788371,-162131.74657836912,30.07022561706542,0.1465135059854183
9396,-0.5411270330007085,-341019.6619519043,45.15163568286132,0.0340534894662888
9397,-0.21182340350206486,-129767.19474853518,28.28803698193361,-0.42998277269169416
9398,-0.20985400341958166,-121448.45850097656,27.07223040576171,-0.2320804769572976
9399,0.05408458692506791,36964.899471435536,26.11350600610352,0.5046592214846187
9400,-0.31629434800657996,-227487.8087988281,29.297272891845694,-0.0063125969258745595
9401,-0.3015719422030367,-147913.74493408206,24.283236035888677,-0.12772120599725473
9402,0.15318827635439614,63509.27983032225,14.409798543090815,0.07843546615033738
9403,-0.22749175470490246,-151783.98431518555,39.770054512329104,-0.3074430898368951
9404,0.46502468867215047,263631.62006347656,16.8314569987793,-0.4351067778756257
9405,-0.23159772721959965,-120717.26773071288,18.462345800048823,-0.40145301745487627
9406,-0.1342108709505913,-104884.49568115233,16.578631111572264,-0.010616697327506468
9407,0.06274003556032187,24657.256752929683,12.633551999511722,0.004868017419351082
9408,-0.24853662448538869,-145411.53063598633,20.07609405957031,0.30380076711741594
9409,-0.03590822035475337,-19624.629965820306,24.178949956665036,-0.26340777539197163
9410,-0.07384355766553066,-54787.49995971678,26.296027415527334,-0.02624239854124092
9411,0.15279294265780535,118598.2550817871,18.036941500000005,0.014494215293857844
9412,0.037904892856400994,19141.46702758788,13.720489020874025,0.3816189247409518
9413,-0.4321666834723807,-245936.2045104981,39.66891693457032,-0.07089945956597779
9414,0.14855849456158945,53355.462338867175,8.028985004394535,-0.5008362444778787
9415,-0.48571489623693337,-298881.49489379884,32.11590501354979,0.28773361958816335
9416,-0.11085292113433122,-65915.11511230469,19.95423549377441,-0.021996038680111334
9417,-0.44745143459026027,-333960.19144897454,43.02691213024904,-0.3461344374581212
9418,-0.15024798303093315,-122114.689107666,28.638560890380866,0.20972766035306195
9419,-0.0544691196995056,-36021.65049377439,29.637787021545403,-0.12608631050415042
9420,-0.439781451102757,-403248.8770544433,52.64610166247561,-0.3008691853523505
9421,0.19693471621864528,109415.00531311033,10.592597480957036,-0.07994504553952303
9422,0.055177301387805334,29417.961796264644,16.927597298461908,-0.022780199800874187
9423,-0.152738905753626,-100723.62989501952,20.196118002197263,0.3362102465864136
9424,-0.4592996865444786,-323248.2899365235,38.009214972534174,-0.08733225158032379
9425,0.3054414580811141,174868.3456982422,11.81566744995116,-0.3886653581962085
9426,-0.27180539683535976,-190840.94625366208,29.30556050634767,0.015589802698939994
9427,0.07220495332699414,38473.44899047852,11.822986997558596,-0.05055254482291065
9428,-0.23590681885119705,-149132.4021411133,36.96867347143555,0.25267775851465046
9429,-0.22928054694193392,-129424.65910278319,28.579192452880868,-0.2984965516282438
9430,-0.5848802892471208,-427580.6242700195,54.29532843823242,0.18723233126429684
9431,-0.3635679873998247,-284491.9793249511,37.41990340661621,-0.011681110784539763
9432,0.7061885589131127,386194.43180053716,8.957130004882814,0.7891861385742317
9433,-0.25488512305619815,-212004.98325561523,29.969056135620107,0.04788321358019734
9434,-0.485373112507317,-273194.9229162598,31.22489596289061,-0.11417180650079518
9435,0.35460660304474134,159371.4807470703,10.52640600292969,0.13628023572127876
9436,-0.42693446870388563,-190212.7892626953,22.397163921142578,-0.3227892666894197
9437,-0.510098912569583,-242735.2968774414,28.276652175048834,-0.5513705614566254
9438,-0.3050123788916399,-254782.96766906738,36.70025658343506,0.4563053874971488
9439,-0.40404791963371933,-345701.34783020016,48.09141022778321,-0.10054187680385873
9440,-0.24571791964939046,-180921.3996118164,34.85947494873047,0.21219988204127102
9441,0.16069682540708702,110119.50009521487,18.526136477294912,0.1883915277702409
9442,-0.2145374577623963,-135500.68293151856,29.620632875,0.2235851102736913
9443,0.10790692204644543,56217.7905718994,16.569892158935545,0.33214881729982837
9444,-0.12760497153065167,-86789.3000292969,16.11097223046876,0.3368489570166347
9445,-0.0827971710820364,-45266.21493530269,22.33445896411133,-0.10834593485631812
9446,-0.30896042807099144,-253669.13463134767,35.134865953369136,0.21662716437426816
9447,0.45518438896002716,184455.6902960205,7.369492003295908,-0.2729708757464083
9448,0.05551950228795731,38272.40498718262,16.33197814813232,0.3970615737022213
9449,-0.5137182181253207,-459888.503034668,58.68446355322266,0.3643932327661982
9450,0.09381503156495627,66099.07210449218,12.234359989013674,-0.0462038525547418
9451,-0.19160071217589222,-95899.5052685547,23.68679597485352,-0.06014626791099332
9452,-0.33944644753984077,-243451.2436315918,40.08290039550781,-0.45801127475736364
9453,-0.16414087263402302,-129750.17184204102,25.53052566271974,-0.12218512854550397
9454,-0.23705794779083372,-161501.04975097656,35.3059564415283,-0.0794560324587705
9455,-0.014687726285305472,-8790.58774536135,11.820666987792974,0.27305449283175387
9456,0.3101249555919488,187998.94454956055,11.113324998779293,-0.4865728776064873
9457,-0.12265362784421843,-62030.05564331051,22.91781402185059,0.32759076311386875
9458,0.10655092797543432,70649.460111084,18.276752488525396,-0.1274774938700914
9459,-0.2063599324919894,-121829.41451538083,19.983747445922845,-0.08494891005325454
9460,0.05114188722660321,32269.624329833983,15.358019486083988,0.2109516236865049
9461,-0.5575120167444866,-444258.0166357422,46.0596261446533,-0.20782512294867625
9462,0.18370154497300636,94154.12472656248,15.736709030029306,0.08209293292823226
9463,-0.22423344878059948,-132815.84581176756,25.416891373657226,-0.23380808048097143
9464,-0.21246071469696506,-145107.22283691406,28.29615615722657,-0.04740992239236348
9465,0.2218229885543098,101343.59481079102,9.985512487426773,-0.16137154563473427
9466,0.21161228663648723,105645.03299560546,17.36138098583985,0.30035556534101704
9467,-0.007117027493528494,-5335.5508697509795,25.947897548706038,-0.043319804954043646
9468,-0.18277905851046775,-98368.52530761715,20.6170394711914,-0.17885927271819957
9469,-0.23059875201165242,-153424.79133178716,28.027583228271492,-0.03305726012810404
9470,-0.46695869685603836,-353660.93720458983,39.99061547302245,0.10424217424895603
9471,0.024288417428031603,14039.111363525386,13.178562998779292,0.41856658344274866
9472,-0.11783997343756883,-72087.77433471679,25.618156978271482,-0.14458716909068434
9473,-0.3144401405589523,-238376.7999682617,31.90859701434326,0.051764777951437906
9474,-0.6170081791394485,-403731.53096679685,49.34314110693359,0.5250236525958296
9475,-0.08966542256502698,-65131.48851684574,26.995565337768546,0.42938129159177224
9476,-0.06348553853601274,-34742.1989355469,17.910919917358413,0.08984240220566075
9477,-0.00039792696011202894,-279.5284954834133,23.231247510009748,-0.34362642987933195
9478,-0.7231044353744638,-547104.8992785645,60.025416141357425,-0.06701755985583441
9479,-0.23968123482065734,-124937.24439208981,18.502962917968745,-0.035572733630689655
9480,-0.33195135852169644,-217342.6052612305,42.12223248974609,0.23115821001314746
9481,-0.13401626150611526,-67703.96607666017,20.162209142333978,-0.09543355112169229
9482,-0.3737017516571161,-279227.9946508789,46.57352095080565,0.12442421731919558
9483,0.026633435942522713,19564.544976806646,29.553659509765634,0.33785481954667307
9484,-0.39950281385736025,-209343.1326184082,30.32330774230957,-0.06149449899975298
9485,-0.19443870039157757,-139939.65361328126,26.791525983398444,-0.21791465133442148
9486,-0.27004673800701495,-190212.88148315434,31.04716706042481,-0.28565436304641356
9487,-0.3369589335330621,-255031.17937499998,38.365012506835946,-0.08199651682998854
9488,-0.617697525255948,-462774.33874755853,49.989183543334946,-0.07791562820300453
9489,0.20965953441951798,100177.51688354493,13.765419705810539,0.1476121563481545
9490,-0.07328473364929083,-42943.48476318359,21.670492460449204,0.15834404040199382
9491,-0.47236455302060903,-405035.3393078614,47.92972747009278,0.3381767177624673
9492,0.11592124657381454,64241.32467407227,17.049590020751964,-0.16173956724336794
9493,-0.014137274816014135,-8490.165876464845,16.723688480346674,0.2539915665856123
9494,-0.13850073546934602,-94702.92902099612,24.44939497216797,-0.24503481935205543
9495,-0.41336432414238444,-307089.54396972654,37.92667436840821,-0.3236016301839732
9496,0.3539397630773524,229457.99058471672,19.819378971679683,-0.049856786583273874
9497,0.0048502823429980154,2989.0604040527505,16.864334955322278,0.04167633862672976
9498,-0.2494654142428154,-192591.81821044924,37.718603404418936,0.8445606728459766
9499,-0.030457123439007947,-26137.67557861327,28.95844725756836,0.05088280677080363
9500,-0.13126154118650463,-111971.21513183591,35.59080246435547,0.4531532679300052
9501,0.09255793240687668,50307.672764282215,10.423112700195308,0.03764995432783749
9502,0.12818827735477648,91515.130814209,18.317609891967777,-0.4133901551205596
9503,-0.496884764755709,-278359.9361645508,30.12773347143554,0.31660882016861464
9504,-0.4330845847466104,-303146.94385620113,41.65099359374997,-0.039375310969245764
9505,-0.2673639282943879,-137135.6374633789,25.657918953613283,-0.05753060479591615
9506,-0.4353948646580286,-289840.74599487305,34.914056575317375,0.383139680743242
9507,-0.21565298255128984,-138299.69690429687,27.659095185791017,0.0341147632391612
9508,-0.1530759921831178,-79330.54980957031,23.04214512609864,-0.12760154002870372
9509,-0.4930314052555933,-327089.7448522949,38.518055983154284,-0.10124677280804832
9510,-0.023549992699497042,-16389.209390869124,21.49399594006349,0.2474664871631844
9511,-0.24897711554968296,-128061.44442993165,23.995003495117185,0.2364248133571735
9512,-0.3829983452647449,-334784.79483398434,40.39657496862794,0.48349719319066226
9513,-0.06486314857918317,-34025.69539672853,15.198949998779293,0.28710476187604744
9514,0.0012974978010008994,813.5549450684048,25.003347998657226,0.35718695289585434
9515,-0.29768185729792734,-182474.21533325198,21.111685515014653,0.21303308040944718
9516,0.08343493521816953,48617.70219970704,21.81228822412109,0.21285341677463213
9517,-0.48474896353998415,-366911.215814209,46.370378024414066,0.4530526053965967
9518,-0.020230896757785517,-14070.445946044936,30.801481487304695,0.34467462847248564
9519,0.15627433592864073,102594.47373657225,15.478585037231435,0.6391178153998743
9520,0.14352043078042262,77095.90101196291,17.59004550146485,0.2644430946885875
9521,-0.3964580259485903,-295098.1241760254,29.50981241760254,0.01047955515565652
9522,-0.2346624009470257,-179131.22467285156,31.820987956420893,0.11645581543633617
9523,-0.6831455745184991,-357387.39173583983,38.10498553588867,0.5068427794221942
9524,-0.04189789239334379,-23784.947226562523,15.622646540771484,0.2550926462733872
9525,-0.30958693853803915,-228529.49037597654,33.489428519531245,-0.053102902883473
9526,-0.24015084261991737,-117594.70951660155,19.504175431640622,0.04469296097958544
9527,0.14659214244869445,61552.28872070313,8.291531489746099,-0.004059757720241756
9528,-0.2586913501794046,-161354.5196618652,29.726146997192387,-0.026083246700629493
9529,-0.2502246929830383,-208199.02067260744,42.13597901013184,0.5561505256859854
9530,-0.21339422439458333,-191371.6769366455,32.463128719787605,0.11825987183917192
9531,-0.523681876719976,-335267.2115222168,49.16309211779784,0.14299197243353104
9532,-0.15330891926422308,-85646.3044470215,30.91815046081542,0.17164884953335136
9533,-0.4439457509289943,-334946.12031494145,40.26502498120119,-0.13628026855794403
9534,-0.24508159112804884,-120597.82041625978,28.829946222656254,-0.2849373029760573
9535,-0.4633371958590588,-268407.65959228517,30.93097897265624,-0.17349298661284102
9536,0.05672479919826901,32497.596564941363,20.45463087475586,-0.12461561430799353
9537,-0.8098880931851852,-549767.9750561523,58.11533650756836,0.4393743102372959
9538,-0.24416671334446824,-160623.12463623047,24.864024934570306,-0.14548812634959446
9539,-0.40481948260585005,-274587.1218511963,37.627523198547365,0.34229795609766583
9540,0.09928861819511543,62080.02101196289,25.468351417602552,0.12445948192825401
9541,-0.38967817235967767,-333330.95482666016,36.27282398486327,0.7043613185444273
9542,-0.24334420263061896,-95372.92461791993,18.556722002075194,-0.4971512423522188
9543,-0.393730673886345,-238303.11520996096,27.798581556152342,0.08422004316846134
9544,-0.012793030318007787,-6356.909061279293,20.364936411376938,0.07274496412664821
9545,-0.039416498029428794,-23050.0496057129,15.61313502661132,0.21604658725353154
9546,-0.30643466637603967,-159272.62435180665,20.89853098535157,0.13108814911499528
9547,0.33901095036367146,173899.2341003418,19.940790031738274,0.2742107304870405
9548,-0.5061224043488783,-327959.7035900879,48.6562853626709,-0.09765635032655334
9549,-0.40083009301250033,-240275.70053894044,36.913494058776834,-0.5299831876288452
9550,-0.30934293388110323,-174197.63901733398,27.727301030395505,-0.0651462860075556
9551,0.0034670204775988523,2596.20978393557,17.01854395495605,0.24706251031211487
9552,0.2409266324710479,112015.78807617183,11.158145972900394,0.08541440140222349
9553,-0.2732009688254422,-265795.3775842285,45.280109794433606,0.16952871362697247
9554,-0.1163673396160931,-84753.25019653322,22.047728227661132,0.4758707569484766
9555,-0.11017025737381718,-72995.12953613278,32.318220435791005,-0.14092954805708532
9556,-0.21289784418013874,-133944.10543945312,27.72711252270506,0.49959804596518737
9557,-0.6635884031181454,-326182.8402685547,34.55203152612303,-0.3306360928259154
9558,-0.271643375822304,-172770.54946044923,23.372556409179687,0.053630164389919514
9559,-0.008393542675368725,-5629.504855957013,24.585684985839844,0.31254603356736577
9560,0.013956188728160087,8864.852436523408,17.702707494628893,0.12536069583658252
9561,0.023475668639148746,16995.32447875978,21.066520995849615,-0.10229274174414642
9562,0.19283823044310522,96311.89490966797,10.640752656372065,0.7413108598889885
9563,-0.17120522008181954,-118466.78718383788,23.073842999877932,0.06760412789570025
9564,-0.4252804840845202,-247925.21105712888,33.847255513916025,-0.059666821199716905
9565,0.02704689738293425,10415.341376953162,11.167917194335942,-0.013622478440363359
9566,0.14349056060699042,75241.89990112306,15.393119033203122,-0.04933485581137809
9567,0.17466006358687808,112762.52399291995,18.52783499816895,0.021766399791994493
9568,-0.5670918528416549,-404869.4299719238,46.54511999145509,-0.2902288235781327
9569,-0.06026263917737663,-37260.7703503418,23.95313049438477,-0.3837543776572645
9570,0.1307718670465544,90822.10012451171,20.67392048852537,0.15404673215700082
9571,1.7541912915124494e-05,11.014557495094778,15.867867237182615,-0.25888294840512616
9572,-0.04304161804550197,-27653.64521240234,16.763793494628892,-0.17671341521998968
9573,-0.03108287615868161,-17827.55483886719,18.17220801757814,0.06671175803369049
9574,-0.24795901461830072,-139562.32863708498,25.062384241760256,-0.1974554380930445
9575,-0.23094720363268498,-119476.8313623047,28.389879989013682,-0.04562367918972943
9576,-0.2786563841153967,-176911.70462158206,28.749813945312496,0.6877200345883251
9577,-0.3471487004834917,-231881.28453124998,30.883491454833965,-0.1455106630231771
9578,-0.33109475558540213,-284674.3488476563,31.403112883544935,0.3421438052772421
9579,0.11766532415766846,71088.33427612307,17.19035146801758,-0.6763357749389816
9580,-0.005283849505160239,-2877.345483398465,12.941369504394546,0.5850621229273257
9581,0.06720265727165965,29121.65361816407,9.758780654418956,0.23065313507976612
9582,-0.3160081548106589,-197767.74978759766,29.366312447021482,-0.26865144724176065
9583,-0.004544229929969335,-2764.8446606445505,16.922915978759757,-0.30977503251842764
9584,-0.11755643049608935,-87881.01016723632,29.37641949047851,-0.09810070549470362
9585,0.10389689893111716,51926.05037902834,13.44139145703126,-0.06736119506496659
9586,0.09849685510790943,67598.03571777343,12.642664022949221,0.2523364553524561
9587,0.21676651912669537,150740.4867059326,16.541243477050774,0.0205301704357957
9588,0.08632498283685679,54872.41024414063,26.393623470947265,0.21964426485821784
9589,-0.7978388306138099,-607302.8745751954,64.3068629628906,-0.2062533429485592
9590,-0.14428820094220024,-85282.72023193359,15.27461908081055,0.46483431151236426
9591,-0.1873421860983797,-132307.12237304688,29.240994490234378,-0.15365536912457822
9592,0.012007693618945438,7509.034890136696,28.05586298583985,0.010142848851634424
9593,-0.7421463624160248,-433886.3001135254,49.92383250476073,0.4007825456042407
9594,-0.478297536643197,-271999.0760864258,30.648315540283193,-0.1829078671428697
9595,0.07910489279826802,39986.67330932617,18.8216134810791,-0.147678150766761
9596,-0.34140955165839393,-189696.23166198732,26.26947563543703,0.18639637263376946
9597,0.04641369893048489,31092.560081787116,18.355742519165027,0.6444485576221167
9598,0.3170195208811036,155972.89687683107,10.648735972656263,0.6879634230001278
9599,-0.09310369679209958,-57368.26486572264,21.387071010498037,-0.05856239238490385
9600,0.2624657008348077,116187.14510742186,8.291531489746099,0.08696830226243113
9601,0.06363909014156029,40409.446311035164,16.710336920654296,0.18335378404585717
9602,-0.24619939263705196,-143487.73409301756,31.970296110229494,-0.4050602031392528
9603,0.00679226207341335,3881.7444628906524,22.334938582153328,0.15827281745192162
9604,0.0344913893987219,21266.439195556595,12.970118489746095,0.07338369714158177
9605,-0.06774459523072109,-35479.625468750004,22.009963016357425,-0.17640577029433877
9606,-0.20527242186287148,-136851.271484375,41.22357207641601,0.41899362902736115
9607,0.11214727062523758,68219.87455505373,19.78710296069336,-0.38910030498166814
9608,0.1091844392057725,69800.9538500976,12.967853144653327,-0.3525534200008208
9609,-0.7905871557702084,-525157.4605072022,61.87737248114013,0.4070300446462489
9610,-0.0641703682186851,-50543.710548095696,32.515815032104484,0.37447583481660457
9611,-0.34621373592863286,-261274.60405395506,36.09602338684081,0.04104876437653925
9612,-0.14581435041248242,-81216.0727978516,21.833714757812512,0.04488863713567617
9613,-0.28637076333522055,-124853.19994445803,16.425490982666005,-0.030013701326200615
9614,-0.40102370665331777,-356319.6594128417,47.90549942211915,-0.2333076997142817
9615,-0.061520729626041944,-38854.497177734345,18.154730475585932,0.03359883200519952
9616,-0.1315368034917441,-84412.3944213867,23.87129659558106,-0.25242297901310184
9617,-0.3081549649514912,-221010.84513427736,36.196004433593735,0.40877737232363875
9618,0.07204891350732966,35402.60848388672,13.504931951782224,-0.18613444978813445
9619,0.14938522630083714,87770.76607666015,19.093984511962905,-0.2650517314415325
9620,-0.18010260242793008,-96218.214720459,16.83629399621582,0.187090184709658
9621,-0.28082591536523677,-189025.54850097658,26.050412844970705,0.5259891634179723
9622,-0.2122660243073808,-158362.38119384766,30.425861121337896,0.18018155081325474
9623,0.18285912721693579,113380.0203613281,13.86886445568849,0.06150995399614886
9624,-0.14284103457368394,-80673.91982910155,15.86710096166993,-0.055142026085561235
9625,-0.4577021172167807,-351769.20629516605,44.20387812365722,0.11088519744584303
9626,-0.09565878327998455,-44306.030018310594,20.154418548583987,0.1553961462662148
9627,-0.28212464232499,-165981.43570434576,25.43608147888183,0.09223353362914576
9628,-0.14674811628336337,-95023.24861572267,17.14763696337892,0.24378562386792485
9629,-0.4261562923197352,-357622.30958618165,41.801357466918944,0.0001010405420173604
9630,-0.3422780266607498,-244761.5552746582,37.96327550756837,-0.25390571583647636
9631,-0.34225785950346865,-244182.27990600583,38.1614309729004,-0.16402923069475575
9632,-0.24454810026819576,-139902.1301037598,29.031975992553704,0.0913060841356991
9633,-0.4283249806780773,-329421.12539306644,35.09412305932615,0.21830866726952466
9634,0.2464852514347769,175535.129498291,20.736911464843736,-0.18355785299337618
9635,-0.01841025775727736,-9568.011687011724,13.826091502807616,-0.009434100560014553
9636,0.10533778270051425,40966.71989501953,10.49849949023436,0.18358572497335837
9637,-0.3802721252449401,-256320.94515380863,34.95523551855469,-0.46811420704843665
9638,0.23821492929037746,127725.33441406248,13.713359007568354,0.24209698741959526
9639,0.11629640079968942,50976.94515380857,17.358524979492184,-0.058041453074137016
9640,-0.3388204825425045,-220548.2737475586,29.796823402343747,0.5278755214836646
9641,-0.12410756858424181,-80834.46515869141,17.994015001953127,-0.06746388827802095
9642,-0.47847457166469065,-311623.81015380856,43.75496544970702,-0.12897660864588606
9643,-0.600746828424837,-427260.57040161133,55.81629752429199,-0.3520516942199979
9644,-0.3207397936591445,-240998.03781738278,33.2184049543457,-0.23228176245482918
9645,-0.17710172251567363,-117210.74126586913,23.966879586669933,-0.21388263905639532
9646,-0.35177420048452895,-242374.0209460449,37.45916410986328,0.029941515343424957
9647,0.26903411827697676,111740.46763793944,12.914137432739267,-0.3417740619686267
9648,-0.12148860137752349,-65532.562821044936,22.178286000610363,-0.21822543683186565
9649,-0.21636618744532593,-163819.92537597657,31.87135603442383,-0.5810163680572804
9650,-0.29371636764978903,-162867.22750854495,24.683012381469727,-0.10409682547294438
9651,-0.12721073075200018,-106137.63824584964,25.882363944824206,-0.3468456368497833
9652,-0.08356150261564475,-56591.964208984406,28.29214385229491,0.5107967320815849
9653,0.14887292584891906,97246.92542846677,17.667736503051746,0.15648050602827762
9654,-0.12181834349861,-75712.32049316408,27.076902038085926,0.4186472265283279
9655,-0.0420824993436929,-29350.085235595718,23.866902534301765,0.2719350705158226
9656,-0.20511341574994796,-173020.61435180664,44.86979641125489,-0.3219676726788744
9657,-0.22080174792700155,-163532.58929504396,31.85227399005126,0.012706961265074914
9658,-0.34796700490467575,-209174.1695825195,25.311504937255847,-0.18708609326411205
9659,-0.2195720023261245,-122258.11406616212,27.180059416015613,-0.05672685670180462
9660,-0.5496348634888271,-417269.05533813476,48.123164727661106,0.18925013777711489
9661,0.339342950962812,138075.7207409668,9.72957548437498,-0.12047736541374077
9662,-0.12788744492785106,-63509.41522094723,22.18503651184081,-0.295082965102816
9663,-0.2354906892712294,-187304.35258300783,39.82894919970704,-0.09396914190866937
9664,-0.02233432340008267,-17878.755427246128,28.931604499145493,-0.1516822510580512
9665,0.0058135149300004635,3388.5335876464887,18.04177618103026,-0.04004550572740904
9666,-0.12013749851274899,-55321.936416015604,13.968301600585937,0.06404183204288486
9667,0.17511498190617908,91013.62954833981,17.061587998779302,0.028260927175966937
9668,0.008904841158580814,5009.614737548807,18.24682893286133,-0.2850390989973001
9669,-0.8192844321177769,-635452.0895117186,71.48037540698243,-0.2641870693508193
9670,-0.6411146206909016,-452027.83000366215,45.20278300036622,-0.2327866702514573
9671,-0.3090408502779635,-232526.05472656243,34.44801698730469,-0.3178666830122025
9672,-0.04731266771157049,-25841.836852417015,18.27846650823974,-0.05561290526401763
9673,-0.2435840585915819,-164629.85714477542,23.728873495361324,-0.3166430508806886
9674,0.12010144593485185,70490.06512573239,15.945900486572274,0.5040013841243698
9675,-0.33002769733575077,-241574.24943298337,38.25583848199462,0.3457786789805681
9676,0.5318104885615013,195207.42561767576,7.352441652709968,0.12489839869999893
9677,-0.2844899269906163,-119733.8697338867,14.536763527709967,0.3771221807135635
9678,-0.28791902455290647,-260937.3381945801,46.9568663717041,0.105461665865802
9679,-0.026528988480751175,-12308.802575073252,18.67175599316405,0.09641807232961538
9680,0.09670687050501972,50770.44037963866,20.97941698266602,-0.14160941908450222
9681,0.16782608453244396,117719.71106201177,19.4048564885254,0.06564746679822929
9682,-0.28008028809102586,-123655.23427490234,16.478547453857423,-0.35325528506195397
9683,-0.19667677961756758,-127868.05770751952,23.803944729492184,-0.019997742025729178
9684,-0.4324341442054011,-273683.5184570313,28.808775093261712,-0.4428615584618803
9685,-0.48921507098683875,-383074.67519409186,41.65300152307129,-0.12317905966076168
9686,-0.32536652102061786,-227726.00497680667,30.767860473632812,-0.24506084509837633
9687,-0.2825174395797202,-195608.8854748535,28.381228538208013,0.02332777938665549
9688,-0.508709638268338,-350424.21963562013,40.10505498236085,0.5612592249892444
9689,-0.10148550791180756,-63564.7247668457,22.197944404907222,-0.2096181883920932
9690,-0.10502958698894625,-47759.88250122071,15.33682053967286,-0.4525528286760664
9691,-0.4722269770190984,-304123.83641723637,35.77024216101074,0.1857117145433073
9692,-0.3075721316890339,-264849.08250122063,37.11197406567384,0.29801750510538233
9693,-0.3082722386839287,-200540.8311743164,34.51605908447266,0.6244682284719756
9694,0.21324185349945168,108029.49931884764,13.184915000244137,0.09326612589035976
9695,0.06667958266849157,40151.15994628906,20.87857350048827,0.61690451353117
9696,0.04983623718298322,35758.42012084961,29.96617901110839,-0.2578084372124601
9697,-0.3496526517993542,-248116.35914062502,26.261870401855465,-0.3209104474976474
9698,0.37438295973938346,145045.96549072262,8.291531489746086,-0.2819191850407893
9699,-0.5212358557996274,-336323.07606323244,46.72557706762694,-0.08659732041738546
9700,0.22419751673914126,99919.3696118164,13.486646991455078,0.3500085787918029
9701,-0.43611674297410924,-261118.53380493165,29.583667538696297,-0.03589224304382006
9702,0.12712073752968592,75504.97120300295,14.672290491455083,0.002141670337726478
9703,-0.3141705176988715,-261061.86810180655,40.312089749999984,0.017882662157341328
9704,-0.1742914228632583,-106141.70978454588,27.823450450683595,-0.31059233379407486
9705,-0.22385786423618964,-145005.9136083984,25.855877878906252,0.052611949465426966
9706,-0.32185795194699574,-187061.87505859375,26.861325057250973,0.18947586176061565
9707,0.23475699798286678,121419.10549560543,11.113324998779305,0.2888891289173037
9708,-0.21537511321388517,-108393.5975732422,15.234873009033208,-0.36771122614937596
9709,-0.3894217194270564,-295484.3299707031,47.72207892187501,-0.28953047203324384
9710,-0.22560840234366525,-147387.8954681396,37.50395897753907,-0.4687905158051049
9711,-0.34388677955764757,-209569.25742858887,27.170492720092764,0.407834537927931
9712,-0.3433306953538995,-193912.61507568357,29.6700060078125,0.33908881591356843
9713,0.04744700822018288,27004.740565185537,23.256104438354484,-0.23514668646049353
9714,-0.2899680780764871,-201930.1266766357,34.68905364434812,-0.47438525605855436
9715,-0.4191331914076278,-301843.7733337402,37.66990036291503,-0.2654277115900822
9716,-0.19371521082596246,-135202.3199023438,38.01776594140626,0.1957281208627359
9717,-0.08910386778037456,-55117.61976318361,22.795250484130847,0.05017720734778607
9718,-0.23499160700839136,-168663.24975341794,25.194010968994142,-0.37139981629083757
9719,-0.653145852227376,-513059.46413330076,53.84953921411131,0.14317001098976606
9720,-0.2630359674915734,-236315.95058227534,37.70651100378418,-0.005771962663602956
9721,-0.1278317320875114,-65082.42040893553,15.158809687255859,0.0918713722605246
9722,-0.7506320195549993,-502696.1721508789,50.26961721508789,-0.12555877366447718
9723,-0.302648646462219,-198034.46810791016,27.93517681542968,-0.24952539574634744
9724,0.00957531130707055,4849.439519653308,14.00010899841308,-0.0983418133442764
9725,0.31674212690033293,192870.70380371093,14.526083662353525,-0.14053418666432943
9726,0.08554244227692097,47091.27607177736,20.981272994140628,0.3453151143204641
9727,-0.15372149828842122,-104298.00967834472,26.49547148132324,0.19908541751062475
9728,-0.034962214978539914,-23759.590196533187,20.919960501708985,-0.02338521134721037
9729,-0.32660019173879057,-222698.3847741699,32.936394466552734,-0.0013667793422324705
9730,-0.37891315009366244,-244589.57889770507,34.21576281201171,-0.06054118116197593
9731,-0.2408286499065176,-153216.61963256833,27.614321938354486,0.0003854454668115141
9732,0.4705879004182717,247362.1997680664,17.285495389282215,-0.015808185530242724
9733,-0.3473499563834605,-259513.9898095703,35.703758007568354,-0.012177438556672571
9734,-0.625078112187287,-395090.46404907224,49.34266502075195,0.2261524198383372
9735,-0.47358255567188445,-273618.3100360107,31.557917500061052,0.4616207749630128
9736,-0.2737797189792571,-187802.396907959,30.3744039859619,-0.06243275985071886
9737,-0.3198093137704841,-165172.82937744143,26.497212937255867,0.25577409824768743
9738,-0.4616438896988401,-316749.4701757812,44.83657697778321,0.25844063888813407
9739,-0.03707254309676054,-24025.612653808566,13.821572961181646,0.16922025965860343
9740,0.11720972532053166,54560.449675292984,15.043017001220713,0.1755318751272668
9741,-0.3646293469066492,-264567.37715332035,30.243348964721672,0.0562962878975748
9742,0.06086583668225074,43152.595612793,21.462319971435555,0.1288318843038194
9743,-0.03477291196498493,-19987.999697265623,22.389983972290043,0.20596250657032078
9744,-0.1987783071393421,-118867.82560791014,31.37173757031249,-0.37645030915798716
9745,-0.2995580251378462,-192920.5398046875,23.833451124023437,0.3496374395318192
9746,-0.376721362795683,-214512.8654284668,27.40492559753418,0.10248665346603049
9747,-0.029481077410646653,-23606.104726562502,22.668963956542964,-0.2205934508622896
9748,-0.4688099674316758,-313127.38620361325,42.55962510351562,0.028143544893075925
9749,0.053915633036268944,36479.33593383788,24.796120457641592,0.06662395851070654
9750,-0.020008642055649166,-17259.95560913084,22.25669499291992,-0.0036847121270201445
9751,-0.43919634169518146,-359523.19032226567,44.84534152856444,0.11921475078719561
9752,-0.0308165022317829,-17868.41522705078,11.65665396923828,0.251484939605558
9753,-0.019633722394735025,-15780.820422363293,20.013792522460932,0.4184704250062367
9754,0.5051978112442005,250893.08124755856,11.311479483398422,-0.12046140130041867
9755,0.49267645233870794,257216.1890649414,13.18820001049803,-0.21560783046274326
9756,0.012172772833604854,6423.890395507769,19.29215545690919,0.0103086898929279
9757,0.07519605567586297,35352.49458740234,13.491168758789055,0.08083077805722254
9758,-0.12278965456960039,-74671.41009765625,16.78325748925782,0.5744812130828271
9759,0.41248138594662503,213029.81290893556,11.113324998779293,0.4718226345966121
9760,-0.2106151112391374,-135225.6000732422,27.891925476562502,0.011207415963373888
9761,-0.3002430168687535,-211270.92515563965,23.69965624407958,0.18819940886955627
9762,0.3212610092726529,160192.68969970703,12.326044979980471,-0.6821912063866271
9763,0.12550237966326216,78842.66531127931,12.479523989013677,0.6340354171434414
9764,-0.034506048585158995,-22661.493554687448,17.309605499755847,0.19189925747917574
9765,-0.09628852976385378,-72108.42452148438,22.975553977050772,0.06574517291272955
9766,-0.050439117682370596,-36538.27800170899,16.691936494628912,0.3943335560250919
9767,-0.33385583932485785,-228266.45283691408,34.97473082751464,-0.03422660778125945
9768,0.053784126420603345,29540.441147460922,11.910323022827145,0.027084564795639355
9769,-0.061621008619524395,-49948.3048461914,24.318915716064453,-0.043542385924598026
9770,0.09073835018743283,39400.36977783203,16.710349963378906,-0.38826270468906754
9771,-0.5365939887484192,-335084.59947265626,40.11749945654299,0.024191798207816452
9772,-0.20076104984610116,-137744.98927124025,29.24197502197267,-0.22540752672258335
9773,-0.4082264441006132,-251305.46577270507,35.06377606750489,-0.09016262133467136
9774,0.11241116985662963,77317.27667602539,20.115462329833978,0.11747496895726123
9775,-0.26057403915478466,-192719.396940918,26.805247251464838,0.10282512116161058
9776,-0.21219980933051008,-144647.87485656742,37.03691343481443,0.4973402349275684
9777,-0.4376497790807082,-283343.3504614257,32.593868553955076,-0.3585080432739074
9778,-0.1073333773329536,-79637.60280029292,24.834411486938478,-0.01206993894222188
9779,-0.03369905324266492,-14379.262469482434,21.51600794628906,0.08509988253072283
9780,-0.1808684263210436,-87386.094407959,20.83657996240235,0.1672685990079063
9781,-0.4449881221112004,-261987.55054321288,30.619426028320312,0.17072971673775067
9782,-0.8288037734995842,-644342.9325793458,72.37634426086426,0.07671106786765775
9783,0.40845662062562904,211500.57595092774,18.93221246984863,-0.06343023821954806
9784,-0.011508383760476248,-7138.887489013665,34.635503975341784,0.109331067945198
9785,0.15853722670342105,70320.91991699216,10.22808999169923,0.1971292969754434
9786,0.4460716087498713,250210.54548950196,15.278070007568342,-0.26557372005648294
9787,-0.04443118206670131,-17363.47504150388,12.793305480957033,0.5002677414469218
9788,-0.09330645068443541,-57129.16016723632,20.227401489501947,-0.20212264981888456
9789,-0.014999892879692618,-9371.211584472672,23.372855598999024,0.19259160234590608
9790,-0.3994108410250988,-278701.77345581056,39.141568348999016,0.7187912668670443
9791,-0.3323101220800894,-216805.11779174802,27.355296719726546,-0.10046245566948396
9792,-0.2897685712865856,-203394.325189209,34.53802151159668,-0.39181168802331023
9793,0.09617359891641852,62907.83037109379,18.125830202026375,0.22749650835692156
9794,-0.23375609355902788,-133912.79528198243,18.364824493896485,0.24463359678504223
9795,-0.4356971863926834,-359902.8051879883,43.07759756420897,-0.2614821970102308
9796,-0.2591008282256124,-193361.68503723148,35.24538101202391,-0.030396601760430485
9797,0.5507027421081888,283802.7053125,12.335200478027343,0.051749182168085
9798,0.24549471001561565,111261.81436279297,9.647544367797858,0.21285693145462567
9799,-0.416967514235415,-307144.19504882814,48.27022551306153,0.14606296943070107
9800,0.022307734012155696,10565.787423095695,19.517607740844717,-0.23547847508735445
9801,-0.4706295135384006,-354848.34359008784,38.35655237658691,0.19821931827399045
9802,-0.28862686253511954,-234010.03586181646,33.82321709436034,0.4261957625285792
9803,0.10225911614116646,56932.27098022458,22.40311992504883,-0.6586677199774077
9804,-0.38972992930807226,-278056.5991247558,32.213055886596685,0.017418507006991487
9805,-0.39634080388774495,-217802.8195605469,31.130438447875974,0.08385550128719624
9806,-0.474208615213274,-313301.1549481201,39.291993959167485,-0.07463732047083478
9807,-0.265002624376296,-195886.92968017573,27.61740302075195,-0.019818434455374394
9808,-0.25541699659430905,-201716.3588269043,36.93880742944335,-0.13856378203616257
9809,0.03673242246751782,22460.671726074226,16.62763149035644,0.23847838491912876
9810,-0.34107142520632255,-263168.6835119629,44.1581277989502,0.5715278538806324
9811,-0.1971347334937034,-120800.87486511233,24.81802145654296,0.04241204104036784
9812,-0.03599959783325821,-19595.68293212891,17.731030980590813,-0.22009988031469166
9813,-0.6068967192467277,-362245.8262615967,38.69545964276123,-0.21069881521250639
9814,0.09312238304952106,54503.459737548845,15.694820997436521,-0.10954696223686786
9815,-0.019706245487984116,-10082.585220947265,15.9634275119629,-0.09892407562414364
9816,-0.2944432452728802,-163846.42483947755,31.629889999755857,-0.0502050714165326
9817,-0.1280915258236658,-110317.78508422847,35.16866900219726,-0.16195730326823923
9818,-0.19281740592793103,-105869.82578857422,28.95952650097655,-0.14248877187999953
9819,-0.47295365989518967,-433634.14009155275,49.7470949987793,-0.03534317234577273
9820,0.08759574906709215,53979.710338134726,15.021756147338868,0.046383441877197874
9821,-0.1329860354826997,-87946.50635131838,32.52349005212402,-0.03766291776410054
9822,-0.28421278064587135,-205534.25949462893,41.87115197143555,0.35625768299709876
9823,-0.006290460840291973,-4445.819191894538,20.71088507739259,0.2240846619048139
9824,-0.3064287637585563,-193649.61043701172,29.982468032958977,-0.12095125125781325
9825,-0.4642132548820458,-338246.91432861326,52.82456894409179,-0.019989773392670086
9826,-0.2820971210111406,-150765.1940435791,28.524097926879882,-0.06336371388859309
9827,-0.12447222773661926,-83896.46882934571,43.64199094104004,-0.2800798848431269
9828,-0.11276121436257287,-69414.15092407222,23.24912708679199,0.014791790682495825
9829,0.14237155286095174,84511.22940979006,20.20097049645996,0.26827346646290534
9830,-0.17954637030307918,-107903.68240844728,18.12738043371581,-0.02696354291456933
9831,-0.1486960014133194,-93848.24911376953,13.641720538085933,0.29143478252313926
9832,-0.23069539467144037,-137167.13959228515,27.731007455322263,-0.15695126796621162
9833,0.037291923953886544,23477.70076416019,24.98449543627929,-0.024466043761774022
9834,-0.08046286332035354,-57018.07094726564,18.769103014892586,-0.1834992295033707
9835,-0.32696045558577164,-252619.6845080566,37.58931893481445,0.3430759525446977
9836,0.31624121606815125,174423.19323059084,16.52980703442383,-0.0765598737489689
9837,-0.5910553372891791,-493700.75690185546,58.01380471752928,-0.22363871326167517
9838,-0.5656437412818637,-484457.60485839844,55.89820696997069,-0.1000462379722652
9839,0.12285686047459991,75968.52213378905,16.90162702966308,-0.36237631238638346
9840,0.30805997389282025,226374.31613769534,17.561176981689467,0.6853762422014709
9841,0.20809223050100034,111181.84000122067,15.700596503173827,-0.40604442847588024
9842,-0.18834790685414826,-145362.90863525393,22.026296881103516,0.010131588929472572
9843,-0.15097050879793258,-78148.98822631835,21.339597020629874,0.027114714411642798
9844,-0.5334447697472533,-410989.54356445314,41.675171989746076,0.011674623325764718
9845,-0.14407908410729117,-90822.60194335933,22.883563661621103,-0.14192336279915863
9846,-0.018377328091217962,-12927.69520263675,24.056786494750973,-0.21702973638613654
9847,-0.29418420736094547,-178863.99811157223,25.72389306555175,-0.15421582159652936
9848,-0.5520022672417917,-408112.1603686524,45.22613606445312,-0.07549775314503461
9849,-0.2837020133908165,-134213.1905834961,21.683365640991216,-0.09926689637688986
9850,-0.5073438916245764,-376391.2642077636,50.405201922058104,0.5545515423982086
9851,0.004849587015292141,2743.4900317382708,27.50043441308595,-0.03817544225539466
9852,-0.35277517852404944,-302877.4693127441,44.789141432250965,-0.23453682361728925
9853,-0.22579432950083742,-149010.10535705567,26.951382003845225,0.04522529274942013
9854,-0.31864053158209965,-208273.72986572265,23.99633047192382,0.2837858528227091
9855,0.09043536260904615,46814.414204101544,16.271851456054684,0.07008970776792774
9856,-0.5311189248974629,-418661.6448876953,53.738455972900375,0.05006391571595347
9857,0.17321241141781715,92868.34557373048,11.113324998779293,0.03210846897783485
9858,-0.23510208305212132,-167809.63904846186,36.73029492657471,-0.39906140049122574
9859,-0.10024244283491014,-61818.3255541992,15.6107094654541,0.48041418588567375
9860,-0.29191635975674024,-210381.94981262207,35.26614200952148,-0.15273405230710543
9861,-0.2519865242670995,-218317.01961547855,46.33111595446777,0.032787425279838064
9862,-0.11372595198405132,-90895.45370361328,22.798812456542965,-0.18488171883197385
9863,-0.4352442392841237,-251143.68609375,29.315586084716788,-0.3589948921165744
9864,0.1904898666713838,109798.87264892575,12.163084992675786,-0.07812947858944422
9865,-0.011256435598351175,-6489.065024414071,15.22778899584961,-0.3292125418303389
9866,-0.25411792233277397,-174463.91450439458,27.398986439941414,0.5538532508081292
9867,-0.18564136919243335,-119797.89600830076,30.28895568017578,-0.2261330160439869
9868,-0.2955516149309453,-198305.4144995117,32.49125598632812,0.21325613982714184
9869,-0.1334701799624112,-86015.02928222655,16.609347910766605,-0.4110169699475075
9870,-0.48652378672156743,-369414.98953369143,46.38637344702147,0.1596264578933858
9871,-0.184354963004523,-113791.74683715819,24.931017648437503,-0.2840582081133913
9872,-0.2729114514352214,-176272.7249462891,30.577960627563485,0.11927370146870467
9873,0.22380200849260742,120858.49537963865,9.059589000000013,0.40430400182438614
9874,-0.5512930077012241,-299939.89510559087,34.3948285019531,-0.29423184931187546
9875,-0.5042735188253606,-427477.66175170906,57.72579520361328,-0.08391999749281165
9876,0.587226327355099,314135.34992370603,11.521505988830572,-0.2573582777196966
9877,0.12601481233216244,78764.76034179688,19.564924422119127,-0.1187597189259158
9878,-0.475929269891961,-213941.10922607422,32.59588640478516,0.11127034252051836
9879,0.1637784226201481,120403.31061523437,15.757069329101569,-0.05728558608119944
9880,-0.360196316571728,-178374.7050958252,26.08925496093751,-0.04585161329138799
9881,0.03314852669524654,22854.95504089354,21.291730997558588,0.39121600229881043
9882,0.014682398882493642,10328.747241821271,17.539686488525383,-0.21055657603943478
9883,-0.11792297058887803,-93358.36037841802,21.40684649694824,-0.28011584553813806
9884,-0.36579437943231047,-278824.27484252927,42.638712121337875,-0.1894472254960677
9885,-0.5984830268092638,-444729.6452789307,52.47576002410887,0.3133157693653731
9886,0.04072534784851077,22941.992675781235,21.245071003906265,0.23678931638170644
9887,-0.42030794835724006,-384406.9510461426,45.230711983886714,-0.19000168307973758
9888,-0.22847297656247265,-130976.53606811524,29.371304723266583,0.45686830130895906
9889,0.004290691728922141,2521.293576660195,22.010315017578122,0.26606466842271426
9890,-0.2985622474571453,-193072.02574951173,33.30695538330077,0.16950997033229862
9891,-0.13326230987865495,-99493.45540893552,27.775569975952152,0.020065914800766454
9892,-0.054081603276142774,-39309.61984619139,19.4360419621582,0.19107007542332013
9893,-0.10811660330647681,-64527.998288574214,14.106837001708989,-0.2726886979823984
9894,-0.19028386009108333,-121365.63138183593,26.75103167053221,-0.07698291744750614
9895,-0.06034575545984128,-40803.39714721679,19.457681486083974,0.41841118105229796
9896,-0.2064179369260344,-127245.5586590576,22.01886737707519,0.13070711893744769
9897,-0.3943686390053531,-268754.98339233396,42.77498130834961,0.008414584279225857
9898,0.06188581176543901,50841.02065795901,13.033131002929691,-0.13932379448728516
9899,0.30011909913686385,180426.51557128906,12.913922993164068,0.18478048253352464
9900,0.0037979533407696254,2065.4851354980783,15.249624014526361,0.2263946131629391
9901,-0.5114643938073599,-348771.9095471191,45.55149795300294,0.14447255887156668
9902,-0.2772837663102521,-240054.89692321778,41.89828303308105,-0.08335193271686163
9903,-0.35389146371323366,-301102.56953186035,47.59454895562744,0.2410708081426085
9904,-0.38995321571612224,-295843.9546362305,30.874960476562496,0.3947391470417975
9905,-0.13817655921034513,-107437.29038085937,20.40685305322267,-0.1093800981684964
9906,0.3454576980828391,177670.42464965823,11.670168993164086,0.19009724029051642
9907,-0.21673843804144377,-144778.9546472168,26.877049159423834,-0.23940280754075144
9908,0.03058603306303416,22183.639703369117,21.547414988769535,-0.2713555169788436
9909,-0.05317872813115188,-24102.981503906252,12.61621900927734,-0.14290144785836334
9910,-0.3108009715372116,-236435.75455932616,34.91942645349121,0.08655652894763106
9911,-0.40179225197688395,-278907.86394042964,37.96045488537599,0.07663748269570794
9912,-0.031869053608905226,-18242.059630126954,21.73459748217774,0.05982899405485138
9913,-0.5210539455422676,-381962.66730468755,50.4510797454834,-0.3917981310454071
9914,-0.22105925656225942,-136151.2244946289,34.67394448046875,0.4038546687972495
9915,-0.4765034985006726,-284734.8048168946,32.73301398950195,-0.5633216526496369
9916,-0.08960974229984943,-70004.35087890626,36.4300775427246,-0.3782037649247268
9917,-0.7691128142995729,-679623.0347827148,69.87924644580077,-0.0368649120231005
9918,-0.1159704921847109,-65904.95471923827,16.445194449218736,0.2935019584750078
9919,0.13981959087885942,84913.86104614256,12.048000005615247,-0.18651799683196751
9920,-0.7513031820691446,-421344.1146679687,52.82425794018554,0.32000086282279844
9921,-0.13897947118673457,-89152.82545532225,22.26001853088379,0.25025333854215887
9922,0.2838588477673933,166216.90574584962,19.40485648852539,-0.09600707794830271
9923,0.15472079361028038,75184.22052856446,13.035231841430672,0.37947064187409507
9924,0.23355484158780368,149744.07546875003,19.64592097460937,0.11730521174017508
9925,-0.14222026119627507,-96874.45984985353,28.20302042687988,-0.3247066060316401
9926,-0.20703044447062507,-125675.85321655273,19.89601699169922,0.1740890666423935
9927,-0.4465038318889037,-308591.9851171875,33.64800250585937,0.21666607049499997
9928,0.3718568015155434,252290.58084106445,13.15285647644042,0.021516014708206695
9929,-0.2749919486843431,-199608.06439086914,31.798357436157215,0.5118527277749961
9930,-0.39970035546034943,-202155.15389465334,34.962544450073246,-0.28134006421225594
9931,0.008007110078263826,3780.517252197298,18.500116775512705,0.23717714158774278
9932,-0.4325076249888982,-261771.43429443357,34.56825445544433,-0.35113647280191407
9933,-0.2200446470163428,-115242.40283325197,17.40916128442383,0.45124820960244716
9934,-0.07682270490134212,-54876.39355957035,28.59901195410156,0.008124225622037608
9935,-0.033309963262465166,-24968.810443115246,29.80393948327637,0.16370730300050784
9936,0.12196768767975562,64565.925444335924,9.35373552746583,0.31042511274286094
9937,-0.32097947529934556,-182097.12561645507,23.48115359887695,-0.23165951988522726
9938,0.14067862884231316,76716.14994750978,9.800903020263672,0.20410451914572525
9939,-0.17307554406637887,-101364.99766845704,23.62244951318358,0.2578183436233583
9940,-0.1351649865179246,-53177.36057617188,15.112554042236331,0.0338482722849929
9941,-0.28088493081025884,-178502.43013671876,22.850873543945315,0.8196321839561105
9942,-0.22847421121573555,-137456.2783752441,26.562495510986334,-0.297630675902288
9943,-0.16766879717030864,-124031.55784790039,16.676044314086916,0.06833048666484696
9944,0.04938420041615683,27008.94571655276,16.518571006591802,0.3563689217269283
9945,-0.09795539620501087,-41327.088955078114,11.452449989135726,0.44910407075628234
9946,-0.5878394525014943,-364946.7346386719,45.54291698937987,-0.2957157118654709
9947,0.12899156130701875,72867.60013793946,17.383060494384765,0.021820897095263792
9948,0.09976044795171207,63375.660599365205,18.876344970458977,-0.2673596324281791
9949,-0.1289360509361485,-69162.63612182616,17.202059992797846,-0.4470269439217246
9950,-0.0007235584196468685,-415.02334777831857,15.445459009765624,-0.6902655414282738
9951,0.10884531480940562,67069.38952026369,16.8314569987793,-0.04240088926014538
9952,-0.3026834849664156,-209921.51450805663,33.84653594482421,0.017439791144893867
9953,-0.1882408541937952,-75340.44939453124,14.136359967041015,-0.21332200488476794
9954,-0.7558944255023343,-605709.6060778808,61.77969314660646,0.1700099140766835
9955,0.05658355128882026,45203.983148193336,16.964513494384768,-0.027547465551043388
9956,0.01817912632133108,8361.789500732419,16.46494854016112,-0.3640784901364288
9957,0.06933021303169241,56073.51355102536,33.12183562780763,0.13316279045077792
9958,-0.6484048761102469,-420701.0299523925,51.52563400866698,-0.5580645330290646
9959,-0.18484100089677763,-82239.21651000976,20.605796973144518,0.013468040626004828
9960,-0.3894319410456847,-315041.9568365478,35.5054622144165,-0.02596969744186999
9961,-0.35177508783214706,-207906.12741210934,33.833392457031245,-0.38439567616201203
9962,0.1934160065793037,121401.56509948728,12.113562988037128,-0.25378179842496873
9963,-0.2862769067811482,-203044.51089965826,27.76206607189941,0.07655345152856327
9964,-0.13082246918770463,-68749.34961059573,29.739165457641615,-0.0024356565169477372
9965,-0.33490055275801883,-213130.80125976563,26.1504945982666,-0.15315193255391862
9966,-0.22059958358610007,-147314.640914917,35.423300542602526,0.11910687226897748
9967,0.1496417665797052,76228.62958251953,10.928406993164076,0.2651421701959458
9968,0.17102322447376353,92436.17521362306,13.79811096582031,-0.14814536294505526
9969,-0.8077678104814041,-531372.3697351073,56.30431017016599,0.31105208386917776
9970,-0.38108908169254463,-246830.53669311525,25.90642366442871,-0.17296769737365722
9971,-0.18684375984165047,-98088.58374511715,18.288231560058602,0.3127407928090534
9972,-0.36023941739276305,-302032.7557421875,52.94245806652831,-0.23711573561811378
9973,0.2340013470957049,101682.56688476563,11.928115996826172,-0.16795252384108095
9974,-0.027188464963732884,-17879.629792480468,35.021160486328135,0.16730647179305988
9975,-0.5078359380281334,-381849.95166015625,46.15146869152832,-0.1858435173173335
9976,-0.040464407176679755,-25840.12518798829,27.923101432983405,-0.15843874095015806
9977,-0.17956374986407808,-121889.25935913085,20.672931480712887,-0.164536455010726
9978,-0.06652864044047845,-47805.82077087402,17.833414003173832,0.022100607349391437
9979,-0.20859850874371066,-146920.44618469238,24.490317080810538,0.00042120688917822967
9980,0.3564149421570631,223163.3341949463,21.372455028442385,0.32835131642529225
9981,-0.1437573239303143,-71345.51983398435,15.880344979614264,-0.3803756683122482
9982,0.21466044272899445,135047.94526489254,18.571719977416993,-0.6977359195769672
9983,-0.3137058296520842,-182438.37494873046,32.806303144531256,-0.15388397288199085
9984,0.4237651495654647,182392.10110229492,8.059107490966818,-0.28964741797860194
9985,-0.12578842748346347,-83249.23529663087,25.175993474243164,0.059096580387283756
9986,-0.17363773251045994,-80205.57906860352,21.41414292163085,-0.14114632390693765
9987,0.04666593827780976,27907.67191528321,24.737388977539073,0.04575256533240899
9988,-0.4519028367483783,-289790.9405957031,45.93420903112794,-0.0034148268063947493
9989,-0.10234387121507871,-72373.26926635743,39.34036192175292,0.21534605172250543
9990,-0.43438984934639785,-307378.47932556155,30.737847932556132,0.3094458142922955
9991,0.14358334754330687,69997.72446533202,11.623225479248049,0.19709421822519152
9992,0.048904273972993684,31046.69935485841,19.625029021240234,0.13943606012682824
9993,-0.06780113077685875,-35387.3648510742,15.680844484619143,-0.07130223194603257
9994,-0.23927292464791314,-164999.9493792725,29.666971989624013,0.22503242554721622
9995,0.45233067023629714,287311.00488159177,13.35785296801757,-0.4073224199923417
9996,-0.24930430172682863,-195250.9867871094,19.52509867871094,0.0778729472448605
9997,-0.2190631834684302,-123009.13493041991,18.53598393322753,0.8047295675845935
9998,-0.03277248387871728,-17290.67127441406,16.827378005615238,-0.08625971134775588
9999,-0.27742746627318454,-196727.57573608402,31.407317542236324,-0.06597053206881476
