path,sharpe,pnl,max_dd_pct,null_sharpe
0,0.284635434085788,201834.86042419437,15.356135720764168,0.38190277144540813
1,0.4642828810972812,308248.7814208985,14.283775731933607,0.5678653647430558
2,0.4854095729421058,269091.4985437012,13.277322747680673,-0.5514129414864193
3,0.664725710318628,431244.0022668457,9.710343597412109,-0.20062136709241002
4,0.5074242598542984,310382.71068481443,8.445782513183588,0.07640016269328521
5,1.0465300039670375,402309.8951037598,2.005321502563474,0.2166277141255868
6,0.3343589616789137,160362.76861877445,9.329992508544912,-0.2726877869770083
7,0.5168080767574663,274615.6749847412,9.288401245117187,-0.07656087783693835
8,0.6942290147222052,326468.43504882813,8.509161515624996,0.3078739659325135
9,0.06892819847781982,49749.83246704104,16.383983626098626,0.28135626925347
10,0.697751937669301,299014.22013427736,4.980237999999989,-0.33525479281961634
11,0.3126014541277438,181020.31855834965,17.813987487792968,-0.0522719205123545
12,-0.07954410387508387,-48339.9247894287,19.76941774511718,0.3141688432010374
13,0.11889982026365116,69600.26859863284,9.751668015747063,0.04820228082983675
14,0.12821234724155953,55839.44506958009,12.658464508789066,0.43690175993829594
15,0.15647464299656347,83511.97996704103,9.288401245117187,0.23020483625202817
16,0.2545229323454452,145562.23100219725,15.884119899169939,-0.016408296161826173
17,0.2603554647301794,178260.17719055177,19.755113250305165,-0.25693241599979794
18,0.39893401381540594,231420.71763244632,12.904478513183607,0.4869538527246427
19,0.20400610427015578,99498.726204834,9.288401245117187,-0.024162516624837038
20,0.6246362349670513,417260.75051513675,9.288401245117187,-0.3088085918689349
21,0.7202437283547398,335094.82127807615,7.74634651318359,-0.34743046021060053
22,0.21320008199794427,87344.49873168947,9.288401245117187,0.04868051607367612
23,0.8609906074022095,495089.45494262694,11.293722747680661,-0.16194431212816857
24,0.6695357099153549,378246.43590393075,9.288401245117187,0.11054615316612251
25,0.3158645959466212,181877.96846923832,12.857718602050772,-0.09246816976293483
26,0.4455252577411995,186057.24002197268,9.751668015747075,0.002203446762175591
27,-0.07202966875413251,-51149.78538940429,13.584803528930667,0.12821154303305676
28,0.5078587806511502,219373.406484375,9.288401245117187,0.08655567585364374
29,0.5036796005865526,226512.4874401856,9.288401245117187,0.11227808095156254
30,0.5545814774327389,166204.7562548828,5.977034372802731,0.774620353229682
31,0.386764799138375,133849.72391601562,4.516905002929666,0.08510533680188292
32,0.05312148198394677,16520.35006225588,7.8288620029296725,0.4870471200789403
33,0.4842355181687267,306044.22764221195,9.979412511047371,-0.27675213263922693
34,0.21034263245374887,175062.3332751466,9.288401245117187,0.24556271020296502
35,0.11065963039184233,73612.7467907715,9.2884012451172,-0.33587590817647844
36,0.07743868647219121,45402.82985839845,14.337071242675778,0.590667419758344
37,0.5130932665020451,235088.98584899906,9.691217516967795,0.20691918782745367
38,0.17507739355372987,93291.30420166017,11.786107523071289,0.23878321586919632
39,0.3855474083127167,215911.03012817385,13.436122008300794,-0.10201457719992114
40,0.35817651670171735,267285.0,12.185443513183598,0.22892305732307305
41,0.6931312096151037,268164.4450598145,6.985559502563486,0.03838117999713795
42,0.6613812261270318,272944.5284222412,8.08619412603759,-0.14684539322799467
43,0.6831803412522041,336216.73501953133,9.288401245117187,-0.5163877430499945
44,0.649464665156375,398897.6813989258,9.751668015747075,-0.45008193234700994
45,1.0957216536475387,702730.2286199952,9.838973505188001,0.6992996301525315
46,1.0904801838415703,590248.0998669434,9.960476000000002,-0.02319684714666486
47,0.41983017534603323,147464.1812121582,4.9802380000000115,-0.22178589908863833
48,0.8178133900615436,559086.387796631,9.2884012451172,-0.12214177408859601
49,0.2960917970600925,189714.37668457034,9.288401245117187,-0.18257206379087204
50,0.37900031985252314,228478.5292309571,13.194451981689467,0.22193074035709492
51,0.47234131805916446,263708.31529479986,9.288401245117187,-0.14525471173152077
52,0.24586402433521226,155896.83520507812,11.069551231811522,0.16719650506735104
53,0.7659761393605179,340885.7950408936,9.288401245117187,0.041765529131564796
54,0.28444903984473213,154924.3690124512,9.597229000000004,0.15280068313285988
55,0.42014500794594073,232809.02501342777,7.74634651318359,0.30275792903988874
56,0.17787026296779496,115714.77009521487,8.847437006225576,-0.27878143796308963
57,0.3063159931954597,143192.30487060553,8.52173000891112,-0.04790215337709902
58,0.10899132342277076,55360.25981140139,12.774445026855474,0.37442106301492134
59,0.7550320508883104,225308.77664428714,2.713629003784177,-0.12303173298702509
60,0.47982133186681625,231178.99751220708,7.9037490058593685,-0.021953895773702065
61,0.3094508395942354,171247.25009399417,10.423032727905293,0.0409682822796566
62,-0.3605514184790565,-221802.0598205566,29.76208599194336,0.4663728404127211
63,0.15262564175042134,53327.35021362304,10.68834252172853,-0.08175964246731135
64,0.2811602898753599,161297.43597656253,12.840714530273434,-0.11390206368972519
65,0.053487757712052504,38916.851085205104,15.515137021728512,0.6256379019460256
66,0.625123566244496,335281.9120996094,9.288401245117187,-0.14498049821451417
67,0.16968275839515048,91564.50504089356,9.107336012023932,0.5124206203062613
68,0.5449676752009137,333309.7460717774,10.547579423767095,0.3638368517612539
69,0.5279811429300998,277571.6274456788,9.288401245117187,-0.08559314117090427
70,0.3814553257057154,193019.49496459964,7.746346513183601,0.20919747835395294
71,0.06639550921411344,39356.244877929705,25.344227534912108,-0.3895993808586743
72,0.601251313203243,244416.6450115967,7.746346513183577,0.5633114922274003
73,0.272761124267772,157024.04473754883,14.341687000488278,0.04985675000900402
74,0.9183780085998293,559128.316427002,7.90374900585938,-0.09578616885758125
75,0.7154606497414416,195345.7699890137,2.777155996948248,-0.21267988552204226
76,0.405284593360723,189250.1135754395,7.768938502563466,0.8744527031616085
77,0.6514349614337692,292314.94418457034,9.288401245117187,0.024411526347324058
78,0.671186933417436,392580.75186889654,8.509161515625008,-0.18751350227659086
79,0.7113494509281625,347989.7949914551,9.288401245117187,0.0864976691129714
80,0.7284099009160843,321390.7649786377,7.746346513183601,0.24141628396873424
81,0.38975729549959837,257124.95688842778,8.52558624267578,-0.2269918247090477
82,0.42366336379131847,187829.32986206058,11.011628513183597,0.30578792847877556
83,0.6154265368096217,259321.0775842285,9.288401245117187,-0.46531882431846183
84,0.4391172919019017,270469.27517456055,9.288401245117187,-0.5214443782624817
85,0.4733637188755146,188267.23877929687,4.51690500292969,0.14983157781319742
86,0.37019689949439655,203933.9111950684,9.288401245117187,0.12225349186649362
87,0.29580236522880216,181397.52164184573,12.46365552416991,0.24785429690178415
88,0.7867148471446401,306352.5603686524,5.337166991577134,0.2826736982726325
89,0.9423411998807082,499265.96682983404,9.288401245117187,-0.14495788311041324
90,0.3242775441960498,235062.56617553713,14.238868730468745,-0.4103515205021906
91,0.11330502670488932,71349.16373718265,14.462851618652337,0.03187434068333584
92,0.7349142779607459,357391.86880004883,8.477984499999998,0.07179203742906837
93,0.12146868598986135,75132.86014343263,19.400414007385262,-0.20653470480359118
94,-0.08950699967305487,-64886.21784912107,17.691848529052734,0.0682405921096956
95,0.25491872517200737,157786.27508483888,11.094107245117193,-0.16991831851559847
96,0.8393368226043552,317260.4572033692,4.980237999999989,-0.060318736846782316
97,0.2109482529668366,127116.18517822272,17.379172516113286,0.2954973767610021
98,0.18943345002882273,103318.65976562502,9.830744893066399,-0.04359805056942155
99,-0.1532083094765682,-87619.18855468751,21.028998863281252,0.004624704827904186
100,0.31329134820728455,194787.5271099854,13.1555025111084,-0.08008602712454815
101,0.8282060469388451,458652.2848828125,11.592897388549801,0.14717017143913264
102,0.9156398973382651,460385.8287432862,4.9802380000000115,-0.34507649662736206
103,0.14058562868109623,63104.86993164063,9.288401245117187,0.2710498384683235
104,0.12954566730637135,85079.17390808105,14.299566262939456,0.5444813379119554
105,0.6249601010364664,347396.1149291993,10.11787849267578,-0.018427547152282724
106,0.730137146149425,454628.9349121094,12.59854800878905,0.26217602241316235
107,0.1218072650716395,72367.52473449707,17.657737272399896,-0.4035382567919248
108,0.6471186287970825,370272.81186584476,8.94058063476563,-0.199588767474503
109,0.03548096042631475,20967.269701538098,16.782835513183592,-0.04471462265257614
110,0.4068261378400403,217981.8497912598,9.2884012451172,-0.2642942354005872
111,0.1512504127778879,52836.80475830081,9.44565450744629,0.19659161748331525
112,0.5284909051333324,275019.2429284668,7.968,0.20122761383446225
113,0.699567362256002,348141.97524108895,7.968,-0.11818312348661593
114,0.8600707607843797,303172.0351208496,2.005321502563474,-0.05227151168918675
115,0.8528204192989534,258081.58133789065,2.0053215025634854,0.17910282434581581
116,0.2465237001894441,159420.3774560547,10.621222863769532,-0.043181142276769044
117,0.6387605911467277,211255.63660705567,2.2276483522949273,0.3367656145794498
118,0.3848716010214642,215667.58479492192,7.924240513183596,0.2843187590728801
119,0.10816034775333253,68015.24868041996,17.275248509399418,0.08872136720129585
120,0.5209099493118025,212916.96363769536,4.980237999999989,0.1280274997133385
121,0.1692409344825707,130943.31231201174,15.480417999999993,0.5277684106184778
122,0.5245942047849204,265484.2973980713,9.288401245117187,0.17312177553544403
123,0.3892330151344956,242379.23026245125,11.12597573046875,-0.04453011685407339
124,0.1894984392437851,73790.82741577149,13.789288753906254,0.06930580906285835
125,0.4350302760465399,313515.63859008794,9.706799485351564,0.19882786643328004
126,0.5058843789777355,335036.89991088875,10.530907745239231,-0.31258668208058515
127,0.6321747786003961,348106.01666992187,7.827511005859368,0.007948799156818674
128,0.4205907579232807,192075.14501586917,7.746346513183601,-0.26643578627379216
129,0.2723763689353926,167686.18143615726,9.2884012451172,0.0650644634099219
130,0.18283697867851567,104744.67331176765,9.288401245117187,-0.3751831634610233
131,0.3259756215462428,154624.72560546873,7.746346513183601,-0.17798960603429304
132,0.2906177631691147,138765.0820739746,12.36333751318358,0.12706862856268047
133,0.6078559820873236,421489.91103515634,10.493532745117182,-0.30603423103900185
134,0.25053356140365324,169594.74662414554,9.288401245117187,0.06837614693860102
135,0.7947596640551686,417536.1063891602,9.288401245117187,0.1323389451768423
136,0.2854827669404947,140482.5318914795,12.968822513183603,-0.10239890333235006
137,0.42262283629099273,220142.4748504639,7.746346513183577,0.06729955282571833
138,0.32549327520203586,161206.01254638674,14.47263202636719,0.16491829132139474
139,0.7747620940708063,488062.49522033695,9.288401245117187,-0.25035012687151265
140,0.1364685943978251,92210.6235070801,11.746981526916498,0.12656403827723858
141,0.5237507471497241,320070.25497558597,9.288401245117187,0.12279068715117995
142,0.6856092821566672,388466.1798291016,9.475814513183595,-0.10019960350964396
143,0.39949303193247937,157766.451326294,7.74634651318359,-0.4965221993332063
144,0.6559976196971599,326196.1802508546,5.60343600000001,-0.22393880479147676
145,0.21707499523153684,115483.33949462889,18.971387513183593,0.054672166512419795
146,0.9302439121100011,324597.31368713384,2.2533350024414016,-0.12079018391092851
147,0.4775009113913476,219558.48489624023,10.113371508544915,-0.2634974512117027
148,0.30546756687514603,165120.63136108406,10.084809498291008,-0.17534688753674035
149,0.2975754945896966,141452.8051879883,10.184223009765624,0.574956837384564
150,0.3563731127554905,186008.760022583,13.752201513183593,-0.09239222635221728
151,0.7010445652479748,338348.9300793457,7.746346513183601,0.17779797341571837
152,0.34943823338956886,221794.886137085,14.931838,-0.1006620083007726
153,0.7547146554599928,361629.9863885498,8.557433894165047,-0.10219528421475704
154,1.037714092772918,400666.9398779297,1.4746944948120042,-0.046898928330737166
155,0.3949281442623997,344820.9926635743,13.045275710327155,0.027887950735362838
156,0.4079745764947181,209469.8815887451,12.096101021728503,0.0831440555765278
157,0.4486960637395282,274360.307364502,9.2884012451172,0.038133733249036156
158,0.2824379158885323,181526.8750091553,12.096101021728526,0.29341125812335594
159,0.13664171381186058,101431.35238098151,15.405428640380874,0.0743931688690968
160,0.27337873124354495,134378.9800683594,12.329513242675771,-0.35728050803289574
161,0.8481410998678275,457562.46997741703,9.288401245117187,-0.4077073225726508
162,0.6564266521501922,384318.196315918,9.329992508544937,-0.30251927427817726
163,0.32871847455345987,104915.93006042481,7.121149993896485,0.07079727644616476
164,0.5487235863659377,321547.88488525397,9.288401245117187,-0.30197932497723395
165,0.5551060114715729,245522.39005859377,11.534301001770004,-0.365229464168691
166,0.8739098603074749,398882.8872595215,4.9802380000000115,0.2654334636001689
167,0.43059480594394434,263855.28003906255,12.13699824267577,-0.1276439996316643
168,0.9548060481150901,610100.8763891603,9.288401245117187,-0.30395832285024904
169,0.26002721320922895,149066.82002197267,9.288401245117187,-0.5087752354672286
170,0.6859550767005314,452988.92046203616,9.288401245117187,-0.04742461952963719
171,0.6137015904234004,412821.2829272461,9.288401245117187,-0.08053253636995628
172,0.7504122338224976,501981.56482849125,9.288401245117187,-0.32955777612579334
173,0.9867938060399488,529492.9201672364,7.121149993896496,-0.4444746400951209
174,0.5101535939606914,232289.49323852544,9.288401245117187,0.12048302235825939
175,0.17302177638593833,111019.99516723634,19.476551511108386,0.23888907106195847
176,0.3469896771132995,197708.55722839362,12.096101021728503,0.330462614269684
177,0.5309246422534074,272175.6448077393,9.288401245117187,-0.34353000672622236
178,0.4834077670864193,259284.47491455084,7.746346513183601,-0.4144067164265765
179,0.2864046162210503,115670.19997802738,7.121149993896473,-0.11566367403371684
180,0.5048721945046787,289963.34165283205,9.288401245117187,-0.2158855971361345
181,0.6255050914787553,435733.76142822276,9.2884012451172,-0.17267130060447783
182,0.3286154895057003,166182.7024481201,9.288401245117187,-0.28785395385318113
183,0.3121820735018567,158514.40500000003,9.288401245117187,-0.2315193575894671
184,0.8546400209348874,378617.3523986817,5.1376404926757795,0.085847949080173
185,0.9674843190961603,403352.03496948245,3.611411999999999,-0.10717417762122959
186,0.2909073731071954,202192.92228942877,9.2884012451172,0.30476766234405217
187,0.5020741717448767,340550.2800524902,7.90374900585938,0.0933051131598476
188,0.6593206086868082,350023.1139868164,10.244404247680679,-0.14674267018062281
189,0.6044070351972071,171974.5449487305,3.778428509399411,-0.19355293660560793
190,0.7590620014424452,350285.72762329096,9.445803737792966,-0.12585216127118265
191,0.29937815853363386,216181.25552368167,12.867272493041993,0.3682761731311834
192,0.7745338360355672,480879.9397821046,9.288401245117187,0.1670756528780674
193,0.23055730556075116,122460.60876159673,8.266780640380853,-0.25831531357892584
194,0.4459073162370186,314163.8493444824,15.30403194311522,-0.17430415714281763
195,0.413123646138928,225203.04009460454,12.217587505187991,0.35285242417877893
196,0.23688196564315053,129519.2969421387,10.458843508544915,0.4697259638051878
197,0.2852365328057904,197911.1447674561,13.409883023559571,0.17427797756029623
198,0.6326104801490028,235492.99742614746,6.881714998779306,-0.19905758768877319
199,0.6091307334980068,391123.3093701172,9.288401245117187,0.543480111696083
200,0.8651215851885271,403848.98784301756,4.9802380000000115,0.22410828452086784
201,0.35130475611756934,171327.39887146,9.288401245117187,-0.03842758330715289
202,0.4508987317648158,264985.90507324226,9.288401245117187,0.48347810383823087
203,0.3364155868183835,129266.05005859377,4.980237999999989,0.2568213980715884
204,1.0368001740641164,629502.5126550293,9.960476000000002,0.23000474354904035
205,0.8197772170628281,342748.5899279785,5.1376404926757795,-0.32574316203861725
206,0.2964000353291278,172375.5708465576,15.312533521301264,0.07130808611298842
207,0.7932558574899112,463848.0349163818,8.651214503112785,0.16067205451330782
208,0.6811396508013237,393769.12846313487,11.448569012451172,-0.42925277486760033
209,0.5178601958259884,295577.7088739014,12.263251516113291,0.3276204951867108
210,0.22178446821853484,143351.0401483155,14.583937237792952,-0.18405294464451288
211,0.3832791074916861,218142.61037475587,12.75413697119141,0.6841839445331471
212,0.08785866964500033,57423.49998596196,14.552468508544914,-0.2725829605494108
213,-0.22099625284619978,-157259.19668823236,25.98115689074707,0.21599148366305718
214,0.8951971520907674,542488.6648120118,9.230201749633789,-0.14897856848508811
215,0.012607355770068697,6884.1550708008,13.233517514404294,-0.29382921421450436
216,0.5689486462482498,243575.8149298096,9.96047599999999,-0.09756717134729564
217,0.5982308374347899,400345.9989624024,9.288401245117187,-0.4261876382295873
218,0.4711094160113826,352256.37963256834,12.52023922192382,0.17566013945911685
219,0.8691644561139059,298229.34016723634,3.7893060000000056,-0.309910095197189
220,0.9663285655681494,461678.57754028327,9.288401245117187,0.39907559997442266
221,0.4902950416866093,353133.78849853517,11.12597573046875,0.10305181346078966
222,0.15138008139954962,105626.87352966312,12.096101021728513,-0.072740522586328
223,0.1915882664887477,126698.19246826175,14.774528513183608,0.1812398358286153
224,0.28362015456866196,149801.07377075194,9.288401245117187,-0.17624068137663831
225,0.4132539448019969,225474.61501953128,9.288401245117187,-0.020709694318098906
226,0.26879309936484314,179058.98513305667,16.694793261718736,-0.0893791978704573
227,0.5609617080861584,369539.31998840335,12.467285245117196,-0.07781463247858124
228,0.4683301609310135,179114.78493408207,6.985559502563462,0.028622129988184992
229,0.7075095852026272,320746.714885254,4.980237999999989,-0.19706590658465178
230,0.259066951250857,174913.31798095704,12.185443513183598,0.22901884662467475
231,0.6435300137054574,291139.8213244629,7.746346513183601,-0.44983379549316804
232,0.08128760252324077,32897.86253540041,9.288401245117175,0.45279562746248153
233,0.3852948461188372,260687.50855896002,9.288401245117187,0.09672608010222704
234,0.2500265725912372,154101.38013854984,9.818705495971674,0.08156191483084466
235,0.5953996757593245,306603.1560913086,7.746346513183601,-0.09010328789183261
236,0.841072551599024,386737.4251379395,4.980237999999989,0.18519353548602868
237,0.45951595436332426,256116.92284667975,9.388481734741223,0.595788072776034
238,0.6732396313259537,409966.0719561768,17.202996506042474,0.23395228653604105
239,0.5439348051942413,244684.051048584,7.74634651318359,0.055738566515733064
240,0.3746959474263423,199434.31494018558,11.832126019165049,-0.3316843515660123
241,0.7673760838233206,333159.84484741214,4.9802380000000115,0.4260931280579176
242,0.714773254950792,381809.2213598633,8.60465249633789,-0.0012985335391900046
243,0.3313875139027412,200960.18975097657,7.746346513183601,-0.059968050814767485
244,0.42285362571872903,260770.6501965332,9.930455634155287,0.09914225241419718
245,0.4486839429129688,320148.6150891114,11.738764245117201,-0.3205885668350747
246,0.4358543866734207,243980.6135107422,10.314675015747081,0.6242732792441096
247,0.04414179619296167,27932.807254638697,15.423116261840821,0.07573291426246993
248,0.3124900640968908,202332.2180718995,14.684023507080077,0.004810201863824793
249,0.4806488137627501,286303.05002075195,12.478079512695315,0.0505991435234926
250,1.28823605792356,741733.8281451417,4.980237999999989,-0.22148829680705154
251,-0.08657070787493545,-50352.34120361327,15.66686614794921,0.2832606502150979
252,0.4790062673053412,306556.5222863769,14.226883754882822,-0.05131980673231286
253,0.23402970504185192,142914.97005004884,9.531458513183601,-0.09622035074801816
254,0.1333882460546701,95193.50391906741,12.096101021728513,-0.27760894753455806
255,0.19721566231206544,149549.33485351567,18.54600403637694,0.048616384327980114
256,0.2832505749398182,188557.69441955572,14.278934242675778,0.29625326288845727
257,0.49620495521497643,200959.49500183106,7.746346513183601,-0.023774614526197536
258,0.6355686697758199,366215.91276367183,9.288401245117187,-0.2144399504125983
259,0.21388649743554747,101736.76007568362,12.185443513183587,0.13331921648634726
260,0.30247817749124845,132786.56006286625,7.968,0.030018499624975364
261,0.5761313010794814,322722.252578125,7.784052523071285,-0.46998192734836625
262,1.2237531115732705,650810.9065570069,4.980237999999989,0.3282635176227205
263,0.8091823424632941,420472.58219970705,5.091294494018564,-0.03715085797602997
264,0.5312678224599809,314071.68736206053,20.153443513183596,0.3194302201710041
265,0.30053020640672257,158047.7449072266,9.288401245117187,-0.10712136614163272
266,0.6546934268663134,428347.02020385745,9.288401245117187,-0.44260833557800416
267,0.9105704025412611,647598.5501635743,13.793562002441382,0.1460520326144992
268,0.8142756214861838,251866.08512878418,1.9654524957275252,0.4474931724004231
269,0.16521217431361923,63999.95336181643,7.746346513183577,-0.47348378331124197
270,0.37683803353884904,222245.33331665045,9.2884012451172,-0.2205548310442003
271,0.43702923700622115,258302.0450891113,10.475025008911128,0.29630040176504646
272,0.2629427199868686,133164.547041626,9.83897350518799,-0.001554345369562686
273,0.49702128694111913,307211.3578863526,9.288401245117187,0.15973357449747405
274,0.4594747872211298,323456.66997314454,11.253858002441424,0.21110333996319183
275,0.15267557103190912,73032.04011352544,12.327998509643564,0.07825985646709095
276,0.860185654945702,397471.55499633786,4.980238000000001,0.48100278078627123
277,0.6442410671188612,374902.8103942871,9.288401245117187,0.5210048379843846
278,0.36340430614378516,228588.68835815432,16.535198021728522,0.18402774797857194
279,0.5419924383712657,241114.78492065432,7.746346513183601,0.22717972835732947
280,0.42169298593883575,238013.24152832036,8.509161515625008,-0.38907464492994315
281,0.5899151901533188,421278.02734069835,10.099039246459956,-0.01285204723496825
282,0.6185760936114558,239594.80497558598,4.980237999999989,-0.008011520167321163
283,0.5168526931816215,364062.6049414063,9.552052513183595,0.4739674730938347
284,0.5673879857459375,343456.0533886719,12.287099513183593,0.3392925041362494
285,0.9293133735852875,382089.2848461914,2.9042965086669894,-0.008614541642486687
286,0.1283517948376387,61308.742332763686,10.541452737304684,0.24822617553700374
287,0.2622648503069105,188638.49630249027,13.727498245117195,-0.2505687067939578
288,0.0592766226353082,32055.855159301806,12.618772727905261,0.1352063092675098
289,0.8006764223586391,482264.3602044678,9.288401245117187,0.04087870717732999
290,0.2189313674410429,129672.26004638676,9.2884012451172,-0.19934448049126272
291,0.9816837971758742,373175.67898864753,2.6966369973754976,-0.030098606719668613
292,-0.07782653519931021,-47097.97749999999,19.0503029786377,0.10766817464820598
293,0.3522995840214984,145093.13521789553,9.288401245117187,0.20708548464521379
294,0.2695721989576868,124340.07999145509,10.737405513183585,0.8560769157892014
295,0.46558470651336636,225846.78144165038,7.74634651318359,0.45858841957938695
296,1.113222520941842,406832.17769775394,2.005321502563474,0.6431432424455749
297,0.92161613851389,495488.23393554694,9.288401245117187,0.22082796640678917
298,0.910751741968589,411368.13357971195,4.980237999999989,-0.23097426174256477
299,0.6895925900239819,394468.95170043944,7.746346513183601,0.1532591185993598
300,0.8841812469125687,462648.08110534673,9.288401245117187,-0.305641107700221
301,0.41473848976476396,196367.4051831055,9.288401245117187,-0.42708585117691666
302,0.8900531136803648,370311.09993347176,4.9802380000000115,-0.02961430358257997
303,0.46054195448539,329509.63159912114,12.096101021728526,0.023187632839429786
304,0.40507638555286196,224302.5249920655,9.2884012451172,0.04542665541411036
305,0.47334974072875174,268069.4600811768,9.288401245117187,-0.12996559253361872
306,0.29556224874126763,149348.89962646482,14.311560377929686,-0.15137131878670587
307,0.10122696271527037,60263.44899414066,12.674129843139648,0.6968928879485077
308,0.15945423700874842,132503.44127380374,15.488539622314448,-0.05814957284185924
309,0.6106468512802857,446640.92536132823,10.531911640380882,-0.24822291813560582
310,0.191308272365622,71081.43994140628,5.503051000000001,0.11027433118447681
311,0.2761295119853754,149202.04235229496,8.003523372802745,-0.019695127700572176
312,0.647038423326105,310082.90908325196,9.78719138854982,0.07275751971995245
313,0.3913867435313969,199086.17210815434,12.877765244689934,-0.062191446315881575
314,0.255883448351505,162755.84382934574,15.37992162121582,-0.21140235075365715
315,0.58876132172129,295739.3847973633,9.288401245117187,0.4076272378231863
316,0.4144857150731024,244870.8170281983,9.552052513183583,-0.03708631916717289
317,0.2109681571008545,124323.64044311525,12.639320127197262,-0.07637046575908636
318,0.38708246932084606,240564.0902355957,10.61619437646484,-0.24246749234053847
319,0.08106241196310648,40221.00296020511,10.003277513183594,-0.42721217559610153
320,0.8434917794682836,417712.7049505615,5.1376404926757795,-0.1518324581592725
321,0.3306687834201885,118596.48000000001,7.784052523071296,-0.18656218674577948
322,0.6442978204919954,363408.2732666016,9.288401245117187,-0.4478206600181027
323,0.7222128548990626,330536.978739624,7.746346513183601,-0.29912178251659166
324,0.33580671396305484,175094.20628051762,8.749109999999998,-0.5449640619595558
325,0.783306842692132,385061.1796203614,4.980238000000001,-0.03876962583264139
326,0.23258686409457607,96257.38477294923,8.107977513183585,-0.2191167256602175
327,0.878279218389545,594913.7299194336,9.288401245117187,-0.0480437885233705
328,0.6727308025950249,418468.3625457764,12.94823799999999,-0.36807230017251424
329,0.5208826915406375,175354.14510070803,4.980237999999989,-0.18510861069911277
330,0.41475279125141884,266006.21356384276,12.510127523559564,0.3700734292532082
331,0.8398652665508736,245998.1600183106,1.8080500030517577,-0.11596753459614237
332,0.12276293827052522,60075.73717651369,7.784052523071296,0.3079106664158133
333,0.06519601769098356,45545.14761962893,14.531620529052743,-0.007997920908075034
334,0.27400526747944004,117291.18513305664,7.74634651318359,-0.06393003284870585
335,0.7033666530880244,367870.7699249268,9.175276503295894,0.33827918157932463
336,0.7151637491524222,345675.544954834,5.139384502563463,-0.21495995507459859
337,0.5591061137763572,294767.2002978516,9.288401245117187,0.10289266149470119
338,0.7783227382177037,453683.03275207523,9.322676000305172,-0.16431967140657358
339,0.29437951876353313,154355.65509155273,15.233673015869128,0.17547001966173173
340,0.4454626496623473,266262.26083496097,13.837206626464834,-0.42105192719664974
341,0.895315040290103,537563.3899920655,9.288401245117187,-0.05014296894962855
342,1.2915990909008874,606197.952925415,1.8080500030517577,-0.15242741596098752
343,0.8806589580042969,393039.00135437015,6.985559502563486,0.1813958775279609
344,0.6023126223232453,282445.97627624514,9.288401245117187,-0.0999787051599265
345,0.924484120865665,475643.23277954105,6.116528008544923,0.3744542445217891
346,0.5815154343305623,348475.63506713876,9.288401245117187,-0.20209175597431364
347,0.7246468457769041,380428.0662994385,9.288401245117187,0.07174002353133568
348,0.4506618249247491,262220.2950793457,10.335431513183599,0.186783887463611
349,0.17208830144214915,106886.90139282228,9.751668015747063,-0.18276644658800134
350,0.1691813678657952,89063.87738403323,12.255247524291974,0.29415403322578004
351,0.6815373159013044,422121.4408203126,9.288401245117187,-0.3307021292512647
352,0.42064237851278147,156921.13017089848,11.94742698229981,-0.026766856390798083
353,0.40576712376428553,209157.08375488283,9.288401245117187,-0.12333324797357337
354,0.20723810395236072,122906.98985961918,9.567411005859368,0.05010305429044351
355,0.28534720455544715,196508.64424438478,15.40542864038085,0.2933608491136338
356,0.7794582484485263,422012.10474975593,9.288401245117187,-0.12248095224246963
357,0.6725739470395311,308203.41395080567,7.74634651318359,0.04204715527128358
358,0.2747873329904477,154620.00899841313,13.524602622009265,-0.3852623003664402
359,0.34148484315474575,196893.48009887701,11.12597573046875,0.08232292702847557
360,0.6021632368194627,357949.37996215816,9.288401245117187,-0.018484769590232014
361,0.0316585045458072,15534.245000000017,10.19747624206543,0.34631940429285085
362,0.35107703654912764,216181.22754516604,12.101387993896497,0.1647199874612225
363,0.9948677803141247,548015.3740246582,7.746346513183601,0.2242687732841584
364,0.3232384278496774,180376.44986816408,9.288401245117187,-0.44977422423528024
365,0.2701846902334226,155137.69346862793,14.700744136962877,-0.027189027709273034
366,0.8714248197318875,522549.88691040047,5.318307000000007,0.07775646975528205
367,0.4150141918537968,282807.91020751954,14.630814507080078,0.017807515881836912
368,0.32656178468930325,165795.36509399416,8.682988735351548,-0.4015373536454904
369,0.24523812004668566,118727.25206298831,9.288401245117187,0.4150408320239179
370,0.3744167742465069,241013.74013244634,9.288401245117187,0.5587695309866462
371,0.005917667724737184,2706.0148388672023,9.751668015747063,0.1784902332944463
372,0.7705194659699754,345830.193668213,4.9802380000000115,-0.13429234498303882
373,0.18261776223046575,89141.29454772951,9.323554952148442,0.8094377470181459
374,0.7015640749720223,473803.8030816651,8.35477951525878,-0.5536003717695527
375,0.35649847632246273,215291.86365356442,16.130673637451185,-0.12508356771222887
376,0.4744541527981271,212209.2349243164,9.288401245117187,-0.23978270409953978
377,0.9523022783187057,479038.4845220948,7.746346513183601,-0.15749283279810578
378,0.10473753516748303,28045.72671386719,6.029946003417973,0.11824662930260041
379,0.8979815261613209,467031.8788354492,8.847437006225588,-0.006004976246969607
380,0.24112718371245762,184113.72852294927,12.455876007202152,0.14485235132907812
381,0.5141555338422019,340164.0497448731,9.49714300292969,-0.10674319412453664
382,0.5443248857212538,265558.417454834,8.183681885986333,0.15362735958691429
383,0.46118783467577246,210103.97157226564,9.38531725500488,0.4768641701174029
384,0.729983343444156,427071.6017163086,7.74634651318359,-0.07519443418697816
385,0.42793644035527073,246106.6449493408,13.481840252380353,0.04808252378129737
386,0.17699383125463586,92891.72008972171,9.291042495117185,0.03181105575994429
387,-0.018477119291594436,-11241.055063476524,13.006447002929693,0.19087144538641287
388,0.3911565323364639,185897.1102032471,10.988628509643556,-0.045961203326623234
389,0.6722366354128879,447945.72544616705,9.757087981689443,0.21714529797188883
390,0.17135891523536206,99059.75879638673,15.425279866821295,0.006802955009013286
391,0.5371141413400419,277453.3338317871,9.288401245117175,0.2533956323247212
392,0.737658301880403,299644.1570715332,5.51370137573242,-0.1373311604068508
393,0.25212386139975185,125297.3600683594,9.329992508544912,-0.008849171349915409
394,0.4597903428874382,254068.03905883792,10.275547728271503,0.13205395130040465
395,0.46049717537412266,272279.97930725105,9.329992508544912,0.45644416125226633
396,0.7404771102970088,284948.83344360354,9.288401245117187,0.13178284033972315
397,0.17210736994651718,65151.585009155286,10.566454494812014,-0.04984271063159642
398,0.4276478676865866,204346.41615539556,9.288401245117187,-0.4106315506234239
399,0.06103716311123551,36206.06501159666,17.090723498840326,0.10455833841727767
400,0.4531617940581735,230422.60366149904,9.288401245117187,0.1622751756786247
401,0.43820276492915594,262251.58998229983,9.288401245117187,0.3948195732677053
402,0.410598812619933,267398.25014831545,10.173091014587413,-0.2658766364477753
403,0.5714638037288176,224532.56315307622,4.980238000000001,0.07344453691934015
404,0.4304054004222988,177263.50507019047,6.7859439999999935,0.35369822020962943
405,0.3022231886406514,173258.96915771486,10.023551221923833,0.20291398055932997
406,0.4426258746999468,248770.14793090822,10.01043750952147,-0.8145501945184207
407,0.37231767013270256,232456.09011474613,13.472149992675778,-0.1335795264009528
408,0.4411791704911996,256540.2796911621,12.096101021728503,-0.22216611975241957
409,0.24915416058454576,76105.20234436038,5.966558502929681,-0.4142369838416665
410,0.8929921803802465,400574.0894665528,5.91357601342774,0.2956129921069186
411,0.14475397754445954,65726.43506347657,10.831368232177734,0.0595072904339421
412,0.5970788501291299,320063.54001098627,9.288401245117187,0.40686545703063276
413,0.68092541804901,344282.38229248044,7.746346513183601,-0.17004407602270133
414,0.600808391226276,447672.511571045,9.45003936669922,0.28025253911377296
415,0.5772513742717351,336300.44985351566,6.200496999999997,-0.2793429248378458
416,0.11319817129826784,57180.582990112314,9.743347991516092,0.008437633279298805
417,0.3401742499874671,192096.51532104495,12.954484001098631,0.40308878594870096
418,0.5046483924980626,280531.387644043,12.836361507202149,0.32127153730737945
419,0.49610765474476454,338957.9400292969,9.751668015747075,0.4450402162159438
420,0.33932939702502685,212549.8613073731,9.288401245117187,-0.08077787030866215
421,0.343707834014046,283088.9059594727,10.530907745239256,0.05073596275693034
422,-0.07257251904190748,-20511.894753417953,6.621542993652343,-0.133570949957333
423,0.598200288336777,431299.23470764165,9.41933500000001,-0.24765507072617712
424,0.7198772564622423,284494.6229022216,4.683709006774903,-0.11050519290473168
425,0.7015093833539042,218853.80510009767,2.713629003784177,0.0467386173036633
426,0.538485751587604,348453.1678948975,10.368479993896477,0.40190762085875953
427,0.035116163859391876,28504.624827880863,20.97429502172852,-0.3125116419864368
428,0.38873347327156577,220303.3233886719,8.841840513183595,-0.05680963797097474
429,0.40719392616360106,285373.4838000489,13.506068885009759,-0.09525106034984573
430,0.3244481604710904,192096.40990966797,12.185443513183598,-0.008673383522833892
431,0.6209214800604413,249590.53995971684,4.980238000000001,0.12302795186899404
432,0.9057277043189033,625429.1249798585,9.288401245117187,0.1314965810939031
433,0.842544639242646,285262.19840087893,2.005321502563474,0.09313071610510137
434,0.4171963713463436,220035.74903808595,9.288401245117187,0.38395835781782517
435,0.2928474335572878,157285.52645385743,13.279873002197268,-0.24390671915959733
436,0.4420002563803718,344887.64501098637,13.879372239135717,0.20610275278280907
437,0.5468173218933989,338933.4539685059,12.278001221923834,0.29375876000918244
438,0.3817431206887014,237331.66488037113,13.638155753662112,-0.07076469528068327
439,0.2323072279714673,142063.99137451174,13.991149513183581,0.045817206365171406
440,0.6453274246846883,295398.28840820317,9.288401245117187,-0.16732346302610832
441,0.6591659540924643,297362.2636810303,7.066723995239264,0.5304291683078972
442,0.6936306118413857,410920.82189453125,9.288401245117187,-0.183265847597492
443,0.8855652557818275,401201.30478637695,9.500750505615212,0.12863868253422475
444,0.24619781400951538,139067.8826171875,9.576737492675788,-0.37657270745012
445,0.25467754830006883,183093.72853820803,14.055296507019039,-0.14922162893103008
446,0.8401138573499828,504867.37504760746,9.288401245117187,-0.3368404609874907
447,1.025726737801502,471922.02168823243,2.5140135012207088,-0.26695917043967776
448,0.24852494834765415,151969.71765380865,17.02484396826173,0.09504879377302122
449,0.2875162435572283,204655.5750158692,23.240214649414064,-0.5809475891384193
450,0.23241546054524306,120884.73496704103,9.466295245117182,0.24524643434030524
451,0.8481338977055849,516035.1177734375,9.288401245117187,-0.5375440351646145
452,0.5882653320148603,321283.42489807133,9.288401245117187,-0.14272990739797364
453,1.1000554392013966,549746.1212182618,3.6137560030517637,-0.2624944317557473
454,0.43670173343085816,322370.2874462891,13.0532347512207,-0.422074668544722
455,0.8389266608476216,411053.4247045899,9.288401245117187,-0.2658198114955977
456,0.48117968073072914,292844.0401165772,9.329992508544924,0.24893004660903256
457,0.642631956789883,466085.3544348144,14.585396521728534,-0.4790319914828843
458,0.6672666208133815,195104.05016601563,1.8412293728027491,0.22365989191703156
459,0.4939468317930401,231147.49507141113,7.74634651318359,-0.013156026319307328
460,0.44586575507645404,193378.88250366214,7.746346513183601,0.0462411672897301
461,0.7829454357236975,457050.8872143556,9.288401245117187,-0.3248857721083375
462,0.3233097179693328,125879.76117065431,9.288401245117187,0.33906470890122087
463,0.32833447384198716,141256.95463134767,9.288401245117187,0.25415981513743524
464,0.15375446243407695,97303.35003784182,9.288401245117187,0.3323877995081573
465,0.7376368452195938,355375.01869812014,9.288401245117187,-0.31119071418998495
466,0.3505404376593587,271776.23721313477,16.53519802172851,0.3636400215594937
467,0.5791435047107111,363764.8651220703,10.185630008300778,0.0291053953337628
468,0.38451904328602854,240428.3699194336,9.329992508544912,-0.13457956472439983
469,0.5196717599051563,376584.09473510744,13.645019513183598,0.17838420979697037
470,0.08555908761846882,62023.507404174816,24.72117475830077,-0.13410756999543502
471,0.6222639476006064,282616.0000152588,7.746346513183601,0.08392735593082853
472,0.4869997692490331,206025.74107360843,5.252651502563478,-0.13110679603257322
473,0.6267276529742237,332248.8386834717,9.288401245117187,0.31007868017287904
474,0.2690074746207975,171564.28516845708,14.268639245117187,-0.3398071169050558
475,0.47562980851312164,261979.76251953124,12.879006488647452,0.24758864758990212
476,0.30994638684614967,146304.38020874024,10.273210015747066,0.6721330113609777
477,0.5214906187995926,343668.90491210937,9.288401245117187,0.007459385820807086
478,-0.03437985322726103,-18976.565129394512,10.576905006225582,0.15846616455657364
479,0.2805947551209247,140391.86348876957,9.288401245117187,0.16117605099776564
480,0.38893287085827566,192266.80727783203,9.288401245117187,0.47704316233597693
481,0.5667382582506502,301607.6896655273,9.288401245117187,-0.04866378984427554
482,0.32177205334347947,185831.73125610355,11.333286019287096,-0.20662838371540918
483,0.4943228791260755,334852.94871215825,16.493586242675782,0.10304151591237289
484,0.3096590548241551,199569.54506286624,12.054405148925795,-0.36096786425987176
485,0.3499332905488155,141861.94021240238,7.307485999999999,-0.15376983780641837
486,0.6278987195090845,494319.5213635254,17.501988481689455,-0.27039880738175803
487,0.609217034582825,229793.37278076174,4.980237999999989,0.017244736683989473
488,0.7114551338897658,430855.79842895514,9.996708746337891,0.23114516984239775
489,0.5324547833800237,253610.29155578616,9.288401245117187,0.4573355864690057
490,0.4264901064406148,288330.2029797363,9.751668015747075,0.49727014301348976
491,0.5937498560625427,266905.419151001,7.74634651318359,0.2612846461597542
492,0.4575844169206568,293625.3463464356,13.727498245117184,0.34563352635397054
493,0.09569207240187233,63634.22396789556,10.02190649304199,0.2293490293766872
494,1.103272351950068,425950.0099346924,2.0155205155029425,0.30409152006768114
495,0.6176410075960965,275788.00868041994,9.288401245117187,-0.37333848195398106
496,0.44995551939154316,220198.24831481936,13.759785026367194,-0.06934973884237894
497,1.111731279405952,650789.8633764649,5.4021803522949225,-0.11385953539701646
498,0.04059438856796124,12574.339956054713,8.591650000000001,0.5097541866364735
499,0.84757877182007,556633.3136560059,7.746346513183601,-0.12541703047112407
500,0.3576417573648981,172827.82004150393,10.530907745239267,0.009131612989639213
501,0.3798150801028417,248168.5162866211,12.096101021728503,0.280269793897432
502,0.6197489656281142,187354.65999206546,2.8813914957885634,0.27250152873612943
503,0.651728244380125,497226.86972290045,9.288401245117187,0.5670877921606251
504,0.3542499234790562,222865.22898681648,11.49129810937501,-0.012983946635021074
505,0.7425115136810284,430705.4150891113,9.288401245117187,-0.2935092564725517
506,0.7659828220518592,407765.82984863286,7.924240513183596,-0.6085324427046734
507,0.6604883193004011,273103.12379516603,8.013913006713858,0.5954053122731072
508,0.3375698006500455,201567.8997998047,9.288401245117187,0.27193796418392857
509,0.4892384539817288,231332.1798175049,14.017191999999993,-0.07639273904053048
510,0.8713313736865163,431397.6899542237,9.288401245117187,-0.11424713945942902
511,0.5159691299269841,363822.4311431885,13.950955512939439,0.29131071947759
512,0.25080288774702714,136889.1399926758,10.911021501220693,-0.5407559831583741
513,0.3251081517372794,185531.8099621582,9.288401245117187,-0.3527308086300105
514,0.6329035539439465,278869.7898712158,6.985559502563486,-0.24279055029276678
515,0.602175789401088,459136.6537487793,12.872796245117208,-0.24841619299340856
516,0.5353589011622392,311376.07047119143,7.121149993896485,-0.6058131649764753
517,1.066182753220724,576497.792084961,4.980237999999989,0.4864274625141915
518,0.03523339302321004,29794.163985595733,21.52769487463379,-0.049241590535384475
519,0.45714120566138094,285143.9500073242,19.15140401574706,-0.21505436434607753
520,0.36043418292844004,159302.0996789551,9.288401245117175,0.1757774747907423
521,0.7488973106145355,352014.69514099124,9.288401245117187,0.008506010052565757
522,0.4137078653211595,230445.0860516358,8.949364018371584,-0.20851116380246484
523,0.7166853424488636,462039.3212609864,9.288401245117187,-0.0670254214493407
524,0.1995468391654476,94110.05109802246,9.419334999999998,-0.2834992216061943
525,0.02186920683775832,17011.923204956023,16.70576351123047,0.07371025482775981
526,0.5202303125356561,167971.23012207035,4.980238000000001,-0.004985831917919959
527,0.44899213841069535,239549.40501953126,13.07867750708008,0.1676209549080149
528,0.2466779996558576,99263.36006103517,9.288401245117175,0.385351905428363
529,0.7641103541790888,241404.4750952149,2.005321502563497,-0.14811196879979824
530,0.6015066028035068,359294.99498046876,8.7076195131836,-0.20762456919756542
531,0.1984007413695437,100679.49504028322,9.41933500000001,0.4793937190363153
532,0.6107219528651846,358899.411550293,14.190765015747072,-0.10940295065338183
533,0.64534373911921,348994.9711279297,9.288401245117187,0.19032861965580078
534,0.4271431557201281,186858.1501855469,7.121149993896485,0.6543040069103181
535,0.45011194489490697,205484.95586364748,7.74634651318359,0.08410473898183178
536,0.19043245221921062,113263.49879394533,8.60465249633789,0.3352754925032782
537,0.6969259863587112,315368.60230957036,9.288401245117187,0.05770370436706664
538,0.4512576643971179,257911.1399902344,9.751668015747052,0.4410973493528696
539,0.6140418033446967,295217.7050073242,9.288401245117187,-0.4664704164488336
540,0.2866302536182186,152131.55972839356,9.225022242675792,0.14773351896236342
541,0.5590936202224658,317708.65485717775,9.288401245117187,0.052238392340661514
542,0.28172068636253766,168636.31123596194,10.251488513183594,-0.3444311166037173
543,0.5185236860388904,269942.70728881843,12.89258451318359,-0.000848405754728892
544,0.4817925419462267,241053.58587036133,9.464788127197266,0.11798375110651535
545,0.6050554423901598,394389.1562890625,14.979092467285179,-0.21747117049843018
546,0.2391191564097241,145698.7759387207,8.726486011962873,-0.09109202406807801
547,0.33485047347261665,179641.37046142583,12.263251516113291,0.5819036966440638
548,0.5430803271225874,243710.53035400395,9.288401245117187,0.03404922207970445
549,0.05945226978091461,42984.246248779324,28.365529028076164,0.15492500942755572
550,0.13444168942293555,59169.34523071292,8.751379000000004,0.06895216123772868
551,0.30273830059352835,160992.86533874518,11.12351320587158,0.13339972936178698
552,0.4351634335209832,228419.66982971196,9.288401245117175,-0.02080612201592185
553,0.6291088937977234,151586.20988952636,1.8080500030517577,0.538066177831477
554,0.42034837749278886,225475.80745849607,9.288401245117187,0.08695931887228396
555,0.4827250517808412,287259.3016320801,9.288401245117187,0.05380614138962865
556,0.2649905193644833,155684.4279663086,11.172870738159189,-0.2517477393345722
557,0.4540128443098164,185403.35638305664,5.26857249560547,-0.045740597293752946
558,0.5342699093000652,258934.61512329106,7.746346513183601,0.05698934559795826
559,0.6412801506183117,441878.1667193604,9.288401245117187,-0.23725856317042873
560,0.5222429195899423,271818.9601086426,9.423760008300771,-0.27683201890637993
561,0.6253745315670807,300782.7673657226,7.746346513183601,-0.27432705114644457
562,0.32909477538813364,166241.71256774908,9.288401245117187,-0.5135480248359673
563,0.7969558151381884,496625.2077050782,9.288401245117187,0.6369438458033486
564,0.18107080934144396,93165.50380493166,11.487731724487292,0.16437291261850356
565,0.8414608322029805,338630.6602526856,4.204123495117179,-0.09963075062158643
566,0.5206382103574466,287141.61504272465,9.288401245117187,0.15114156031018655
567,0.5826798940731666,369020.93428588874,9.288401245117187,-0.08207462467628902
568,0.5022262842708286,177978.5550695801,3.8897909956054764,-0.019918101419178647
569,0.581262472587987,340894.0650482178,8.52558624267578,0.29101307207641613
570,0.10162365320739301,50389.668437500026,9.288401245117187,-0.0685021176706357
571,0.3674692243576086,184192.37977905275,10.800831030273438,0.7539878111383254
572,0.5988769512225586,272768.2674511719,6.0074250029296845,0.1578756871758709
573,0.6556492907392798,417532.8601330567,11.35389450708007,-0.38958626295892174
574,0.13099201091350893,89123.46375610356,22.10296965014648,0.19616553638493983
575,0.7857833200267741,338388.0548681641,5.080318489624024,0.11439307984873553
576,1.1141151839449344,529695.9500610352,2.713629003784177,-0.25178166121330886
577,0.62374585856029,304869.80983093265,7.83841001837158,0.123022843424804
578,0.7080933308007384,420517.4669909668,12.270049803222646,0.36799968776732583
579,0.09262811573094751,59931.859753418044,12.91950901867675,0.1675632787004863
580,0.48823256378601504,309877.6837384033,9.793001004211419,0.03305395137374705
581,0.700961409409242,376898.5877001954,9.288401245117187,-0.2712265392755558
582,1.1188332597134822,432781.03509704594,1.8080500030517577,0.07427226856663285
583,0.7276614349982897,389502.3850274658,9.288401245117187,-0.40384267484255304
584,0.2523686095927972,159060.9189453125,16.447517000000005,-0.025982198129292484
585,0.7145426929766832,346546.964909668,9.288401245117187,-0.2580010921933742
586,0.3941646016709356,156542.03762329105,14.268639245117177,0.3963672566946435
587,0.625046432379945,161566.10886108398,2.512846999999997,0.07003471977611635
588,0.6451759717814942,354277.84115356446,7.746346513183601,0.27593014418628004
589,0.44607929111553934,238974.58383544924,7.74634651318359,0.11279158338660442
590,0.6361893625261492,296055.3021136475,7.74634651318359,-0.5383946783486726
591,0.6633217706639211,421633.8771191407,9.288401245117187,-0.22266098141623894
592,0.5052324816630364,243845.15315124515,7.746346513183601,0.21354307193210784
593,0.30387287601564006,139741.64273681643,9.288401245117187,0.3462172517593534
594,0.7015690570793509,401059.2684393311,9.288401245117187,0.38612894960246924
595,1.1669827621567157,533198.879854126,2.005321502563474,-0.26808952816831083
596,0.10154238263286994,50252.474962158216,9.2884012451172,0.1037480727224724
597,0.7068088206482664,305977.56109375006,4.980237999999989,0.41487886101352456
598,0.3186344343795449,191314.7548919678,9.288401245117187,-0.10907476155686126
599,0.41897063840082693,316030.87750122073,12.563082127197262,0.07937211318474424
600,-0.11972493422251591,-77595.60002075192,18.321872136108393,0.34712328780956964
601,0.2830211932401877,148823.3859960938,9.329992508544937,0.24929683676136774
602,0.6366864230523861,361415.7999493409,9.288401245117187,0.0826621000525656
603,0.30261214025176786,143889.6450097657,8.70417951318361,0.3061649678593205
604,0.5871490223453204,305136.71266845707,9.634105597412097,-0.39296279503259807
605,0.46713153564198184,198369.96473022463,7.746346513183601,0.5388221403319494
606,0.9764727468959484,464682.5872271729,5.158132000000006,0.053999005166916636
607,0.2986423172840123,175533.09618286137,11.036999902099604,-0.34665899840502373
608,0.05350774917410399,27179.864794921898,11.595209758300788,-0.005871865105724217
609,0.6077230646384381,323650.0912243653,7.924240513183596,0.011881533631324335
610,0.7987251272464981,479781.91422607424,9.288401245117187,0.25701577907526
611,0.5122525638250061,376202.2670098877,9.996708746337891,-0.0038641649196371757
612,0.24316966103387153,125841.61137573243,9.288401245117187,-0.30994095926183446
613,0.23013401287733193,117349.84506958009,9.419334999999986,-0.10945880025318763
614,0.46876245360003177,303042.4377465821,10.26561601782227,0.1243760831108969
615,0.29401852371805554,214112.97700439458,9.288401245117187,0.2735428800127983
616,0.6506939491259813,355262.9019268799,9.288401245117187,0.18306427645593296
617,0.6433578790645887,395557.6550195313,8.267888513183594,0.0064439712375174915
618,0.4685371968999892,318755.8247717286,12.185443513183621,-0.22856466614000942
619,-0.037120640140360726,-21163.75507202148,21.5915095114746,-0.24772062543895576
620,0.3902314564013774,201916.70016113287,9.288401245117187,-0.38562308199006123
621,0.01166116274299147,8268.517288818373,17.15579851440429,0.069461607539398
622,0.448180300599329,225214.06002319336,9.288401245117187,0.17292789184551047
623,0.22860902358230487,131422.48519470217,12.55873250897218,0.15441707285803044
624,0.8905661977799789,366150.3227130127,6.909321502563475,0.02552687966984924
625,-0.05594091302589914,-26145.11127197265,9.888241513183585,-0.38932455688296685
626,0.5229178503591023,289877.38653686526,7.784052523071296,-0.1733796120385173
627,0.7260792500725346,338452.09490844724,7.957905524291983,-0.5084718388762203
628,0.9628913943867008,551677.5792919922,9.288401245117187,0.09538584641110698
629,0.5369029003720183,326173.1301293946,9.97199074511719,0.11921158179871114
630,0.7448445174447915,293774.2499005127,4.9802380000000115,0.14969696931221552
631,0.91819835670529,409118.29239013675,4.694799002929684,-0.1491070269251258
632,0.5097802430232024,264035.7672680664,9.288401245117187,-0.18218260301520817
633,0.029559646144784468,12901.808343505872,10.788616015747062,0.21488352296614754
634,0.38753279202853513,250612.1849731446,9.288401245117187,-0.17090391798837123
635,0.5676000906305978,284455.2257556152,7.746346513183601,-0.10850216687497631
636,0.7564734367717912,365321.43000610353,4.980238000000001,-0.42007795682979393
637,0.17410459955220448,94323.72103027343,18.04578451806641,0.12249359743116504
638,0.691095276055507,341255.57990661624,7.829457495117187,-0.1878768734911647
639,0.6748853904999126,208161.05679687503,2.7887005025635005,-0.12626943974187918
640,0.9002579484910104,488579.5502685547,7.746346513183601,-0.18150300891889193
641,0.15807356212141047,121225.06005249024,14.74277452172851,0.1649752194020016
642,0.34125454645249226,157263.1963812256,8.847437006225576,0.08844579301038208
643,0.44126204631522375,248080.03505187988,9.288401245117187,0.19757291762655987
644,0.24140658258164938,134778.5197961426,14.581045998535142,-0.21410654463340187
645,0.9771993734567745,384655.97001220705,1.8080500030517577,-0.38233645214170847
646,0.23436604951349443,158152.95545837405,12.940933501708972,-0.5413487888002436
647,0.16067173998991727,98407.1374761963,12.185443513183587,0.22125930266193478
648,0.8159224220692063,344848.3871582031,7.121149993896485,-0.2514553358529881
649,0.6636232489657109,456827.13344726566,14.362901640380873,0.04184747181894583
650,0.6348366910655806,285956.6205895996,6.7114855167236405,0.5481660982877341
651,0.8056560186067355,457749.45638732915,9.288401245117187,-0.10747353691179519
652,0.36181930888265834,231255.75995422364,10.325418507019036,-0.10196910264595418
653,0.40624542093498506,217956.38506347654,9.288401245117187,-0.08501624522572869
654,0.6458470772337751,355960.21182189946,8.68299499707031,-0.20675448452134415
655,0.12398537161554742,77725.5687664795,19.350201240295416,-0.17580536806967648
656,0.1465897577488741,88518.40069763189,12.57862220300294,-0.38504615337071757
657,0.20408006494290098,118138.8552789307,12.153143129516602,0.3891021786298343
658,0.5519844327945036,312425.1782214356,7.968,-0.09088941582507315
659,0.8596524584573209,599153.604963379,9.288401245117187,0.5888485345413245
660,0.1055823415835716,51960.69129028324,11.957826513183594,-0.41038707549700026
661,0.613648221909559,402830.43884582527,10.451104015747061,0.12412282640454696
662,0.7519111221986848,306748.237074585,7.968,-0.08146745384136898
663,0.34455537229814853,132851.6587524414,9.751668015747063,-0.204383655805671
664,0.3516549324689393,128426.6464770508,7.746346513183601,-0.5279681329853828
665,0.4927979720962222,249148.89746154787,9.288401245117187,0.17949382685617968
666,0.15366878322921723,85084.71313110352,9.2884012451172,-0.1225759889285588
667,0.3368724278314018,159450.60176147462,9.2884012451172,-0.12483449351290243
668,-0.025733330282556758,-17961.551244506794,22.084328369567867,-0.28845267727884555
669,0.5579323766152231,328419.74457397463,12.709395004638658,0.1362052338167231
670,0.483786832595436,253477.07633666994,9.288401245117187,0.1372420125279388
671,0.4105718553714781,213855.65540161135,9.564921724487306,0.05226131817987081
672,0.4299112285567664,279841.9621484375,9.288401245117187,0.09801068165126224
673,0.2141536138684983,86282.6815716553,9.288401245117175,0.36022558675736027
674,0.09242917791221761,55420.62293823245,12.096101021728513,0.36130255090586433
675,0.851277142875106,433148.7501074219,9.288401245117187,0.14338282914992925
676,0.8379383082358631,418103.16751586914,9.288401245117187,0.04723191008015908
677,0.42965717411197757,178015.0394134522,7.746346513183601,0.42387050486515615
678,0.9546155834774327,566976.2216082764,7.746346513183601,-0.41387933957851286
679,0.8903301578705156,383304.0501312256,4.936543508117669,-0.14104945748579314
680,0.28162997166287573,148561.5829876709,9.288401245117187,-0.11236915902322817
681,0.5228824501690229,306981.0198651123,10.88758501220704,-0.14273063951907677
682,0.7261169422899929,457350.3848681641,11.293722747680684,-0.5573992134888717
683,0.8001411895964304,437352.19509033207,7.746346513183601,0.03856198931517005
684,0.6970189058028979,239333.56505310058,4.9802380000000115,0.011667160471547089
685,0.21468767512706788,92264.9399560547,7.74634651318359,0.2906317384047703
686,0.6157231862208419,338688.66504028323,7.9037490058593685,-0.34125279532140873
687,0.043515795569607135,21655.44869140626,12.01180802172852,-0.49324866318569516
688,0.7414004847171853,380715.98474121094,7.746346513183577,0.20543479365162795
689,0.651787333156643,364112.9569293213,9.288401245117187,0.3898477393909526
690,0.3857986913316231,218176.20390502934,9.288401245117187,0.07865297487565832
691,0.5928664026656392,292574.70868347166,10.852834242675803,-0.08816509688165096
692,0.4471764775824561,216347.10501342776,10.389491738159162,-0.0834686261958159
693,0.40853644845756754,243825.33772399905,9.288401245117187,0.22251187289189683
694,0.31850171405422956,145492.22014953615,7.829457495117187,-0.4499778418667062
695,0.3370854497523548,194217.6261645508,13.204864005493164,0.008562828381662042
696,0.4646002458807843,253063.93498596194,12.096101021728526,-0.2080824563717543
697,0.7626482994390089,342344.4834423828,9.288401245117187,0.24928219145846373
698,0.7324041831219723,412686.6962402344,9.288401245117187,0.46724816316685996
699,0.5106557280481564,279421.15484741214,9.751668015747075,0.26546003967176046
700,0.4126550152231353,272118.96429077146,9.288401245117175,-0.013948778592744314
701,0.8999181943696345,700276.0597399903,12.096101021728503,0.016703256485897176
702,0.5798281385907679,315993.039876709,9.288401245117187,-0.4560923432957583
703,0.7290778809142316,383051.8419677735,9.2884012451172,0.6494006453765856
704,0.718500767911412,230046.66741577152,3.2843059956054668,0.41868734510370487
705,0.5877449392168234,308387.3250244141,9.288401245117187,0.05659265451362191
706,0.781104562398246,363728.6400585938,6.985559502563474,0.2924419139384173
707,0.6190481862138439,337744.52020935056,8.050509000000009,0.4342908717814041
708,0.10689107119324381,55920.26582519534,11.463671027587878,-0.05128454782178461
709,0.5076063634928661,287843.43322875985,7.904528993896489,-0.5711999683093805
710,0.588300462590642,412898.0196691895,13.6381557536621,-0.04304784530761361
711,0.7366639086532916,435925.81036376953,9.288401245117187,-0.4848430375826306
712,0.5917054477030294,260595.03371826175,9.288401245117187,-0.16279809615726926
713,0.5651506475470839,250771.80983398441,9.288401245117187,0.06704102241456097
714,0.06509009580189927,42938.771224975615,13.868972020812983,0.7287468058780462
715,0.40979228853400784,249841.93749877933,9.498907489013671,-0.12454558283750247
716,0.563653067030326,230223.0860479737,10.737987728027324,-0.04826027971913166
717,0.3128223403646069,178131.89152465825,12.112525748779298,0.061066355068678184
718,1.2983910127126013,689835.0763989259,2.183215502563468,0.14413135578653694
719,0.2915313095567654,221674.0209368897,15.40542864038085,0.32958243502761964
720,0.4151290252793438,216307.08866027833,7.746346513183601,0.028529701419976433
721,0.14370158700101152,98631.7097998047,15.113443242187497,-0.02796215209880258
722,0.33148296531939964,170189.72891723635,9.288401245117187,0.27969850302047167
723,0.46474466309980184,241726.3723168945,12.096101021728513,0.04076074813486034
724,0.9473356142532052,347750.7149401856,2.5890849999999976,-0.3813271233754861
725,0.7263765845567983,271659.38494262693,5.017944009887683,-0.023980104960677116
726,0.22788536456702507,112838.5526275635,11.424656502563483,-0.2409709467201807
727,0.4353571989194975,288493.5264160157,14.819012521728524,0.0171031862383385
728,0.17657767205143077,103043.24272888186,20.853534108886727,-0.38079670758566675
729,0.9096237174092885,343987.10980224615,2.9222515093994095,-0.4223058657363318
730,0.5431783474343093,172100.50299072269,3.8110275025634675,-0.4493898481079915
731,0.5013359543540954,255784.77348632808,14.701027017333976,0.24312838156315594
732,0.7135188368274805,425966.88331298827,8.36369763415528,-0.19787285128828183
733,0.24221875660048303,179296.56467956552,12.681141753662109,0.4788201932871383
734,0.5210485827344501,346862.04462097166,14.190765015747061,-0.23333149634921213
735,0.4742316482104242,296297.9900561524,10.853989736572258,0.1559462773798455
736,0.4602820950277767,236428.12001220704,12.011010730468762,-0.028239974139618727
737,0.3537901871478756,200236.45491821293,9.2884012451172,-0.42671025837332666
738,0.3473828110734513,195696.9001702881,9.288401245117187,-0.05130351687842479
739,0.38355161193819426,205366.57500976563,9.317796506713865,0.17900089545207773
740,0.6993787455765309,495097.33499389654,9.288401245117187,-0.11087713924922181
741,0.49606018929296186,295060.50518188474,9.288401245117187,-0.04798647312636278
742,0.4468750375211813,240044.93342224124,9.288401245117187,-0.08888303798352377
743,0.10225373672953615,47700.97798583986,14.818978501098638,0.21916785725276453
744,1.1254286679624275,494766.7700732422,2.005321502563474,0.18945031039043775
745,0.2255169627258307,139780.36983154298,9.840391254577646,0.3497540504454141
746,0.7588786732571845,444205.0100518799,9.2884012451172,0.15895594011784175
747,0.7697699231375752,417662.1646044922,7.121149993896485,-0.18361364829918675
748,0.5056659374555517,294976.40622924804,9.288401245117187,0.44320473580281233
749,0.6923723530916448,372547.1149432374,9.288401245117187,0.4016891092151661
750,0.6679329549690617,320131.68037841795,7.746346513183601,-0.27716692932819526
751,0.9745788832447829,553949.0352294922,9.288401245117187,0.34308761428176654
752,0.6573727722198202,367893.26512817387,9.2884012451172,0.30284665880996287
753,0.34203895717256083,219509.1484167481,9.288401245117187,-0.049943881963644673
754,0.31419244199438096,189459.35331420903,11.102063000000012,-0.22947086043637827
755,-0.03377940908652154,-18729.739845581047,18.548113514831545,0.3836345762514108
756,0.7069332641058373,321113.23967102054,9.2884012451172,0.003881208819595472
757,0.5056233886274817,394511.7197924805,9.288401245117187,-0.15528002148254277
758,0.20438747325910278,107263.27487548828,9.751668015747052,-0.22318603577355917
759,0.916062767552988,404420.2399194336,4.9802380000000115,-0.392187416597681
760,0.5159554488775068,334248.773637085,11.603778866210929,-0.1099834871530008
761,0.4444617471830271,188840.91473754885,6.985559502563474,0.07780816722166826
762,0.49947839571210173,245007.2796862793,10.024297006713855,-0.12933092315153605
763,0.011292637536924287,7144.20986877448,17.307341023864748,-0.16945904141309
764,0.6642645005608184,322003.3788342285,8.717796510131832,-0.49491235484255497
765,0.6512816614160709,458455.4862365724,12.942021488037101,-0.09652645225126062
766,0.28520625608180045,193366.32995971682,15.40542864038085,0.05994556171509702
767,0.3392796000943495,223061.3897052002,10.331996004638658,0.35824048328415187
768,0.7798354042811145,432945.0651147461,9.288401245117187,0.0489714193943815
769,0.5194865137520892,244314.44010986332,7.784052523071285,-0.6102026934727571
770,0.46445134142444977,212764.67791381833,9.751668015747075,-0.1563076765681995
771,0.445725472649611,253736.40527526857,14.800343519042954,-0.04392739071270752
772,0.19132935363906345,107650.32383911131,19.311142242675785,0.7241552212657011
773,0.5061999494324999,206466.19263671877,10.125001251220702,-0.41065816762613155
774,0.6557881284953628,379840.1499060059,9.288401245117187,-0.20416794416505393
775,0.7835331159221213,546305.7701489257,13.90180702172852,-0.46418351615795495
776,0.3563825700289541,98960.66872924806,3.929088501586928,0.13502809288852308
777,0.6608738586104385,321511.29000000004,9.288401245117187,-0.9413067054044809
778,0.5876380025948322,491104.52867309575,10.33172550854492,-0.2920741411958219
779,0.42180082218310516,221076.18494750978,7.784052523071285,0.13853897154284617
780,0.657295695255813,296170.0486120606,5.659182492675772,-0.10886041168234578
781,0.16440113709956686,84218.07994506838,7.968,0.23320762072677323
782,0.9810039043703428,661093.9425646972,9.661876251220704,0.2481382713639806
783,0.4304332353584671,275449.04225952155,9.288401245117187,0.11349796487893718
784,0.8723074011130534,474270.6910931397,9.288401245117187,-0.12782466433668194
785,0.36505786110329075,142008.40677917484,8.110624713500984,0.4180569875058202
786,0.639412188235027,365855.746003418,9.288401245117187,-0.5131226379921565
787,0.06508656958560796,32604.92990112306,9.457041009887691,0.05477603070111511
788,0.7097312631719724,429790.17482910154,9.288401245117187,0.254740926227179
789,0.6663788303969308,497188.1116534424,11.293722747680684,0.17553824043924285
790,1.1148231277738079,545700.1524414064,2.005321502563474,0.0483650076990692
791,0.8678694422393206,453830.4233447266,7.746346513183601,0.20361205511990874
792,0.7927095778419448,319312.0786541748,7.001544009887695,0.06228118211959873
793,0.5733036403470249,316797.57518920896,9.552052513183583,-0.18176533020558183
794,0.44856703657910424,231956.7351220704,9.288401245117187,0.3175989988998924
795,0.20614332722314344,127813.36881347661,16.499991513183584,0.18512047260836073
796,0.6261442530187912,401347.7433331299,7.968,-0.23023260628950867
797,0.0691603188563915,42088.32489685061,11.900461246887211,-0.29907024614044003
798,0.6191542631844085,415514.04127319343,9.288401245117187,-0.23397747373084005
799,0.3214751865619094,231740.79503051756,12.624380148925795,-0.19698058116740685
800,0.3546354196260409,154403.7500518799,10.444315999877942,-0.10323390000250654
801,0.6482616316378322,332591.509921875,7.746346513183601,-0.08338188013673924
802,0.29896887040228926,150343.8800408936,9.288401245117187,-0.1750963154914748
803,0.548602941717676,310314.9011193848,9.288401245117187,-0.40514180133692407
804,0.7737081289379449,480262.85568054207,10.712941015747072,0.07340673562586407
805,0.012627854892643892,6981.887673339879,15.328829253784171,0.3600741351771457
806,0.3075168289834763,141617.6597546387,9.576737492675777,0.13207966894102174
807,0.384475783898632,218946.4999700928,10.855593742919922,-0.3232223132861056
808,0.024083676598120666,15838.206208496114,15.73281974768066,-0.075447107967197
809,0.3131040758494778,237147.64705261236,12.096101021728513,0.05129975541631545
810,0.26292056849384104,184480.56587646488,14.209410012573237,-0.4721446156610129
811,0.6422089760736535,426127.59647827153,14.34795153051759,-0.35574744937946967
812,0.7907978070895804,477045.4846185303,13.368582749755866,-0.2108808066886149
813,0.37739048715442064,247377.69229553227,9.2884012451172,0.1736424301461971
814,0.6070326621816243,312113.15137329104,9.288401245117187,-0.008637646338285046
815,0.23773378657345348,132952.7449975586,10.544957243957521,0.05471947174752778
816,0.23324348511834003,132566.14149536134,14.028855523071288,-0.16531450712020962
817,0.20466996563131953,91112.77222045902,10.643198508544918,-0.4853878031182179
818,0.8784823653194684,455004.6550134277,9.288401245117187,-0.22229178211383235
819,0.8761157711842972,370337.15370666503,4.980237999999989,-0.3591903008171848
820,0.4155418967939977,219271.8792791748,9.552052513183595,-0.29584837842658174
821,0.257752415625219,105417.33215332031,7.854190629760735,-0.1327448897862628
822,0.979114286297803,393902.5749145508,4.855871264160169,0.2870551735338248
823,0.9590875146983789,575841.8147595215,7.746346513183601,-0.09647250167739045
824,0.05967889254175967,43065.70328979495,15.11690552905274,-0.10370238445421923
825,0.3680364393639346,274018.20465698245,11.933190746337898,0.5552237092771919
826,0.7184616824685265,408025.4375793458,7.746346513183601,0.26116198274377095
827,0.41712810207211254,206943.60494567873,9.288401245117187,-0.12997779478271387
828,0.1971285547667854,87141.57741333009,7.746346513183601,0.1971109407846161
829,0.8495132836616481,278961.8547583008,2.183215502563468,-0.4410878203245121
830,0.5553539831469069,316534.1526318359,9.288401245117187,0.2989725031092768
831,0.9143994319864515,494775.61634765635,5.336026,0.3059390044404231
832,0.141128594479498,91641.02530090335,15.192591015747073,-0.4177425522063878
833,0.1512207907731746,94334.69010864261,9.329992508544912,0.29133067171700655
834,0.7550298775492135,446868.7354589844,9.329992508544912,0.08094277704040563
835,-0.11473730747504429,-53593.077745361334,13.754491018432624,-0.16520012031784925
836,-0.03296050429654235,-22159.026224365174,27.79812621740722,-0.10054457972773997
837,0.6935619403650012,378117.3998913574,9.288401245117187,0.1391212386165434
838,0.6504660685941798,284371.35144409176,9.288401245117187,-0.11105894554194079
839,0.49378244046875136,307606.35409851075,15.20942073779297,0.4496025268721758
840,0.6870343219835743,371636.1851123047,9.288401245117187,-0.4347046533900125
841,0.6371651598873951,338339.24063476565,9.288401245117187,-0.14432734129808084
842,0.3406970532662434,161076.89259765623,9.288401245117187,-0.08394246670018969
843,0.6721311310777144,310494.1300939942,4.980237999999989,0.08601188026434092
844,0.5044075156131737,251729.265088501,9.288401245117187,-0.36689890988485874
845,0.01632477693640443,10812.935123291056,17.165681513183596,0.008117880645655726
846,0.5369595316946638,304030.2560211182,10.524226630126941,0.16013991918767675
847,0.1206498135597808,66547.67998413087,13.030746999999998,-0.22223696872094173
848,0.6931054774450272,405554.8923834228,9.288401245117187,0.3709644213739717
849,0.9048353428349594,500531.7738043213,9.288401245117187,0.3933509378820062
850,-0.09366391054337357,-29131.385026245123,11.876749515380862,0.12297542000089398
851,0.8729689842108425,533003.1576354981,12.096101021728526,-0.23723622451981405
852,0.15625113931954018,104173.61492431641,14.834399481689452,0.273397246241263
853,0.889332788370422,402752.6437487793,4.980238000000001,0.15193984877846636
854,0.7605725872055108,409115.28353637696,9.288401245117187,-0.46200201110529404
855,0.4550740824693974,193322.71702087403,9.288401245117187,-0.15083501896494955
856,0.6377830790291922,404523.2646447754,9.288401245117187,0.1339466310669586
857,-0.20057306878595973,-105871.74626098633,21.569843124267564,-0.01943105331114656
858,0.31695411669427814,176907.0600970459,9.288401245117187,-0.036147446640289536
859,0.7155173497123455,488955.65394531254,9.288401245117187,-0.7409726481779016
860,-0.004040522008701263,-1402.9598486327995,9.907840513183595,0.32181032830793216
861,0.2905138711271132,161186.84997375493,8.789430513183587,-0.2772592894141476
862,0.350757186156372,233744.05042175297,14.867496507080086,0.16577019895754505
863,0.47159008021466914,303970.7063415528,9.288401245117187,0.10063884366152955
864,0.9538998654970762,574726.8849365235,9.288401245117187,-0.36237541580635557
865,0.04685412002621349,34109.99627746585,20.704493508544914,-0.23355986371047666
866,0.30996437887896494,139053.042263794,11.42465650256346,0.2549785404218869
867,0.9052824643704255,491700.4286621094,9.288401245117187,0.04561712647965281
868,0.7880040670567311,281818.5035314942,3.80634675238037,-0.6682856406424678
869,0.22914158188185907,134982.89766845707,19.139221881347652,0.01382747792933018
870,0.3776335826192607,247701.76516967773,9.288401245117187,0.11263457077249127
871,0.7613232470168452,347146.4401434327,9.288401245117187,-0.25113734496092527
872,0.37040760075142914,231391.77633300785,9.97204500256346,-0.44176060998489725
873,0.2591802225630281,110391.69113098145,9.799520384765625,0.21569140971966186
874,1.0874780032685796,351036.7434301758,1.8057060000000056,0.16924405285477537
875,0.5981272195911169,244147.90017089847,7.9680000000000115,0.2373248373102381
876,-0.01854878946799021,-12649.349158935533,20.45796300952148,-0.13454193796010827
877,0.5253007636964633,268212.5876293945,9.288401245117187,-0.05767762380266113
878,0.3626082053364509,226589.2276330567,9.288401245117187,0.4224569202814364
879,0.5007223225512153,285668.42299926764,11.898513510986325,0.15375999077276253
880,0.43828563898363765,366327.3036157227,18.37347550390626,0.22939730847838358
881,0.18355718982286767,99606.09850219733,13.480410873046878,-0.10322080962723501
882,0.7843001590051987,364886.3851708985,9.288401245117187,0.25690897696380394
883,1.1790851963085107,524722.4825573731,1.8080500030517577,0.031829755128298255
884,0.38632624437902946,249404.69167236332,16.106213730468752,0.19157435015504787
885,0.2652211307994117,146405.33483032227,11.511180019287114,-0.34439430003469085
886,0.1158665102569703,79601.5578369141,9.288401245117187,0.4301842952825168
887,0.5449784720549475,405359.9202636719,17.03474775830079,-0.5291580539526621
888,0.7369384270687434,454529.3100561524,9.288401245117187,0.20170200414506712
889,0.569920015997831,339039.3549206543,9.288401245117187,0.20496997827435368
890,0.19257332551935485,63947.149915771515,9.288401245117187,-0.10251679568084764
891,0.801152624609298,434911.0737939453,10.331292242675786,0.08475795791332508
892,0.1341293385302621,52229.9412109375,9.010964492675779,0.1366506107864933
893,0.4829311937423136,187355.4452331543,9.288401245117187,-0.18154490318649394
894,0.5463045134526904,341935.63750000007,11.461729744873033,-0.23799987871156322
895,0.8340211583900704,495726.52653930674,9.2884012451172,-0.008703700944155368
896,0.3538114068563387,162615.8100939942,9.288401245117187,0.15666391015715556
897,0.2486138072435134,157033.04494079592,10.102633510375977,0.2583231844720035
898,0.02053967166178192,10876.894822387723,12.214075508544921,0.3807446900144381
899,0.5402233784892576,310843.9513751221,9.288401245117187,0.09603113020548587
900,0.11778494409373519,62204.45115112307,10.53964799829101,0.3360949366035402
901,0.898760331114555,306903.98008178716,2.005321502563497,-0.367969019643518
902,-0.12241631191008746,-68725.57998535156,15.638396020263666,0.048670485335541615
903,0.7889484686691183,361320.1461712647,6.7859439999999935,0.48707303167501237
904,0.5218375847284427,293303.51500244136,7.746346513183601,-0.44656507195800405
905,0.7760367964760401,518800.20360290527,9.288401245117187,-0.2436740883240408
906,1.0469471304839821,583355.156044922,8.676307501220704,-0.025552032835021575
907,0.7765200101153941,463530.70501708984,9.288401245117187,0.46471658785508585
908,1.1446169552513823,473141.19515625003,2.713629003784177,0.08766077675760107
909,0.4710862228232558,220264.15972229006,8.323387511047349,-0.18305523278702882
910,0.2959613965388243,163304.67274291994,9.457041009887703,-0.1353383998827572
911,-0.13917062530466265,-76026.806272583,12.718670009704585,0.11210847675818934
912,0.21537607608541737,83573.0962390137,9.289220513183588,-0.04844636941843219
913,0.35206765170546067,144439.36001220703,7.746346513183601,-0.1080951709606872
914,0.5646060871340484,363027.2865338135,9.326107255004882,0.09528613533409018
915,0.4206200800729612,259740.07778808597,9.288401245117187,0.22080382251115727
916,0.669810687927024,358707.60629394534,9.45558012103273,0.022914684285645134
917,0.4499966743726759,279337.55268859863,9.622918007995596,0.5417934455923111
918,0.3285384406777845,188544.99712768558,11.834984504882804,0.48396467222534334
919,0.475858217424261,186783.48188049317,6.497219498229981,-0.1160183543038723
920,0.4416643809439915,255511.6486621094,9.288401245117187,0.3864028659000904
921,1.0700566784383836,772094.2056231691,14.483608021362288,0.12727531400033354
922,0.9539594811020646,393330.96385620115,2.43777550122072,0.7107810348804814
923,0.5309636924968345,311318.3809667969,9.288401245117187,-0.6050618490610319
924,0.4126912772629737,207935.5727917481,10.568613755126972,-0.3586658689189288
925,0.6434143183449083,288134.94340576173,9.288401245117187,-0.21445929219376522
926,0.24246891772850424,164128.16839477542,15.650095519042969,0.6514567576853143
927,0.5303695226401681,211502.77083374024,9.288401245117187,0.09974932677774924
928,0.43968902632072093,238073.78630554202,12.096101021728526,0.474501952819038
929,0.3675493954997785,188027.22452514648,10.711188005859382,0.2576544790003975
930,0.3976655372589611,244453.6748962403,12.096101021728526,0.05826322456552333
931,0.8563906368182855,430110.62881408696,8.117809994140627,0.38734221167079175
932,0.3591628236552541,174179.66003540045,11.078607519165043,-0.27415614590450166
933,0.6376411553866569,232347.72227050783,6.985559502563486,0.35258607540634757
934,0.22588403151021505,99146.75996582033,8.529725513183593,-0.4565358445561001
935,0.6440267553355971,332226.78654296877,9.813057495117187,0.35880490852689007
936,0.32701076030293846,185751.45005859376,9.288401245117187,0.20319383986718603
937,0.5231802798707463,275589.87983520515,7.74634651318359,0.13904494694084574
938,0.7020238498693625,359924.1503570557,9.2884012451172,-0.41074930416139915
939,0.298145280991887,146578.75753417972,8.293091523559566,-0.0028914843166963577
940,0.651737638970088,378865.4377313233,9.288401245117187,-0.42501028164757726
941,0.7746492360938708,261764.68997558596,2.005321502563474,-0.18105766764879236
942,1.0187367960499223,611277.2789093019,6.978494506713864,-0.2154365985790676
943,0.5213388440130516,266123.14687194827,8.050509000000009,0.3925067697066738
944,0.0019000254715186486,773.0398785400394,8.703480242675788,-0.0552821513178168
945,0.44955287705652675,228307.49704467776,9.419334999999998,-0.08510948292052148
946,0.7515254776149801,491831.0276037598,12.185443513183598,0.13876282185212563
947,0.4253453115947091,205819.514453125,8.52558624267578,0.21148539446849007
948,0.4230239372752835,227963.22514953616,9.329992508544924,-0.3743703303004984
949,0.24854012451216356,89250.39276916505,9.288401245117187,-0.4058538170769611
950,0.8254575752027408,498321.69655639643,7.746346513183601,0.13308265178661904
951,0.5995340144151933,297598.5498693848,9.262734245361317,-0.021732287047652097
952,0.42697522812127453,249685.5376312256,9.2884012451172,-0.3670377130786306
953,0.3842070509435429,187607.54770568848,15.23592000799561,0.3182467215443147
954,0.19071318896466816,117327.81476806643,13.897395030273438,0.11564878888522576
955,0.553770348609889,379130.0193829346,9.329992508544924,0.4731371331664748
956,0.6546830864210795,327833.9887463379,7.746346513183601,0.1906015635750468
957,0.7816602509243569,296171.3987768555,4.980237999999989,-0.11517583814108029
958,0.07532720762070456,43989.08748474124,12.30871275830078,-0.12412638341785884
959,0.9186307251904716,400273.37509155273,3.811027502563479,-0.26548875204492556
960,0.34533519075105196,218679.74259521486,12.237259481689449,0.084326788840468
961,0.5605883449789302,342037.08260009764,11.557374015747081,-0.10751391277648907
962,0.17068133661497453,95010.22904296879,9.288401245117187,0.19421747242397489
963,0.09707017122988505,64822.33353393558,13.880164143310559,0.33814155102082966
964,0.6336743182630018,259290.1212957764,8.676307501220704,-0.3480970865727284
965,0.3643534157874051,200434.81640319823,7.746346513183601,0.2728651937301327
966,0.37246568096976107,159211.00234008796,9.08922402111817,-0.19829091185825662
967,0.47581877813254464,252163.28241027833,9.288401245117187,0.4971729396031267
968,0.6671723478559163,369362.08484436036,9.288401245117187,-0.30279831068825985
969,0.5307987522660332,324407.06279541017,9.38531725500487,-0.20642549857855125
970,0.4008737496711878,182541.61505065917,9.321100519103998,-0.1789263749844711
971,0.021680376299558865,16526.52040161138,14.399291488525398,-0.4846510438220949
972,0.4270834187495017,259216.3685687256,11.557374015747081,0.20574873640997265
973,0.21330044546773574,112594.26143737797,14.35958424804688,-0.27209045709695967
974,0.7158139207836642,298342.57303833007,9.288401245117187,0.19999623274113865
975,0.29388416039094506,161500.1881665039,11.108280753662111,-0.23903263080274115
976,0.7246019891207277,430971.7738244629,9.288401245117187,-0.07631925973913037
977,0.15459933710524212,92295.11836791996,14.46264822192384,0.2759201847024526
978,0.7901129882947618,452188.79377441405,7.746346513183601,0.2279202091320773
979,0.6837963637759111,357666.1950195313,9.288401245117187,-0.22210007301760715
980,0.5606998240200018,268783.57007385255,9.2884012451172,0.13549112726536533
981,0.38833018160445554,163005.88504882812,7.746346513183601,-0.1764518290650293
982,0.8177622318790743,409531.22150634765,6.9433464926757615,0.6159156143898643
983,0.6490207626053061,523258.86213256844,9.375372753662104,-0.16668999842417406
984,0.7789741099404459,263045.1050695801,4.980238000000001,-0.08811242587992443
985,0.818745277028309,502929.0046185303,9.288401245117187,-0.2475599155830344
986,0.8867533280184311,385441.34520751954,3.6721599921874937,-0.2720243586370825
987,-0.06231786436189618,-28970.525678710936,9.178748362182604,0.19156769568487286
988,0.6189886639983297,372920.60099670413,11.706523513183592,-0.5476551302372571
989,0.13542542452469875,91487.80167480474,16.228006000854496,-0.11690443610575763
990,0.3584864762339969,154043.92491882324,10.417076516113267,0.021776885046358267
991,0.517802020110222,338873.4851312256,12.694902245117188,0.11166785661585986
992,0.42349686619769084,221886.78001098637,12.096101021728526,0.1761875287154411
993,0.5533962638204357,322340.1263684082,9.288401245117187,0.07961466193736089
994,0.3496156932024461,180114.8537225342,9.288401245117187,-0.10462186461037634
995,0.5169236274365041,276962.56724365236,9.288401245117187,-0.06920182170503439
996,0.5405838231135733,236979.28824157713,7.746346513183601,0.0789624987820728
997,0.4444158915748843,249674.701303711,9.288401245117187,0.16286946933431576
998,0.38320178781129616,226659.92786010745,9.288401245117187,0.15477216658601034
999,0.6124196890399575,354412.7476928711,9.993016752075194,0.20887361977333266
1000,0.36513830989657026,223420.45632324222,9.288401245117175,0.18019361070456455
1001,0.865748417194303,495379.4374938966,9.288401245117187,-0.604617274875938
1002,0.144518713617874,91513.98212280276,14.334849745117188,-0.08509980022627875
1003,0.9542378742576954,570295.894819336,8.682988735351573,-0.382531964127782
1004,0.3074802827533203,210558.62750427247,11.305690720764176,-0.13542348886552938
1005,0.23103802727015427,121640.62809997563,13.07867750708009,-0.4355879424873763
1006,0.6988710035718873,325598.56591125496,6.985559502563462,-0.22620181548934315
1007,0.5426000937344369,354111.8648309327,15.067062517028814,-0.3136248000633808
1008,0.663573688168745,452086.13740478514,9.288401245117187,0.23594404750759118
1009,0.4890274397112971,240172.84618286134,9.288401245117187,-0.06934552395816311
1010,0.7550691740617846,384757.6588586426,9.554396516235359,-0.2583384144105047
1011,0.3287725981819037,226170.221237793,9.288401245117187,0.017411228343976452
1012,0.16403366360796476,109614.34005126955,12.22314952307128,0.10187881482349377
1013,0.40553666640885455,157031.49014343263,9.288401245117187,-0.1295188457034722
1014,0.14929160151070384,59316.237366943365,7.746346513183601,0.22372437696100064
1015,0.3546811243527746,195946.47023681644,8.676307501220704,0.2588887143077776
1016,0.2570115467887844,126340.10360717775,10.87568002172853,0.19733711520479114
1017,0.32212548398833085,159526.54138732908,9.288401245117187,-0.2589545820945525
1018,1.1882989055222377,684963.0898596192,9.288401245117187,0.03974978265595983
1019,0.3468288651495191,194440.78378356932,12.096101021728503,0.18527058966050927
1020,0.292479424378081,132069.78492675783,12.185443513183587,-0.29849917914302543
1021,0.501103897557124,216615.12141723637,9.288401245117187,-0.026022254653718907
1022,0.6854791874201306,281343.15393798833,7.121149993896485,0.18131573560351144
1023,0.941949220599034,437532.5814538575,6.096783509399393,0.1907194636431426
1024,0.4458208526663892,304147.225043335,9.2884012451172,0.5410378588058603
1025,0.9867803729944116,525545.9147998048,9.288401245117187,0.2847375342950567
1026,0.4706367962143607,316437.215890503,11.502464505493153,-0.32256667668927147
1027,0.36480720777020414,256286.88401428226,12.804408522949204,0.4961988428378302
1028,0.632090811636171,430301.5837963867,9.288401245117187,-0.20435449876390088
1029,0.48831397541120086,352591.7997229004,9.82465123657228,0.19620565633752943
1030,0.9317571621745956,461936.99804748537,6.154558707031247,-0.4270326375690949
1031,0.7055349149320845,272616.4000323487,4.51690500292969,-0.07838970151340309
1032,0.5226328227740726,266040.11172607425,7.74634651318359,-0.07736903609202603
1033,0.5993987064982746,265730.5587805176,7.746346513183577,-0.19082509684106486
1034,0.9493824815615052,668382.852475586,10.553649491455069,0.06684674113673168
1035,0.12474736593526882,81290.20007629399,15.864936511108397,0.21737109450649883
1036,0.9947065060278878,709807.7299609375,9.288401245117187,0.11821338313272965
1037,0.33217268197697,205840.08969360357,16.99427875830077,-0.1269339048060452
1038,0.4717509582446337,287440.5299951172,9.288401245117187,0.290557725262331
1039,0.4748209927065904,347951.49234741216,9.985273245117185,-0.15490708261886732
1040,0.38957206776429176,173962.1150616455,8.267888513183594,-0.20835715528148255
1041,0.4990111236636416,311561.4913848877,9.288401245117187,0.25340189901529964
1042,0.7462833480947767,377698.276394043,9.288401245117187,0.05517748622426514
1043,0.4581033079033848,316555.3995056153,9.288401245117187,-0.13590510029622482
1044,0.48291084825377945,258296.65863891604,12.688921622314457,-0.4268697300806065
1045,0.5729779078207491,351506.0819018555,9.288401245117187,-0.13527598792618495
1046,0.37716031088536084,236217.12154418946,12.39464500463868,0.1789563652293667
1047,0.25194552948356824,131423.48733642578,9.288401245117187,-0.13957897894152552
1048,0.5340547902947673,326256.5161816407,9.2884012451172,0.03593603951840214
1049,0.569294277504068,312549.9361816406,8.399274000000021,-0.010212748045159835
1050,0.6668959983947714,282795.1274005127,6.985559502563474,-0.06533191018137792
1051,0.9984090850621481,623465.60328125,9.288401245117175,0.2872123960453211
1052,0.5904977247467822,303191.1097076416,9.509707498840337,-0.6675572587434057
1053,0.09812811312324544,58775.29009704589,17.088066990295403,-0.27787885244719657
1054,0.4238599324058975,314036.9186853027,12.968822513183603,0.19941665379648124
1055,0.3238159338166421,256014.1715039063,14.310230508544903,0.3090902071463456
1056,0.38684552633334063,139528.35766113285,9.288401245117187,0.24387576579195794
1057,0.6558648085314766,369392.0110949707,9.288401245117187,0.1502815725676796
1058,0.5990468049633536,316171.1063598633,12.101387993896486,0.05384140350084787
1059,0.527264961385266,272321.35115661623,9.288401245117187,-0.08850149157923082
1060,0.47155117937827706,189103.70040222167,9.718663012023923,0.33899746650996965
1061,0.21512932194868922,146225.8581567383,12.8937510144043,-0.010617318504849056
1062,0.2812376016955619,217387.23018737798,15.389038507080077,-0.12355486942917664
1063,0.40713017373060945,253159.10510559083,14.041606243835435,0.2071468898422726
1064,0.18369994705906012,105566.0102258301,18.971387513183583,-0.1329147100152082
1065,0.2595314857778534,120925.4724084473,9.288401245117187,0.19982715372415386
1066,0.21800447376478702,114551.38571044925,10.625375659667968,-0.007318502910089075
1067,0.3328975435271513,118579.9309881592,7.38402250549316,-0.1810117676470022
1068,0.11335546954287398,51338.72285339357,7.74634651318359,-0.13603257614220138
1069,0.46923106970083406,317363.86746459967,13.991149513183581,0.206721421192198
1070,0.6423526389660438,343397.30000183114,9.288401245117175,0.4765813963697309
1071,0.6026955890577826,373662.5993212891,9.288401245117187,-0.16767754428503795
1072,0.4257121706798728,218898.96028808597,9.996708746337891,-0.3819891544384933
1073,0.4251957508549395,266222.5714196778,15.874534018066408,0.18025100320761947
1074,0.10746372455282356,55241.820021362306,9.996375997863769,-0.13550394194650095
1075,0.18906515467460544,105014.40513854982,9.288401245117187,0.004901169393534309
1076,0.8048354810462063,379867.4225939942,6.788288003051747,-0.14391246718536851
1077,0.674985007599337,385592.07291320805,9.288401245117187,-0.5819805091005457
1078,0.29154436460106664,181641.04109252934,9.288401245117187,0.21059109758833638
1079,0.013087146981570026,8531.92987548832,13.454907527832036,-0.04353314238774641
1080,0.20709325637807485,110674.615154419,11.809083242187498,0.46297314138761647
1081,1.033717094814048,491705.05656188965,5.067425352294929,0.32038617885365295
1082,0.06779187126338972,48359.087811889665,9.288401245117187,0.16544404340071328
1083,0.35051441670431804,91761.08996459964,5.763617000000004,-0.0077490591286699115
1084,0.6596801548245749,301890.9150457764,7.216952995422343,-0.12391090430681759
1085,0.3237143111571918,244000.20387207033,14.867496507080086,0.07136232933878205
1086,0.38760917654014443,191345.68599243165,9.751668015747075,0.18009410066899706
1087,0.7329734788309008,347552.46128173824,8.529725513183593,0.20824663497793086
1088,0.41872217145461715,189508.58862304688,9.41933500000001,0.4128003380727767
1089,0.40120115291947916,346000.33500610356,18.280874996948267,-0.32550895655466794
1090,0.3821571155324679,238907.8549304199,12.036181508544926,-0.17550392959476058
1091,1.2979326499717099,575316.7213024902,2.005321502563474,0.15598526423819947
1092,0.36543407335398076,265446.86521545413,13.687857513183598,0.01060965012994342
1093,0.42489130678921583,180045.1999261475,8.191650513183593,0.22775166523056617
1094,0.6366267456494952,305628.4928088379,9.288401245117187,0.11256879707816715
1095,0.1974586221728623,132795.7600396729,12.618138024291989,-0.17083985818641942
1096,0.40608848910932477,265921.4815960694,9.675430015747063,0.30298623898643806
1097,0.586289467152551,220771.89557250976,7.217618501586921,-0.15017920429026965
1098,0.4432004513871883,221443.36627197266,9.288401245117187,0.04493053073625723
1099,0.7549628132293903,378369.75012817385,11.638054996826174,-0.34960186219914696
1100,0.6150025610009356,343901.71335876465,9.751668015747052,0.30790421738195073
1101,0.8131875834311201,396943.83830322267,9.288401245117187,-0.06739731671656242
1102,0.13687483596131225,92355.86327270517,11.34277575646973,0.38337573681743875
1103,0.2234353182449132,142804.33121826174,12.273995021728519,0.6166208791573377
1104,0.48086261493808924,234860.6280236817,9.288401245117187,0.08076565536683747
1105,0.8911174624256687,378830.2829248047,2.5140135012207088,0.08157636674639007
1106,0.32260008839486704,184197.62784179693,9.288401245117187,-0.2715581553106196
1107,0.6943743024869485,394765.0825695802,9.288401245117187,-0.626650999495238
1108,0.1009047384955313,75804.57789550786,26.539888134399405,0.41066427796158406
1109,0.5304379347183484,317271.63648193364,12.726584513183589,-0.4204721545477366
1110,0.10978501966602357,83892.59313659665,16.553711001831047,-0.468211999591858
1111,0.548985141046787,130204.15498535156,2.8419215086669776,-0.1533276593716487
1112,0.4060097672543084,205701.77001831058,8.751379000000004,0.14185411080568322
1113,0.7224801107501482,200622.25121582032,2.340617995239259,0.0007715560495206423
1114,0.2626605750454525,157556.53991455078,12.342846005859366,-0.034279081363405385
1115,0.6619841682482654,416782.61493042007,9.288401245117187,-0.1095795878322428
1116,0.7327819716333942,412155.30381103524,8.920816000000015,-0.316201871366024
1117,0.5566477598502534,345263.95778930665,9.965942127197259,0.3570364291869823
1118,0.666291116996549,395906.0078735352,9.288401245117187,0.5819660532632239
1119,0.18146630153187432,130704.76488647464,17.765010249755846,0.04907581379751489
1120,0.39156916395834096,189691.97902099614,9.16223412158203,0.14412753589407923
1121,0.10659474829148283,51948.90897827149,12.726584513183578,-0.1578959757170221
1122,0.44875952341135683,265086.6210791016,9.288401245117187,0.25636596798476585
1123,0.5430474167190374,212621.65737854005,9.288401245117187,0.006279635038326387
1124,0.522618207986274,298867.9249853516,9.288401245117187,-0.013369436950368628
1125,0.673107654673156,395112.4277111817,9.288401245117187,0.0725558677380979
1126,0.5509929089729005,379617.82988830574,9.2884012451172,-0.054567590216548785
1127,0.43546764978271457,317847.00629211427,9.375372753662104,0.14286078021076165
1128,0.511009475512912,241874.6411987305,9.288401245117187,-0.3570423430166946
1129,0.9107086690522344,465701.0374017334,9.288401245117187,-0.2328031932595648
1130,0.2275524151795371,114708.18984130859,11.39786551257323,-0.4343981069491163
1131,1.1960308671558815,626415.1149890136,2.183215502563468,0.0979387860308372
1132,0.4748777407624348,252511.73244567873,10.230312260498037,-0.48064847890480167
1133,0.7164909140832856,567583.6441699218,12.096101021728526,0.22210056388946575
1134,0.45933620874016584,310659.8231884766,15.720515518066403,-0.230928784696178
1135,0.10126893097130363,57854.97506713867,17.165681513183596,-0.3812237694372293
1136,0.5468826413926493,274041.5852227784,9.288401245117175,0.06467823297760153
1137,0.09291406228352211,56904.98380493164,16.404441871337898,-0.4415071243790535
1138,0.17713340241659348,72111.3903051758,11.638054996826174,0.9924427184476324
1139,0.24421810941190128,146838.38887756353,10.280599740234367,-0.4660725576050914
1140,0.6932626516226434,346903.00015075685,5.743053002441395,0.055640951720285804
1141,0.7119179815767657,416135.11842346203,9.288401245117187,-0.16728266500554406
1142,0.6329665506842564,243630.98109985352,5.1376404926757795,0.0008827239993205279
1143,0.4507392832181581,268594.27239379886,11.39321222192382,-0.5186842012287612
1144,0.45783191134536666,305599.1801989746,15.714346513183589,0.053847983985133546
1145,0.2390462030296204,90882.08224731448,8.305594523071289,-0.4136624723759822
1146,0.4098047687830926,238687.48572265627,9.288401245117175,0.288956489755834
1147,1.1234996298932645,607055.5098278809,9.288401245117187,-0.24465298215311196
1148,0.21427105923777368,107430.88990661621,9.288401245117175,0.22645562778541997
1149,0.7046216614463591,356923.60111083987,9.288401245117187,0.1459954594839326
1150,0.6676794566038368,303531.62487182615,7.746346513183601,0.17080004498771084
1151,0.2274461427694478,135355.99519592285,12.559177230834962,0.22045606520349528
1152,0.07257789367287086,43858.222224121164,12.185443513183587,0.1418107393504059
1153,1.0269107014558652,438952.45912414556,2.6167933809814508,0.22211890489990638
1154,0.1160357085339271,44049.91617065431,11.224769501220702,0.04014841097118178
1155,0.8733083130176763,481148.1863885498,9.288401245117187,0.32018217456723996
1156,0.23744266118162696,150300.6373779297,7.746346513183601,0.03185853151560059
1157,-0.22339342515981203,-128971.67380371089,22.352489375610347,0.689112578741612
1158,1.0552625344032096,387544.82442138676,2.005321502563474,-0.016390790055973926
1159,0.26441510181774625,170079.4639782715,15.989486634765635,-0.38357605575409953
1160,0.7279552516350049,333546.89999755856,9.288401245117187,-0.25587935011501833
1161,0.8031075730450611,264055.1533911133,2.183215502563468,-0.03845795086190912
1162,0.618542603103171,289253.42350463866,7.385862006103528,0.17576929421351717
1163,0.4794222369415867,191588.29488281254,4.980238000000001,0.19523447403433755
1164,0.4041608774586007,213869.92950195313,8.267888513183594,0.33772752916611043
1165,0.33569848588133894,148242.49512573244,9.052444508239743,0.5047278870460042
1166,0.16953910203100023,96791.9837957764,17.596389640197742,-0.02279211818923218
1167,0.28077171634478076,168094.9113848877,11.42465650256347,-0.05180761512223341
1168,0.01486352786879833,6350.2947845459275,13.969309002075192,-0.05214496752077574
1169,0.3176384694641265,144669.77498535157,9.288401245117175,0.39108881300604637
1170,0.9564928400568729,631976.9401080322,7.746346513183601,0.496726316498974
1171,0.4411408428025024,184076.20984741213,9.288401245117187,0.05107907034144236
1172,0.7641986035601391,395229.48465209967,9.288401245117187,-0.044318177184775535
1173,0.15228373329814776,81225.04982177739,13.867461509033188,0.1899869745907034
1174,0.12207051421386916,75441.17526550294,16.849362981201175,-0.6511961049588553
1175,0.14647467192668678,66095.3210559082,10.039405885986332,-0.007552790251131746
1176,0.5702377674026268,257371.13637573243,8.52558624267578,0.08928303079445638
1177,0.6820775429946363,310650.87519165047,5.763617000000016,0.11923988128620615
1178,1.0523244830818455,388030.6498718262,1.136290008544922,-0.07358130469378352
1179,0.49271467017121445,321891.4652160645,14.268639245117198,0.13880428903016587
1180,0.4978442863973895,292918.8149572754,8.333975516235363,-0.057208858108447086
1181,0.4816784120605817,370153.99493041995,9.717420513793943,0.18563968093966676
1182,0.6750290663821431,246276.6213726807,7.720423994201655,0.037351233612013604
1183,1.1719360526597262,523191.00985046395,2.005321502563474,0.04825959252922228
1184,0.6036309794410348,319756.28481567383,9.288401245117175,-0.03085502234371045
1185,0.7063250878388843,336047.90499877936,7.968,-0.1459159330165656
1186,0.4193505923813598,173016.46492187504,6.985559502563474,-0.030367425659362693
1187,0.6335510947911671,519991.96209228516,9.329992508544937,0.49803140423857234
1188,0.8721983218640266,478127.0850354004,5.158131999999983,0.08302165065173191
1189,0.45783803787758603,308406.08480407717,9.288401245117187,-0.014972176946268172
1190,0.38043965328433127,210112.2104675293,9.288401245117187,0.20402876526661334
1191,0.10056697947025543,69932.17382812503,15.553768242675764,-0.25771176667990164
1192,0.6179017515114197,388479.17928955087,9.2884012451172,0.10894435605923106
1193,0.3436435596303771,235813.08528442387,19.305673989013673,0.077865753810674
1194,0.4055863845060539,253619.5050280762,20.171916747680655,-0.3402360602669488
1195,0.25546539310432514,102170.73987731934,11.073704246398934,0.03262082962473927
1196,0.3872519330866862,237828.76764831546,9.288401245117187,-0.12105426620558055
1197,0.4956726589157093,288435.4249865723,9.940877000000002,-0.2777426942805261
1198,0.5207433062784673,150121.15162292484,5.663536510375969,0.23028440838341666
1199,0.3191589389263853,175432.60243896488,8.865022005859366,0.029830816224723996
1200,0.5761491658295557,275437.8874224854,9.288401245117187,-0.015437624867644505
1201,0.5998732541342727,257664.3198754883,9.31462601574706,0.3139302712700051
1202,0.495932157438765,269872.73339660646,7.74634651318359,-0.018022125200995553
1203,0.48511268323462087,336699.7560913086,8.52558624267577,0.06761279007047191
1204,1.0187583679478174,497720.2331359864,6.821097707031249,-0.1362025409375333
1205,0.7114945971055566,450459.75668945326,9.329992508544912,-0.49863189379035444
1206,0.041632858551222195,25803.794928588904,15.546991528869631,-0.5268846444267429
1207,0.07794098119316989,47670.28123474121,12.342846005859377,0.23573776480039174
1208,0.4429400414851303,220234.66482849122,9.288401245117187,-0.26914681105398586
1209,0.08854591222675731,69513.64610900881,18.494036607543936,-0.20070166167338935
1210,0.3537899021354438,186493.23524414064,7.76893850256349,0.305486431813978
1211,0.6316047909917154,339570.417833252,9.288401245117187,0.052500916272121945
1212,0.4836773492630055,313280.4320593262,9.91827851458739,0.5388132647517182
1213,0.3532001100756809,202379.68202880857,9.288401245117187,-0.4049483996964796
1214,0.3674455362159347,179932.48479553222,8.863120019287116,-0.448551496253329
1215,0.22208230937033388,127966.05736022955,13.74806224267577,0.4067115404827161
1216,0.3735615988561932,194078.25582763672,9.288401245117187,0.31350517357093655
1217,0.9759306315985373,519149.96281249996,7.968,0.22156125882098926
1218,0.47143589480373005,330001.15003540047,9.288401245117187,0.09914627477772865
1219,0.3696491420017591,172826.92467773438,7.74634651318359,0.509365092899949
1220,0.6707636371713881,233219.98998291016,2.0977840075683547,-0.28148815402059674
1221,0.23415142686780566,114961.18496398928,10.36847999389649,-0.20265234866747625
1222,0.7396821861337708,298830.92239868164,7.804448504272477,-0.0395311865485009
1223,0.48296783770321494,183610.7326000977,9.288401245117187,0.019807182394116298
1224,0.4099735684463113,258642.81117858892,14.553499245117196,-0.058322094819636204
1225,0.5058941893557322,285875.8520776367,9.738124786865246,0.03059786500201403
1226,0.1733377752903882,106767.82375427248,12.968822513183603,-0.3159467639362377
1227,-0.01613827945531748,-10841.039881591772,20.334764515991218,-0.20597596290347678
1228,0.5673872335818807,326609.55002502445,9.288401245117175,0.4641045721646111
1229,0.6801560895278788,260414.87121398933,5.158132000000006,-0.08831504268981845
1230,0.11426440691264304,73153.31777465824,15.714346513183603,0.031554332955172
1231,0.6072185464207052,254579.7776098633,8.00352337280272,-0.2839549811504082
1232,0.9397492479234683,580277.2573474122,9.288401245117187,-0.36133458413325664
1233,0.49432372765085064,331874.2777728272,9.652141739929188,-0.5330404821355864
1234,0.5309310069327284,276172.4618859863,8.879803012023936,-0.12363393747878548
1235,0.6206132821427962,175767.6498120117,3.3724640000000012,-0.0565254462198427
1236,0.43259180651573736,199815.95502441406,12.690276,-0.31521986279400627
1237,0.29539788422538726,136878.35496948246,14.534634516235348,-0.4172165244439873
1238,0.7262970969901255,381699.7564208985,9.288401245117187,-0.10052625595774266
1239,0.6293185414565575,342285.21913513186,11.557374015747058,0.08982828296152152
1240,1.0249312741599725,374114.4888372803,1.805705999999994,0.2640708182091735
1241,0.4134773347028892,251540.42455261236,9.2884012451172,-0.290811656234978
1242,0.6856946196517248,360889.87641479494,11.619259127197251,0.15779839218673058
1243,0.8723956282008061,456083.30591552734,9.329992508544937,0.2422742667245649
1244,0.08892371673608299,46878.98295471193,10.602003009521484,0.21060031876123453
1245,0.552278883523612,287911.924963379,5.6796739999999994,0.18604186360261257
1246,0.43874267329104205,299727.91074829106,9.288401245117187,-0.14232790812464483
1247,0.060021570863572106,39328.29010131837,15.390997015624993,-0.1034781825552617
1248,0.09776413008325587,49634.62065795902,14.740226253173827,-0.10537234995080716
1249,0.06315399035201695,33186.95781494143,10.404946754516603,-0.49286345867521536
1250,0.08493801025629649,57302.62494873049,20.523762594726566,0.5247481192651277
1251,0.5537954450477555,253515.45500000002,7.83841001837158,-0.046715956946009767
1252,0.1695441752420718,104212.17854309086,13.97783098168946,0.09954125810437865
1253,0.18680524993457953,143601.88992858893,12.096101021728526,0.2642139193609839
1254,0.3871190746233451,224066.1579150391,11.268716023437493,0.11076776789956687
1255,0.35281289469211896,214459.20229980466,9.913689779541013,0.3200941178095653
1256,0.7835406516075749,467275.7651379395,9.288401245117187,-0.02249743250851947
1257,0.43972857152354217,264207.1774328614,15.314235622009273,0.29857576871225894
1258,0.6290194309976433,328972.60137573245,9.288401245117187,0.407097394922496
1259,0.1429246745169005,72922.36993286134,9.288401245117187,0.13014409753997352
1260,0.8272245720322824,488152.38378295896,11.293722747680661,-0.07035603137206622
1261,0.5969244580635873,369099.86602416995,9.288401245117187,-0.2916698210437633
1262,0.8971404109024157,446429.899975586,7.746346513183601,0.25655018749336517
1263,0.5613496550556484,350479.88318847655,9.288401245117187,0.30732168503033647
1264,0.00251974483680591,1500.6758666992464,18.787662776123057,0.07249915321162649
1265,0.05168919005986117,33130.285183105494,14.32824149853515,-0.19711005743577217
1266,0.9080943453553539,474580.20699218754,5.743053002441418,0.10417829272667307
1267,0.5455494213390317,276851.53510498046,9.288401245117187,0.4712694357920039
1268,0.7231403342869703,390837.50870361325,7.746346513183601,-0.20524644910873116
1269,0.4243081230570737,181863.05367797855,9.288401245117187,-0.13335252273358883
1270,0.20357030362430362,138766.75046936038,12.185443513183587,0.10609964266990744
1271,1.0391241284714394,431868.5588830566,3.702903136962885,0.23681530856627417
1272,0.2888984889284396,129114.28876220707,9.288401245117187,0.13061604169056656
1273,0.8109827662236135,399209.17030273436,7.746346513183601,-0.09941642486427721
1274,0.13755187271661223,108755.4554022217,18.898452728027337,0.4670961316681651
1275,0.5156484247643206,285892.5600781251,9.288401245117187,-0.2993222242642817
1276,0.651522246537984,359428.17319824226,7.746346513183577,0.09477534928224234
1277,0.4505772441668858,199151.10997436527,5.584688502563478,0.8178548722464274
1278,0.3280042930340482,177660.6176416016,9.960476000000002,-0.19238592379844927
1279,0.7938962456994622,319392.4924475098,5.158132000000006,0.1430772306403784
1280,0.5426300556461702,311827.8750305176,7.848002513183607,0.43254976657750444
1281,1.1972535899894075,466373.29027709964,1.8057059999999823,-0.05417329567124238
1282,0.6319780633052975,371799.41502502444,14.696264017700194,-0.02783769820850837
1283,0.646832545660224,364221.41395568853,9.288401245117187,-0.3253517764451707
1284,0.750296963496471,522465.9951733399,10.631190985717765,0.19635274446530182
1285,0.8534245595886174,587596.3821875,9.288401245117187,-0.14433159396455558
1286,0.18875747794627393,89850.9210095215,14.970004745239251,-0.11477436865959412
1287,0.5979345314301767,261813.6849407959,9.288401245117187,0.08394282636576998
1288,0.28182786500437157,208679.29508972174,13.660534019287116,-0.05117409880897464
1289,0.4371195260116755,198374.4346435547,8.267888513183594,-0.03053195422049263
1290,0.18590378221308562,84677.36481933597,9.288401245117175,0.008575040472927248
1291,0.16383374006337198,98924.26636962891,12.109205513183598,0.5437300862712209
1292,0.12809290958308675,78000.61495727542,9.751668015747075,0.030551684425272115
1293,0.5767387947276529,184363.8470477295,4.980238000000001,-0.3242344783140394
1294,0.30265982720325885,180543.88221923832,9.288401245117187,0.46173615512514166
1295,0.22194612280365594,126485.4799511719,10.405289515136717,0.4271815969621108
1296,0.5298877915154776,344798.8613513184,9.288401245117187,0.10587568555802766
1297,-0.13016212510558375,-78412.93625610348,22.388020139404293,0.03456030984202932
1298,0.23722563552326725,146828.3967492676,17.474769358886707,-0.3611708800855386
1299,0.4691270756967606,260792.46018310552,9.288401245117187,-0.013094649683130727
1300,0.6015613503024839,462803.9988757324,10.339823248657234,0.13420074978014032
1301,0.7542756506191742,282551.15497741697,4.572684999999986,0.26125759732036835
1302,0.03097711539126959,18129.16394897463,10.301317855712888,0.10962362589431515
1303,-0.22155674828632516,-109347.79510620117,23.38095052868653,0.3912595868913648
1304,0.21563376778417012,118250.75481018068,12.096101021728526,0.13568412596458043
1305,0.8371845007690097,450455.42533691414,9.288401245117187,-0.2418912937014206
1306,0.16251013082101293,90095.94230529787,12.309697268249502,0.14793478304684418
1307,0.47250041697047396,291110.02600402833,10.201758509887684,-0.18794548858349638
1308,0.4593022619905843,277609.5599267578,12.096101021728513,-0.30216634096356243
1309,0.027867550112677397,19998.092431640645,16.51435152636719,-0.14143506709857415
1310,0.5523198881518002,382629.9179357911,11.09410724511717,0.10688627118950593
1311,0.4943060152803682,221667.7927563477,9.32392461791993,0.11324694466929598
1312,0.3055644909596911,156445.63995971685,9.288401245117187,0.22739683890550227
1313,0.2594852296891688,173376.7749792481,17.434593023559568,-0.030317774910192732
1314,0.5084058305109793,304394.24901245127,10.705108121582017,-0.04924846563946979
1315,0.10067162061335548,72365.10096679692,29.74304278247069,-0.2866224631343134
1316,0.21350712404347055,107089.29775329592,11.718945721252437,-0.35517315491029083
1317,0.3440166182419089,200588.1536633301,9.047128242675774,-0.10536758358452446
1318,0.32735877239073885,147867.8401879883,13.917561503295891,0.05185437948146857
1319,1.020697464884815,440859.2647424317,2.005321502563497,-0.7610317079426271
1320,0.5553916043315783,234461.0379815674,7.746346513183601,-0.027794928793011337
1321,0.36820717155423277,225514.5460461426,12.019863021728513,0.4895510636414762
1322,0.5197536076239766,318681.2036206055,12.767179379882826,0.16734073461781865
1323,0.49121715521127274,243805.49485839845,9.288401245117187,0.47599334494426865
1324,0.384519720764268,231966.14486328128,9.288401245117187,-0.006351576071492116
1325,0.6793665589736554,393233.50799316406,9.288401245117187,-0.104108813456172
1326,0.3769290294034896,183958.95653442384,7.968,0.3519537211568333
1327,0.5645238261529323,328370.32013977057,9.288401245117187,-0.21380775933993174
1328,0.24279103448561906,207629.0677136231,12.18688812646484,-0.25428219772216637
1329,0.04844866249892039,28853.413358764657,17.16063151702881,-0.27740414587905476
1330,0.28390124205082296,233263.72961059574,11.97044537231445,0.25703478413576986
1331,0.1637900522080397,100531.81870178223,11.912223751220713,0.030163478151180867
1332,0.2611132820749343,111855.48011291506,7.74634651318359,-0.14761904416408042
1333,0.915113040178376,284469.13399902347,1.1165455093994154,-0.3448608767998382
1334,0.7540076128394149,462641.1797381593,9.552052513183583,0.1040889204275585
1335,0.46154583168785646,272591.13252685545,9.288401245117187,-0.10728224661129121
1336,0.28555849721060517,144171.14995422366,10.402615240356443,-0.18923049339413608
1337,0.5984789098107886,167313.86287780764,3.644417003723141,0.15380667073531015
1338,0.7779201787480193,342316.87299072265,9.288401245117187,-0.0707950136592292
1339,0.05710275074444136,44803.70388671877,15.49400150708008,-0.4028426058598363
1340,0.8138039633706469,539076.223717041,12.185443513183598,0.06393374551707948
1341,0.26053259674638946,150985.78231201175,9.414484726074198,-0.007508294668135931
1342,0.5022792336902895,238991.51755187992,9.329992508544924,-0.0798830478083181
1343,0.4332318972828484,177187.1277691651,8.329759008483869,0.32279484550485166
1344,0.3034730605160236,155321.5639746094,9.288401245117175,-0.37041077500643804
1345,0.29458835987255166,141661.55635253905,7.746346513183601,-0.46248380558016766
1346,0.324321704489053,150490.0550378418,9.288401245117187,0.1244633280430591
1347,0.3365861322576534,187847.56891662598,11.770098504638673,-0.07673229578898637
1348,0.44056833345615715,222831.27627197272,9.288401245117187,-0.2631192516579835
1349,0.6513601080423718,487494.2354382324,9.288401245117187,0.07459018866762118
1350,0.8846599897578125,629958.6325073242,9.288401245117187,-0.39353507520715925
1351,0.16827205157451972,105942.72503479006,9.2884012451172,0.015158432612800015
1352,0.24698205109694937,142720.36683654788,15.196322484497074,-0.06998406519007878
1353,0.9400905641623685,385260.32004638674,2.5140135012206857,-0.07477068251546258
1354,0.5978131841072247,331250.82899414067,8.42964502355957,0.010221484011545783
1355,0.8576016492949187,471845.829743042,9.445803737792954,-0.541265515954349
1356,0.46234900903090376,255052.8091522217,9.288401245117187,-0.08352134087088361
1357,0.334976136106905,155262.48994018557,9.288401245117187,-0.24986071902983784
1358,0.4457923992986043,247431.46870117192,13.731617000000016,-0.06360673356606131
1359,0.20596471115739798,122358.55627746588,10.032940505187993,0.10603453413428637
1360,0.5279887541357121,276173.20738403325,9.288401245117187,-0.2817845604724852
1361,0.15464178258907962,77428.8500482178,12.342846005859366,0.32079249767590945
1362,0.1443412043256137,86293.58272216801,18.77354724365234,0.05751005214422327
1363,0.12183286155127859,69246.06359619142,10.75340101574707,-0.12728809356825352
1364,0.10221661888360177,51985.965041503936,14.544249749999993,0.009760648975429016
1365,0.7043178250949196,323679.50474365236,4.980237999999989,0.17713094599024726
1366,0.5317523656319983,298482.8168286133,9.422723021728522,0.18710431620060167
1367,0.863428120053288,504470.898717041,7.74634651318359,-0.1594078343434418
1368,0.6786634167871056,319004.0076165772,7.746346513183601,-0.01645590500384275
1369,0.272490243767707,180468.18528991705,13.491128143920914,0.054748986479674126
1370,0.8944799853063881,543357.5936395264,7.746346513183601,0.20705384641686597
1371,0.32386793751809423,183517.16804138187,7.746346513183601,0.09634888690082474
1372,0.5362383146167136,280146.7385418701,6.574704380981437,-0.32218910385355254
1373,0.2955200537042433,213856.8429418946,20.25212363049316,-0.26620760950440925
1374,0.9987815649145035,687621.3467578124,10.331292242675786,-0.3758093526589949
1375,-0.08592636127531682,-50750.560179443346,18.244342026489253,0.1782066613954781
1376,0.24705627495626625,99129.68478637698,8.12831700292969,0.24038346415966125
1377,0.741403544479129,252020.1213348389,3.6481135011596724,0.3002208326284198
1378,0.3563365607437259,172757.34643676758,7.9037490058593685,0.057871788718556964
1379,0.6497294896571293,433466.1651708984,9.288401245117187,-0.12350129283926728
1380,0.9128159223029345,344332.23003662116,4.9802380000000115,-0.4330488366579446
1381,0.28135684821833323,144949.63128540042,9.342542523071286,0.2988764524756141
1382,0.21081152742000162,119677.44754028323,12.887624756835924,0.3807244890144338
1383,0.7009503809383346,423639.6737414551,10.071780245117191,0.05955491483681572
1384,0.3168216255797713,217006.25387817383,15.75942375122069,-0.007664607016522825
1385,0.44576739458873205,247977.4699554444,9.288401245117187,0.04286115380349207
1386,0.6954923663385558,281142.12359191896,6.042876014282228,0.04067050649827764
1387,0.4841887928245689,196104.55119384767,7.903749005859392,-0.19710750042334557
1388,1.0714899180896604,573104.0375183106,7.8811121259765695,-0.0656592394457582
1389,0.41341768962538356,228747.19485900883,9.288401245117187,0.2715406806183549
1390,0.6687414424399715,433858.1810565186,12.096101021728526,0.011396788091697588
1391,0.5003530834400403,253478.44393676764,9.288401245117187,0.24856311167174083
1392,0.633567091578007,284421.11857666017,8.52558624267578,-0.1515147109463761
1393,0.36273784315687085,186804.77501953125,9.288401245117187,0.17889894901590514
1394,0.5343768551303395,321285.74268737796,9.288401245117187,-0.262904866444917
1395,0.39403612501780433,185497.9453668213,8.529725513183593,0.21079124486862943
1396,0.5168243612521153,265257.6665820313,11.20114150708008,-0.027235431902763382
1397,0.6763528838325197,371282.6001281738,9.288401245117187,-0.30408354647867175
1398,1.1351832736345109,532095.7149267578,2.167251251220703,-0.10638143320782031
1399,0.3050487436481494,220054.07498291018,11.14657202172852,0.09884928039319273
1400,0.49820839850545706,296559.5999902344,9.192839021728513,0.03758091231067941
1401,0.40816176314770963,282730.2088238526,12.263251516113268,-0.6281547579624357
1402,0.05875902387339849,37883.024943237346,12.641097511474614,-0.4853183308838847
1403,0.23293209905411308,149894.08791381842,15.324415993896476,0.2584489496961619
1404,0.21820668212879,110253.47477905275,12.769810026367171,-0.23792156571716705
1405,0.5172019981073196,183300.04022033693,5.1376404926757795,-0.06535216951219179
1406,0.6398393115118506,339529.92503784184,8.52558624267578,0.22715512290508885
1407,0.14340579793108393,103917.02932861331,13.995240615234373,-0.2910244297392174
1408,0.7416973785119615,363793.9969262696,8.52558624267577,-0.030619515993690758
1409,0.45905198942807757,298936.9601892091,13.561917753662101,0.20954550069562286
1410,0.5527940379655587,320567.2485473633,8.52558624267578,0.005146836476202167
1411,1.1331738674866896,810879.5825518798,9.288401245117187,-0.028949289027735504
1412,0.11043351048851216,49786.643894042994,9.751668015747086,0.23544572341618847
1413,0.06733612879933051,21096.310079345727,7.461778002929688,0.3027505936340857
1414,0.2088962499372143,113387.09214538576,15.174136232604996,0.3290646429624012
1415,0.20768047366656717,107452.73359497072,9.419334999999986,0.569726710113301
1416,0.10769934866367857,55841.38986572265,9.2884012451172,-0.30531234272344854
1417,0.4720528704584884,262778.7285559082,8.305594523071289,-0.02323391711796838
1418,0.6744482206398066,309284.3583032227,9.288401245117187,0.09421975238609068
1419,0.7176224272961136,341174.2352661133,4.980238000000001,0.04233150941453948
1420,0.33743541103164565,232024.7616516114,9.751668015747075,0.039386317369938174
1421,0.41494580380397966,182384.31878234865,9.288401245117187,-0.26170237799125246
1422,0.5285728267191894,267054.2605645752,10.473164464599616,0.2922941352936592
1423,0.5382075372887896,310129.2820159913,9.471462002441404,-0.37285379285910303
1424,0.9470614225970193,606154.8982910158,9.288401245117187,0.022191302168732618
1425,0.8307377265129421,396506.46975952154,7.746346513183601,-0.24544951186945171
1426,0.4169151439503389,174632.07004272463,9.288401245117187,0.17640502213323242
1427,0.2553916535763559,199348.95352294925,17.25206452783202,0.06730907584062255
1428,0.37985346866038866,252103.5603674317,9.996708746337891,0.2016949875049001
1429,0.24668875811222327,134639.95282226562,12.096101021728513,-0.2942611245431656
1430,0.46256237016170465,319904.89484130865,14.60794874621582,-0.58029599925787
1431,0.340981834819553,149084.84492675785,8.52558624267578,-0.10367368862424566
1432,0.055693155467776305,36076.93358947753,21.545726874877932,0.4940736548545055
1433,-0.33537553683431043,-209373.10807983397,24.244560321166993,0.1501951186110664
1434,0.9250590278706948,482349.44355468755,9.288401245117187,0.5141560655034779
1435,0.8616958371275071,453420.50644165045,5.1376404926757795,0.19250051001651444
1436,0.3226757718469709,180894.2641760254,11.619565597412107,0.2431126771766279
1437,0.6656530604296264,340008.9566845703,9.288401245117187,0.02712380179981894
1438,0.36406195215890624,152312.19515991214,6.9433464926757855,-0.25022702501975463
1439,-0.15753009620327874,-80814.15085327148,18.283126249877935,-0.1141692871857232
1440,0.3247018578328968,149502.2148199463,8.432923515625006,-0.358768044590385
1441,0.9304410602213931,482327.68135070807,7.924240513183584,-0.37459716646638663
1442,0.22551278363251379,78035.33874633789,7.746346513183601,0.15817366495757226
1443,0.3079134977043217,170822.01223937992,11.92111451055908,0.10236991535270293
1444,0.8690976563497524,432235.2599029541,9.288401245117187,-0.17845115455374214
1445,0.23780709008816137,168356.5703387452,19.544575622009276,0.3773441527213414
1446,0.2947905807619902,191680.20000488285,9.288401245117187,-0.2162673096930439
1447,0.5101126963161836,288659.41885070805,11.92817699999999,-0.20908766238331783
1448,0.15534701316205515,86414.72673828129,12.720656090454105,0.28435445133191206
1449,0.20473126929512192,103359.82002075197,11.950283015747077,0.08759799106743775
1450,0.7153143930299354,527372.0975671387,11.892534029174806,-0.17704873663903928
1451,0.45821678913331193,245626.35003234865,9.288401245117187,0.5949792280994387
1452,0.5869846536847846,414085.3377349854,13.290335143310553,0.14451700291527753
1453,0.7398283855059336,500595.48506103514,9.288401245117187,-0.2215003296473982
1454,0.7326568747601526,311362.6525878906,7.968,-0.08747740716124582
1455,0.2636367805402502,139357.9100683594,9.2884012451172,-0.06801229709064523
1456,0.10536156701325566,57989.87201843264,9.288401245117187,-0.21906406789316232
1457,0.7173670284108419,318037.49512878415,4.980238000000001,-0.1031097537601831
1458,0.3331043614836489,99094.90515869141,5.015761372802732,0.3513416927496656
1459,0.6972954733717793,387535.0504760742,9.2884012451172,-0.10360775355528827
1460,0.29241510610416566,186445.41460083012,12.363337513183593,-0.23298747025275765
1461,0.5167942887873278,284393.2824511719,9.288401245117187,-0.26767265946464847
1462,0.4587813649094239,278110.0598168946,14.50043023657226,0.06563287474839477
1463,0.06395583185941214,29471.275006713862,8.041976492187485,0.0857503534816332
1464,0.25174599405314296,104981.85493896487,10.530907745239256,0.007030627120857992
1465,0.36808688462566636,198747.47512207032,9.288401245117187,-0.3513996421029284
1466,0.1639933638225381,100496.9748706055,14.983369990966795,0.3397124705966577
1467,0.7713865417823803,567013.9663232422,12.096101021728503,-0.28403066234711816
1468,0.36477553323537626,232511.3049462891,11.12597573046875,0.18266009946956918
1469,0.41586550927387567,242071.81005493167,7.746346513183601,0.30126847126865236
1470,0.2856847959223946,177368.467421875,12.185443513183598,0.30426089489316926
1471,0.7127321411538169,402749.3275708008,7.924240513183596,-0.21128314295709166
1472,0.691569138103026,375970.7552319336,8.247460520141606,0.21023492114483386
1473,0.8932894746921761,366641.5049804688,4.9802380000000115,-0.15548530433790742
1474,0.4359637147621855,281759.1744799805,9.329992508544912,0.06242812742573759
1475,0.6255172796303597,433998.4459747315,9.773706000000006,-0.3495723189648746
1476,0.46830147955050894,246451.78495849608,9.288401245117187,-0.18679416404445304
1477,0.5602133557354676,338683.27355590824,9.751668015747075,-0.1985917408074741
1478,0.4617804928620702,210848.27491149906,12.209796242675791,-0.5559375580461466
1479,0.4318089491895855,180344.63509399415,7.784052523071296,0.03004977838638634
1480,0.573239692948495,286490.07998168946,9.288401245117175,-0.11753639854073293
1481,0.32251886742286284,220358.340423584,9.288401245117187,0.4009356523197741
1482,0.6312935789742418,401346.53680541995,9.288401245117187,0.07475810988123832
1483,0.6410725196411969,291581.5700592041,4.9802380000000115,-0.2575649348039246
1484,0.7723190649740317,294699.0700671387,5.430545502563485,0.030109318485465553
1485,0.5775744794215416,312268.9070739746,13.04775701916504,-0.14880443523358156
1486,0.4270427004103366,159032.8296838379,9.288401245117187,-0.00524891264558069
1487,0.3813222904116501,237577.188703003,17.12242314556886,-0.5309445653030265
1488,0.5352743601265778,284160.499953003,11.567855745239253,0.11776784127463306
1489,0.693735260373802,464992.0450561524,8.267888513183582,-0.5043164137226974
1490,0.6437926919757444,409932.8849536133,9.971990745117179,-0.3408161674451433
1491,0.18952478858374677,94752.40176940922,8.364318002014153,-0.23847708514834698
1492,0.6394154669655856,346911.67239013675,7.746346513183601,-0.1740229634819021
1493,0.4055575061198381,155062.03292968753,9.288401245117187,0.042533243241687405
1494,0.9419270411343665,380905.84251464845,3.705630509399401,0.35459629521224323
1495,-0.03974383407901435,-16799.911258544915,10.68851563439942,0.1118407154173252
1496,0.7169901322202731,226423.28645629884,2.6097535131835845,-0.4625793260328634
1497,0.6675408589817579,395634.6521380616,9.751668015747075,-0.12977801941036313
1498,0.9398888650794096,701351.962154541,16.624540513183593,0.05947089553907607
1499,0.13442238500860537,88969.80781127932,12.379480015747074,0.26265301476533515
1500,0.8182086239874116,383525.9523901368,5.951687996948231,0.22495576390392097
1501,0.3955196563729156,114097.25879394531,5.688545501220715,0.48035401813243633
1502,0.23834257339403148,108043.04514404302,8.673573483154295,-0.07324991064510408
1503,0.3420590407463885,220882.66355468755,9.288401245117187,0.06912299538965473
1504,0.7122741421635697,276775.0622509766,5.080318489624024,-0.12923429130444117
1505,0.879827926999439,446748.3497247315,5.684853506958019,-0.20597190991021488
1506,0.5213978518740258,252514.8300799561,7.746346513183601,0.36170797577940716
1507,0.06897797458502791,47484.45394836429,12.262073145385738,0.3790059840245206
1508,0.5850172287602429,257044.9099194336,9.466295245117182,-0.284409733381547
1509,0.42545658127339303,269648.2157751465,13.000331508544926,0.32914743009448305
1510,0.5408195265355705,316272.86273986823,9.288401245117187,0.487222995456446
1511,0.2682143856480583,173323.2490765381,9.288401245117187,0.1673728602394349
1512,0.9115789855015684,518079.8098394776,9.288401245117187,-0.13247757444282676
1513,0.8219991846207715,577154.1919958496,9.288401245117187,-0.23149323066926975
1514,1.0049518382102312,595688.5499694825,5.5017800000000046,-0.5622260197472192
1515,0.1884325550548266,68506.09983642578,9.751668015747063,-0.14803575238426217
1516,0.5288675815558661,333840.1636914063,9.288401245117187,-0.4278715069540488
1517,0.580167477221646,271542.01365478523,7.90374900585938,0.27519384473322295
1518,0.4459256200484992,304935.0849462891,9.552052513183595,0.05080364876721341
1519,0.6362027778365521,359952.6177026367,7.746346513183601,-0.21626026055905703
1520,0.6021003470228516,325770.13524963387,12.346362498046853,-0.22501922205328057
1521,0.9377130547012261,388259.9793286133,4.9802380000000115,0.01918325460609854
1522,0.5679944175007824,308516.3750646973,9.288401245117187,0.21035147303124843
1523,0.3314333342881374,200993.31003906252,8.930584010131843,-0.18718661220503544
1524,0.9052409465509528,496960.3043463135,9.288401245117187,0.23939541893928268
1525,0.8697451489387792,456513.4860412598,9.288401245117187,-0.19294290906360606
1526,0.40521807842568797,174742.06518981935,8.437662007995602,0.2607928098883468
1527,0.02402471376774385,15766.095225830119,14.641810999999999,-0.16484754969361773
1528,-0.014378963300571193,-8254.694878540027,16.27823649914551,0.5167097303890106
1529,0.6148295871428814,418596.76953125,8.284031015747063,0.30958184833942864
1530,0.6246939176809467,341194.09147766116,7.74634651318359,-0.4126271057731287
1531,0.06750005513308786,47154.98505249024,15.813087011718748,0.13736217433240314
1532,0.521443355133766,266573.0076324463,9.288401245117187,-0.11012629668538741
1533,0.5366248153526149,223283.31476562505,9.288401245117187,0.03356588345363189
1534,0.2370213060372896,154888.8148156738,10.17309562841797,0.12935054934122164
1535,0.5991789432838232,215180.78999023436,4.980238000000001,-0.12931611666622972
1536,0.558336829778578,364845.65575073246,9.464788127197266,-0.3578444408949565
1537,0.4423115986601345,203772.06640502933,9.288401245117187,-0.11216066726273625
1538,0.7470202055679824,355673.4063824463,9.288401245117187,0.02640744218347292
1539,1.0209018927419062,570781.9821124268,5.763616999999992,-0.14288011198732983
1540,0.856249755023255,619167.7959533692,9.940877000000025,-0.38422236132628257
1541,0.26238581034619485,186047.94469482423,13.708718513183598,0.2942001915824282
1542,0.3101226592204953,169749.11843322753,12.644512394531256,-0.22746789372956744
1543,0.37368024602710587,237000.2102197266,9.329992508544924,-0.28687208925992014
1544,-0.1315594826190317,-53421.05997070311,11.208807123046881,-0.08168915894319755
1545,0.6805139347759085,351941.81653198245,9.288401245117187,-0.11206661300620897
1546,0.816336384292568,563201.7309545899,9.288401245117187,0.07458471020348655
1547,0.47811181635019134,319728.5614172364,9.288401245117187,0.29090336310630843
1548,0.33738074577614235,190435.65731689456,9.288401245117187,0.10756839514353293
1549,0.3561785842513352,244645.78496582038,9.2884012451172,0.032554552707435624
1550,0.6341243202235595,215666.85723144532,6.096783509399415,-0.37232527591540565
1551,0.3656170786924726,265101.6349719239,9.751668015747052,-0.4345908584034794
1552,0.9885516826664632,331905.2120007324,1.8080500030517577,-0.02053009924929091
1553,0.3152333255073106,181489.08861938474,14.190765015747072,-0.29769426124437176
1554,0.7361008615084375,330944.81482421875,6.985559502563486,0.3681932817459318
1555,0.19088830668853154,116337.30491333012,12.801996532958979,0.47231934573578327
1556,0.2587385541563097,161866.1227502442,9.35443500000001,0.0316053999690094
1557,0.5413488001414805,280029.39887084963,9.288401245117187,-0.038292269536685776
1558,1.0886827581507585,605709.2187402344,4.980237999999989,-0.19049179685474327
1559,0.46179023171925043,277097.96462524415,13.805306248046879,-0.40028530800643564
1560,0.4158970863584833,204288.25996337892,9.288401245117175,0.26271494461508527
1561,0.535717641608449,257216.32636962895,7.746346513183601,-0.3077167914355658
1562,0.3379197487577308,163093.64000244142,9.2884012451172,-0.17939796379316528
1563,0.7704158277136149,356779.3051660157,8.003523372802745,-0.40571524108594803
1564,0.804362333592376,441978.76519897464,9.288401245117187,0.5475494956763053
1565,0.12633760206812572,73415.59519409185,14.792324724487308,-0.04840946124759409
1566,0.43054617932623374,269214.79522460944,15.819432991577148,0.1140150214804458
1567,0.578719673944772,291137.5045886231,7.968,0.4138777063437512
1568,0.7750247154879872,379899.6515148926,7.746346513183601,-0.4159249468215497
1569,0.3343399858967875,152475.82219360353,9.288401245117187,0.38408553872133205
1570,0.8284181309267068,268395.2900689697,1.8169895011596615,-0.07533182498461935
1571,0.3698437451185745,201780.73994689947,8.557433894165047,-0.02195954877157469
1572,0.8366228278101657,405859.64291137696,4.9802380000000115,-0.36193697604129477
1573,0.692259180647098,420080.8763452149,9.288401245117187,-0.05212638230911437
1574,0.7832905094069358,417131.69467651367,7.746346513183601,0.16205944340203535
1575,0.6755999053186404,304068.10998779297,7.746346513183601,0.08362219979679618
1576,0.41376728858771056,235687.9049157715,9.288401245117187,-0.19384039199681602
1577,0.5338333635273816,366606.6775653077,13.45395674145508,-0.47670000382211825
1578,0.7004094887037947,360940.46196228033,8.529725513183605,-0.35602254484767243
1579,0.7449480433626775,331666.243692627,4.980238000000001,-0.2696616739014301
1580,0.1909871772253415,117551.88265319826,12.879480021728506,-0.31929469656845577
1581,0.7415975976513419,360262.78227172856,9.288401245117187,-0.017432737231874697
1582,0.35070064996938544,190158.0266235352,9.288401245117187,0.25587313346499585
1583,0.19015298650435883,75392.67000976563,12.746457886596687,-0.004972334096242155
1584,0.39730852852788795,263613.63731079106,13.744085747680652,0.44647066411105857
1585,0.49501747443063765,232633.2050378418,8.52558624267578,-0.05483752806091984
1586,0.5600154428268205,278745.4686608887,7.746346513183601,0.22544108008780325
1587,0.8183101423690388,441548.423883667,9.288401245117187,0.4315410702222034
1588,0.7554656410795929,475514.37477417,9.288401245117187,0.17625008535556116
1589,0.7437648750394775,391104.6196960449,9.302261036621104,0.20324189426553468
1590,0.8747081419111289,461778.17643249524,7.968,-0.1566337014858586
1591,0.39481520716610163,193861.5738208008,9.288401245117187,-0.3255988249394734
1592,1.0045874973636457,603617.8453479004,5.5017799999999815,-0.2323534211343583
1593,0.6730430532870538,370448.2049780274,9.751668015747075,-0.49157126439132637
1594,0.43998202637253925,275238.8599926758,9.751668015747075,-0.26689289554713136
1595,0.6342343092387753,351973.1629187012,18.081778026367164,-0.29066474739918147
1596,0.5130968473056967,333218.97001708986,12.096101021728526,-0.08087237974944539
1597,0.7249852046316915,332111.7497351074,9.288401245117187,0.1304209891119426
1598,0.25891429476607647,181339.10883056643,11.084767133300787,-0.2059302492415648
1599,0.4933566951227062,189636.7011242676,7.746346513183601,0.4723620877268929
1600,0.8247314448433328,468301.631192627,10.37271113098145,-0.41206967611704465
1601,0.3532948041729967,235450.46498168947,7.746346513183601,-0.4248143170845176
1602,0.3073722479227797,205432.97011535647,9.288401245117187,0.21584952800139265
1603,1.0871556869677392,548108.441566162,2.713629003784177,0.5376893228518046
1604,0.3381137125630753,189211.76013793948,13.884900737792973,0.0690138088666289
1605,0.5915571509418323,315573.6002783203,9.288401245117187,-0.07589203684312167
1606,0.21662544338555006,88495.68237304688,7.90374900585938,0.20218794770589843
1607,0.8049059960615627,394152.9927270508,9.973321502563474,-1.2155758185774148
1608,0.276521740548078,196106.19510314942,13.991149513183593,0.03514647701061064
1609,1.1560825982771339,399799.98981567385,1.1165455093994037,0.09597551432473346
1610,0.3489150644592831,220681.7567669678,9.996708746337891,0.12385445874614824
1611,0.6290334571287441,318685.6624023437,9.288401245117187,0.08626135913259927
1612,0.5377602548797369,284798.58704711916,9.552052513183583,0.467068996313802
1613,0.20330196759237268,150132.09277465823,12.096101021728513,-0.10832074401486731
1614,0.41500945308510695,242262.28348449705,14.068957516113272,-0.15399620146375917
1615,0.42340814955202755,268656.6699987793,9.288401245117187,0.2496906743904346
1616,0.4972074669075872,311367.27986938483,18.1752117583008,-0.0011705935119884965
1617,0.5348969396849014,227410.59275146486,8.529725513183582,-0.529200337431896
1618,0.4615193803632616,230966.28990295413,8.025896513183602,0.11749831312583706
1619,0.850658226834054,400645.32750305184,4.980238000000001,0.20738053125753061
1620,0.5463110296404928,348641.06741882325,12.437534246032685,0.19312861388676883
1621,0.6151563840232043,297175.11766418454,9.598489721374516,0.1358837814461088
1622,0.7703692861149141,408162.2208056641,11.285212507446285,-0.09512428429128633
1623,0.4608921298781632,294503.9877069092,17.034747758300778,0.17720632959434127
1624,0.47265472005071724,184466.1408270264,7.746346513183601,-0.041180367385803586
1625,0.21989660034169878,125447.43214233397,13.154345023437507,0.25668431074402503
1626,0.38926425182162794,256620.53627197276,9.288401245117187,-0.24555183127661026
1627,0.9781743614620076,462092.40525268554,4.980238000000001,-0.1531789764291549
1628,0.1798981446692099,84441.17346740726,9.500311500000011,0.1586463393095179
1629,0.5169507166747122,397996.4957299805,13.679747017089836,0.10194251059136399
1630,0.27773403018483483,230481.9924792481,18.382718008422852,0.05785498274344202
1631,0.5499582668528681,247618.84354736327,7.74634651318359,0.41652653608444673
1632,0.42874527213300856,189390.69505615238,9.329992508544912,0.495467945534707
1633,0.27872674847327533,93762.05982788088,7.746346513183601,0.09585050632911991
1634,0.17291014659602652,88460.6213195801,12.096101021728503,-0.12295326883567384
1635,-0.1458775736827409,-95069.72140869136,21.826600013427726,0.2154867032092097
1636,0.5568496642880127,199603.95995666506,5.801323009887687,-0.06812894797749984
1637,0.5788809556058829,408642.61332946783,9.915277508544921,-0.3047302008670852
1638,0.8215633066096364,380320.64385131834,7.746346513183601,-0.05970460435560695
1639,0.6147635200837789,304557.8290661621,9.329992508544912,-0.06410251456229016
1640,0.7899043968915078,403378.2632800293,7.746346513183601,0.22552026358586305
1641,0.20340691500497796,135725.2623175049,15.068024516235361,-0.4408649474332174
1642,0.41637325863568125,243956.83476501465,9.878158505187987,0.06484481196235499
1643,0.16261319737564311,91352.76721374516,12.06214175494383,0.03557586521069803
1644,0.02802985493902909,16218.202480468783,15.755177016845694,0.1127215071003777
1645,0.5441567565333606,313670.0651068115,9.288401245117187,-0.5706819698739112
1646,0.4019390157418094,264534.6297210694,12.096101021728526,-0.11151983473842697
1647,0.7085115984889392,390125.3550720215,9.288401245117187,0.05405183351039075
1648,0.31601313405899656,156250.3662200928,9.288401245117187,0.30247628730101617
1649,0.8857337208196691,335109.32503845217,2.497021494812006,0.010468435089324407
1650,0.5055035886921729,251752.000166626,9.288401245117187,-0.2021116894192139
1651,0.006318623197564678,4216.0098309326495,18.305485516723643,0.1832002442710582
1652,0.6299075840496838,435216.134876709,9.288401245117187,-0.04139441393689148
1653,0.5674052809111907,124337.97625610353,2.7669790000000036,-0.26430491425592423
1654,0.22714183995370252,92452.7038977051,12.404985868041987,0.04521312360168251
1655,1.1983546683890889,470401.07256408694,1.8057060000000056,-0.1831724285222589
1656,0.4997441771843274,383556.06595214846,14.268639245117198,-0.04363447187174364
1657,0.5012282521211023,306538.7400689698,11.327343021728495,0.13862995972050504
1658,0.08428712069755835,47174.39018066405,13.02102422192383,-0.10547667012277377
1659,0.4461170434283481,257686.92001647947,10.335431513183588,-0.4344298284027581
1660,0.3588370454535074,161110.42707031255,10.9561040201416,0.07680295612773731
1661,0.4939498181411766,340688.2797656251,12.096101021728526,0.22403427731025521
1662,0.4546531627172474,314306.3600286865,10.313145251220696,0.22110527960743112
1663,0.43634823976566767,239730.41870361328,9.288401245117187,0.13914218170388934
1664,0.14152207686437537,52777.267908935566,8.962379366699222,-0.5214584570528829
1665,0.4392830052331386,216076.93791870124,9.288401245117175,0.24224665166231799
1666,0.698475737123334,371774.92880126956,9.288401245117187,-0.45208139672431036
1667,0.5357882146532428,404853.9096594238,9.288401245117187,0.17865825594916945
1668,0.5406665076405378,263923.73970092775,9.288401245117187,0.0672685385815264
1669,0.38911269705236806,237057.08988403322,9.979716739929199,0.032256492552705456
1670,0.31637886141482835,129157.15465576173,9.552052513183607,0.006236288633099847
1671,0.6401030532963504,354233.90015625005,12.899813245117187,0.4270011077083796
1672,0.27521223154244856,126257.70640563968,10.071780245117191,0.4111616640315939
1673,0.04280167976414135,27025.200507202175,10.805038012512203,-0.38704141158842115
1674,0.605790321453008,390332.779855957,11.108280753662111,-0.019116545549516462
1675,0.5624760720871014,308504.58366088866,13.991149513183581,0.22515795726440366
1676,0.645280921183659,387059.6109649659,9.288401245117187,0.045518979158334735
1677,0.7934540630616922,537707.6602392578,9.288401245117187,-0.021756009808999565
1678,0.6066728995683872,314923.73992553714,7.746346513183577,0.17688406839430731
1679,0.23845838851817225,144206.5000195313,18.146734272583004,-0.2473196250703601
1680,0.5531513313242157,364379.4852172852,9.751668015747075,0.2249409898790813
1681,0.45986626944867065,244548.91671630857,10.49784523229981,-0.0313338107344505
1682,0.3151463200109859,205188.46378784184,12.096101021728503,-0.2734788526729474
1683,0.44527836327417236,277683.2252313233,9.288401245117187,-0.32224474381084217
1684,0.376854361576289,317302.3242089844,14.399572999999998,0.06724522759017021
1685,0.5263195580685575,332463.6964819336,8.461639356201166,0.11989816116919973
1686,0.2940760577148262,180241.5087402344,14.185007640380853,-0.14701476544093572
1687,0.41381563225434215,261695.73017272953,9.288401245117175,0.19352035502393328
1688,0.5219226579919648,270629.82521850587,8.425291005859384,-0.5576416386106482
1689,0.8450993291075056,508618.7140344238,9.288401245117187,-0.229108181862091
1690,0.7879635084485861,398200.63403930666,8.01374900585938,-0.11322970268220996
1691,0.729601410324149,401561.5235729981,9.2884012451172,-0.16056205714827523
1692,0.40016925367272477,267774.8143658448,14.057569655822752,0.0710934545984198
1693,0.34543908270333384,202901.844864502,9.2884012451172,0.2847992919089528
1694,0.23958497619605892,147999.86272705082,9.288401245117187,-0.03837259338336266
1695,0.4345759743688226,240940.66870971685,12.559895258178702,0.10809316936007636
1696,0.3299341302825302,137723.34003356937,5.954067006225581,-0.2622322411321431
1697,0.45432114753256225,303240.7501672364,9.288401245117187,0.0494660581080916
1698,0.5422448156740879,258774.60741638188,9.329992508544912,0.32180191435648425
1699,0.13330085095133357,83354.4988031006,15.052666121582034,0.2315803550415959
1700,0.6523522045366449,306715.17884521483,9.729946513183602,0.7372035077041531
1701,1.1104163052868705,528188.1352221679,2.589084999999986,0.34178942300631726
1702,0.17662949360823912,83491.92483886718,12.185443513183587,0.006932383301551971
1703,0.45145184834229884,236477.58134216312,11.483274502380379,-0.08656951935392779
1704,0.8710275963971188,468201.4449145508,9.288401245117187,-0.09581868971766169
1705,0.26102472283013534,155029.68499267584,17.07633902172849,-0.14981378015892233
1706,0.1699757106049581,85490.30010986331,9.288401245117187,-0.02482086337680165
1707,0.3934837964219756,250124.09988403323,9.288401245117187,0.31374230211327725
1708,0.6317028395989603,467252.40004333504,12.185443513183621,-0.6164832219661883
1709,0.7594871958411724,234052.07625183105,2.005321502563474,0.11871834434367116
1710,0.44516147178713217,169230.10985351563,10.4350620098877,-0.17396899369497104
1711,0.6034367689705423,294541.19333007815,9.2884012451172,-0.41917364892317766
1712,0.446449009781851,170581.73127197268,7.829326521728514,0.050909500615640896
1713,0.6698581278713088,352130.6674267578,9.419334999999986,-0.22607150537144188
1714,0.7173717661576433,362165.84383728023,9.288401245117187,-0.35636519522459126
1715,0.5613608963630415,315922.3298425293,9.329992508544912,0.2552159052781112
1716,0.3882420687776568,109670.57515869143,4.980238000000001,-0.16672402192727906
1717,0.3493451080961818,135197.07004150393,9.288401245117187,0.19425355363949443
1718,-0.09097010405089084,-61093.44120483396,20.742884644042956,0.11998584544653718
1719,0.14666718072027973,49855.22512939454,8.95294899560546,-0.1078768716223678
1720,0.6781755385441854,169086.91497558594,2.005321502563474,0.0963949796930485
1721,0.8007039653791219,367825.85727600096,4.980237999999989,0.14405011304392304
1722,0.9307249424794031,513415.04720092774,9.288401245117187,0.03184334768718227
1723,0.43136936143663235,225308.90014526373,8.92685599389649,0.3512959869218115
1724,0.521455525599419,254100.5851037598,7.9037490058593685,-0.04366041406115811
1725,-0.05917258930070568,-34293.34983947754,12.754978489624023,0.043470470653582574
1726,0.7598303157278933,452645.95028320316,9.288401245117187,0.09147046654059479
1727,0.6146498086704323,314551.2547393799,8.070359504699708,0.07786278921313664
1728,0.515826873616991,270473.158692627,9.552052513183595,-0.23360995442730234
1729,0.3501266317221205,183407.45798583986,9.2884012451172,0.1084118571647365
1730,-0.21028390244005762,-113310.33277038572,25.16820549554443,-0.538857254781837
1731,0.6799248452375785,331231.22990783694,8.24929700128173,-0.3274035240517327
1732,0.6802905230109602,333609.0903173828,7.746346513183601,-0.03182904122630392
1733,0.31974822742392545,158031.5139025879,9.288401245117187,-0.1484395836287722
1734,0.6294190122685973,211739.75688964842,2.192800997070316,0.2205783585294912
1735,0.42958259929927717,235361.46008911135,9.288401245117175,-0.11378210244269352
1736,0.3644498598927463,271368.60868103034,11.730759728637686,-0.16561521667516108
1737,-0.041357127413954003,-20072.454877929682,12.149065481933578,-0.034704533681935684
1738,0.8341934966755922,486526.872675171,9.288401245117187,0.1514918568280406
1739,0.5410480842887773,446924.8684191895,9.288401245117187,0.30847914072398086
1740,0.7058847382611375,409800.5626208497,9.288401245117187,0.10556508653154881
1741,-0.03589579108028366,-18511.64513549803,12.789929901855462,-0.28569063018761115
1742,0.6487123236827782,299036.1371350098,9.288401245117187,0.020709270579592737
1743,0.4444970597704272,267599.38162719726,9.288401245117187,-0.021635951653060526
1744,0.196683115911218,105186.32527526861,9.288401245117187,0.00048323032172969266
1745,0.9155069533464699,363510.9286621094,1.841229372802726,0.25330810339817256
1746,0.7900395290070777,317361.6088177491,4.980237999999989,-0.13456504526234656
1747,0.6609821097663501,313506.8527923584,8.120010015747066,-0.07342377819272589
1748,0.8697070923873466,468294.3380895996,7.121149993896485,-0.230418879601828
1749,0.06338860900230042,27282.684938964863,12.096101021728513,0.23422962136348455
1750,-0.16037437258465104,-60533.1675073242,18.69737825231934,-0.4465501946938307
1751,0.3343659670644954,142866.3650695801,8.07580200622559,-0.20641127906853032
1752,0.18688552269833533,112053.41653747563,9.677013730712886,0.1280397002481513
1753,0.6044700524532637,397435.586235962,9.288401245117187,-0.41668928138105027
1754,0.3890210093265889,222051.62982421875,11.076040021728515,0.2247079035778995
1755,0.2356221682364629,138845.98984130862,17.63628851477051,-0.02540420953068518
1756,0.3367622362412051,164116.53002075193,12.669182731689443,-0.2666284891617776
1757,0.24523367203146,134361.01229797368,15.582712236572267,-0.3708912922225049
1758,0.15486129699165713,119489.17483886723,12.980326534912107,-0.317410740295792
1759,0.5941133183299705,228855.56979309084,10.430361003723148,-0.017878929970617914
1760,0.40377681829244144,216739.11379760742,10.123950506958018,0.48729055709297137
1761,0.3966497069590956,191991.98094604496,7.746346513183577,-0.18448878032541627
1762,0.35127979519293784,129644.94647399905,9.288401245117187,0.025181374835666823
1763,-0.0077771810741922255,-4018.528797607418,18.961976240112307,-0.30564531712356396
1764,0.5844289161375593,248425.52377990723,7.931495629760739,-0.027253292143681815
1765,0.36283487770395273,204867.3199523926,10.815827001098636,0.29718862085265346
1766,0.5619913268661832,355044.54585571296,9.444130714233394,-0.0664016644417917
1767,0.4848374763610487,178001.70977416995,8.769543999999994,-0.31881263768431306
1768,0.3466880688041769,196681.33012695317,9.288401245117187,-0.3752327978113617
1769,0.9397055328194657,327205.19809082034,1.8080500030517577,-0.23361996726819578
1770,0.44282237103888666,296406.39630920417,16.690295473144527,0.6762041319054202
1771,0.43396585510184243,230268.71372619626,12.584068247070304,0.04700317543654825
1772,0.34587451433731553,176597.2699572754,9.487111019287108,-0.4929216933701532
1773,0.40789166190067283,199172.62494506838,7.746346513183601,-0.358275100312595
1774,0.742979214213327,495666.26003601076,9.288401245117187,0.13082490510062464
1775,0.6580503304888402,423835.65407226566,9.288401245117187,0.3232219618616075
1776,0.8696066921324657,472771.9387109375,9.288401245117187,0.34733601545381987
1777,0.762032380621049,326404.20753784187,4.996380502563482,-0.09535580088359989
1778,0.10313472498861267,58287.25531250004,16.675619513183598,0.06471964851993525
1779,0.7278392362970556,326997.02255737304,5.612307501220703,-0.42505558975267765
1780,0.29777750563222743,134155.8148907471,6.619333501159678,-0.09524864912813488
1781,0.0015752822510774814,896.0797814941616,12.974860008667003,-0.22376087759606395
1782,0.2606269103659035,153900.20968627933,11.058259515625005,-0.19325418582433748
1783,0.71041575407557,433902.89576049807,9.288401245117187,0.17305424236922934
1784,0.24421414932674437,125394.08501464842,9.288401245117187,0.10160944790568081
1785,0.43055651897565067,169476.22501403812,7.327342485717765,0.47936183757242123
1786,0.7810468981969299,494143.74500549317,13.858431999999995,-0.0006440452024354952
1787,0.41761762692161186,287398.43732482917,11.43845837280273,-0.215961816125039
1788,0.0987552756815195,52665.55979553226,17.819935747680663,-0.14624680502257453
1789,0.38348997619386926,246860.68139526373,13.393541999999991,0.2736350564564616
1790,0.4452700808289326,226566.94240051272,12.238521747192369,-0.3768750855429693
1791,0.7734426106572612,463187.5350134277,9.288401245117187,0.3082929799412057
1792,0.4075137627861803,274607.23093261715,11.981002245117187,0.14593182392753676
1793,0.6720563105375919,325849.1364239502,9.751668015747075,0.03348957434698843
1794,0.18611028385580797,106372.37488037106,16.271932755859382,0.002293515335650795
1795,1.1289415493582209,545565.0671984863,4.9802380000000115,0.048961057669366224
1796,0.5739375273042076,335831.66622558597,9.288401245117187,-0.0738652568569294
1797,0.3824416334737476,246533.50500366214,20.304806747680672,-0.01481000652846558
1798,0.7281639916846954,442720.92733337404,11.094107245117193,-0.11016264761376345
1799,0.491090449157797,220648.66119018555,7.74634651318359,0.028422110220891892
1800,0.2522244367764183,160044.68515747075,12.280714598754887,0.11891879054406358
1801,0.05625221906364689,32222.337721557644,13.294780729675292,0.22339984209556552
1802,0.801187574207969,378713.0577709961,9.288401245117187,-0.6019342084973679
1803,0.7691639801052134,320558.73006958014,4.9802380000000115,-0.05338333188828892
1804,0.3700575750670524,215884.67487487794,13.207215529052737,-0.27704389653320305
1805,0.37089213368806334,234156.1501953125,9.544192523071287,-0.1135372252200526
1806,0.40396609097709674,247234.59382568367,18.884123127197288,-0.10035979895945371
1807,0.315083130020419,113717.27896362307,9.288401245117187,0.2188409360165169
1808,0.2480932986666845,131630.30987792969,9.2884012451172,-0.11017482672221356
1809,0.9241029808627814,376913.5158947754,2.2750655012207104,-0.0977973066637853
1810,0.40340379952127675,324923.24997863773,11.659059021728533,-0.2396114778273878
1811,0.8690028669327674,443418.6469506836,11.557440242187493,-0.08590022817010363
1812,0.8640999235667143,424702.58117431647,5.015391707031254,0.11794761538315071
1813,0.599681701653938,287202.8848620606,6.985559502563474,-0.6903740341186476
1814,0.5123725283734067,302042.1850048828,12.767029505493166,-0.2532811002803598
1815,-0.11306342089463493,-72442.21747680659,23.02211126049806,0.11015453700426926
1816,0.6789730209950086,336519.41862854006,9.50788650854493,-0.3021547976390502
1817,0.5003654116758084,344539.68346191413,9.552052513183583,-0.3539075600969886
1818,0.32758826387400236,156843.7062554932,9.288401245117187,0.1915422234830836
1819,0.23037869895653745,146580.88128479006,9.288401245117187,0.2673071786537629
1820,0.43042290530538074,180784.2287646485,7.968,-0.3184905337588498
1821,0.2735866424120385,187265.15773071293,12.096101021728503,-0.03221804767001049
1822,0.7801987169295079,415965.92508850107,4.980237999999989,0.0740636943650963
1823,0.5665853344629598,287662.5835974121,10.436238124145497,0.20104575221392806
1824,0.060447022753986016,34766.168999023444,10.330239358886715,0.07461324907722525
1825,0.44629255058783024,200165.10640075686,9.288401245117187,-0.30101168387024047
1826,0.6594951393379214,210147.625022583,3.5632961189575263,-0.2428692470457332
1827,0.3546403572921575,213430.91963806152,9.288401245117187,-0.269376769124303
1828,0.5820996556593441,252589.22990112306,8.862892022583004,0.04636046788400123
1829,0.5212243402200364,359466.61762084963,18.264597259521484,-0.05711749242809771
1830,0.49896593041792714,235551.4584875488,8.591650000000001,-0.259737079029866
1831,0.04537791368536508,24640.96733886721,11.920461512939445,-0.19959900966615285
1832,0.68591758507177,361554.1465063477,9.288401245117187,-0.017940185210015364
1833,0.4957285094226452,306117.5124450684,7.746346513183601,-0.0373167065531362
1834,0.08489065377250501,48885.5600256348,10.38399602172852,-0.34350862262501264
1835,0.19011225422910874,72389.41503601075,7.924240513183596,0.15790126086873785
1836,0.06790727182597153,53241.89990966799,16.713092021728517,0.1295795101310032
1837,-0.16018141759124188,-98197.88624572751,16.53519802172851,0.44706401491097575
1838,0.1282654657608299,90818.85261962893,16.38358102258302,-0.11882127826732825
1839,0.6889085371127733,393046.60370117193,9.288401245117187,0.21664162618768365
1840,0.5483172695492959,288578.1548321533,9.288401245117187,0.29965961216076065
1841,0.20990570990932883,109175.45665161137,12.291917494812003,0.05810741082582248
1842,0.3697170078212569,197673.93369323734,10.125001251220702,0.20692772306751522
1843,0.21737720478380315,112219.14726562503,12.096101021728513,0.3957308162945005
1844,0.3990334114850206,233352.6488293457,10.061333236572263,-0.16037641314154102
1845,0.85348180241993,527861.8473327637,9.751668015747075,0.06339099009928346
1846,0.4206569147377896,234268.3147320557,9.288401245117187,0.09323016868983132
1847,0.4240096085904305,261393.34865478514,9.288401245117187,0.22506739179228213
1848,0.985661174775891,473657.1170129394,3.9126835025634845,0.38459846953868215
1849,0.3864292586544536,255222.41189941412,12.185443513183575,-0.2627804155653998
1850,0.365708416101391,275765.8614050293,11.74975051574707,-0.01800696872401883
1851,0.20342397130068993,104683.91975036624,11.370837383911143,0.014066287062165533
1852,0.7874979219059628,460463.06513183593,11.225041000000015,0.052587559811949534
1853,0.3229818151658793,123382.43518920899,7.74634651318359,-0.13540195877349384
1854,0.6216771339804221,274116.08121582033,4.980237999999989,0.008511794393372537
1855,0.1293847661228663,67095.95670471192,14.190765015747084,0.16402848198257564
1856,0.46760329210691787,307928.5800079346,10.32870875451659,0.37677137062558
1857,0.03942911443743033,32677.767473144573,24.031075253540042,0.33350556662041664
1858,0.5482008341946695,354956.7149908447,8.52558624267578,0.13239877400693692
1859,0.23398575815247494,117242.86845520022,11.589710637573235,0.015545674874334885
1860,-0.21804243371458196,-125804.894934082,23.615155017700186,0.23162537529737467
1861,0.23526365524896575,171151.2555261231,9.334168242675764,0.16981517469403404
1862,0.8368277515802016,379684.83618652343,9.288401245117187,0.16425728268403064
1863,0.34388513436919377,166676.17977905276,9.210904007751449,0.05711458413863927
1864,0.13244213400336605,92549.74500488286,13.521087027954101,-0.0016224807519783085
1865,0.493810980545953,279052.6471850586,9.288401245117187,0.2923254824714333
1866,0.42439335011525453,224166.44288818364,7.807798999999998,-0.10794530569608095
1867,0.608106711677616,346684.9611450195,9.288401245117187,0.2755880173545439
1868,0.6278317406350449,327839.6675769043,10.532284025634755,0.257105481639327
1869,0.21872775428583888,119957.35886779787,10.196264513183595,0.11881621255441568
1870,0.1556213163941003,92951.82002990722,14.941084523742681,-0.12397727828911047
1871,0.31738770778845965,179861.6271826172,7.968,0.03189008453082174
1872,0.43610611089571305,222297.28391357418,11.293722747680684,-0.071253401534508
1873,0.7728254779471967,378344.9664910889,8.655421510131843,0.006048337021531014
1874,0.505374051885886,205285.00990112306,7.74634651318359,0.27149398245562817
1875,0.621721639847166,271635.2223785401,9.554396516235347,0.05401349956074591
1876,0.7186407566296995,337511.07023559575,9.288401245117187,-0.11067588688740118
1877,0.30042774418189006,266907.85380737315,18.850184745117186,0.03549418218862883
1878,0.7885891220979986,458594.1015454102,8.509161515624983,-0.08740807164128776
1879,0.27620218586834816,172678.93027282722,12.706738018371583,-0.17226835890249703
1880,0.7456933230798304,356047.7599243164,9.288401245117187,0.1879896438060526
1881,0.5589776732399041,239792.01970581058,7.746346513183601,0.04163694077252382
1882,0.04609863482483885,30238.14362854007,14.446533245117182,0.47159250961661936
1883,0.34651701522018635,283382.2558764649,13.949509015869141,0.44653639629743447
1884,0.623421769505078,327280.1152014161,7.746346513183577,-0.019276975676552784
1885,0.24494074582608358,143643.92510864258,14.077971740234377,0.11446999731167422
1886,1.0811141422392128,443288.48028198245,1.3656473831787241,0.16344949582428453
1887,0.6382725837030968,278502.3663195801,9.288401245117187,0.09400008653871375
1888,0.05716728508305138,24266.286131591798,10.492811252441408,-0.2259593909652353
1889,0.5467392894152825,345676.26230590825,12.54140502172853,0.05499056188232688
1890,0.16782731534710646,63983.48879638674,8.7076195131836,-0.1998469081464494
1891,0.4528289153578672,229022.45007568362,10.331292242675786,0.4360365447494758
1892,0.07595649462155118,55173.94548339849,16.713092021728503,-0.5015230876121491
1893,0.46706894234031027,301691.2348217773,9.2884012451172,-0.6546847027594214
1894,0.21425588390065148,109576.76487121587,9.751668015747063,0.48814428292810175
1895,0.504698293917531,314206.6776367187,17.256401245117186,0.004166669801571526
1896,0.2518310946436493,177021.1549963379,15.715496755737323,0.003246266172861334
1897,0.6138276148461369,352164.86227905273,7.924240513183596,-0.09603909480147094
1898,0.4777462934538943,227129.09110351565,10.891610239135753,0.08742104659026317
1899,0.656825228059609,300553.9046954346,9.288401245117187,0.015682479575209442
1900,0.07089743334824886,43906.529914550825,11.243682751220698,0.05282543302555873
1901,0.49369926751758514,239168.96124755862,9.288401245117187,-0.38362496269824414
1902,0.48144307869010916,250643.77079589845,9.076470523559559,-0.4044519069578163
1903,0.1275200051439791,63070.16000000003,10.717806513183598,-0.5810663643281124
1904,0.27126324064447976,163468.79281738287,11.429657999999995,0.1801094125315224
1905,-0.03235869112991751,-16022.909938964822,9.57096173046875,-0.054675457257448934
1906,0.23381078866639807,138790.70178222656,9.2884012451172,0.32806255152842184
1907,0.31956989306403855,182207.84498596197,10.743854999999993,-0.3096411215394973
1908,0.2771842214217594,96317.69504455567,7.74634651318359,0.41373456508813294
1909,0.6366346545904772,279841.890020752,9.288401245117187,-0.28433279828536245
1910,0.2921048619879251,179448.82514892585,7.9680000000000115,-0.2373262640827601
1911,0.8208799079807987,432537.32719665533,9.288401245117187,-0.29524789284561
1912,0.38981795515021167,240208.98006225587,17.31279064038086,0.34887337505195076
1913,0.40803109085815104,222783.0249835205,9.751668015747075,0.4432273020430445
1914,0.8331748228794774,595523.052355957,9.288401245117187,-0.04818940341577271
1915,0.3991405954698823,180115.95479003908,9.368579513183585,0.27608927182126436
1916,0.36187877174235616,257075.71489868168,17.165681513183586,-0.09528449363541977
1917,0.40199606634541646,183242.6550183106,6.985559502563462,0.20672230846650544
1918,0.4211595823605516,294760.52139648446,9.437976751220715,0.43917854927658795
1919,0.7937788917018404,477920.67001831054,17.394104011352546,0.08649140059127475
1920,0.34973265192987857,205896.16412597662,11.027200730468751,-0.06058522062868717
1921,0.5121690346778272,212041.75516906736,8.228031510742195,0.4040678101809622
1922,0.3308434699087537,213902.24255615234,10.878879501464848,-0.19107568275713782
1923,0.6114725750539806,174715.9886682129,2.040844875366194,-0.372887685674911
1924,0.36513473035740823,272431.0913073731,18.992368146484367,-0.06727050085731019
1925,0.3508636798237941,169404.0550585938,11.932181999999983,0.04236091908351179
1926,0.32907179108064666,186963.646270752,9.642131752075196,-0.045656700172136626
1927,0.7382309382771487,390570.8018286134,7.74634651318359,0.08223591880996722
1928,0.5030077872682285,318692.0239013672,9.37076572058103,0.29583591591584685
1929,0.4097121375529146,314064.60570312507,9.701206251586903,-0.46480466950384697
1930,0.48493816444846066,231560.02525146486,7.746346513183601,0.0929722481607297
1931,0.5380217200680394,241810.10013549804,9.751668015747075,0.31768600666474966
1932,0.5674618560766183,349907.3549359131,7.746346513183601,0.005205819454473048
1933,0.8663637858247687,469126.29012207035,9.288401245117187,0.014843479201887354
1934,0.2871574538849973,149342.46256103518,10.530907745239256,-0.06406217822548008
1935,0.5791541698632015,359521.4630041504,9.288401245117187,-0.3009297527319424
1936,0.5750021782793392,320430.45526245114,10.061511245117197,0.426809937388972
1937,0.8889707041071612,554572.7691589356,9.288401245117187,-0.4558937370923145
1938,0.9473101268095905,486112.55570434575,9.2884012451172,-0.03759738502057379
1939,0.2306330497484719,159874.7125079346,12.875340751220705,0.1780092147168986
1940,0.7664123570146543,378922.5749291993,9.288401245117187,-0.09544895622107159
1941,0.6569718783026052,373580.26166015625,12.096101021728526,-0.09719487036007905
1942,0.35057606213887893,187417.35778930667,8.267888513183594,-0.22158649095487187
1943,0.941116384326445,499700.7088623047,7.746346513183601,-0.1617463232262839
1944,0.4356218717113278,219081.97260131838,9.288401245117187,0.4971829227369349
1945,0.9281292887156356,466162.9275274659,4.980238000000001,-0.34514257827744493
1946,0.41228821050819336,216338.69502929688,7.9037490058593685,0.3502476719362499
1947,0.6633679931052642,357179.1775634766,9.79385952453612,-0.098920612041948
1948,0.2626652818946967,163962.27611083986,14.687264127197256,0.2623698175219729
1949,0.4575164130915116,312189.38696899416,12.223149523071292,-0.17188214071750607
1950,0.5471655299177064,297888.6733483887,9.709455005859374,-0.3025435556583781
1951,0.6554645258704018,209044.74990661623,4.40195437792968,-0.26929155401079996
1952,0.13742328039702897,86149.78948730473,16.861882516235347,0.17647034127986755
1953,0.1606625342901074,62075.27989685061,10.288261504272464,-0.04373371417596308
1954,0.8477120226074428,385562.3836651611,6.961273256347654,0.3857858542090251
1955,0.8568481535358003,360965.96366699215,2.5140135012207088,-0.30096423085377816
1956,0.3946347769463265,252496.27818054202,10.362481034240709,-0.22667422598530343
1957,0.6798513167346661,359542.9971704101,7.746346513183601,-0.43020157087370986
1958,0.2641448772109587,136133.4422064209,17.165681513183596,-0.0488177127007701
1959,0.6602880714454571,212627.70783874512,2.111312491882313,-0.17740759513303547
1960,0.44412219830439176,264716.5649523926,12.096101021728503,-0.2587734100285114
1961,0.1624757597759867,121190.36848022463,21.512721871154778,0.31290455564954506
1962,0.5434822496734286,303690.1300231934,7.746346513183577,0.09267940452918771
1963,0.13968995699321166,51933.40504882814,8.267888513183605,0.05319434742818389
1964,0.5994190981770202,232536.62510375975,5.694412007446284,-0.004983796072149417
1965,0.4636716906309767,287186.33774902346,9.288401245117187,-0.352764822576652
1966,0.4023062107631977,257595.18384643557,9.2884012451172,0.2516113366274583
1967,0.6730201368972168,415090.42367675784,7.7840525230712725,0.3466741475109189
1968,0.4013144622231218,218842.16148498538,9.329992508544924,-0.06518804778887596
1969,0.6305807625607159,357875.04917907715,9.288401245117187,0.07458402949013053
1970,0.6715765290224135,419360.4975482178,9.288401245117187,-0.047099976355180984
1971,0.8949933241373876,295465.07010070805,1.8080500030517577,0.12071415770932933
1972,0.14787180535030658,82390.8149145508,10.176087495605472,0.16205798333119587
1973,0.6698736128497023,359691.08192016603,10.229182737792957,0.07665698444459015
1974,0.16247413618557557,94224.02525024417,8.707619513183587,-0.001964050858405239
1975,0.7075770650746621,360347.3950244141,9.288401245117187,0.16964193024638236
1976,0.10368063559460595,57323.1036859131,12.019863021728524,0.27556810724757286
1977,0.6818455111477204,430478.35998291016,9.288401245117187,0.2505397821351787
1978,0.6569386777279597,309389.1235778809,9.288401245117187,0.040156469719392
1979,0.6577952469274863,200753.97552612307,3.8110275025634675,0.19810144817826844
1980,0.2544639594715207,129617.92134826662,9.288401245117187,-0.07716824593926255
1981,0.7981417051116452,395389.1199627686,9.288401245117187,-0.450970018768716
1982,0.5592112782979402,403746.11652893067,9.288401245117187,0.2446837398305767
1983,0.36801375381086043,164323.5450280762,9.288401245117187,0.3520809493430726
1984,0.4421074804001984,222390.57768615725,9.288401245117187,-0.1715401989370792
1985,0.5990663157560219,387932.90483642573,15.412237026367185,0.07506600982166797
1986,0.2954744223317462,108942.08871765138,7.74634651318359,-0.361126032799075
1987,0.6327926222135677,364608.4138134766,10.216583003784182,-0.2547101088423168
1988,0.46717359001802,254316.9802661133,8.791265502563467,0.5650842976004233
1989,0.18155109312365966,112613.66511962893,12.194118507080082,-0.0135063379472202
1990,0.37551519442148534,225213.68377014168,9.06933337866211,-0.21908903893628495
1991,0.4295695411656284,285452.0223107911,18.539923001464853,-0.018906200825190754
1992,0.4724862201748987,331333.73660888674,9.960476000000002,0.04131787996285614
1993,0.5221053798801863,420514.31007690437,9.634935009887698,-0.05113016663677199
1994,0.7899547336899235,397786.970947876,8.862892022583004,-0.4281026434941864
1995,0.32791184781210986,165636.69497436524,17.630452008911128,-0.35409788552917004
1996,-0.018614229651792255,-10564.240028076132,9.85871449682617,-0.30879464563622294
1997,0.535007002222111,412010.60992187494,9.751668015747075,-0.11242943246859902
1998,0.22241197165161203,91540.07223388672,12.101387993896473,-0.4853727029994726
1999,0.5997512090062891,363496.12010375975,9.288401245117187,-0.353254388686664
2000,0.4416689341402573,270679.2449914551,9.288401245117187,0.19900999543969686
2001,0.24650404331900427,142515.93499206548,12.97699675122071,0.5386003290634614
2002,0.47700472473533956,286930.18512084964,7.83841001837158,-0.14510348872718257
2003,0.2341812658652664,144826.43110595708,12.185443513183598,0.2800091118678811
2004,0.18331561392147885,144171.8899072266,16.41057574926757,-0.00289020846036335
2005,0.293580385505567,178968.71771362307,11.241985237182618,-0.29897410732286583
2006,-0.17369453289480039,-124410.52906005856,32.57996064196777,0.4302309679856207
2007,0.534905863233007,244050.92626220707,7.746346513183577,0.1129662334683252
2008,0.7029970418155206,359584.30981079105,11.23535401879883,0.16143685297585042
2009,0.5848597598566797,190852.49134277346,2.4890045103759735,-0.5291702669648229
2010,0.3591942890024459,272215.9450689698,11.303869730468746,0.41428812767352663
2011,0.4931876546492903,274537.94031494146,9.329992508544937,0.11426307733576771
2012,0.5002378543437408,313085.85878417967,9.288401245117187,-0.10852395208335301
2013,0.6921519545553437,420424.3972167969,9.751668015747075,0.012027662489549699
2014,0.5510170499731941,330350.63503784186,9.288401245117187,-0.2564129484443392
2015,0.09122147584789712,44503.62982177737,16.46984176379396,0.08632937407936726
2016,0.48906416429799954,150614.52132019046,5.288825495117181,0.33054943589990937
2017,1.0182814954963844,391170.6314367676,2.005321502563474,0.14560592279123571
2018,0.0940497756965664,72794.04503479009,17.41925775030517,-0.22712751980921111
2019,0.30900501078583553,176974.67365478518,10.883918507324228,0.0841768953744581
2020,0.5229762080669976,275780.28867919924,9.288401245117187,-0.13992972109951796
2021,0.4250135243794588,222916.93014282227,9.675430015747075,-0.11787776704386954
2022,0.1787398320634021,100203.33752685551,9.94087699999999,-0.42808555707470414
2023,0.6210451854533878,404714.93087158207,9.288401245117187,-0.7566024737961924
2024,0.685024653096839,332278.62754882814,8.17319599389648,-0.35269083317152405
2025,0.2200453164292524,118819.76276245117,15.714346513183589,0.03738568990005004
2026,0.5417809961308944,257586.9287609863,10.602474236572254,-0.40645806375275795
2027,0.8896808399879408,345668.2451043701,4.22590700238035,0.12248446770180892
2028,0.17126875166654507,104783.67870361329,12.029263515747083,0.20588561602072344
2029,0.6481174630846851,272354.2300183106,9.288401245117187,-0.2131097929151914
2030,0.979238793721688,379769.2725378418,2.005321502563474,-0.1561805841068578
2031,0.7813863044315387,337451.27026062016,5.402180352294911,-0.10662048782845894
2032,0.37882931727476277,273089.5624572754,12.417734753662115,-0.009522616097174108
2033,0.39774831788229886,182909.79238281253,9.288401245117187,0.3943922513210373
2034,0.14468521197838832,109927.14266235355,16.123899754394532,-0.179129413810124
2035,0.26026002150920413,135958.23381469725,12.812199629760743,0.0648574608732625
2036,0.3141946909255582,140060.97162048338,8.16598501837158,0.16460283394332492
2037,0.20319721827438594,119946.63118530279,16.721927011962876,-0.378561261363706
2038,0.5354093961559485,333556.21517150884,13.399859507080075,-0.09768773094554267
2039,0.9097510143475345,493265.3051501464,7.784052523071296,0.11608796704393974
2040,0.597968292323352,330540.54282897955,7.74634651318359,0.012212809007119359
2041,1.0743347158753926,442053.76529907226,1.8080500030517577,-0.23265663802654016
2042,0.7188863442751063,250720.75993652345,4.9802380000000115,0.4454516682058224
2043,0.8470138208129829,445949.05870727537,9.288401245117187,0.40848752133269245
2044,0.8600305538760665,455905.06095520017,10.390614001586918,0.257811052945719
2045,0.6789306481330971,253840.9731896973,5.1376404926757795,0.023227776215318987
2046,0.6686522773236357,241431.12007568352,4.500138994262682,-0.019954927413266686
2047,0.5483938818476162,244944.95777343752,8.52558624267578,0.05111861874942624
2048,0.44440357464399954,300143.1652600098,13.638155753662112,-0.0751927563628151
2049,0.14434146318190058,81750.63001586917,13.711144030029294,0.7535546562068042
2050,0.5749038201247209,243389.7499658203,7.746346513183601,0.4452664710124827
2051,-0.04545905697931968,-26432.325399169895,13.442989033813472,0.26628068454474446
2052,0.6834375953113034,364991.2197692871,8.52558624267578,-0.08287032670372564
2053,0.2797581319607471,148528.4697937012,9.751668015747075,0.2176161158911807
2054,0.34578530861966883,233195.71088195805,14.826730221923837,-0.02265986867333447
2055,0.22657793474013016,116388.49510986329,13.041620513183599,-0.07886409931167503
2056,0.3179821881658172,148201.87861450197,13.038764627685536,-0.25986978128657906
2057,0.42483897315574776,241320.2214367676,12.124380873657227,-0.2774039571410885
2058,0.38008674160982087,239047.70237121586,8.171332501647948,-0.20487855845332315
2059,-0.14816004981623832,-94811.26545837402,13.14622301837158,-0.18222453429096339
2060,0.43415191984258683,217151.58463195802,7.746346513183601,-0.4096012680840685
2061,0.7870727729824146,265959.6374029541,2.005321502563474,0.12201763252275812
2062,0.6725593871272758,406157.07960327156,9.562075292968762,0.1039838086844355
2063,0.8424476220650635,418406.6692889405,7.903749005859392,0.03118210517585884
2064,0.36404440871068455,181910.69227905275,7.746346513183601,-0.13572018406166636
2065,0.921800489053718,517220.20456176763,7.746346513183577,0.38581199176093056
2066,0.6588815461194582,384798.51506835944,9.288401245117187,-0.09276705809718636
2067,0.08065998594299931,34463.997576904294,7.74634651318359,-0.20665779495101178
2068,1.0751439845421218,546784.5220025635,3.1064119956054728,0.14033265834478975
2069,0.5373001087715175,244105.3801147461,9.552052513183595,0.026831318872797678
2070,0.11403946380157565,74406.03859985355,12.779399532104494,0.04696476229941791
2071,0.6752688564772265,348244.5195483399,9.288401245117187,0.40154579356260817
2072,0.2271873158840028,107924.89151367187,7.9037490058593685,-0.3164921976111353
2073,0.468424017607453,187867.8325799561,9.552052513183607,-0.14212501834414165
2074,0.7575125565536777,468391.9294097901,14.421534753662115,-0.035721643332255665
2075,0.5917215776904112,294791.05005737307,6.9433464926757855,-0.019432291270474796
2076,0.7390313839288642,388056.02121520997,10.881194388305653,0.3010307305490437
2077,0.6413854858739129,313832.8303393555,7.7815002202148555,-0.08085359992693325
2078,0.08321560198175611,59327.39767089847,11.293722747680661,-0.4776151533158121
2079,0.5870039314074277,340642.04110351566,9.2884012451172,-0.18101314689021888
2080,0.5571875623715833,237769.1300610352,9.288401245117187,0.08041788383948248
2081,0.7057489515522741,409909.3202099609,9.91842999438476,-0.22486482488214798
2082,0.6097787304060357,314379.57481933595,14.071301519165026,-0.1410507534455309
2083,0.5173861988935395,326064.3664794922,12.18673063574219,-0.49704945210260465
2084,1.1370276973294278,728175.4321472168,8.529725513183605,-0.25400320849394303
2085,1.0185616104210153,425820.3599127197,2.005321502563474,0.4443120087833192
2086,0.31421163948905584,220889.848706665,11.933348501220706,-0.034245883512344324
2087,0.682463245785294,355165.7237817383,7.746346513183577,-0.1327451713054047
2088,0.7971479242276748,391412.3434155274,7.942522015747066,-0.11346927755586508
2089,0.5950676210290411,268589.17491516116,7.784052523071296,0.2317040322859946
2090,0.3904684506535353,165997.22379638674,7.746346513183577,-0.03176867766936866
2091,0.18107637008761113,94733.4786914063,9.288401245117187,-0.0679743137504587
2092,0.41660114352768296,253111.37239196783,9.2884012451172,-0.05046219541166116
2093,0.36832389169404883,180659.86032287602,9.365515881347656,-0.33815879035520763
2094,0.7634644733713523,506896.40769531264,14.268639245117187,0.00493377217898794
2095,0.9114227475974099,365300.74993774417,2.040844875366194,0.024876495727703844
2096,0.7379303693586888,487392.02706665045,9.407055513183609,0.12299825388576928
2097,0.635536353459614,369728.7952484131,7.746346513183601,-0.324656954709716
2098,1.0077275960736418,577487.7545935059,7.746346513183601,-0.24188922669566224
2099,0.5369929172137102,265748.92640380864,9.288401245117187,0.16033490904384948
2100,0.9145593667160083,455128.4908270264,9.288401245117187,0.019459910106152594
2101,0.5430096480471222,372368.3911590577,12.875340751220705,-0.349169773611217
2102,0.5587146428552812,230896.6749938965,5.076153012817388,-0.16598874630870292
2103,1.1340029768237974,464905.58739624027,1.8080500030517577,0.060269731140651074
2104,0.3528254942096958,206410.93989074705,13.136283007873537,0.07476062350138586
2105,-0.1025325030224101,-54242.29733337402,19.04006926086426,0.024472162997007833
2106,0.4392992096466125,271801.82514526363,12.363337513183593,0.439913911063073
2107,0.8866262204155771,507945.5304248047,9.329992508544912,0.7220687950510356
2108,0.3450593178084992,233321.54850036625,12.859804395080568,0.04172083788427777
2109,0.006643095682672523,4657.550277099595,18.486898608032217,-0.13316336152381292
2110,0.4325441354996737,232828.66992614747,7.784052523071296,-0.13228413274796036
2111,0.22492721648145664,126167.11724487308,16.286324369873046,-0.4182163018871862
2112,0.40325042954683477,204845.78023315434,9.645413495117193,-0.10121282236187373
2113,0.44876265415252214,245820.57510620117,7.746346513183601,-0.17676188768045994
2114,0.04932754079313156,35771.46491882323,19.99131602801513,-0.05363693045163076
2115,0.713447059290894,291423.88465454103,5.061402492675779,-0.13486591721214433
2116,0.014255001182702325,7850.942194824245,9.552052513183595,0.02434551899766233
2117,0.41514454316302224,245292.72013854986,9.329992508544924,0.21499619508304568
2118,0.46288549932093415,284110.58746459964,9.288401245117187,0.2124003809833805
2119,0.3052225889173486,185344.79501586914,11.874050736572267,0.06643882653713971
2120,0.9061598716283314,509678.80225097656,9.751668015747063,0.2855897275377271
2121,0.45593194927036235,303494.5786645508,9.288401245117187,0.019178665912616147
2122,0.46430832863703375,189016.8898815918,10.38004552270508,-0.25136090562622704
2123,0.5846602828453661,322580.3376403809,9.288401245117187,-0.34269733070708713
2124,0.9574239405196655,405122.30998352054,2.0053215025634854,-0.13008138495874222
2125,-0.044332198882501214,-33718.14860351558,23.22090275231933,-0.35705595841879506
2126,0.855621952835497,530583.4413781739,7.924240513183596,-0.20903093379429152
2127,0.451822509036035,299081.47350830084,9.288401245117187,-0.01548610385286321
2128,0.3411466104543283,198516.56001647955,9.288401245117187,0.003392493520218597
2129,0.564557239943635,243531.10155029298,7.9037490058593685,-0.19644953722184252
2130,0.8044445488901147,420373.5285784912,9.288401245117187,-0.06188068494314168
2131,0.6204375866698179,266443.0997497559,9.288401245117187,0.3614737087767078
2132,0.2447594015882519,163438.053894043,13.194451981689442,0.3513211790686056
2133,0.5416013091137666,334635.3013824463,12.063579344177246,0.5035689718920541
2134,0.8841127789386374,404662.3660339356,7.570844502563472,-0.18133606143059244
2135,0.3314437481571323,173981.50265991216,18.576802490234375,-0.18870956344104953
2136,0.779240048265525,373086.6351159668,7.74634651318359,0.011146904757600603
2137,0.30831956336414207,114840.08373779297,8.760172620239262,-0.11183701058499468
2138,0.8416212879620018,529640.4951947022,12.096101021728526,-0.48457134455676054
2139,0.5482164209122286,306131.2011865235,11.197623245117208,-0.3577493214062116
2140,0.4893372509091872,300455.55477783206,12.185443513183575,-0.27132646790760767
2141,0.9623097393812861,468150.5462554932,4.980237999999989,0.1682534157910919
2142,0.918998363525865,417426.93982116703,4.9802380000000115,0.34449124467297154
2143,0.9198094253858033,624478.2642333985,9.288401245117187,0.14129042623394178
2144,0.8014931832270299,351168.38732910156,4.980237999999989,-0.2274116222608296
2145,0.07915220739871251,43685.09564697268,9.464788127197279,0.2829841725013442
2146,0.29528548201441635,139925.25621826173,9.288401245117187,0.12226634724909333
2147,0.485147645008411,319553.08875427244,12.263251516113291,0.2680757170138329
2148,0.5330312385093026,307961.8972796631,8.311915011352557,-0.41694131779600724
2149,0.038704370685568805,24326.845045776376,12.232974018493643,0.1485699971769489
2150,0.266243591646125,168948.12769653325,10.379856751220697,0.5861528812911304
2151,0.7040741460254201,297573.0219268799,5.763616999999992,-0.13372943168501997
2152,0.7808143225002143,584018.3727380373,13.901807021728507,-0.11346369553549304
2153,0.34045941290870546,186019.1861834717,9.288401245117187,0.1493049949012697
2154,0.13615220870780897,64221.81811035157,17.35901770092774,0.12580659417239742
2155,-0.18715830525106925,-115511.72488281247,21.198617503784188,0.10399976441961463
2156,0.24168647322652925,181548.02293823246,11.57087351318358,0.5645905648856944
2157,0.3995072584524607,156794.4597644043,8.293091523559577,-0.5282691174809498
2158,0.037634289388264804,17145.037011718756,14.05321074755859,-0.2853085532681866
2159,-0.10479355772818552,-63948.201340331994,22.523286030395504,0.4917853441477526
2160,0.07977384041566346,51170.82876342778,13.469779999999993,0.4193630487274458
2161,0.2412852816750406,120728.72876464845,8.887765127197268,0.041114262463821424
2162,0.2697299979072868,127623.53258544925,17.03474775830079,-0.013977700891017296
2163,0.1758509308725728,121754.93113037114,21.26987337231445,0.3332965061399376
2164,0.7585528651775751,441022.43012207036,9.288401245117187,-0.7133965062211194
2165,0.5014920234985636,271271.8657208252,9.288401245117187,-0.29163485511564224
2166,0.34185934788411115,224688.74171142583,12.726584513183589,0.3698438119409075
2167,0.5921909165767105,381571.12383972167,12.096101021728526,-0.27060326144736185
2168,0.5467628606557211,258851.76013549807,9.288401245117175,-0.3710008906507631
2169,0.43451866630866304,256790.74786560063,10.363139894165052,0.40265846992480375
2170,0.2893264510530799,88182.31012817385,7.163453502563493,0.098927468351794
2171,0.5105101662698606,312562.932298584,9.288401245117187,-0.26967137330376095
2172,0.6749409561461784,364928.42998168943,8.52558624267578,-0.1348823205658424
2173,0.8125714191119828,486029.5175622559,10.698967981689469,-0.01898969986399981
2174,0.22009525866273813,112576.7750042725,9.288401245117187,-0.0721375404468677
2175,-0.05437727646062346,-36504.76486511227,27.12373150396728,-0.3766363491840804
2176,0.329445525375036,229670.4762268067,12.322097748657223,0.40190284238105334
2177,0.49660054597554254,320036.30512084963,7.903749005859392,-0.298222586725205
2178,0.296366390998397,153485.6357373047,12.384910509033197,0.30521223048389107
2179,0.6739047402970951,365677.02256103524,9.229161513183593,-0.02931637743626351
2180,0.5502200193895043,252591.79502624512,7.74634651318359,0.07047773310696287
2181,0.30905587351665437,97509.17462524415,6.985559502563474,0.11721201020910836
2182,-0.0796819674973381,-50765.161124877915,14.328273112487794,-0.2900325444497524
2183,0.8297754502118534,342421.91519775393,3.641945746032719,0.06912994738491535
2184,0.39773309544202173,245029.42462890627,14.446906520385738,-0.2939736806768744
2185,0.6621138259103936,333226.05264648434,10.535047015747079,-0.18907982467995135
2186,0.1140239986169988,46748.99394287111,7.746346513183601,-0.31743130743665343
2187,0.4673061329075613,305565.2849707031,12.650346513183603,-0.3812083851005954
2188,0.5421882316706156,354169.69136291504,9.552052513183607,0.6147028146248013
2189,0.3460446738669891,212396.2939294434,11.934988012268057,-0.33649137777996235
2190,0.8136226698661307,364230.9099560547,9.288401245117187,-0.08322713924237074
2191,0.709266318164631,570110.9082299804,11.076040021728515,-0.062258432473517734
2192,0.7927962311010365,464471.2449072266,9.288401245117187,-0.4153227447264361
2193,0.4270840508128768,256373.48619506834,16.535198021728522,0.03821199406017188
2194,0.24537278396196707,141806.94521118165,9.2884012451172,0.17065392381802708
2195,0.4614991633123771,245057.73874145508,13.094518510131817,0.04994838461023254
2196,0.34377672519529134,177430.04494812014,12.185443513183598,0.42886640579865865
2197,0.7945859550199779,507050.4419226075,9.288401245117187,-0.5959356269286051
2198,0.5218240706486966,278974.70528686524,11.322785005859378,-0.16833302745813838
2199,0.20630107585655835,98468.79711914065,9.288401245117187,0.00257617335542113
2200,0.11645886224498014,53927.89024902346,9.288401245117187,-0.1808248557879259
2201,0.3165082012228903,189282.67591308596,10.537331121582026,0.05548054014146213
2202,0.35055029382948033,217888.6002801514,9.288401245117175,-0.18222106988062867
2203,0.471575698637304,249484.32368591314,10.88040951318359,0.049277180183576186
2204,0.5059388320394362,298947.45786865236,9.920470746337902,-0.18069017739787863
2205,0.35597969639003285,193622.5174206543,9.288401245117175,0.46781408398497154
2206,0.5183017091426263,340645.17399291997,9.288401245117187,-0.0020695896959521736
2207,0.8198034533450246,457853.939833374,8.52558624267578,0.25060356969784675
2208,0.6094001582804225,282254.5390594483,9.72378449505614,-0.3701796505001271
2209,0.6149284382130387,312853.8436865235,9.552052513183583,-0.3740515263303378
2210,0.28856127768100703,191962.37481384282,12.76180875976562,-0.08858727496234478
2211,0.7095867292731902,519411.75163085945,12.096101021728503,0.41286683561327947
2212,0.47534813239746965,186459.22504943848,9.288401245117187,0.23127343164017536
2213,0.720845036346763,307086.4410980225,4.980238000000001,0.15056503547328956
2214,0.7152701051758931,207012.36459777833,2.167251251220703,-0.3329759719968136
2215,0.6931856982422263,214495.92609130865,2.040844875366206,0.1321516537755521
2216,-0.06321309838887465,-38776.20238830562,10.363193021728506,0.10037201694840236
2217,0.650177275720822,258409.6501049805,4.980238000000001,-0.4397283105689288
2218,0.7004824073520796,402127.99044433597,9.288401245117187,0.10971529692897387
2219,0.5546855436877652,319041.30630004883,9.288401245117187,-0.11654835959483976
2220,0.5577941289865275,315587.57191894535,9.288401245117187,0.1467311114671826
2221,0.840760898030529,477028.74258605955,12.419024245117186,-0.1686691301653215
2222,0.4540163418656513,332687.55602539063,9.288401245117187,-0.2725408997680909
2223,0.317221845644426,118132.51993408205,7.74634651318359,0.37531078633352066
2224,0.33740479450639455,160336.91122070316,15.369729738159174,0.04109915044027409
2225,0.14163778337571958,69810.02493164066,10.357148494018556,0.13361217042591464
2226,0.1802966068179567,120691.4650634766,15.714346513183589,-0.06105941445263316
2227,0.6312660132620681,354494.9886584473,8.606750735351559,-0.2504762194639427
2228,0.5117560350977908,258192.28455871588,9.49714300292969,-0.18646966542738547
2229,0.6499291705202008,421708.4740747071,9.288401245117187,0.007818851111264768
2230,0.7373393121372502,351816.8500549317,7.746346513183577,0.05575176355020836
2231,-0.026551183775686393,-14963.076241455059,11.928197515625007,-0.2051133809985705
2232,0.21921867671961132,143738.44644470216,17.165681513183596,-0.08104661483250411
2233,0.21141753122647744,92234.3649194336,9.2884012451172,0.04694105075365473
2234,0.40360958470794805,229058.79360473636,13.355358618652344,0.15304186095330435
2235,0.3882357360298688,192923.23843750003,9.751668015747063,-0.010493367908823515
2236,0.5065759736237,187083.19596862796,5.1376404926757795,0.18881511327620196
2237,0.22278353501684448,118590.43498535157,9.310363019165035,-0.13663960450075502
2238,0.3714414245066071,226307.3099011231,13.651260245117196,-0.4072699440185971
2239,0.6534633885195898,334325.2161511231,8.529725513183582,-0.338130176585331
2240,0.6619127220631325,269937.8120623779,3.900278238952649,-0.19915383297068984
2241,0.13869673123718362,74862.7500469971,14.18657273950195,0.1055364906614388
2242,0.22487375905616716,133331.84179870604,15.659303525207518,-0.2515004557847249
2243,0.9206280821615783,371073.8814910889,2.005321502563474,0.15872301312488893
2244,0.666637854345886,300926.7635559082,10.135251251220703,0.13348972393314423
2245,0.5788903913568471,296367.8970178223,7.781869885986345,0.030851064797717157
2246,0.15045934575735692,73880.91364624027,12.109205513183587,0.13704282902235576
2247,0.30073023064179655,130624.9572180176,7.982819508422841,0.17057517805066005
2248,0.20510313793253043,137030.68446166994,9.32392461791992,0.12171775003350761
2249,0.32592008924750876,225339.03136840824,12.726584513183589,-0.323847037440783
2250,1.1181641793156727,659408.6753063966,9.288401245117187,-0.2010532864456562
2251,0.1481291485970917,91882.06843261719,10.403663022460927,0.011701536776078976
2252,0.6880211484527865,414504.45169616706,7.968,-0.08892937965792769
2253,0.6377070990665646,358090.13146484375,10.535047015747079,-0.49845231023911557
2254,1.027208149664256,394449.84146423347,2.714611205871589,0.14104745818540948
2255,0.48535660393627383,384155.3938787842,9.96047599999999,0.3151696558311324
2256,0.3649431172874187,194219.3098657227,7.9680000000000115,0.6727367815440531
2257,0.1369896035481248,70352.87482421876,17.192150250976557,0.22706459814349048
2258,0.41262604258949664,268748.6238171387,11.46033324652101,0.20708092160985492
2259,0.5347947788067183,292689.54016479495,9.329992508544912,0.18592928307534606
2260,0.22321982748824137,124660.38983520509,12.512578246826166,-0.10488124864714195
2261,0.7808266019498356,372444.6102520752,7.74634651318359,0.0555485815163126
2262,0.5601749528605204,190814.47983703617,4.9802380000000115,-0.14997988268475437
2263,0.40660774002772887,224186.4529278565,8.92297950408936,-0.23865029965614531
2264,0.38319066991827105,182943.41498779296,9.288401245117187,0.007647409122204584
2265,0.6978069066184512,364931.21017456055,7.74634651318359,0.6765892451775536
2266,0.22253121771029485,139576.10902709962,9.288401245117187,-0.015787714518818267
2267,1.144887787570381,529690.0161901856,2.202774624023447,0.03516079371162347
2268,0.7838135355423964,255405.01002929686,2.005321502563474,-0.1666230279920368
2269,0.2203584829641677,120143.78488281253,9.288401245117175,-0.18110761217254345
2270,0.5381500737919276,281159.00644226075,9.288401245117187,0.622453441573145
2271,0.565596790049314,333950.6336816406,9.288401245117187,0.05260592396326453
2272,0.2949302022768467,194811.56387634279,9.288401245117187,0.05674188949122458
2273,0.6038903819490502,305028.67238037114,9.288401245117187,-0.1593774890856394
2274,0.42651352935589626,311635.4466650391,9.288401245117187,-0.18739336267460177
2275,0.21614650874688604,70352.6049383545,6.0788209978637635,-0.07530043631107555
2276,0.43337634353799986,288960.1911987305,12.096101021728503,0.5052331622144647
2277,0.4559697311352523,245902.2177471924,9.751668015747075,0.4427705151389872
2278,-0.018451390958878395,-7323.698508300768,11.216103994140623,-0.14511442773732586
2279,0.31099840048450766,164096.98506652837,7.892037977722148,-0.17042550481552107
2280,0.9350172379167786,510683.549819336,7.121149993896485,-0.13001928599137078
2281,0.7051265690037013,388973.9149963379,8.676307501220704,-0.010125090090934147
2282,0.8955857836290653,448227.89004394534,9.288401245117187,-0.1933778330921766
2283,1.007285105002032,520050.1450744628,4.9802380000000115,0.047340094592202946
2284,0.5934626980061097,363700.4374481201,9.736236238708488,-0.19870758689106238
2285,0.20149597329491936,104091.60767761232,8.670637007995602,0.08799948106969376
2286,0.525414073758067,287583.75103271485,16.497725513183607,0.7429829947281257
2287,0.3472106782094253,201724.54012207032,11.076040021728515,0.2594554422756401
2288,0.33312378578377905,175113.15517211918,10.307248248168943,0.08626647263738414
2289,0.38576150722842695,275096.92719848634,12.096101021728513,-0.11751466628321594
2290,0.528718800394991,340104.66538330086,11.745480717285163,0.29216035053888095
2291,0.5207124115886707,340691.52986389166,15.33197702484131,-0.40835914860593836
2292,0.7505594840995184,238940.65988098143,2.005321502563474,0.061823592980292295
2293,0.08354929114830134,55020.768437500024,22.733565156249995,-0.21105232499043627
2294,0.40302712728325063,303675.6301110841,12.258790486572265,0.615689217626938
2295,0.3320317504228819,181784.76860717777,9.329992508544937,-0.3294525823767152
2296,0.9288888888299385,295318.1347290039,2.005321502563474,-0.3664871424176656
2297,0.6113875807196921,270720.5500695801,9.552052513183583,0.20550490937913865
2298,0.4804294419054012,228569.11721252446,9.288401245117175,0.2983417764888422
2299,-0.019706568203275397,-10805.809969482423,17.25901299401857,0.3522449930272414
2300,0.7238360552550961,455139.68476257334,9.288401245117187,0.45350335046774787
2301,0.5167963602350993,327815.40984375007,9.288401245117187,-0.032135681783047036
2302,0.232432191961091,146696.86235961915,10.579751283447258,0.1619837715727753
2303,0.5825970852056483,439845.591048584,9.572809513183602,0.2536170032655076
2304,0.6445186601995367,270327.150234375,7.121149993896485,0.18276572856161336
2305,0.2749974987892626,112631.67970703128,9.288401245117187,0.529725618447561
2306,0.8508506239173048,457030.6749304199,8.529725513183605,-0.07047425118362623
2307,0.6712438233912634,416880.9399468994,14.709744735107419,-0.05686079941043668
2308,0.30816526240426045,180311.12380126957,17.42689113439941,0.32656883038350987
2309,0.6081217619801107,261038.49125915527,4.980237999999989,0.2171399261300952
2310,0.6028607556736566,376307.68509765633,9.288401245117187,-0.1953306094732961
2311,0.18677499172552617,114530.77117797856,18.59736648779296,-0.12777736718998547
2312,0.3219244122436538,205798.23019836427,14.095861507080077,-0.05417696143699566
2313,0.4745449457482625,258120.40006347658,9.288401245117187,-0.1984524580122
2314,0.5079169289653026,383969.05583496095,9.2884012451172,-0.5945066632046595
2315,0.5262593994157841,321484.3514306641,9.288401245117187,-0.24841090594762802
2316,0.20561720614880996,103375.82573364259,9.288401245117187,0.036371569309301556
2317,0.012374922528184607,8415.634877929733,12.863991752685536,0.18777331551904497
2318,0.14713836574229075,95611.31665893557,11.23841849121094,0.020787136352990322
2319,0.5822670870942535,340718.7263623047,9.288401245117187,-0.06395811113429155
2320,0.3295905094882922,201722.16013793944,14.500430236572285,0.23568432718128168
2321,0.7166366197110682,382829.28744506836,14.192401245117187,0.07047368355683738
2322,0.340195282620576,134763.9848706055,8.267888513183594,0.09180835697501655
2323,0.47717690266706636,247722.30894409184,7.95775,0.24128011979774688
2324,0.447877967071978,162882.03969482426,9.993016752075194,0.27754720370821756
2325,0.7064548188339727,435092.81557128904,9.2884012451172,-0.02461794712025631
2326,0.692324264508982,400937.8000610352,9.552052513183583,0.3356722964844682
2327,0.43476259310368665,225819.55156127934,9.2884012451172,0.02756440540693361
2328,0.4637739680301557,243343.0961871338,9.329992508544912,-0.7156952912121126
2329,0.6413550356928418,380694.82362976077,9.078212507324212,-0.20371916302504897
2330,0.44206672891759685,169051.07012878422,7.121149993896473,-0.061552656852682235
2331,0.33620907920541515,262183.2221557618,12.805095788635267,-0.19628734189457078
2332,0.8431023990834836,333649.1172814942,2.7887005025634775,-0.25897226784774774
2333,0.6973978827721865,286046.7674536133,9.288401245117187,-0.05500813831125516
2334,0.3382733728501401,193109.31485107425,9.288401245117187,-0.018330794564133113
2335,0.7006905944059804,492632.12971801765,9.288401245117187,0.2014118317629194
2336,0.3875884587376024,234388.6788104248,9.288401245117187,-0.5981684307319567
2337,0.5914216014660895,459925.7013281251,9.288401245117187,-0.11069916015353164
2338,0.35707511348555177,183109.4899792481,9.288401245117187,-0.246123085486529
2339,0.5309417013588407,417348.61268737796,12.185443513183575,-0.15821575490683362
2340,0.4002847768534281,218439.69465209963,11.629822753662115,0.40067175220648843
2341,0.30083932794348756,155216.6000183106,9.288401245117187,0.1265271869808352
2342,0.2778985837017988,170567.2901782227,12.312813002563477,0.5286013392754064
2343,0.029248949159768087,15839.665206298843,14.867496507080086,0.05567992003408278
2344,0.5656727252808507,229828.61509094245,7.169593504028325,-0.10854754224113168
2345,0.8437333923134887,531792.4774902344,10.135251251220703,0.02472827064238968
2346,0.12127945417102697,64128.4464227295,10.028175511047372,0.44279166658507363
2347,0.7754175067748752,365277.7023815918,9.589758523071277,-0.1353438095313757
2348,0.4778497032502809,263739.7023504639,9.422056013732904,-0.3784676091332038
2349,0.6842643362182352,403053.19837829587,7.74634651318359,-0.015265144901977324
2350,0.4719693111401428,292841.0300402832,12.066832747680648,0.03739610699734431
2351,0.5615080745944026,319789.72490356443,9.288401245117187,-0.3350290979159634
2352,0.5027997566934214,302000.5759259033,9.288401245117187,0.23355199487446565
2353,0.40128608406220073,235294.69981201174,9.288401245117187,0.07566498784952053
2354,0.9311881547800577,312564.11511962896,2.005321502563474,0.23364986185906936
2355,0.6186847819765189,285335.3898864746,9.2884012451172,-0.056735872564993475
2356,0.3955415617001969,193274.7264099121,12.133346978027339,-0.08975207702840426
2357,0.27691791514167613,200336.38020019536,22.119179021728527,0.01427385806209863
2358,0.5601644209555282,294029.8622131348,10.0882197536621,-0.27306288509917104
2359,0.4488997764750054,235285.8048480225,11.095748536376957,-0.19758263661773098
2360,0.5566973129809927,403807.3810986329,9.329992508544937,0.23958916714282952
2361,0.21305591390553905,114220.59499023441,11.90848475341797,0.4591703514847021
2362,0.3637584626899694,197197.85492370612,13.194451981689456,-0.3712027062334107
2363,0.852776481612679,469478.50836791995,9.303084724487293,0.24031608055397966
2364,0.463672777668253,265012.5039251709,9.445803737792954,-0.2860983217676785
2365,0.4747683518076666,243764.87870483403,9.288401245117187,0.31286309410860347
2366,0.724332797628462,521915.5881988526,9.288401245117187,-0.08083838308745502
2367,0.10564412347164735,50100.26030944827,12.271117255432136,-0.46601357770576146
2368,0.5891700751390412,268467.44507080084,9.288401245117187,0.16643887572404722
2369,0.6375563441603083,309470.12012084963,9.288401245117187,0.09250396459874673
2370,0.3867734128675469,208070.25497192383,11.480899747680674,-0.07825705501803343
2371,0.599313027298423,268203.2855151367,8.940328000000003,-0.2802377986494582
2372,0.44153924682510143,231526.67475219726,8.52558624267578,0.24037420352692482
2373,0.49106290173094547,360853.4651159668,15.714346513183578,-0.21193405505041565
2374,0.5144773916424461,324039.89620239264,11.865180202270508,0.16214832815784588
2375,0.24504797850594537,92305.28306823733,7.968,0.053548542874613005
2376,0.5520039474799361,280211.2487567139,7.746346513183601,-0.3356737604451281
2377,0.6515496418321568,420818.85337158205,10.071780245117191,0.07223432820874108
2378,0.9945458603475285,559074.321484375,9.288401245117187,0.24711542640323428
2379,0.43094150560641364,208497.75640197756,9.288401245117187,-0.10427130702225902
2380,0.2833418880615909,150681.87989501955,11.23532925500489,-0.11672493770781159
2381,0.4106990089950621,250083.3897418213,9.324543516113284,-0.289877668271957
2382,0.12941357483093757,93034.32171203614,13.373938524536136,-0.535636572650866
2383,0.6607099521285271,265418.6146887207,4.9802380000000115,0.3319154808219351
2384,0.15210455859668584,66569.19501831057,9.693733003356936,-0.12866851015572067
2385,0.8233046346694008,402739.747243042,6.217181495605479,-0.2685448222452673
2386,0.33796967017952684,233098.46092041017,12.987893528686524,0.3102009483863075
2387,0.628164913952366,517460.9698022461,12.185443513183598,0.13243083485119947
2388,0.47300091585564685,257321.32253906253,9.288401245117187,0.35280156355566894
2389,1.218299782148604,674301.3336791992,4.980238000000001,0.02400162528530321
2390,0.37658029519139236,196921.3398657227,9.288401245117187,-0.3320157980473739
2391,0.2954036586354922,169282.59479980468,7.746346513183601,-0.22267908776627016
2392,0.6900812922870246,412977.1523358154,9.288401245117187,-0.4356643573370144
2393,0.4349660633979769,246148.53671752932,9.288401245117187,-0.3313407293246291
2394,0.20005992294116914,110904.4401501465,14.382649495178216,0.005563316786635793
2395,0.3081890916863474,199513.85590270997,13.901807021728507,0.013213357433433964
2396,0.8773942019822946,421356.65260253905,5.684853506957996,0.034913703330498244
2397,0.8637057789357299,345072.78622375487,1.841229372802726,0.11916024314321785
2398,0.6462506085551382,287570.3974145509,5.763617000000004,-0.0808151183640948
2399,0.8406256369170297,502974.7449841309,9.288401245117187,0.4085882940788726
2400,0.3777946913546596,206322.4999267578,13.769089508544921,0.03158883895087676
2401,0.2500677819614086,202504.24372558598,12.970344015747076,0.051372122895870335
2402,0.24998294594164155,145768.0597619629,10.842547525390609,0.04376886468915766
2403,0.03239502392848961,17839.965896606474,17.3837015090332,0.02918373812631643
2404,0.16145137399810808,86841.50000488284,9.801777998596185,0.20553595067453087
2405,0.0453752912819076,27718.839870605487,17.165681513183586,0.0635122913302991
2406,0.39432879390711967,186939.60890808108,9.719144856506341,0.2356651844051167
2407,0.43252000984513694,276321.03727416997,9.419334999999986,0.19770822400374907
2408,0.7224730366888598,369558.73873291025,9.288401245117175,0.1974499430650404
2409,0.43492899928807166,261751.19766296388,10.910465498840331,0.27021858727859577
2410,0.6266398012299307,266718.0436322022,7.74634651318359,0.3895208387242272
2411,-0.01091918734622432,-6805.652410888637,19.80895715185547,-0.2209101982755318
2412,0.6664252255049342,333480.0738586426,9.288401245117187,-0.2554818703784318
2413,0.1394689180957267,91908.01017700201,16.09883249389649,-0.6255022352774493
2414,0.9242210858226333,377732.8750195313,5.158131999999995,0.08486364475006636
2415,0.3356058165819022,188683.55285644537,9.329992508544912,0.3226631723288941
2416,1.0669225098688269,457941.93724548345,2.6267910098876803,-0.22676836802538494
2417,0.6859092894516109,406160.6912341309,7.746346513183601,-0.14548510658427047
2418,0.6905266829850761,423655.69498107914,9.843731520935066,0.49784006312172113
2419,0.07772460823353408,49046.86380126956,14.858327635498053,0.3403089974902727
2420,0.25233534132981156,132876.03900024417,9.809229372802749,-0.26146329441611704
2421,0.48063810733355644,270368.7102142334,10.325237509460445,-0.4286802820346741
2422,-0.0034721391836010224,-2690.4915979003854,15.053341159790042,-0.18938264016577036
2423,0.4113090668471297,271315.5771838379,16.67320250708009,-0.483091989596607
2424,-0.04695495726637232,-34911.39878784178,20.99962351525879,-0.4206405916564336
2425,0.4290855171387696,261295.27310058594,9.554396516235359,0.33680696269589705
2426,0.40100365480931044,166486.64497558598,9.419334999999998,0.15241964439014666
2427,0.6699288299890708,443781.017802124,9.288401245117187,-0.23701297081345477
2428,0.2532142387667165,85362.1548614502,8.628856020141603,-0.10209306624637939
2429,0.4807265654399415,222438.66478515626,9.288401245117187,-0.07500593545872311
2430,0.5331468980419489,273072.36349670414,8.145893999999993,0.002049159800640672
2431,0.8632806807268458,436956.87667358405,5.226476003784175,0.23441449256199173
2432,0.6880452445213211,424185.7587304688,12.185443513183621,0.2572855384180044
2433,0.8438544492915817,375645.3798742676,6.116528008544933,-0.2692512736403664
2434,0.45538356743864833,253115.04951599124,8.529725513183605,-0.027664572352852648
2435,0.39800635642568954,236917.3535827637,11.565132863769517,-0.3609790683187906
2436,0.15332824944343673,80169.42496948244,9.288401245117175,-0.1913444300163287
2437,0.5368164538391508,223142.3650738526,7.121149993896485,-0.15257242884033723
2438,0.5656417554036325,331371.4572235108,10.113172518005362,0.263099786071488
2439,0.41886810836053284,251170.6336242676,9.288401245117187,0.12195716024658053
2440,0.09481531184551388,57727.53092590334,9.464788127197279,-0.04323468003203977
2441,0.3467986221825895,212244.21430847168,12.650346513183589,0.05307932698936285
2442,0.563711485474458,260260.47006164552,5.1376404926757795,0.08445794325544079
2443,0.019751887229167996,10434.840017089864,9.904915015625011,0.1354281789212938
2444,0.3376395111459773,177104.43814208987,10.273210015747066,0.04639142991313317
2445,0.45380465142462234,229469.24177001952,9.288401245117187,-0.4057465499919158
2446,1.052365974438638,466962.586126709,2.005321502563474,-0.24929221584432068
2447,0.7560681752229522,354284.7824316406,7.746346513183601,0.3986754993480596
2448,0.7381503219333176,370277.0629394532,6.1190345029296935,-0.08206056209336071
2449,0.24587800849702043,129519.06300903321,10.331292242675786,-0.21834912458944508
2450,0.4798446865092804,217747.81989501958,10.285182015747065,-0.0010993419921776061
2451,0.4717004163452396,213285.45522338868,10.492834005859377,0.2211180585603975
2452,0.2560505488298088,89181.19842529298,9.288401245117175,-0.09531412570602409
2453,0.8349394325351126,495425.6161938477,12.726584513183589,-0.23110481942923547
2454,0.5269548849359413,217914.1087689209,9.288401245117187,0.23642725836648926
2455,0.24601924348462198,111791.92269409179,9.996708746337903,-0.29005837301731474
2456,0.7948539298312779,451435.26502075203,8.606750735351536,0.2611767615512011
2457,0.7815908720527663,498144.4002563477,9.288401245117187,0.39319597589814403
2458,0.4876864673142649,277163.0963244629,7.746346513183601,0.1281211048799193
2459,0.44212169447513,285695.9535314942,8.267888513183594,0.22766449478185077
2460,0.35646685660886945,192963.0550708008,10.62026723925781,-0.1432867545371335
2461,0.4845070757733438,196763.2997241211,7.746346513183577,0.1385040718465597
2462,-0.054249055401314736,-40963.397409667945,23.026194487792974,0.23230352289523382
2463,0.5710954876007402,266502.414819336,9.288401245117187,-0.3021356129439608
2464,0.4181241897452878,297468.269975586,9.288401245117187,-0.49144316628700546
2465,0.060363354367742296,32318.27874267578,14.776050015747058,-0.1257931250991903
2466,0.45064693823736557,187554.3395410156,8.05391372277832,-0.09927907705992273
2467,0.8013142867350386,444815.2950793457,7.746346513183601,-0.15532693054099123
2468,0.8316802911395741,658931.1979943848,9.288401245117187,-0.13639417948269272
2469,0.7863596196439165,409420.01742309565,11.293722747680661,0.003362848333653318
2470,0.5678085957153768,293424.5763146973,9.288401245117187,-0.45164947238297737
2471,0.3769944619142266,175628.1987243652,7.74634651318359,0.44496004215005375
2472,0.19360313288836994,100963.94988952638,9.419334999999986,0.2525537552629743
2473,0.2513001750575744,144259.9986853027,12.196181511352536,0.27438651861838553
2474,0.5484182184091462,332094.44992675784,10.891610239135753,0.21704729271048168
2475,0.334692360093187,139839.41505737306,9.288401245117187,-0.4191446014757723
2476,0.8861794889365022,698120.7899523927,9.288401245117187,0.02629276690966638
2477,0.12775789882511382,78183.3224829102,19.584998020629865,0.21254258522194416
2478,-0.14045606725482143,-79420.75971679683,17.653322517639168,0.36718215408237237
2479,0.10689292550483682,61082.67985473634,19.56835703137207,-0.0890636746542163
2480,0.7789238594739945,251149.43500000003,2.7887005025634775,0.4490953956032439
2481,0.043395528936458434,19440.70993652343,13.944110737792984,0.25141047085081586
2482,0.308905126727709,173682.16010009768,11.027200730468751,-0.2575418082619906
2483,0.5192641089511892,267482.3601818848,9.288401245117187,-0.11912156720126423
2484,0.29786942376709935,157040.85617553716,9.769699124145507,0.2556394623925716
2485,0.04195708371305074,23534.672500000008,13.550408505493158,-0.10723607271687179
2486,0.46575581400693455,230811.0288220215,11.877486245117197,-0.0694256600885223
2487,0.18677837508558348,112153.57616333009,14.226288388549815,0.06304145622595207
2488,0.7691975894323088,269728.9599102783,2.538070507263183,0.11349674738284272
2489,0.3131726021445797,215285.73620666505,12.457857015747065,0.3731753060112719
2490,0.709560275567091,305977.045092163,9.288401245117187,-0.08791138402881345
2491,0.9517698981899065,528437.4450732423,9.288401245117187,-0.0413636659816593
2492,0.905131285869295,500440.5013806153,9.288401245117187,0.3973530121640798
2493,0.6843862719488562,417585.0752502441,11.293722747680661,0.5889630329966027
2494,0.6128973523517826,317194.7648425293,9.288401245117187,-0.0748527354987167
2495,0.5350868607542815,283893.7176910401,9.288401245117187,0.15555001999283613
2496,0.43240457535396865,295491.9337390138,9.288401245117187,-0.00890501052425041
2497,0.144743165342787,78804.60263427735,15.885407021728518,0.3134196707639386
2498,0.6705091690873064,273257.41279541014,4.980237999999989,-0.14276922475413353
2499,0.3617784027516573,162308.24650878907,9.584548124267558,0.18269037650156472
2500,0.4107512952473675,252208.769833374,9.445803737792954,0.16335589146288784
2501,0.019116004906693844,14792.987299804736,23.09477601574706,-0.08268036512341738
2502,0.37817063187835454,211112.28676147468,8.267888513183594,0.05690039537633197
2503,1.0533367667425648,384933.3785961914,2.005321502563497,0.009319923513376434
2504,0.4460709766641086,305799.54120605474,9.960476000000002,0.4917584726493435
2505,1.1307449525320985,585675.4850109863,4.980237999999989,-0.10114132905200843
2506,0.5644773407265509,309702.2052758789,9.288401245117187,-0.08724709832141235
2507,0.9819576421781678,518408.49111938477,9.288401245117187,0.1498925835737354
2508,0.6399110605591348,326060.3100891114,8.651925513915996,0.09637442015808075
2509,0.854604027300183,406625.58492309577,9.288401245117187,0.24103175667664906
2510,-0.029843793303568726,-19638.16135375973,15.869335640869139,0.16647932493021658
2511,0.2674933772379339,173457.9847949219,12.096101021728513,-0.03814441118446154
2512,0.6712625464158876,437945.1892346192,9.288401245117187,-0.3275975851386265
2513,0.26945178759508304,134466.21010498048,13.513998236572277,0.2886802049887711
2514,0.5043405974716636,282123.78821411135,9.850384643554687,0.23213648039792373
2515,0.2717108523205078,185820.33920471196,9.996708746337891,-0.09307461325881851
2516,0.9450336696532147,349436.7574157715,2.005321502563474,0.09249193811869669
2517,0.1366075431698107,89915.79253601076,12.052829992065428,0.12714288473329127
2518,0.7611620110490854,423288.6207977296,9.288401245117187,0.2086661018784542
2519,0.6877953408736318,337807.5886157227,5.801323009887699,0.02317667764304967
2520,0.22833537631630202,145283.3650305176,9.751668015747063,-0.006784514314752377
2521,0.4616262392038379,289902.3251171875,9.288401245117187,0.4182812183538037
2522,0.7083662036064383,289516.78632690426,5.65460087841798,0.0915029236827606
2523,0.7598826345061682,281960.50247680664,5.158131999999983,0.2418143436759356
2524,0.6449323666065655,404602.18215393065,13.57619500799561,-0.26435391573401407
2525,0.1998862611318991,137100.79746093752,14.748515513183607,-0.09284022054969464
2526,0.5898100362267554,335333.84783996583,9.288401245117187,0.034578530883374134
2527,0.6914928382845846,413210.33365539555,9.288401245117187,-0.06277152897064879
2528,0.3481005555048477,209277.95994384773,9.288401245117187,0.5167892221341032
2529,0.3766099540191701,269748.84849548346,14.420891013183596,0.17935575611278376
2530,0.018776041166543214,12530.497557373077,14.716394510253902,0.09007134108306586
2531,0.4733698002950472,160537.7001916504,6.985559502563486,-0.08828985025067684
2532,0.0011502126488923145,690.8726818847845,13.177909242187487,0.1023013311633078
2533,0.812126213621315,524148.94477905275,9.2884012451172,0.04209972104339476
2534,0.8660360174489582,452646.1308953858,9.47456401293946,-0.03735093920089863
2535,0.9491797142540462,615307.4147467042,11.459652752075193,0.034757730995500266
2536,0.19953550330439795,133897.00492187505,14.079701021728525,-0.05798793081384311
2537,0.2434357869175012,144323.4478094483,9.306022230468749,0.06186885125531864
2538,0.691296268377562,240758.9101062012,5.791325380981434,0.2902792963288982
2539,0.9703096074451802,443646.1917822266,2.512846999999997,-0.2408252414739414
2540,0.7175834955929016,390696.77007507323,9.288401245117187,-0.8967662546843024
2541,0.594713712539218,327377.9658300781,8.293091523559555,-0.01558076734992461
2542,0.07504797559065503,30974.64503784182,9.329992508544912,-0.054128363391933394
2543,0.36496286696524144,157721.56616333005,7.781869885986321,-0.24014384557733284
2544,0.6858236411603269,253136.35171325685,2.484026861633314,-0.00302424898574184
2545,0.7172796343124064,336681.3547656251,9.288401245117187,0.15103279031580552
2546,0.042661355744491695,24342.109784545944,10.139141239501944,-0.2793972514767555
2547,0.556706692403703,312175.87868225103,7.746346513183601,-0.49326535432895796
2548,0.4528092934860888,260256.18521118167,9.288401245117187,-0.1234256228306081
2549,0.7185517471750101,312953.085736084,6.7859439999999935,-0.23479477772589147
2550,0.6387906208859977,224348.36305480963,4.980238000000001,0.1044650393691635
2551,0.5110754764176715,238672.19722473144,7.9037490058593685,-0.22208381613310782
2552,0.4824974753380107,306655.6347808838,9.66303999853516,-0.07796320259914716
2553,-0.11297725188944487,-63247.50649291991,19.918088622436507,0.24308723920941983
2554,0.8376372314501821,400586.9099365235,9.288401245117187,-0.23338256074939057
2555,0.6331040892412957,379478.7401733399,9.288401245117187,-0.13794557506282557
2556,0.6227588973292894,396437.8238500977,9.288401245117187,0.16251677760597905
2557,0.27200622865456464,198722.2066125489,9.419334999999986,0.49101432441277404
2558,0.3596536959140661,252037.72574829098,12.345460502563474,-0.15594389794064084
2559,0.040508615698935053,29820.39478759769,14.656175024047855,0.14211571828227954
2560,0.34322860134225613,255504.02468261725,11.108280753662111,-0.3465219967378711
2561,0.38821511063200087,184692.66481079103,9.326107255004882,0.13011683519370876
2562,0.23496309700543414,151101.1948339844,13.45959001574705,-0.3523815893151256
2563,0.35617375046674665,246651.99497192388,9.288401245117187,-0.04451742455223374
2564,0.27257000932840103,177309.39859619143,11.20771700842285,0.025893142455973843
2565,0.465304114096506,265258.7109777832,8.52558624267578,0.059043811389836665
2566,0.8792358939169758,357118.1950073242,4.9802380000000115,-0.07169492578485463
2567,0.5541062224364398,245083.28493957524,9.552052513183595,0.2864913387618453
2568,0.8114265544207551,322680.550001831,3.644417003723141,0.1784988330360081
2569,0.39302504150244144,195499.52650878907,7.746346513183601,0.8338196880317466
2570,0.788447154770272,363891.6148840332,5.015761372802732,0.06877315015809438
2571,0.3838225628814243,280227.0985351563,13.006274506103527,0.12848079197088294
2572,1.0597187592550323,541794.8290093994,4.980237999999989,0.06122516772890556
2573,0.4473738337644739,251924.66269836432,9.74976524206542,0.2418366594209356
2574,0.7449602871928304,454468.85486755375,11.777405755493184,-0.06288540542950845
2575,0.49866042224168183,339500.22785644536,11.73181623742676,0.2581648049433621
2576,0.7040058124221007,468542.5313439942,9.288401245117187,-0.1346818747068409
2577,0.5481677046646497,337151.08007568365,9.545061506103515,-0.2753247707281462
2578,0.6181276775539374,337010.58485961915,7.746346513183601,-1.0451297452615405
2579,0.43659113631902174,262631.1363012696,9.323554952148442,0.04544395083326783
2580,0.5246925856378374,224303.26007690432,9.288401245117187,-0.240774346897112
2581,0.3271080081687662,188865.50870178224,9.288401245117187,0.09069201718685407
2582,0.3339349189340743,191917.4050738526,12.030456013183597,0.1492194055803933
2583,0.6593358610521751,283309.5214544678,6.788288003051747,0.09018612804630606
2584,0.45624390890374994,174021.1050610352,6.985559502563474,-0.05249970403964199
2585,0.42075034641279124,176602.35344238285,6.116528008544923,-0.15267773859763317
2586,0.24649963324797294,154309.97098388674,11.108280753662111,0.3755728961068413
2587,0.24023309086969688,131935.1962615967,11.357758513183601,-0.1450531010483296
2588,0.04865440431356761,18204.09801513673,12.776359220214854,0.6143266486936778
2589,0.4968345237758273,296703.97254272463,7.746346513183601,0.19127953435426828
2590,0.5949804296711494,222209.13887451176,6.174472121582029,0.15365869820557546
2591,0.14035726280046854,77120.02742553716,10.514680513183587,0.1106991455380729
2592,0.624214052859446,345614.5450964356,7.746346513183601,-0.0889255975349373
2593,0.5755643474045332,140044.0154577637,1.8080500030517577,0.2295059998808335
2594,0.7713661765181422,362771.1299816894,7.784052523071285,-0.0941570695435651
2595,0.7037737311727368,507093.60135620116,9.329992508544912,-0.055025697243964784
2596,0.7882515709344835,459333.5298516846,9.152810753784166,0.1643582014147147
2597,0.453772615222015,273051.2500897217,9.372619989624026,0.40966235092067543
2598,0.3185624115658348,246387.59271728515,16.78368701574707,0.26335809439008506
2599,0.6506601728913995,351808.56278076174,9.288401245117187,-0.23784477955837607
2600,0.7931071294967806,552263.1269744873,9.288401245117187,-0.12805099743059514
2601,0.6056852733498533,369416.2252008057,8.703480242675798,-0.04520487119009994
2602,0.2991729874577147,173793.5676086426,12.851785886962885,-0.0976976306950218
2603,0.5523816551910611,304749.46001220704,10.819462513183593,0.05150783323030971
2604,0.42645196638637317,249264.616326294,9.2884012451172,0.14732642794742237
2605,0.6114316117896282,316287.6597613526,9.288401245117187,-0.11947794032460575
2606,0.24938647412136708,87606.29202819825,9.552052513183595,-0.19349247385931165
2607,0.42259363756899293,229202.6050396728,9.011410510742198,-0.00895677978141154
2608,0.5799079367505996,271106.31713378907,9.288401245117187,0.33017218399804815
2609,0.7775100081944012,384291.2730560304,7.968,0.22028218505621
2610,0.13055841505824467,63201.42973083498,11.178552007995604,0.15728887419935617
2611,0.2901771524144035,98179.11571533205,4.99638050256347,-0.08576058572512975
2612,0.7160484088253233,403737.67992309574,7.746346513183601,-0.08914324093900589
2613,0.45790894759116885,237294.8012719727,11.517387015747069,-0.09244295244378692
2614,0.4846035837425138,278169.0701196289,9.288401245117187,-0.08179631139211273
2615,0.9184636993436084,285649.396171875,1.805705999999994,0.057851471205094915
2616,0.7820971444965583,521965.0300872803,8.567431523071289,0.283154892748335
2617,0.22001786648447386,140950.81841552738,12.457857015747075,0.544191584224635
2618,0.440662818118875,254607.32167297363,10.408940018371586,-0.27803022287729023
2619,0.517863356096342,286883.1749389649,9.729946513183602,-0.2134798687712389
2620,0.6715123343718994,385666.780043335,9.288401245117187,0.06131805650707394
2621,0.0361803426156142,22615.288846435556,24.384688243652334,-0.013972229513150159
2622,0.3538144275864525,152043.11868530276,8.676307501220704,-0.2130385937422166
2623,0.6228840248186579,411071.8727416993,9.288401245117187,-0.24328559197257593
2624,0.2911229562939591,132063.0723828125,9.288401245117187,-0.2271547598109392
2625,0.1909135799773409,143432.1550256348,12.859935519165033,0.2592191735037623
2626,0.7601863699800351,283782.77453491214,5.633450512329105,-0.1814348165856227
2627,0.1546610985312823,66669.45773742675,7.74634651318359,-0.08987415059081844
2628,0.5052839160554701,199667.3001733398,9.288401245117187,0.0067646390363483334
2629,0.3137063767538086,149904.42641906737,9.576737492675777,-0.09833492505168961
2630,0.4276042581077899,225552.73489624023,9.288401245117187,-0.15859729439922873
2631,0.7626096092821155,387888.90024108894,5.017944009887695,-0.03793648204916801
2632,0.603286049788781,349328.8013806153,9.288401245117187,-0.5308706940328749
2633,0.370330637461291,206621.27820373536,9.552052513183583,0.1661684780155771
2634,0.7770457589296035,264914.92496215826,5.801323009887687,-0.27658556373176796
2635,0.11098021033026417,51102.6673114014,12.448305013122548,0.3069799202361226
2636,0.3727181113863682,173991.2800671387,9.288401245117187,-0.1651054688005473
2637,0.8529406667479654,257441.9953076172,1.998631865478505,0.340548195618765
2638,0.7204473685118032,399111.2924108887,7.746346513183601,0.44436885618660893
2639,0.7199702953661212,356419.18125488283,7.746346513183577,0.03984435916567846
2640,0.34830205156250754,165182.33748840334,7.74634651318359,0.23550976248964725
2641,0.5645891681872269,178330.37994018558,5.0157613728027215,0.3771561751835163
2642,0.5583517729037604,335667.26509643556,9.288401245117187,0.10932767633207215
2643,0.3118307259945047,161329.11114379886,9.288401245117187,-0.33806956446654624
2644,0.6764136640855297,303179.3167358398,9.288401245117187,0.19364563208770713
2645,1.0735857356915535,641704.1771435547,7.746346513183577,-0.025644026273112942
2646,0.24288644943027368,151095.27990844726,11.578638006225578,0.1670160552681375
2647,0.442139479084707,278678.1270153809,7.903749005859392,0.21542055962923734
2648,0.5774359579852752,347670.0727722168,9.288401245117187,-0.3061563789990475
2649,0.6435960329522991,261761.25785644536,9.998182009887694,0.4940250813269544
2650,0.20052346264394472,91901.92016784672,8.894757510131843,-0.16291516492062003
2651,0.4942408090030506,274365.86998046876,9.288401245117187,-0.20907188533305493
2652,0.27182479777793855,163339.0776293946,11.874050736572267,-0.22551087857897187
2653,0.3549877399548005,223088.02736999514,10.202714000000002,-0.001250746088401588
2654,1.02770419316223,655516.8976116944,9.288401245117187,-0.4164794120557617
2655,0.9927857683349336,588017.710078125,14.268639245117177,0.2336486938883374
2656,0.3310652455104079,177952.02496948245,9.288401245117187,-0.019927344767530067
2657,0.8582450533255086,445424.284855957,9.288401245117187,-0.04285207961609054
2658,0.13391088184876854,50719.840209350616,5.5017800000000046,-0.17690941424591372
2659,0.16790625299912454,109990.63295837407,15.714346513183589,-0.06850422419778188
2660,0.5308788925119149,318692.0463293457,9.44754774768066,0.33150767375744705
2661,0.21608962872011586,132316.2849890137,13.470746504821768,0.015342039511059837
2662,0.7575936491351731,507166.7548876953,9.288401245117187,0.1152196812661359
2663,0.1535456555916984,87836.798972168,12.09744063439942,0.15995423002063422
2664,0.6468929675965648,347869.4988574219,7.121149993896485,-0.43848397596821487
2665,0.977896516606482,374614.3736279297,5.1376404926757795,0.07879932131057236
2666,0.6530100156282319,359758.0220776367,9.751668015747075,-0.19712695707747183
2667,0.5128911014729292,276745.2598999024,9.288401245117187,0.05623356570290901
2668,0.5937737208939385,301001.2736950684,7.746346513183601,0.059235713076441814
2669,0.5391032452641895,346526.65130981454,14.723935026367194,0.5009289432326401
2670,0.010231780445719782,7269.710015869157,13.318274514282239,-0.2221817819954533
2671,0.3079336442161701,136357.17215820318,14.697325505615236,0.15342309070141544
2672,0.3047215223365098,151803.67809448246,9.576737492675777,-0.3692949097738665
2673,0.3656384976498672,239032.53878906253,9.288401245117187,0.20814017072245736
2674,0.513564721173875,285160.650010376,9.419334999999986,-0.2522566642619009
2675,0.7264450107858988,346671.95000000007,9.288401245117187,0.23057309837697396
2676,0.3915681845383984,207720.04774780275,12.096101021728513,-0.25131575431014147
2677,0.6790694553655895,387092.8672271729,9.288401245117187,-0.14200828424855483
2678,0.1376500973095706,69839.86997070315,9.288401245117187,0.057208667411053155
2679,0.4169112734628433,286736.939584961,12.778510046142586,0.10537972192055668
2680,0.42753639904483626,294695.7840966797,9.288401245117187,-0.18411522228355118
2681,0.3524361888000844,200435.35026000979,14.675103753662109,-0.06573158666511457
2682,0.31788451205316265,188732.84913208007,9.523459121582029,-0.015178496267943577
2683,0.053902829975986,40250.4449816895,14.096559014648443,0.0003831658631059143
2684,0.26415262499365294,177109.63028076175,13.834900507080066,0.31028701669411207
2685,0.4437137098025879,241544.8473345948,12.270274143310543,-0.22802135295235323
2686,0.6699509340696409,377471.9021893311,9.2884012451172,0.2976144912879456
2687,0.05472769749620657,35947.94019836429,16.033990493347158,0.11471987935961092
2688,0.6840289227955405,400977.08398315427,9.288401245117187,0.35709975654663456
2689,0.03392085702435683,22323.60983886721,11.696672514770517,-0.10773154679334777
2690,0.2892446147425085,195370.59877319337,12.185443513183598,0.1360630025176369
2691,1.3669008001751348,675085.4398803711,1.8080500030517577,-0.5924007895963197
2692,0.5212723063488515,283740.48989379883,9.751668015747086,0.06066168567757067
2693,0.3196867331838879,192617.8998492432,11.500375528747565,0.1971418702325209
2694,0.20554389750711907,140349.9851312256,9.776050003051758,0.2612204057277068
2695,0.33601929852667445,271876.1376916505,13.311464246337906,-0.03725643674674385
2696,0.803014864645571,460418.17174682615,7.746346513183601,-0.1409243187635122
2697,0.16497530619165324,102890.49886047366,9.288401245117187,0.252579699074228
2698,0.7034990338642285,362964.6936376954,7.968,-0.20527307656325122
2699,1.0135399406044194,431298.3816638184,2.005321502563474,0.2831899312273271
2700,0.7111435115179172,484966.591013794,11.99459024511719,-0.09393048474626958
2701,0.5960246302694643,300230.16480224614,9.288401245117187,0.6389953525322499
2702,0.3611454949832507,229744.00991943362,9.288401245117187,0.061316629310243134
2703,0.6406822842946414,396772.564697876,9.948859037597664,-0.10324685005293266
2704,0.6270680323042581,237151.04998779303,4.9802380000000115,-0.19435797202542976
2705,0.3080518558350879,176215.2049145508,9.149520514587406,0.010255794020819737
2706,0.06276466561799918,41790.89163940433,22.0754567454834,0.164142403355539
2707,0.4374574548541263,283684.24419372564,9.288401245117187,-0.2813237824131646
2708,-0.045048856405392995,-26911.11431884765,13.946983508544916,0.16384636547413078
2709,0.9445699245700502,580386.9000402833,7.746346513183601,-0.1099716983912848
2710,0.7735046559014418,443948.05986816407,9.288401245117187,0.22040315267971716
2711,0.4559278470665413,249135.5942419434,15.931200730468728,-0.34968278237240275
2712,0.550001450218326,299294.9648840332,13.32173352172851,0.1999972605315408
2713,0.7528726843534879,394155.54503967287,9.288401245117187,0.20952843606304156
2714,0.375183307551599,148988.70740783692,9.751668015747063,0.06980888796224972
2715,0.29277396148898105,134116.78755371092,15.714346513183603,-0.20873149009839242
2716,0.7528832258103683,287713.5608666992,5.889312996948255,0.03829544555537924
2717,0.5677576852880801,335471.3335656739,8.454654014404305,-0.3411626622747812
2718,-0.001843364722290463,-1081.2863574218645,23.633492146362308,-0.15159301852509693
2719,1.024976147461098,502175.2679187012,4.9802380000000115,0.1328722034678099
2720,0.5028332644252396,257109.4088928223,9.288401245117187,-0.1585446498577535
2721,0.9234378428863562,589655.1701000977,7.746346513183577,0.07196548108954993
2722,0.7029501452885841,386702.44204223633,7.746346513183601,-0.20254860775433756
2723,0.24078452279475135,130516.27882568362,13.638155753662112,0.3925391014167094
2724,0.3991286992012108,288182.43488281255,12.6186642451172,-0.04374048727119654
2725,0.266553455029788,133243.76980346683,9.288401245117187,-0.333119836335457
2726,0.45839029861453395,239908.484852295,9.288401245117187,-0.0968129256580504
2727,1.0202888294466825,388777.1813671875,2.183215502563468,-0.1521099503789884
2728,0.22682135652940158,148023.68624145509,12.096101021728503,0.157856921141031
2729,0.36730194294151836,139313.53494262695,8.529725513183593,-0.0546974306943404
2730,0.4031890868995657,273879.8764868165,12.875340751220705,0.06778705419165383
2731,0.46149130892866663,284590.87208374025,13.823531022583019,-0.18490635619464024
2732,0.533907116896543,385584.3240771485,9.288401245117187,-0.19846865151946821
2733,0.1304699426371755,58167.7598791504,9.54525300726319,-0.15384696544747645
2734,0.396151417781203,234947.68989929202,12.5990335269165,-0.5301394656600885
2735,0.5066280645412655,179412.67513671878,4.9802380000000115,0.15222563574265222
2736,0.611078064832998,337283.1714782715,12.096101021728503,-0.3888434573822871
2737,0.7342190067303406,423667.4222821045,10.404946754516592,-0.23870197544478836
2738,0.6935493864391316,315311.8050408936,4.9802380000000115,0.27894286447258093
2739,0.2343032345449763,160958.63862548827,21.164906369873066,0.16791626422110822
2740,0.24888826706344389,111629.18011047365,16.072570515563967,-0.21117960906161357
2741,0.2806333234387414,156321.77129516602,9.288401245117187,-0.35207192609170335
2742,0.19859923713153482,109881.1000671387,12.96882251318359,-0.38756280632236717
2743,0.21377662399301386,101264.83517395021,8.228031510742182,-0.15085673329616459
2744,-0.2551590795537595,-109302.28478088377,13.44240850128173,-0.6670201274641065
2745,0.36267638927830287,199362.42524536137,10.545035714599607,-0.5303895029394035
2746,0.1655918332274809,72192.83468688968,10.88166051568603,0.22185060753116673
2747,0.23033345223168725,99323.1911901856,7.746346513183577,-0.43204189676313487
2748,0.3166402688728071,127526.29657592774,7.74634651318359,-0.10519819425876142
2749,0.4073959557790034,131474.84708374023,5.131799493042007,0.26885626663601747
2750,-0.1147207671781201,-80032.16166992186,20.16479190356445,-0.20643179160162242
2751,0.6479267996321839,397395.0598657227,13.00332924511719,-0.21700250094987644
2752,0.7638701550522738,362992.6213427735,9.288401245117175,-0.05041552612592902
2753,0.42900902362985166,240490.01867553714,9.2884012451172,-0.2768321770346845
2754,0.02289311886589659,14496.447619628889,19.016852739257796,-0.04933458094494581
2755,0.3901750192077086,212735.87659912114,8.52558624267578,-0.41668591592343357
2756,-0.21572407314373387,-134189.82488342284,23.00863623999023,-0.023565414328816387
2757,0.43696719064383605,262794.6144927979,10.071780245117168,0.4688665439999858
2758,0.8137096893384399,465632.1660119629,7.746346513183577,-0.26436286007912
2759,0.42137924253733716,286701.1619989014,10.363193021728517,-0.0654215785028532
2760,0.24082068386204006,155354.3110565186,12.875340751220705,-0.22419197753152156
2761,0.24733239191695583,105138.40010070802,9.491002218872076,-0.1063330692954678
2762,0.19857373124514638,112785.71377441411,13.248126513183605,0.024468126313950705
2763,0.691167992429569,287267.7112921143,7.121149993896485,-0.14644952641228745
2764,0.7318916229124531,251701.65002502443,2.344899023132329,-0.09631545389067393
2765,0.5817107236314291,409821.212286377,21.054259646484372,0.21808145924970945
2766,0.09749705544677881,58695.264908447294,16.16910675073243,-0.11713377272551201
2767,0.6173064131986657,283353.7200518799,8.437662007995602,0.1649814190352943
2768,0.7576638984930338,385538.78977783205,8.986816011291486,-0.08404760927299354
2769,1.0171598195616238,531666.0400512696,5.017944009887683,-0.01849782314397347
2770,0.22514103457374798,135236.11363769538,9.940877000000002,0.02076398123300277
2771,0.5621797212496188,335438.559954834,9.288401245117187,0.2227507028519779
2772,0.13195974169169183,82745.67866821292,14.685186021728521,0.06239660795059175
2773,0.41399914840319574,261024.97648315434,9.288401245117187,-0.05630236326038838
2774,0.2811101844340458,167701.207578125,21.473844758300785,-0.255599666736158
2775,0.3198757699867755,169919.6136730957,8.664879382690438,-0.23530390770058474
2776,0.33646441856347564,124097.43504150392,9.288401245117175,-0.10929420224588789
2777,0.117695531562788,72085.95374633795,26.50725036315919,0.25879871276255534
2778,0.34295046445765975,171806.48972473145,7.746346513183577,-0.1284684857947151
2779,0.4586545743001203,326941.0653515626,11.081326993896486,-0.40355662557479505
2780,0.40918771488625566,162735.89870300295,11.094107245117193,0.09848666807573911
2781,0.20616124738139238,117036.12130676272,10.743854999999993,-0.0982242871773497
2782,0.06700362845882589,34978.37976257324,13.297944244323729,0.3326059448646896
2783,0.3389857042473596,216240.34027832036,9.288401245117187,0.2697897783521528
2784,0.34675198265677826,242766.5904919434,13.194451981689456,-0.06381768268247874
2785,0.015768479662513976,10162.670412597698,11.293126224853516,0.13604262321097152
2786,0.6638161101539846,421791.1812585449,10.570914013183605,0.0394402682584295
2787,0.45436203503138445,305652.5222094727,9.288401245117187,0.355853563857802
2788,0.08078481564780983,46806.062342529316,13.727498245117184,-0.03630787550889661
2789,0.4634950496465193,269155.67513549805,12.220966885986343,0.1384918212442809
2790,0.5351117651320585,359256.7185888672,9.841277352294908,0.11138639134588192
2791,0.3086667925541633,181377.218203125,9.288401245117187,-0.06612712476125057
2792,0.33737232237067555,202229.03409545904,10.894970488403318,0.2510658038045639
2793,0.9179354337747964,406337.45735717774,4.51690500292969,0.275021934305055
2794,0.6601285073462765,306668.8005541992,7.746346513183577,0.5132117104831468
2795,0.5857521487854372,295230.9209197998,9.288401245117187,-0.05737327158068576
2796,0.6322328882538045,334989.154619751,9.288401245117187,0.05500539566990337
2797,0.2902787868975145,188630.36972656252,9.606511999999999,0.4314239644321736
2798,0.8270880407984328,339956.06740234385,4.980237999999989,-0.14941578559863847
2799,0.16417677994462965,74619.9336682129,11.270494127197262,-0.04393759611326134
2800,0.27682588383410733,155179.78335205078,11.80465641650391,-0.01694954165366843
2801,0.9556886136322956,506889.92636108404,7.746346513183577,-0.2885075406538392
2802,0.20649763846151603,96695.67638305666,15.873022498291009,0.08103678984728596
2803,0.1864515320611339,101444.28009643554,14.424190015625,-0.06250640822624097
2804,0.04629382380927733,24876.977835083017,18.902481436096192,0.1903367597368813
2805,0.07279189610404549,42550.31730712893,12.96882251318359,-0.47245960413809895
2806,0.3211845841748224,168159.39985107424,11.094107245117193,0.2418747579050742
2807,0.26418415157402636,152257.27862670898,9.92956201574708,-0.16417448157867115
2808,0.2997824014791755,196313.68856933597,11.108280753662111,-0.281352361103604
2809,0.02657043665478439,15042.269957885757,12.096101021728513,0.12763792902691465
2810,0.2675428599832658,200995.11646667478,20.394436524475097,0.3931609963908412
2811,0.33432283709532673,209333.92277587895,12.094548885986336,0.03752032215303163
2812,0.4307630762901257,217350.38984130864,9.329992508544937,0.16418960484401093
2813,0.04771904618176813,30903.53502441411,14.313206004638667,-0.06646934204506551
2814,0.6733948719735554,486503.4048486329,9.288401245117187,-0.04727496048364557
2815,0.42112268427187355,188531.23510498047,7.74634651318359,-0.26624657438355737
2816,0.8983918087458482,354623.54496948246,6.985559502563462,0.3512386211254707
2817,0.4013421570658875,189301.92488037114,9.49714300292969,-0.38233837560709116
2818,0.3551706020541779,207973.91512817386,10.461127510131837,-0.22150648683861876
2819,0.7970563138397706,373162.55905883794,7.968,-0.06982449127065532
2820,0.30831373241076876,141899.24136657716,9.288401245117187,-0.13431695234298646
2821,0.5886920008190645,341299.60881347663,9.288401245117187,-0.049601179287534165
2822,0.9954404534571821,568868.1991479492,7.968,-0.13086969105521037
2823,0.23418382185416484,163853.50790222173,18.077252753662094,0.2163434265528756
2824,0.06357890963075137,34358.40368164065,10.509587506103516,-0.24063317855663022
2825,0.7486275866905707,382089.4453125,7.121149993896485,-0.06627595955052655
2826,0.5159994777166446,281611.1050421143,10.772315516845719,-0.3228981236738326
2827,0.7310142649244277,510597.4852026368,9.288401245117187,0.44713949694904953
2828,0.6032682657271163,266645.27320068364,9.2884012451172,0.26383929737365136
2829,-0.07127067567464015,-51466.80982727047,20.79693901574706,-0.417482200835798
2830,-0.034709008857674896,-18617.614588623037,11.72347775097657,0.04745376075732808
2831,0.577459180603023,345060.90997924807,12.118693011108391,0.16129634130676246
2832,0.7750291066276298,259634.76492004393,3.9776380014037946,0.0027726906516960166
2833,0.6678678264916267,399831.5399536133,9.288401245117187,-0.3619791017562683
2834,1.0333917018316485,553814.1973809814,9.288401245117187,-0.3845003643383134
2835,0.5934111405836626,345218.7848718262,10.363193021728517,-0.24026698015605874
2836,0.15813448742591987,97477.04313049318,11.932709726196295,-0.44412178425772564
2837,0.262369234373187,208006.5126696778,12.948238000000012,0.1183974646271783
2838,0.6965507372823534,444467.4149121094,8.191650513183582,-0.10509536753847826
2839,0.6134720478789538,311134.73358215333,11.301888645751937,-0.16897884002235794
2840,0.35618351702325285,179365.8083331299,10.058824990905762,-0.0600707430849347
2841,0.514887648145414,246864.7953063965,7.746346513183601,0.4643263795413487
2842,0.1897782995813291,47217.11999999999,5.836414999999991,-0.12183173760465289
2843,0.11722797657284856,64144.66253234867,12.724604513732926,0.04208357527472882
2844,0.3793264419645148,187702.49790344242,11.293722747680661,-0.03471402444967208
2845,0.2297364403105551,115076.56014892578,9.638477501831064,0.1935221012116312
2846,0.33501176146279993,189693.02623046876,21.63429323901366,0.36071927806949877
2847,0.3235039642870833,190307.49004150394,14.970004745239251,-0.49600643936931904
2848,0.11211755067012676,52077.29872802735,9.72994651318359,0.21738530003430317
2849,0.6475404224407316,353045.2150817871,10.073594513183599,0.2923762280219608
2850,0.8985087531978206,375019.15490905766,5.921019492675783,-0.20550443770205423
2851,0.5221519699031258,276949.0187231446,9.288401245117175,0.21445200588143487
2852,0.6036290782803913,366903.70007080084,9.288401245117187,0.3033297974048113
2853,0.5487064669539636,204533.72489990236,7.74634651318359,0.29294366038197717
2854,0.13973356278205515,78636.51505798342,10.872174018371583,0.10932065684387661
2855,0.7555010477707845,505654.0949188232,11.333286019287119,0.37309983009276565
2856,0.22334615120968943,100403.67340820315,9.288401245117187,0.6544397194151454
2857,0.019520550088272467,12430.746278686522,10.749256507080071,0.3841333803914679
2858,0.814523430262111,387427.7435412598,6.7859439999999935,-0.27564056444648843
2859,0.5237189708564443,342489.8552539062,16.887725220703135,-0.0012592147687520998
2860,0.7231021099893041,323765.69999084476,7.746346513183601,-0.3767479682896182
2861,0.5926776390550154,342492.5614398193,12.44654563177491,0.08964577462980196
2862,0.10144246366327678,38105.946171875,12.263251516113279,-0.06664544015856
2863,-0.06339617740324589,-37080.13502868651,10.2077685203247,-0.30178955590915946
2864,0.05481373920084372,39936.47482055666,18.745436026367173,-0.11392561802510044
2865,0.3118432871927973,155248.82253723143,9.2884012451172,-0.1760415580218148
2866,0.2899459065507805,170518.11509399416,9.751668015747075,0.20181220604460517
2867,0.7999045687271711,450187.48777954106,6.471250496704085,-0.10286530676516126
2868,0.46571136640467165,358046.743959961,9.635163495117192,0.14134014640025533
2869,0.706763999963552,297303.4409716797,4.980237999999989,-0.4658598900806312
2870,0.39439540500135556,170162.66618713381,7.746346513183601,0.2602719765687833
2871,0.8544914964645748,272999.8400305176,1.8080500030517577,-0.09771086922204775
2872,-0.11014028679666142,-64655.04019836423,15.024019527160645,0.18835687611073326
2873,0.6914546139190475,326391.91363403323,9.589758523071302,0.3056913993358504
2874,0.3683349044603008,147059.66002563474,9.288401245117187,-0.21635428076544955
2875,0.5291916454154363,214013.1800091553,7.746346513183601,0.30231114045297736
2876,0.20044836794986526,97357.02873474121,9.78794461987305,-0.313975502047858
2877,0.17091147027155204,100136.65281494142,20.092172071044928,-0.12986038382653967
2878,0.9066072569059906,452595.28,9.288401245117187,-0.062409077826342724
2879,0.4942442996403688,256115.58260009764,10.13455951232909,-0.0766811574340351
2880,0.974986463856772,574017.4739013673,9.2884012451172,-0.06758674438174748
2881,0.294850234563278,110288.93983276367,7.746346513183601,0.21054427719724236
2882,0.6751174911215806,370176.16377380374,9.288401245117187,-0.16077784656115743
2883,0.30044424853862833,162159.44727661135,11.028865872314455,-0.26081761514972673
2884,0.4139343289998054,247664.5199084473,9.288401245117187,-0.26844886581208827
2885,-0.054984477843193005,-36645.11871704101,17.123585000854497,-0.38123147947655345
2886,0.9828578523689054,539616.7885247804,9.288401245117187,-0.02455144884436766
2887,0.4565669132414376,260493.60765686037,13.726083635498048,0.6384022471754257
2888,0.650809032291913,400016.63532775885,9.288401245117187,-0.3120303637872345
2889,0.7413562536683858,367516.91239257815,9.44754774768066,0.5123572036970463
2890,0.3847664781491561,234824.50694030762,8.866897016845714,0.0023227969311476696
2891,0.7419128052115743,303848.2149780274,4.9802380000000115,0.45788189289719
2892,0.6623255491326353,337087.8873931885,7.746346513183601,0.25289147635980835
2893,0.18867554017365654,93595.61216125489,7.764553539794927,-0.26783736880282794
2894,0.29635849808586445,175451.04636291505,9.993016752075194,0.4528939903914367
2895,0.5918726932993267,304065.21000976564,7.784052523071296,0.23454383830926342
2896,1.069559063084842,499817.2862689209,2.040844875366217,-0.3685975648017976
2897,0.22388163801681502,139593.86456298834,9.342430026367191,0.3260097083611778
2898,-0.03356022226949335,-23653.309910888667,18.471339504272468,-0.06332776720758673
2899,0.5409451605014148,350494.6547375489,10.073594513183588,-0.19195450839626776
2900,0.3997517310960886,188879.0575799561,9.2884012451172,-0.04604518001357116
2901,0.4794294944441679,195316.44764160155,5.081894000000006,0.03589524280916218
2902,0.5340561975116316,198460.23994995118,4.980237999999989,0.3061342867500529
2903,0.00233839803977719,1551.276617431664,19.984938993896474,-0.060393348129549294
2904,0.38648767899640807,287206.5998431397,17.556289758300792,0.5075937377329375
2905,0.1971785812659578,125789.28138427738,20.81576511230469,0.11855480804752132
2906,0.2904077592178035,167044.25031494143,12.096101021728503,-0.05801635133835975
2907,0.7111301322739951,347740.01497131353,7.924240513183596,0.42332576250206827
2908,0.334512473799929,148335.28510925296,7.692700502563478,-0.015832067597762976
2909,0.2231999557695125,134558.2471594239,11.260297507080065,0.4861473245870453
2910,0.3551251519027689,272668.9271887207,9.717792121093744,0.009729647652325717
2911,0.592894347718897,260151.8349145508,9.288401245117187,0.056009892784840205
2912,0.700290803377337,420265.8725280762,9.288401245117187,0.06738226690048152
2913,0.24759879468372026,161938.48507324225,13.00332924511719,-0.09288199769027375
2914,0.4311104370851235,207184.550880127,9.288401245117187,0.1276743092072575
2915,0.7794567072403322,383543.28199768066,9.2884012451172,-0.12239960081905996
2916,0.46728178681211585,306903.1763861084,11.293722747680684,0.05511555666137679
2917,0.8008118706601665,201170.2498486328,1.1165455093994037,-0.3566608576206417
2918,0.5104942666163188,294603.0447973633,12.185443513183598,-0.08832439217935996
2919,0.37387314110594194,200753.93017822268,12.8937510144043,0.5785634558553217
2920,0.4933653784326722,222049.81476318365,6.282142002929701,-0.14425526973916672
2921,0.16150293737691335,93461.43468200686,13.194451981689456,0.32971206432963923
2922,0.735655999588663,396799.62505432125,9.422412017089849,-0.4053066699040365
2923,0.00032134839840782133,176.60283569337298,10.31130124755859,-0.22130790991561744
2924,0.7009722237874164,302760.3301269532,9.288401245117187,0.37333002151942885
2925,0.06379547244138448,38303.03871276858,12.096101021728513,-0.029954280876537686
2926,0.5722590133873462,380069.254967041,9.288401245117187,-0.26335371978565647
2927,1.2316144447140145,676469.346135254,5.1376404926757795,0.06862841158878527
2928,0.2243795678075252,125020.13987792967,11.790979245117201,-0.037486725923575444
2929,0.4973858072735252,334509.96551330574,12.096101021728503,-0.5113465343327928
2930,0.12809200114346136,64181.864666748115,9.288401245117187,0.1110585281479309
2931,0.18250856666504142,106607.60506530764,14.802290021728503,-0.01314135371162334
2932,0.47181505901042614,308534.79793945316,13.638155753662112,-0.1152053297145163
2933,0.21862107248135854,98150.95002441407,10.954478498779295,-0.15910392670821377
2934,0.36282391979503703,197122.5473278809,9.288401245117187,-0.06979451743416709
2935,0.5584312569477442,262926.67505249026,9.288401245117187,0.5116470590665034
2936,0.9224496274480203,502741.6471179199,9.830507242675777,0.027214564792278184
2937,0.5303301781728034,287693.71242248535,14.268639245117198,0.22299319724312283
2938,0.584337465827672,248118.7450366211,9.288401245117175,0.07505123277304125
2939,0.5897936848840097,348634.5201654053,9.288401245117187,-0.02330921259060066
2940,0.6552022148744333,399732.41009704594,9.329992508544924,-0.01871136844856601
2941,0.3456337297487905,200754.63144042972,9.552052513183607,-0.018831409187000804
2942,0.001462022377180745,519.8800598144662,7.746346513183601,-0.07707833432657948
2943,0.48021017319729176,329928.9727020264,9.288401245117187,-0.46021784704973034
2944,0.6213035824493346,338817.1180651856,7.746346513183601,-0.007831970224843391
2945,0.2618574940202361,150077.7244580078,18.794822293701174,-0.11617761367310171
2946,0.5214198481482603,234996.74475524906,14.255215618286119,-0.28361075797593754
2947,0.5880731396769574,369181.17507202155,7.924240513183596,0.07942307404323229
2948,0.6714003192178842,390301.0802197266,8.529725513183605,0.0007090625485774709
2949,0.7049613970988624,225495.27751525881,2.4249600077514537,0.2566120541859273
2950,0.47282360993242684,259060.45509887702,9.288401245117187,-0.18055922274114095
2951,0.25321198211553736,181973.54365905764,14.873981138671866,-0.014825130745672536
2952,0.6878173005830696,395304.72989990236,7.924240513183596,0.14220957924818453
2953,0.4702961580496078,302860.06986572273,14.92978749511717,-0.07467928983407349
2954,0.4752004476292981,225208.83387329106,9.288401245117187,-0.41967782782588076
2955,0.43903634520563767,209033.2948382569,9.288401245117187,0.18214920150535657
2956,0.45499119827412887,257576.70785522464,9.751668015747052,0.37481896866497
2957,0.6216996306325483,132291.40885620116,0.7833790000000037,-0.12309972710307392
2958,0.354402133456019,235479.48990356445,9.419334999999998,0.09999335464501827
2959,0.2582088313361994,156897.55510498054,10.389491738159174,-0.00567767447877271
2960,0.38717549429278825,227046.00491516117,9.751668015747075,-0.366414415092688
2961,0.3440992356845929,179998.84113403322,9.288401245117187,0.32723480786027387
2962,0.7046085577585564,390351.0710571289,9.288401245117187,0.15952359207790096
2963,0.6975826451304061,446495.4412280274,9.288401245117187,0.4419318443953476
2964,0.27344357445719325,155037.92509826666,10.33769751318359,0.07895758388691235
2965,1.1007330346976802,434345.81490295415,2.3827469978637645,-0.041762921489492524
2966,0.7999490686405474,329771.3736364746,5.158131999999983,0.52496388305266
2967,0.4903520279734435,299738.5212414551,9.288401245117187,0.28794965420883223
2968,0.9134432834754244,445660.65645996097,7.156673366699216,0.0806405780497875
2969,0.7202397693320519,225943.86995849607,2.8590425051879835,0.43565579084285583
2970,0.7004422507502064,524502.338774414,12.185443513183575,0.010181199980853341
2971,0.11882730060913103,60243.06001586917,9.733705245117191,0.1631893324660676
2972,0.3206419584118029,166792.11036499025,12.858155745239252,-0.33938449283222377
2973,0.6225687507947508,373144.58513427735,7.746346513183601,0.3035636383464547
2974,0.1953865866361415,122551.57000488283,12.185443513183598,0.1539479366550305
2975,0.33276155457356177,246648.93392517092,14.242591363769536,-0.1810670681131186
2976,1.3087760057925362,696259.8974340821,2.9222515093994095,-0.1409804877317943
2977,0.7241313066738825,364028.0501409912,9.87162700335693,0.5102481387639584
2978,0.1806650530210196,95912.86966918947,15.670587026367174,0.3196071995966554
2979,0.2972889662438718,133624.21371093753,8.460520520629872,0.23376786195724192
2980,0.9916431265381707,379758.7327850342,1.8080500030517577,-0.0633580929616645
2981,0.259443856127215,182273.08624206547,13.875249508605966,-0.4441635718972134
2982,0.48193906724791463,304180.5161376953,11.619259127197251,0.20938737090004406
2983,0.5921542331327533,294335.7909997559,7.746346513183601,-0.2362003670442952
2984,0.46395843154944505,291775.40604125976,12.096101021728526,-0.11356850890761365
2985,1.1324832395371074,541170.494885254,3.1218670119628777,0.3502173599285632
2986,0.29853431016614235,149851.62010681152,10.31486751562499,-0.4616025733971732
2987,0.40738008553866867,163753.59359191897,9.288401245117187,-0.4697924162231572
2988,0.8032209305245503,332960.7015100098,5.6849189995117015,0.017781170477510145
2989,0.09570827250388879,48989.261990966814,14.447801753662107,0.013499798429017587
2990,0.6796755536738318,334079.9463342285,9.288401245117187,-0.3256882476518555
2991,0.21259765393048177,156336.65807006843,19.783654223388666,-0.46920905742538066
2992,0.538481118772983,383685.85999084474,9.344742224365241,-0.10130798538624718
2993,0.41097397926555196,121328.16019409182,5.017944009887683,0.20172586942699608
2994,0.48817187698554304,296566.09388000495,9.288401245117187,0.2702539570340082
2995,0.558513179752231,343670.8901525879,10.027946486938466,0.1414076831377188
2996,0.5515954612972958,345134.2299969483,9.288401245117187,0.0893050720230038
2997,0.526799459907041,224557.0498669434,9.288401245117187,0.016391906442652045
2998,0.601113995226511,364828.78597778326,9.288401245117187,-0.1423607697037998
2999,0.9059903613012069,469664.074996338,4.980237999999989,-0.11611774133952833
3000,0.6724627741589093,426732.88528625487,7.9037490058593685,0.20169500945404453
3001,0.08165209625770739,35033.08384521487,9.24548399645997,0.31321591225900536
3002,0.9531908888330297,539200.3649053955,5.425542000000016,0.29807380947651796
3003,0.8510729880857054,415268.04002502444,9.288401245117187,0.41281979815413405
3004,0.8814454262475185,255019.0199890137,1.136290008544922,-0.3407133553239627
3005,0.5878023539875258,192314.57,5.33602599999999,0.09086076907628324
3006,0.5393681765695617,329613.2728759766,7.746346513183577,-0.07753365711996613
3007,0.3047584320825953,194086.72918945312,11.220127865478513,-0.30827482678413015
3008,0.7363585460820788,269818.2747937012,4.9802380000000115,-0.189507728759382
3009,0.7118186553489898,321028.0114978027,7.74634651318359,-0.30880623794572126
3010,0.2995592822389304,122427.83008544924,7.9054930157470515,-0.00422726090017901
3011,0.04430631620531459,23950.89986206057,10.1761450258789,-0.37659101287903024
3012,0.05412918515289037,29946.674833984398,10.388578728027339,-0.17214862031117376
3013,0.8720494451559688,487605.05790283205,8.655421510131843,-0.31982975510244416
3014,0.7289173500684626,524271.8726538087,11.267914983398445,0.07760938686042651
3015,0.7854083979763224,352002.10855346685,9.288401245117187,0.1499877164796662
3016,0.7415708952073595,334416.2050518799,4.980237999999989,-0.23324822807661946
3017,0.32771268178240853,148797.27521667484,9.288401245117187,-0.09036060965464578
3018,0.6159579547040643,266064.96926513675,9.32392461791993,-0.4919421580633211
3019,0.8437567613939647,375882.4050891113,4.9802380000000115,-0.17396223930270008
3020,1.0173228706102746,404852.0452709961,2.713629003784177,-0.10826774245338319
3021,0.6759550368982907,393985.0414080811,10.433484143310553,-0.015076805797969405
3022,0.15062642324725253,79782.40989135746,9.812105510620121,-0.23849840599005123
3023,0.16039667168580896,86972.73568481448,13.537671894165035,-0.5697328616350873
3024,0.055770630712619035,43438.99239013676,22.099340254882815,-0.003944493719316979
3025,0.30496398582195405,190988.44003051758,13.928236011108408,0.4682098858715988
3026,0.7107049712101152,499227.9361749268,14.57278500280762,-0.27800204062832357
3027,0.36645231793204497,186890.52243774416,10.62026723925781,-0.04942936249929436
3028,0.8799911800852113,416308.9197741699,5.1376404926757795,0.2941964191228838
3029,0.33555560369385545,150566.41745849611,11.12597573046875,-0.3813114391782684
3030,0.46276559056170946,251503.86523681643,9.288401245117187,-0.021702772667706538
3031,0.44701544810220606,288350.16804199223,9.288401245117187,0.3326402232355318
3032,0.23407780308778584,167119.99981079105,12.8767590079956,-0.34745967150413154
3033,0.5380212122522103,310955.540111084,11.686865515625012,0.15130488487738247
3034,0.39945404424856,206665.92448303226,9.288401245117187,0.330970762329787
3035,0.5575511410027602,355756.87299438484,9.2884012451172,-0.0833924711929038
3036,0.5503632366539728,333060.42462463386,9.288401245117187,0.048994463522858245
3037,0.48841219051744517,284871.05010864267,9.2884012451172,0.023133459873594383
3038,0.01645953972129306,10874.361565551764,13.368025515624998,0.5984193801482344
3039,0.5410599776731689,263834.08111511235,9.288401245117187,0.1636186560461504
3040,0.11582133866033077,57659.97486816408,13.469272005859379,0.24741369333710841
3041,0.6190898844691844,440286.45519775397,9.288401245117187,0.2666157528034174
3042,0.14167919401024184,74575.07523071293,9.677557009887696,-0.11694111221515122
3043,0.798093415596459,222258.42826782225,2.005321502563474,0.07892659216115383
3044,0.5710376333928534,299972.029909668,10.009405765380851,-0.17180717211802976
3045,0.6215323696778668,329264.1251690674,9.288401245117187,0.20704505624859626
3046,0.46406073465197534,177525.98627197265,7.746346513183601,-0.42944770421534006
3047,0.42992928190829244,270380.0872436524,15.73223500292967,-0.12169389018778286
3048,0.34218151887878584,179471.03486511233,9.55064174279786,0.1050767420384229
3049,0.7290564927108745,327172.1465625,9.996708746337891,-1.0574556231257855e-05
3050,0.6028703282154496,334158.34518615727,9.288401245117187,-0.2847353944424143
3051,1.0147188628428414,470139.9560229492,3.4973752615966838,0.12644862402609183
3052,0.19332178906503733,102650.86708801272,11.700428737731942,-0.047727100903197005
3053,0.7352618844533639,319055.8014349365,6.985559502563474,-0.0775597578403705
3054,0.5831603255104699,275379.49244812015,9.288401245117187,0.037682251717565854
3055,0.2563415483241982,126986.55005859377,9.2884012451172,-0.10144631934318794
3056,0.35056558019332895,146995.13376586913,9.751668015747075,-0.43315450995016075
3057,0.6048449803381791,393958.79798706056,9.329992508544912,-0.02970238731215065
3058,0.873996883411055,315274.17492553714,1.8435733758544781,-0.2670558048441057
3059,0.6801903953087536,378005.16878906253,9.2884012451172,-0.4665568107375253
3060,0.08249770678191357,56874.29993041992,18.166595245117183,-0.5446119992114343
3061,0.3763103681791363,169193.32009948732,8.52558624267578,0.25008731498620745
3062,0.4199421119292477,254690.8259765625,14.00243301434326,-0.03862324755261278
3063,0.6266761800971523,293767.3625012207,7.825765500854491,0.11704599795076089
3064,0.12566579906864309,88374.54012084962,24.924893030151377,0.07349175981350775
3065,0.2837732877247367,124602.9263659668,7.746346513183601,-0.48618274757004576
3066,0.2264415383812126,150062.56306213385,12.096101021728503,0.06775324662247512
3067,0.15590454671069667,98839.38694458014,22.20533325976563,-0.3215566743155877
3068,0.8393653451918394,443768.88832763676,9.288401245117187,-0.19380955036582842
3069,0.5581457523740745,109168.49223388673,2.176724989562994,0.5149005889850816
3070,0.2714712071377443,173246.32762817387,11.667224747680676,0.01554900689606299
3071,0.1665555212369188,97981.80519409178,16.985989521728527,0.2587149218699919
3072,0.5177377370682095,362864.38731872564,10.883918507324228,0.1262847874530217
3073,0.364607346298935,176302.17895690922,9.288401245117175,-0.18967753528096107
3074,0.7569484247147973,393000.6773645019,7.746346513183601,-0.31630463980494256
3075,0.994347799516932,355699.7253039551,1.8080500030517577,-0.15589988988397016
3076,0.8081196940329639,335750.8699139405,4.980238000000001,0.13349142578540776
3077,0.7908705016737653,300501.0686291504,4.9802380000000115,-0.05845056228616808
3078,0.5488641282856097,366843.6900280762,7.746346513183601,-0.13982543906667427
3079,0.5783107058921411,361472.76944702154,11.147245239135739,-0.3356018850784533
3080,0.2273672784890011,107408.84084228516,10.071780245117191,-0.21034711781167698
3081,0.31962293597650954,195884.86004882818,15.51570650244141,-0.11734112751715854
3082,0.5311740852743618,226053.4325695801,9.288401245117187,-0.32905151284849826
3083,0.46206241964900197,223628.58838073735,7.98729250256347,-0.2366552850589073
3084,0.7810153457024416,357165.7936584473,4.980238000000001,0.46557833775134133
3085,0.4341982389978408,228839.17372314457,8.52558624267578,0.1257275274624562
3086,0.29045596685737723,166384.9899047852,12.185443513183598,-0.5525264883285357
3087,0.7455477647873914,409393.7302441407,8.48381799707031,-0.026165786025545163
3088,1.0105122268960294,432870.9530517578,2.9042965086670125,0.009062132037117808
3089,0.7585183232105043,380600.3988635254,9.751668015747075,-0.04054815415314175
3090,0.3527073988721848,147515.02506347658,7.746346513183601,0.12976209927058877
3091,0.23671714463299656,124289.82149291996,9.2884012451172,0.11469798463391255
3092,0.2556368304035366,121204.03152099611,12.509382844970702,-0.7285521184037211
3093,0.1285815999819445,89298.51299621585,14.451900009887689,0.0403876285189059
3094,0.5280689124664706,217293.72376708986,7.746346513183601,0.08642873730214946
3095,0.6406363270291163,364988.0949523926,9.288401245117187,-0.19886268099965618
3096,0.7703098246236697,364584.97158691403,7.746346513183577,-0.1135844220493547
3097,0.45108264211502946,294638.6576855469,12.948238000000012,0.4239148759519283
3098,0.38165652279812645,203096.06496215824,12.096101021728503,-0.5473088937308203
3099,0.3020035769087131,148348.0412475586,7.746346513183601,0.06677983774519683
3100,0.40915209383412293,188381.65312927248,8.460447509643553,0.23403420858716142
3101,0.7938134311103866,519410.28728637705,12.726584513183614,-0.47019904753256553
3102,-0.05849249513215079,-35575.54995483396,12.37334475122071,0.3380324081132024
3103,0.3235635588990968,172611.4148876953,9.288401245117187,-0.4008379120432477
3104,0.5860402644405661,307424.9684533691,9.2884012451172,-0.37771583048565055
3105,0.16206403120119722,87112.01292846684,10.776395752075198,0.5502677635461773
3106,0.8034014769449656,489226.96735900885,7.121149993896485,-0.17212974331045852
3107,0.4998902745535969,290402.3974987793,9.288401245117187,0.4765119712369185
3108,0.357213774221416,195282.30630920414,15.714346513183578,0.07862122909971292
3109,0.8465086937741909,463568.95005920413,9.288401245117187,0.36703756638491164
3110,-0.18848768351151213,-147162.40834960935,19.808875069091794,0.0641874555335209
3111,0.7700648296569159,507969.6122650147,10.857561803222657,-0.005242951882089441
3112,0.4954388718253676,265623.86487426754,7.968,0.11862776606561358
3113,0.6601151283127032,401419.22588134767,9.288401245117187,0.3231460079073269
3114,0.34740015603090807,239560.82986572268,9.254355523559568,-0.011159604511742301
3115,0.5836618784566038,331462.269920044,8.35826101202392,-0.1530305700818455
3116,0.4568487546010067,225056.90944274905,14.748166000122087,-0.13627058228868874
3117,0.699462772009197,424647.4761462402,9.2884012451172,-0.2175219679921798
3118,0.30026781856471746,159676.77970764163,11.424656502563483,-0.052099647552998826
3119,0.19787707351083084,111919.56998046876,9.552052513183595,-0.2181085168519664
3120,0.4876252346929776,238083.63754760742,7.746346513183601,0.4058543784009681
3121,0.2961710372487968,170097.94521057128,17.520052513183586,-0.15782615698148994
3122,0.15649872376496812,90344.99488647465,13.156893510131829,0.31856207183487995
3123,0.6480988269383721,409987.399576416,9.288401245117187,-0.6109851782269932
3124,1.1134234970511845,676136.842185669,7.90374900585938,-0.12549580247094136
3125,0.5372461096020639,324640.2146209717,8.52558624267578,-0.17642549774470417
3126,0.5418835485257504,347183.8749713135,9.667647737792961,0.30253238232540747
3127,0.7073009161735305,336872.6412841797,9.288401245117187,-0.23825672679997634
3128,0.5658355880270493,200424.08314086916,4.9802380000000115,0.04658065858546628
3129,0.3375321211818646,176155.25478454592,10.171306520935055,0.08406833644420514
3130,0.8601182816968702,351576.14984741213,4.980237999999989,-0.019136106578874133
3131,0.21419204123111119,138193.49303405764,13.017735220092769,0.08648425825508275
3132,0.11108400686610252,85076.98768310553,14.268639245117187,0.26040023905591875
3133,0.8962544260660008,555246.8801647949,9.288401245117187,-0.36285927285535513
3134,0.10604619545590885,62184.64251403812,9.288401245117187,0.2432296522241887
3135,0.06256950859514183,36877.980127563496,16.82328549389647,-0.1289697211106675
3136,0.09306088485321751,61619.80483886725,14.720357024536144,0.20676118248804148
3137,0.5900926772267951,299493.8526129151,9.288401245117187,-0.01040935261415829
3138,1.1334716108458938,471698.59371582035,1.8080500030517577,-0.5599935620716675
3139,0.2613858008391931,126116.83006103517,11.249251015624997,-0.008091621371693673
3140,0.9500290706186654,475690.22734619136,6.985559502563486,-0.24670503066547292
3141,0.4494827616555218,264554.2827258301,9.288401245117187,0.062177989939003586
3142,0.816097734029034,368805.8360449219,5.158131999999983,0.23716727508575863
3143,0.7262973334574568,388168.64855285647,9.288401245117187,0.14031717524782233
3144,0.7631194393095052,397052.46984375,8.437662007995625,-0.0637624750694991
3145,0.5468810440824058,385137.1589575196,20.93106812316894,-0.1694868483519141
3146,0.6097733854482255,244843.29830566407,7.924240513183596,-0.03481900188601429
3147,0.5895558200156725,305536.11522705085,9.500499492675765,-0.5377144050637134
3148,0.655008712188037,476274.76508056646,9.288401245117187,0.006660771977336868
3149,0.4245635606799739,242014.9059960938,9.288401245117187,0.20276918384641637
3150,1.0483085762044213,397743.7249566651,2.7136290037842,-0.1827429441107592
3151,0.16448684700080585,81966.74488525392,13.23604324511718,-0.07265864945248912
3152,0.8150404473561321,503026.7852404786,9.288401245117187,-0.4104436897965024
3153,0.34219473285905255,220232.35875488285,13.553451513183596,0.1570834473841526
3154,0.19757806012065476,81647.2049511719,9.288401245117175,0.05083145744003788
3155,0.743892323369009,335504.28418701177,9.2884012451172,-0.448749606975267
3156,0.526624046111908,270450.0522937012,7.74634651318359,-0.512560423103328
3157,0.6004902207766707,327791.3619543457,9.288401245117187,-0.22479627334099456
3158,0.578088763335513,307629.84507568367,9.288401245117187,-0.07858381076924846
3159,0.47421040960450583,240432.28015563966,9.288401245117187,-0.20800506694032822
3160,0.4050580827320891,218473.38018127444,11.073578628417966,-0.030434984081309912
3161,0.8845678244294548,588398.1951611328,12.096101021728526,0.30370453096760675
3162,0.8082804554268738,361839.5289050293,5.979217009887694,-0.3272730109243796
3163,0.4357905370647163,279453.71894714364,12.160800018371596,-0.1584426834987828
3164,0.31849211411305933,147249.81522277836,9.288401245117187,0.36549677025274424
3165,0.4408203723012658,253572.82867797848,9.326107255004882,0.03926261691394097
3166,0.15003252649689602,92171.44476318362,12.096101021728513,-0.2679396508706692
3167,1.1285407833380854,524702.3383703614,2.005321502563497,-0.27952846475537374
3168,0.4674076528774683,372173.38772094727,21.006482952148446,0.49730646555955343
3169,0.3297743882609581,197479.46382019046,9.552052513183607,0.3938592678038497
3170,0.23869083183940454,145991.65489746095,16.5315862631836,0.05292969994123426
3171,0.5884894842288405,248098.22501953127,9.288401245117187,-0.1118430238398289
3172,0.06844821576805303,42116.80260253908,14.268639245117198,0.37406421992534183
3173,0.2931970197401998,183855.35991577152,18.653490508544934,-0.2214786271607753
3174,0.25827290179542184,157315.89989746097,9.2884012451172,-0.3035898861271448
3175,0.7769579576757908,440100.354128418,8.557433894165047,0.1321020756054217
3176,0.14644898848038004,67054.1300494385,9.329992508544912,-0.27981371020534407
3177,0.38132945499320964,231247.6850463868,10.154862513183593,-0.332568623264344
3178,0.7495324382063363,522388.79529174813,9.288401245117187,0.04110858331975103
3179,-0.046783800915537035,-31204.443482665978,12.394725369995124,-0.32733835485158935
3180,0.8771960907460636,456518.1900732422,6.701005999999983,0.16586581091873276
3181,0.6859206531095284,320780.1762353516,9.288401245117187,0.2209212770733314
3182,0.3927334862696128,133813.0499865723,5.4349424940185385,0.06137841192864354
3183,0.6951220209450218,343362.65150756843,7.74634651318359,0.15193267539284686
3184,0.15574719330796222,86569.05996459967,15.443777018127427,0.330772301225309
3185,0.2165259794955829,103910.8436053467,8.883996015747055,0.39943071764893767
3186,0.6026616744677015,281773.5838519287,7.746346513183601,0.12534728877188137
3187,0.299936230384521,199427.04004760744,18.118844017089835,-0.21613319642127105
3188,0.533424928694505,347990.9712420655,9.466295245117182,-0.092744799326464
3189,0.11676990881740648,82373.65731689455,15.585083763549815,0.24136384512955888
3190,0.430861454294654,241438.92144287116,10.128054987915046,-0.06308013681605898
3191,0.3581913798061252,246896.1949755859,10.335431513183588,0.09323071652227646
3192,0.48735764404927046,213995.45875976564,9.288401245117187,0.6365723716073626
3193,0.22177957535655354,118677.9199523926,12.883987005859382,0.15530502262356355
3194,0.6304908420509057,366479.10877197265,8.902122723388672,0.41863196793106294
3195,0.5448937725879084,316536.88598815916,12.096101021728503,-0.30216552670699665
3196,0.307028706258703,176795.26250122074,9.288401245117175,0.021643177717190484
3197,0.528486988526439,255879.73868408205,9.288401245117187,-0.004991060655302474
3198,0.8297065043058613,463424.85969604494,7.746346513183601,0.07752475969685298
3199,0.286932822356775,214680.7773376465,10.042277015625011,0.17256776223349174
3200,0.26126984649853324,119876.70003234863,9.773706000000006,0.16558881226488611
3201,0.7954490351225069,359937.621237793,4.980237999999989,0.08862711959531515
3202,0.28213875870204985,177648.21082885747,10.574241367248527,0.23419882873826298
3203,-0.31176598603827826,-134918.09207275388,20.438227447021482,-0.12594401204720831
3204,-0.054471842488393506,-39812.433637695285,14.185788392822271,-0.22138281588520944
3205,0.4875475149045599,279332.41501342773,8.808985014648457,0.2385459333419956
3206,0.13484677798488426,107360.2450335694,19.2282465131836,0.13691988620533155
3207,0.4346945482355079,247695.69486999512,12.726584513183589,-0.23405243612707619
3208,0.3729154364452271,253411.31997314456,16.592554021362307,0.11712414955185382
3209,0.2527209433405181,163215.41484863288,9.288401245117187,0.06432172895218612
3210,0.7404919154751792,395028.6812750244,9.288401245117187,0.12998545202509815
3211,-0.0346666562303172,-21837.625181884767,17.165681513183586,0.05249310638581649
3212,0.5856196593139492,230721.26074951174,6.174472121582017,-0.536353312653945
3213,0.24519783972005788,164618.22373840335,10.831275245117187,-0.4475978733907999
3214,0.11305558732722583,58129.82982299808,14.399572999999998,-0.02650900978419692
3215,0.6001049190005456,316177.5271710205,13.063152018371573,-0.2839701833556878
3216,0.9931389198600403,376408.9710772705,2.0053215025634854,0.1889909508862443
3217,0.5449829893904378,283833.3944995117,9.709455005859374,0.24343362696776596
3218,0.17319339240295137,129638.91604003908,12.397350239013672,-0.4404535251620966
3219,0.7020162409487093,493235.6438177491,11.855279751220694,-0.1198041261039797
3220,0.5239530241527596,336812.7303131104,9.288401245117187,-0.10415430413758273
3221,0.7666012053688236,450072.1688024903,9.288401245117187,0.14947592956042058
3222,0.08697352879619158,41762.17488037111,11.927644515747076,-0.08732322432169048
3223,0.6700485643516159,307388.885302124,7.746346513183601,-0.054606790720779466
3224,0.06285509254456523,37733.94480407714,13.507234796142578,-0.45414915096723907
3225,0.4152990280275488,212219.5873034668,9.288401245117187,-0.046117422319557386
3226,0.17884414760623463,85792.51004455569,10.324067867614737,0.24475276920372538
3227,0.7203458720583584,403661.97986328125,12.336049516113277,0.010121555255559718
3228,0.3595599227306875,169132.92473144532,9.967345737792972,0.09940179474902937
3229,-0.0985908516174024,-35718.12764282226,16.60848414001465,0.09506118425170516
3230,0.8117780740666264,493696.8207946778,9.751668015747052,0.3553865042209911
3231,0.39842634192964016,277687.9968206787,16.65378149487304,-0.5303234914169728
3232,0.0009989826099791209,576.5049951171677,14.277545006469719,-0.3275136815230172
3233,0.6697063745297369,376573.3471777344,10.492834005859377,0.02985787037690059
3234,0.16088854604223338,117688.24890502937,17.334119130126957,-0.33019540879937104
3235,0.6374210580496218,339693.3963806153,9.288401245117187,-0.6019760319080509
3236,0.6796848787091175,408832.85553222656,9.445803737792954,0.34217518188318624
3237,1.1470372866328769,470357.4632043457,1.7252900153808763,0.22969605910545038
3238,0.6121501880994222,380224.4265405274,12.096101021728503,-0.03486913603558765
3239,0.5889653363098452,294961.3211669922,10.335431513183588,-0.26854115757506963
3240,0.7540177868728969,390178.10500732425,8.52558624267578,0.4230768317166789
3241,0.7388722672803644,331104.97015991213,11.557374015747081,-0.004635263554839579
3242,0.6632078671298948,381205.88979370124,9.41933500000001,-0.038341073606193786
3243,-0.0753146398211411,-48505.92123168941,18.762267259521494,-0.03822692206233453
3244,0.33707811679489647,180935.3485803223,10.161918896484375,0.08952412103121529
3245,0.6509709945817159,298695.579822998,7.746346513183601,-0.10538725369079721
3246,0.6524912674059004,280411.7750317383,6.7001205054931585,0.3522314958685558
3247,0.4588114507541721,250927.1885620117,13.25983265222169,0.30169506188440565
3248,0.9893890489680472,382216.83483886725,2.9472325179443346,0.1742676657399868
3249,0.1049634633388481,52613.252654418975,9.2884012451172,0.09311410033521401
3250,0.43946743842502906,257192.15201477055,9.288401245117187,0.08533354041553812
3251,0.9158972996663689,497181.1463244629,9.288401245117187,-0.22436712150769206
3252,0.27119761446807683,161170.14734191896,11.143595254272455,-0.1161599074110492
3253,1.1131006901440283,539868.5629296876,2.5890849999999976,0.024680654713578512
3254,0.47699568617405713,143265.89490112307,5.017944009887683,-0.25175722741192746
3255,0.1359346136883079,76194.98986267092,12.096101021728526,0.14297134004741832
3256,0.5490446672987019,345089.0274353028,9.960476000000002,-0.0894231944626205
3257,1.0436834483150128,673470.8477600097,9.288401245117187,-0.39396751826251625
3258,0.6708739794464321,299382.3000390625,6.115135509887687,-0.23253789071550957
3259,0.5675356285116179,249217.804788208,7.746346513183577,-0.2578331583654242
3260,0.6534771853696385,299510.52494018554,7.121149993896485,-0.4742852659258224
3261,0.8529995934423286,557715.2699291992,9.288401245117187,-0.04960795361894389
3262,0.5188956118469981,251142.4017773438,9.288401245117187,0.07609285385312939
3263,0.9472618769098127,555366.3514294433,9.312307747558597,0.3189663375359727
3264,0.41342366832391786,199506.36364379886,9.288401245117187,-0.01578875476303873
3265,1.085051195967407,552725.620008545,6.985559502563462,-0.6845596821641853
3266,0.6283542945411646,378892.42000000004,10.061333236572263,0.2635723699426105
3267,0.5517163962660829,334148.6300122071,9.288401245117187,0.043088508593300795
3268,0.09537005313967058,41449.7608355713,9.288401245117187,0.4072107290765696
3269,0.11949772153009844,68406.1446850586,12.096101021728526,0.07894821014045315
3270,0.8203863784848732,470776.87202636723,12.096101021728526,-0.19348999224558044
3271,0.3945938882844084,256534.46241027836,13.411262737915013,-0.09844075593946106
3272,0.5308060166856755,237970.0183795166,7.746346513183601,0.10796088752958456
3273,0.7576732368903489,386850.75479003903,7.762489015747072,-0.05115915645257747
3274,0.39391426795914536,312342.0023693848,12.185443513183575,0.042005886466313806
3275,0.39872264870825197,161281.9498590088,9.288401245117187,-0.009967977140595588
3276,0.7487303802049993,232627.1209375,2.8871592451171715,0.021919037833039865
3277,0.6977711329016015,407442.77234741213,9.288401245117187,0.18061006548714284
3278,0.6137578812394069,371734.0703045655,9.288401245117187,-0.0018185058314866124
3279,0.45374967751958833,314431.218626709,13.375966235961906,0.39381824349830974
3280,0.32617643192173146,180220.08493591307,15.714346513183603,0.06009144371696186
3281,0.2340311806466183,153371.3198291016,12.967996532959003,-0.26238505927946165
3282,0.5061436846342301,246054.2420544434,8.676307501220704,0.13176026005081154
3283,0.5021306575054949,185258.82470031743,5.158131999999995,-0.2269314869169251
3284,0.3355112764853646,203161.75629760744,14.74028264331054,-0.09637221919336264
3285,0.3238133071379118,197509.31458862306,13.825569021728496,-0.2302731764074621
3286,0.5902244851099142,379460.4894995118,12.904563767395006,0.14603664898228677
3287,0.7035791587536961,385402.2064764405,7.746346513183601,-0.015433714999093668
3288,0.6798621657957594,431231.7652917481,9.288401245117187,0.03408456415189346
3289,0.8404334003159747,454471.8528460694,8.606750735351582,-0.11026999107871027
3290,-0.0762402491264863,-25768.100058593736,9.768243000000005,0.19214182145584702
3291,0.5820417732899079,363058.9352697754,14.745891493408195,-0.2871705756484552
3292,0.1498495804038237,66529.04500854493,8.789430513183587,0.05136048602721581
3293,0.5276315710770297,248595.5916687012,9.288401245117175,0.3226524451330119
3294,0.40863790483801776,245160.70525207522,13.897371215820312,0.1722089393224486
3295,1.0658029323501614,447599.57344970707,4.9802380000000115,0.10337181772446873
3296,0.6225632916379505,346983.27784057625,10.971039127197256,-0.14081003880058637
3297,0.3604482087166064,192006.54506835938,11.463102614868165,0.3831064324983093
3298,0.09432615820497148,60090.13231750492,16.755646748229978,-0.15600932004084483
3299,0.4688183980998589,208511.0051098633,7.746346513183577,0.11607689039780651
3300,0.5330804821714812,201566.26490112304,8.68825752856445,0.11184655246174396
3301,0.6249662481391576,334609.82501220703,9.54252324804687,0.23060334128628573
3302,0.3124481674211597,183227.7237072754,15.945260513183591,0.0842366220473165
3303,0.5788313942757491,360364.0140087891,9.288401245117187,0.02195795938748732
3304,0.3868133046501556,236598.46741577153,14.268639245117177,-0.07345574173928082
3305,0.969730157492215,531637.9335961915,7.74634651318359,-0.34727455927741785
3306,0.46532819782299656,245000.18864868165,7.74634651318359,-0.03365125599211093
3307,0.7902288429290959,463060.0362536622,9.288401245117187,-0.3293792354742967
3308,0.5833756138748024,333952.5870227051,9.329992508544912,-0.3778802582993729
3309,0.2260537571117795,111845.42506530767,9.945585513183591,0.41002040525284317
3310,0.704193004669681,507525.1299176026,9.288401245117187,0.3081292608916794
3311,0.640719808644258,189319.6489300537,3.7130680000000167,0.2219393194101764
3312,0.35088248082524426,173254.1630194092,8.882636521728523,0.6955566645086533
3313,0.8739657370549561,395565.16485168465,4.9802380000000115,0.11726263924618498
3314,0.025693846738646015,14572.793556518584,11.187366516784683,0.3166861111780753
3315,0.6286441444943487,379628.2487890625,7.746346513183601,0.12057174822224963
3316,0.5701969722378138,423054.21849853516,9.809943245117179,-0.12871081513958182
3317,0.7242321134186875,400585.17998657236,7.74634651318359,-0.11195072629193516
3318,0.04675283590186829,23096.095134887735,14.867496507080075,0.017380371592257148
3319,0.3577333698996774,220215.0565716553,10.42977863958741,-0.04121679834262334
3320,0.3432383284316288,229681.49533691411,10.20271399999999,-0.014591893375934984
3321,0.4304209497733608,237312.7404656983,9.473471745117171,-0.12308648897307951
3322,1.1425260700581956,604500.0536639405,4.9802380000000115,-0.005151319909648185
3323,0.5109036721176013,315853.3236584473,9.552052513183583,-0.17861509194784533
3324,0.6781558797152886,433322.0970825196,9.552052513183583,-0.016771634876936833
3325,0.39405913784507335,171797.8115649414,9.709455005859386,-0.10552150599653015
3326,0.3145699529882842,184018.96669189457,11.322296215820312,0.040591092971513226
3327,0.549931720429535,270546.45728332526,7.74634651318359,-0.22359248141076732
3328,0.48798593546217156,380330.53367797856,9.288401245117187,0.003388722396964054
3329,0.7092808121443369,246500.57634399418,5.7913253809814575,0.22218194722489082
3330,0.17290318113392528,114776.0775909424,14.089165736572259,0.027238463044779806
3331,0.26296887831192406,121664.08263549805,7.746346513183601,-0.16767297945030382
3332,0.5030916075890833,347294.73466735845,12.096101021728526,0.009579650380335194
3333,0.6761257952912108,372363.42486267095,9.288401245117187,-0.007105550438585359
3334,0.4596395745066567,248895.01363159184,9.288401245117187,-0.05369385347225789
3335,0.4996464057138853,267046.1300366211,9.288401245117187,0.08559553088578632
3336,0.35816422193952896,222280.8442102051,14.250127506958018,-0.06216713700570192
3337,0.3712707962209247,174306.49037719727,9.329992508544912,0.08407946301647062
3338,0.38379695893445304,193375.12991638185,8.52558624267578,0.38211819217495857
3339,0.1583771784627998,102329.40888061532,12.185443513183587,-0.11449493744298807
3340,0.7610079633926685,389002.6074438477,7.746346513183577,0.3570074099041563
3341,0.7406650144195486,289321.0712316895,4.51690500292969,0.5223633280357907
3342,0.5558181715664449,275595.6819238281,9.09874229589845,-0.38816865297787334
3343,0.34628381186136464,166199.2994104004,9.554396516235359,0.14437761452178907
3344,0.8020684326759248,472624.42509033205,9.288401245117187,0.06514553562883739
3345,0.18651816957898643,113155.05999694824,11.076040021728515,0.38573948821379045
3346,1.0669891907447353,450070.65501953126,3.2166124971923886,-0.14554023710688022
3347,0.35956872474300833,136906.1098919678,7.74634651318359,0.27306251369791246
3348,0.6696461055410234,300537.2480230713,9.288401245117187,0.3138786103363434
3349,0.8989430657853724,460886.930300293,9.288401245117187,0.00561221158636182
3350,0.5074669583968426,252980.31083496095,9.288401245117187,-0.1227135848364671
3351,0.6888583388238234,356493.7658447266,9.288401245117187,0.07538264937768938
3352,0.8442072667067584,479749.6261523438,7.74634651318359,0.16982286060371551
3353,0.7123307361917278,288313.0049749756,5.763617000000004,-0.28842650854954854
3354,0.6395080417542636,405021.75999633793,9.751668015747075,0.24323699720173744
3355,0.5067492085668402,339366.36010131845,9.812840495605464,-0.15861932727849196
3356,0.44385710429177766,316203.94860839844,9.50788650854492,-0.06460621285068699
3357,0.11477737548862549,67522.47745727541,10.467603768188482,-0.14300789988061588
3358,-0.03288561613213431,-17717.120145263652,10.533954259643552,0.2718791133675533
3359,0.7317481178870724,411745.6805090332,9.288401245117187,0.08823318334529594
3360,0.3625387418757016,271948.5113012696,9.751668015747075,-0.009110055609393333
3361,0.5817720581178885,292064.75597900397,10.68998451837158,0.399030303819299
3362,0.3643529932293946,198932.36677246098,7.746346513183601,-0.3561064153643541
3363,0.3973580230181069,185643.73012939456,9.288401245117187,0.2493841112921989
3364,0.3917258140891427,151551.77996826172,8.179513504760747,-0.12302703336110356
3365,0.3789187625697127,178651.19255615235,14.3687197347412,0.31453478515154115
3366,0.6633741027248612,341800.27344482427,9.2884012451172,0.24271954825541472
3367,0.18709738040193497,114530.16517761233,11.401363243652334,-0.06638271927951472
3368,0.7996441424455775,330757.71513916017,4.9802380000000115,0.0035822541445148367
3369,0.4037454998901683,309163.98775268556,10.99640673913575,-0.11249203270725855
3370,0.05270269179524049,37192.15126342778,16.616040127929697,-0.005545069891456956
3371,0.021271982190410137,12677.135020751986,12.745720005126948,-0.014603969642624186
3372,0.5722911788784977,428276.5326745606,9.751668015747075,0.47360149658436507
3373,0.6403887987762578,427150.70257324225,9.288401245117187,-0.05758638418213469
3374,0.10917691855014204,73994.62642700202,13.194451981689456,-0.4270047468901896
3375,0.5241191960513063,244100.32492858887,9.288401245117187,-0.07363371737605617
3376,0.42367962954790284,255518.72507385258,9.751668015747052,-0.07223616520138108
3377,0.24362671024794016,157431.35254516607,15.550795017456043,0.2287131292680729
3378,0.281444927065386,197050.34740661626,11.557374015747069,0.44491488108107846
3379,0.5272427693441373,373467.8567315674,16.886076717712402,0.23972580741605168
3380,0.6639379738503879,486122.6377954102,13.194451981689456,-0.11779685078072517
3381,0.5828450125347,291461.2654278564,7.746346513183601,0.24332427655145203
3382,0.7360930708898381,419035.31969543453,9.709455005859374,0.16861451203415728
3383,0.40210394986615033,220580.22669677736,11.909354730468756,-0.10502252640417759
3384,0.3611088176007883,207116.07319885254,9.751668015747075,-0.5020013921632291
3385,0.21898005406943022,112692.5150305176,13.745824881347666,0.22164880476167145
3386,0.438683199536946,264563.31845703133,14.744221221923839,0.08250034480751144
3387,0.3847050306638077,239216.39897644048,12.868811133422852,0.03955982340170008
3388,-0.15132023717510817,-122418.95109985351,28.506232534057613,0.13881181542951712
3389,0.2724426462158724,157720.94489624025,12.340753015747072,-0.3314080604060032
3390,0.19880041154605121,123766.57124023442,9.454858372802729,0.2382931575852074
3391,-0.01412865076391838,-8429.470137329092,15.508835528930673,-0.0645107326383065
3392,-0.25499377675847207,-145346.635,18.993359499999997,-0.3570795279824853
3393,0.7869161053454378,324654.0501800538,6.7882880030517585,-0.37074530219022034
3394,0.727452125471581,266780.95208129886,3.8133715056152435,0.11259708645275325
3395,0.4769651281900002,267526.65241455083,7.74634651318359,-0.7163319148370741
3396,0.5194170779666061,291834.8098901368,9.2884012451172,-0.10449192251966175
3397,0.5162209193618877,295204.0839337159,13.241934374816902,0.2717790957756621
3398,0.2339558094571093,100619.13662597655,10.672365511474608,-0.0837394532512501
3399,0.8278997423539511,560462.5467749023,12.94823799999999,-0.4840184401343279
3400,0.8720365886137419,311668.8750122071,2.005321502563497,-0.19414251217835277
3401,0.6057574435484241,347206.7021533203,17.051665285278343,-0.0683364069795308
3402,0.12501097005443568,71355.88723754886,15.653522784790047,0.18345534802623464
3403,0.4659840326404958,268207.6304614258,12.101387993896473,-0.3276121524400174
3404,0.570288111570574,352250.9209759522,12.755688021301268,0.01633082244325265
3405,0.5701512935021364,251991.22604797367,9.288401245117187,-0.4767163352840041
3406,0.5938389415532074,308070.0198358154,7.746346513183601,-0.2550427888388139
3407,0.5164915540263203,313237.5525317383,13.879676239013673,-0.20389880485357234
3408,0.09163148309797786,74235.37229675299,14.339358002197264,0.08822452502441197
3409,0.5520517325431962,391075.5947619629,11.174252519897465,0.2557264538305871
3410,0.4820947938333798,265554.66739074705,9.2884012451172,-0.16929856133930607
3411,0.09264593162476163,47545.53760498049,13.977830981689445,0.344003261519164
3412,0.4614196324662145,279670.5098657227,8.556676492675766,-0.12531010568604642
3413,0.51244072044436,287215.72711791995,8.307162489746093,0.08111418104532639
3414,0.6459269041084418,279110.7908007813,9.288401245117175,-0.5216157758607314
3415,0.25836499030257615,174072.2086022949,17.907398867614756,0.09056891036886403
3416,0.3933709274990008,279493.9030004883,8.731246509033209,-0.3337161785674256
3417,0.6813412737217351,413975.8520874024,12.964683242675779,-0.01545587459454342
3418,0.6261278184452086,408474.8826599121,9.678989998779306,0.10603671953011194
3419,0.6151020739503248,482278.97380126955,13.993493516235356,-0.030854067357699185
3420,0.6432992172850509,283725.50474792486,6.696014121582021,-0.15987563644667857
3421,0.6106833337328933,309348.803338623,7.903749005859392,0.03786235915168024
3422,0.5306359235754033,323429.6251538086,9.329992508544912,-0.18001333379010293
3423,0.8565890443499498,211900.49297729493,1.7241604926757863,0.19195239211928736
3424,-0.0851848215466932,-41212.06486816406,11.94462224267578,-0.6174073896002791
3425,1.2916641514714964,817202.44022583,9.288401245117187,-0.13009690210364036
3426,0.20203595663934223,120531.11320922857,16.01850321948243,-0.26013981457602364
3427,0.33774352198206564,184181.8769787598,14.867496507080086,-0.015021632593846819
3428,0.6258474610529347,418699.89377685555,9.2884012451172,0.22983384286950553
3429,0.4606884880049087,267636.11742126464,14.867496507080086,-0.39269692640250925
3430,0.4052687261600049,229758.26475524902,9.288401245117187,-0.26205092715527534
3431,0.7402667630634682,411280.08439697267,12.393587007080065,0.13467546244842052
3432,0.5934004408614063,234605.86337158206,9.288401245117187,-0.08362410066495335
3433,0.5759561343775623,291699.3431396484,9.288401245117187,-0.19945860370656293
3434,0.4161084925436702,299817.37705566414,12.096101021728526,-0.04590223688214457
3435,0.467090479255728,270511.08514343266,10.009397028259293,-0.20733867731179723
3436,0.39431908267163873,197181.79150573735,7.746346513183577,0.34679373908102096
3437,1.134121422014626,626407.5499053956,5.158131999999983,0.41715234112010974
3438,0.4046787508937179,220429.53251586916,9.773706000000006,-0.09095853669237945
3439,0.25961217033717565,141728.059909668,9.751668015747063,-0.17750083456949645
3440,0.9272610969038703,534997.1733972168,7.746346513183601,-0.343548890853698
3441,0.44755881208725007,240126.34891235357,9.419334999999998,-0.14099565248907753
3442,0.5954037984019573,275804.72431640624,7.74634651318359,-0.1078717058872978
3443,0.1737558761991525,111391.50496337895,13.23604324511718,0.12193004722102231
3444,0.46444031922620166,242464.900098877,9.288401245117175,-0.14060645157367188
3445,0.13935236079361504,117599.76271789556,18.843733494812007,-0.2487080223592263
3446,0.18818589208349965,73314.26508605956,7.746346513183601,0.0997482155331739
3447,0.6380688979148218,348955.718939209,9.996708746337891,-0.0007661124443168692
3448,0.4102657785386071,228443.38363952635,14.709845142456052,0.26467641747386766
3449,0.17171596478003895,107045.79607666019,14.818397516113288,-0.07575275372813173
3450,0.4201503119561916,277503.31000000006,12.631685736572265,-0.445697051610335
3451,0.6952654662689711,368334.8189123535,7.746346513183601,0.44290595468639754
3452,0.8801295539117665,420521.32315673836,5.015761372802732,-0.12319220893987334
3453,0.21273500046692195,110958.37224975586,12.772173515747069,0.1351533007236384
3454,0.610290713250263,254974.54480041505,5.66353651037598,0.011376719935308194
3455,0.963568920179592,559525.4065039064,9.288401245117187,-0.24810112615114735
3456,1.131475162384536,452749.6772363281,1.1165455093994154,-0.27277420056940505
3457,0.05728787750983055,34171.68474731449,14.169043513183588,-0.20248569534018107
3458,0.4439185077081807,251828.4203088379,18.15040573779296,-0.754147264981115
3459,0.11205718824198797,67368.65892089847,12.48830912475586,0.0334958168328431
3460,1.2180185897650615,600197.294998169,3.5375180030517512,0.068708678931511
3461,0.7724921773086147,446208.6842797852,9.288401245117187,0.15262285158345698
3462,0.6122457715931076,388683.08649291995,10.1154085105591,-0.1413613052141191
3463,0.3728844420784506,260598.24732543953,15.388817535766586,0.2807204805365674
3464,0.6552745601696132,456319.4906500245,11.21531822192385,-0.004503301548866797
3465,1.0595775964275382,622407.54210083,9.288401245117187,-0.08422423294222092
3466,0.43864347331847453,241293.39000122072,9.288401245117187,0.25523031900423404
3467,0.4380764578173649,241133.87375122076,9.288401245117187,-0.0030948464294838444
3468,0.13201839769187163,40173.9677722168,9.026404377929703,0.20225990610726322
3469,0.3150944057405599,138130.05841796877,9.419334999999998,-0.5320470644531995
3470,0.915018475780942,506808.6173779297,6.9433464926757855,-0.04471544042911126
3471,0.36816577068939393,196628.54991821293,13.901807021728507,0.13969697646935708
3472,0.6461128882562465,233805.64296875,5.137640492675791,0.3579047666716652
3473,0.3252649343143425,144941.5562225342,7.746346513183601,-0.013432769365650599
3474,0.6803240587535014,389095.26499267586,11.066194751220685,-0.004011634521546197
3475,0.47592824404905215,286117.00997314457,9.445803737792954,-0.10280623866846811
3476,0.8584641626649891,313016.9960900879,2.005321502563474,0.3412023715148443
3477,0.778647934253779,490010.9313232422,9.288401245117187,0.1333239972037276
3478,0.15447037423392115,94298.96252197269,17.964072484375002,0.43193080452693516
3479,0.9446552479715249,326950.2280395508,2.005321502563497,0.03054609004363815
3480,0.7977294088429926,405261.46609069826,9.288401245117187,-0.021109022864997766
3481,0.5938606825278764,216399.9599511719,4.9802380000000115,0.24335342689409142
3482,0.3509249365484242,139498.68523132327,7.121240492675779,0.2257806500107237
3483,0.5187848093838732,203263.00224060062,7.07780100854491,-0.3391329299559701
3484,0.6022452935717217,281889.16630249016,3.023060501220706,0.4199797937300201
3485,0.8172964937308871,244433.30353515627,2.7887005025634775,-0.16136326133077045
3486,0.5590825723672099,303876.5336517334,13.301023662170419,-0.07379371372494146
3487,0.6149150139540615,297120.0747766113,9.288401245117187,0.219918673245458
3488,0.7654997131236273,367928.4060327149,9.288401245117187,0.09664589783709396
3489,0.30374631955081033,215499.4165197754,17.874344015747052,-0.02094209486529296
3490,0.18040454963714567,142015.40493286136,20.814420513183588,-0.17405798694123634
3491,1.1781941092305839,540375.1849926758,2.005321502563474,-0.44084067019795864
3492,0.7301185339131483,383264.80875122076,9.41933500000001,-0.16590653433249056
3493,0.2836066679935282,169021.361605835,9.942313634765613,-0.07670713993796625
3494,0.34798252870165114,195360.54504150394,9.751668015747075,0.16174978030713155
3495,0.3474029647944041,265516.8850048829,18.06080375830077,-0.3064297819115404
3496,0.3078420445409735,186386.84056884766,13.194451981689442,-0.18700356571937637
3497,0.4347011409498539,211304.1349389649,9.288401245117187,0.30424359828638337
3498,0.43528249718808054,272251.68000000005,12.096101021728513,0.18653746348791844
3499,0.5997632776231556,246399.37735778812,8.52558624267578,-0.1160616193866891
3500,0.6865280711559815,413814.6700225831,7.746346513183601,-0.22945703086016264
3501,0.5512546055777198,254460.16014526365,10.535047015747079,-0.2307971581924245
3502,0.844943696258015,435014.0000976563,8.866975006103516,0.027057935807508142
3503,0.43795589201031304,230857.01512939457,7.746346513183577,-0.24324713893641522
3504,0.5430845145156253,307302.4135333252,10.768678512207023,-0.3542227621881413
3505,0.6047904741097923,179090.57006347657,2.005321502563474,-0.18108063532227237
3506,0.1978434287642302,88596.1937261963,9.951727510559081,-0.20634119062732384
3507,0.34764238790196333,160012.6855505371,12.7265845131836,0.09337049996342814
3508,0.3999499465960301,198694.43983398442,7.746346513183601,-0.7258886033508224
3509,0.7810360196105243,332406.9821362305,9.288401245117187,-0.17815532703788559
3510,0.05340979798767807,24158.946154174788,12.678066507202143,-0.09615880026100616
3511,0.4925877343494671,222754.02997436526,9.288401245117187,-0.12493555661597903
3512,0.9108660984440701,606048.8351062012,9.41933500000001,0.46428091683859174
3513,0.31849233632622526,186962.41493896485,11.033305021728506,-0.024129064981731972
3514,0.3344354918129023,213724.27469726568,11.008959984130854,0.4453024230970515
3515,0.6249431279250632,322776.44142944337,9.288401245117187,-0.08443626674513134
3516,0.6510440734228188,312697.3019970703,9.288401245117175,0.09643577196176482
3517,0.4262261676944231,191140.11787963868,9.288401245117175,0.20604284569722087
3518,0.39996446101852623,195366.1351208496,9.288401245117187,-0.3178620937189402
3519,0.6768330417121237,364927.11513122567,13.711414524536137,-0.392099087499536
3520,0.37011559518195897,234434.83633789065,7.9037490058593685,-0.17520202308364563
3521,0.12066932438456449,82260.42385986331,12.267983024658205,0.05877490038207274
3522,0.3963826753958269,197843.08411254885,9.697414733032218,0.3062926099084805
3523,0.2068259948880324,140230.48136840825,9.346835614990233,-0.34173258975467413
3524,0.34404373270796185,165257.14977661133,9.288401245117187,-0.17113202095582106
3525,0.1641849163771099,79533.08000610353,12.726584513183589,-0.7393747136404157
3526,0.2242212366248996,112897.22616455081,11.281520513183601,-0.4717813128293953
3527,0.20765375616241113,96760.85013977053,11.833450500610354,-0.1754239975527309
3528,0.8870710975137183,475087.0321325684,9.288401245117187,0.19358466577047598
3529,0.41182749724207873,214322.60140075686,7.74634651318359,-0.08759772891326242
3530,0.19669887317121834,103332.6297485352,18.18602052612305,0.01578766248169362
3531,0.08508485985859339,42396.902947998075,9.288401245117187,-0.0018356548145163213
3532,0.2389315877208356,148864.58901672368,13.731616999999993,0.10328876609673372
3533,-0.12615588996536567,-58312.95005981443,12.962687516113277,-0.13364393614825515
3534,0.6719226351183006,357869.87339965825,9.886848221923819,-0.040271136373105906
3535,0.4779649928663732,199041.94750976565,7.968,-0.1919118414486753
3536,0.19206460240081927,100320.97004882815,9.308965242675784,0.19872565957662483
3537,0.682924642215081,283750.90283935546,8.893055504516607,-0.49197711231298286
3538,0.2911092057640155,200497.8666760254,9.806779730468733,-0.1596547103781059
3539,-0.21277253921591643,-165884.9999414062,26.320552002441417,-0.17365989451903102
3540,0.5949310152047045,396001.25227905274,12.101387993896486,0.309148818020677
3541,0.5632918693278333,249870.54993164065,7.968,-0.1806245119874099
3542,0.3525987724679867,199154.1802410889,7.746346513183601,-0.15422795758997915
3543,0.44808457951431985,255325.9534741211,16.03425275952148,0.11912322487812467
3544,0.5480268837423756,161303.9037261963,1.8412293728027491,0.09199784185692149
3545,0.4722928258632962,253834.46505615237,9.632752372802726,-0.19504917639235692
3546,0.5125561105532891,331365.282611084,9.288401245117187,0.2600023923788484
3547,0.25498318579889834,139160.5672607422,16.352170021728497,0.21534779327955508
3548,0.5019852208908026,272308.74143798824,9.2884012451172,0.4228239862557997
3549,0.3370969471587744,223824.62502502446,14.552468508544925,-0.8608727687795528
3550,0.6948486950953302,337505.5767126465,7.968,-0.06401433575111541
3551,0.5886109081897044,366867.1772558594,9.288401245117187,0.01894878551999694
3552,0.5297616493712292,290620.55403442384,17.034747758300778,-0.09552005245741062
3553,0.3789690434511254,144433.51999084474,8.228031510742182,0.2797481177692012
3554,0.03552033847083244,16479.477370605484,9.288401245117187,-0.32706045652412036
3555,0.34406571816566445,237823.80136962896,9.288401245117187,-0.1338767102893559
3556,0.2613933927415192,180200.16963012703,15.343434515747056,0.09918846684872466
3557,0.6543565640871241,300615.2553015137,9.288401245117187,0.199777848686189
3558,0.7037799514221754,469254.8014868164,8.437662007995602,0.07845136783372658
3559,0.4116418779715067,188606.8171740723,9.751668015747075,0.33345448530419786
3560,0.9404478243590118,538421.8478918457,12.519274224365246,0.42189298005597947
3561,0.6292959124262575,379650.89337402344,12.096101021728503,-0.09252325124700163
3562,0.23803576362254394,151793.84491455083,9.288401245117187,-0.06203930559294971
3563,0.3412302368354786,180172.91732849125,10.333203013488767,0.06933654866468204
3564,0.23968368427985548,134173.7559289551,9.63189612957763,0.10349100765233056
3565,0.2301005781843908,150278.4101025391,12.74338623046875,-0.03843391413788187
3566,0.31911115737943757,217486.01609069828,11.666823258056654,0.263557923464728
3567,0.7151347542852527,390021.2599981689,9.288401245117187,-0.3421890141394922
3568,0.4069090386560916,196128.0727850342,8.804600006103517,-0.0036558517297645863
3569,0.4768803748823697,277795.7588549805,10.177562245117185,0.21615784417705394
3570,0.39359028728443457,175434.1362878418,7.74634651318359,0.15312409584482897
3571,0.43266658954480763,206667.03992675777,7.74634651318359,-0.16662507455523
3572,0.5789706695363674,376622.53982543945,9.288401245117187,0.019920377568188864
3573,0.22748678493474844,132378.67999633792,9.597229000000004,0.20204326487229662
3574,0.5783377226872403,387998.52351928724,15.714346513183603,-0.06423955950249803
3575,0.5574528423275423,237577.67992675782,8.437662007995602,0.27377888081952856
3576,0.14423900879413323,86326.97629638675,11.791124237792962,-0.17361119140692438
3577,-0.037432384155813916,-22949.69494140621,12.211128714965819,0.064617620097964
3578,0.4898460716037429,219431.37375244137,7.746346513183601,-0.07835819536263587
3579,0.7768018171922125,478274.8085815429,12.096101021728526,0.07085686460645066
3580,0.3853885251189409,224005.61874145514,9.93475362866209,-0.36704133248533044
3581,1.0104534753709946,470922.99836791994,5.109613994018571,0.12235737358285104
3582,0.6907006510776936,321529.76005554205,9.288401245117187,-0.1620346137605682
3583,0.6734178357665548,316198.1000598145,9.552052513183583,0.42213113344628556
3584,0.38167192777061465,224033.11734008792,10.45880901574709,0.451814783697501
3585,0.5726004410089636,389363.4715454102,9.288401245117187,0.2815450867599627
3586,0.3487803109040068,210335.56371826172,12.096101021728503,0.28671012880561236
3587,0.48093464239719114,250337.78611938478,13.072154513305659,0.4735039118251209
3588,0.9877108493858634,676107.4750628662,10.530907745239256,-0.26446143459618027
3589,0.06577838527791204,38928.23507385256,10.363193021728517,-0.3850241570844152
3590,0.925081682579112,637794.9748803711,9.288401245117187,0.21634250628489984
3591,0.6659205509864884,353177.52223510743,9.288401245117187,0.17533981726702275
3592,0.5677639909773284,352068.11210632324,9.288401245117187,0.12161530981934113
3593,0.5445992166952532,368072.54765136726,14.75194000036621,0.27020602704021285
3594,0.48013391368459224,283214.2388134766,9.288401245117187,0.098902950558324
3595,0.5593025469021683,324146.0449072266,10.380608000000008,-0.23364556787633686
3596,0.4185324590574568,273002.9233789063,12.096101021728503,0.2677171490670587
3597,0.058768057043274355,33937.79117919925,10.259851242065428,0.5236724760090753
3598,0.4988093649136434,271575.53911010746,9.288401245117187,0.20581428111946456
3599,0.4547367482091335,337648.60494873056,13.638155753662112,-0.11706634490407646
3600,0.5604244365749815,360826.851260376,10.241625394531246,0.09372643100208984
3601,0.46370982008335404,271943.907130127,9.751668015747052,0.09903980371088907
3602,0.5393172767933501,249295.594541626,9.288401245117187,-0.5617199891889416
3603,-0.15646931485447052,-79941.64253173827,18.320473774902336,-0.2537828650980549
3604,0.6165652154388278,353116.7163781739,9.288401245117187,0.257050306084875
3605,0.3637026873705615,196803.8972662354,9.288401245117187,-0.2564756697127806
3606,0.6150371287635447,345633.0338647461,9.2884012451172,0.3722127085858638
3607,0.6283260939684521,237599.53489257814,5.175346502563485,-0.28861265008370185
3608,0.271681997529183,150149.30731689458,9.588741490234389,-0.290429448390851
3609,0.372704210672652,257041.09484985357,14.731991523071287,0.013648905861802448
3610,0.2739338189875857,141546.0196398926,16.6746385012207,-0.28409673475931674
3611,0.07668073238791868,40805.32633666995,14.98076673205567,-0.0916190988152994
3612,0.5415692999866408,298678.30872436526,9.497036239624023,0.4105611144731707
3613,-0.0687115128359075,-42016.43763854978,12.185443513183598,-0.4652448048542372
3614,0.6070525935564367,366058.79521972657,10.563438627197268,-0.10433511938809868
3615,0.18561645022375234,84660.59643859866,9.288401245117187,-0.5189153561347588
3616,0.5177882273508699,239440.05641845707,7.273849876708979,0.23951882082067866
3617,0.020450920057688893,12552.946171875068,14.253559009887699,0.2961020477887326
3618,0.6038690349505718,390528.8649145508,9.288401245117187,0.007456470819789856
3619,0.7482412160858057,509846.67013244634,9.288401245117187,-0.054769980207873305
3620,0.5574078438908214,385014.9849694824,9.288401245117187,0.17977850063500853
3621,-1.1516135491222582e-05,-6.389224853508495,14.619992751220707,-0.2779193559455228
3622,0.6128363380004224,294343.3805541992,9.218680022583017,0.31626521773866817
3623,0.24961705016893287,145751.42784484866,12.899758749389648,-0.5360802495989577
3624,0.8041121389119643,464332.41997192387,8.267888513183594,0.04439108501252858
3625,0.49314638376060976,311663.24423522956,12.883987005859368,0.012258319324835424
3626,0.8249976473093155,438528.6846777344,7.746346513183577,0.32775818746971785
3627,0.4548041973667941,255891.59032470707,8.751379000000004,0.10362339879675336
3628,0.6872616726379707,469987.7610754395,12.185443513183598,-0.11758252563535532
3629,0.1915968533442963,120743.98987487795,17.834189007995615,0.1326170788472434
3630,0.40898696193719847,203286.21830200194,11.242051019165048,-0.13622500938348883
3631,0.6337515369527145,307532.45504882815,8.5674315230713,0.150252448967149
3632,0.2006936640642331,76914.6900030518,6.867108492675785,0.13001492225006514
3633,0.5901628075625571,384333.38717895513,9.288401245117187,-0.3184335771408404
3634,0.07903553066214616,35546.55488830569,9.674497007385245,-0.2619930364195292
3635,0.7031855881438485,538034.875074463,14.42153475366209,-0.35653536519329
3636,0.5277031226623492,323395.35386352544,11.108280753662111,0.20885568692389808
3637,0.8041433112405153,532838.8138012695,9.288401245117187,-0.22581616973377516
3638,0.19975817695518192,153528.50996459968,13.000331508544926,-0.2707897148464314
3639,0.839272731860787,489398.4046887207,10.177562245117198,-0.1614869437509625
3640,0.8475014490882524,293755.07470703125,2.167251251220703,0.03867749988556336
3641,0.22262157672495628,161612.31506103522,11.836547513183579,-0.5346809082933796
3642,0.6401735882693835,386098.97001464845,9.288401245117187,0.13037447965927673
3643,1.1914191074133802,550806.1737530518,2.040844875366217,0.23716517058978234
3644,0.3193165050596131,225874.85499877934,12.588535751098629,0.2967651067916533
3645,0.3591128394568087,252572.32239318851,12.875340751220705,-0.21808160051504322
3646,0.5232209437362358,229088.62508056642,9.288401245117187,-0.1041473780456086
3647,0.5475595599263814,251618.39980895998,9.2884012451172,-0.418344282213035
3648,0.7288018778014466,329618.1300622559,6.322611002929683,-0.5018228840425429
3649,0.33913999787246496,187795.16881958008,9.288401245117187,-0.353626332094404
3650,0.7172844319789591,423194.2398406983,7.746346513183601,0.36220128225184617
3651,0.6120077498663612,387450.2450488282,9.288401245117187,-0.022457203562853766
3652,0.4815037620765129,274864.75986633304,9.2884012451172,-0.13578114742748995
3653,0.7202595144920163,442559.8869952393,9.288401245117187,0.706733939781132
3654,0.5153668846043066,246699.53484619144,7.90374900585938,-0.3350507614515087
3655,0.32329635420600017,238136.26463134773,13.545547537353519,-0.4139341982378853
3656,0.44594601717798726,197269.45859741216,8.350397622009273,0.020559683659310095
3657,0.17668436315847616,104741.07604492188,14.612900528747566,0.1344818913941249
3658,0.3077162065957547,112073.10459106448,5.617995495971688,-0.15910750058577441
3659,0.9188808147303527,265536.0799914551,1.963108492675773,0.1030735017722626
3660,0.20669938927300865,112035.89986206057,11.891659753662104,0.31758511563516906
3661,0.6059367126680919,337656.6547924805,9.288401245117187,-0.01137951403372668
3662,0.24854833651655578,135276.55016662597,14.426934245117195,0.7331913426368416
3663,0.5334317110057146,233601.41033874513,8.437662007995602,0.45396090459651434
3664,0.7436919291593672,319034.990154419,5.399876505187992,0.0933875566197076
3665,0.4029004902367427,193264.299677124,7.746346513183577,0.014776100787061772
3666,0.7257529790503412,486587.2850494385,9.552052513183583,0.22837902581507033
3667,0.591004484829527,379252.368840332,9.751668015747075,-0.30160952651665435
3668,0.3317387701428686,157893.574942627,9.272047030029306,-0.29614085778487226
3669,0.6949130078690985,366718.7776818848,7.746346513183577,-0.2564372127451818
3670,0.30504113327675014,174567.84979064943,14.436232506958,0.13614109878606265
3671,0.5964750522668814,361756.6477026368,9.2884012451172,-0.09884785945406303
3672,0.5618602892269325,306479.943314209,7.889086806152341,-0.01851117127869707
3673,0.7019417610900176,387264.73513061524,9.288401245117187,-0.19233706582166452
3674,0.4299239179412624,208339.27000122072,9.288401245117187,0.3648270462367247
3675,0.8888966827851132,558949.9584277344,9.288401245117187,-0.22183373449305946
3676,0.6423069157858989,303366.13738281257,9.329992508544912,0.2949581882453674
3677,0.7479313856527158,470206.2838690186,9.751668015747075,-0.09463562215371812
3678,0.19776656792980019,90666.7431494141,9.2884012451172,0.23213605924695846
3679,0.4047538769640193,233335.67266601563,9.288401245117187,-0.6131654253518638
3680,-0.06230847441450972,-31394.274866943346,15.315669513183588,0.4027427177744282
3681,0.06809867663086777,40675.419799194315,12.185443513183598,0.3524187014189677
3682,0.9483969269436107,309956.2949938965,1.8080500030517577,0.2917890908042337
3683,0.7563757939005702,423841.88492553716,9.288401245117187,0.08242422062661466
3684,0.4718515609038383,300383.094975586,12.185443513183621,-0.23904813580301038
3685,0.15694793088140538,80577.04643432621,8.090865000000013,-0.1663974588289553
3686,0.8231186087345913,359932.35499206546,4.980237999999989,0.3685122314330443
3687,0.15641102201440069,98687.25762939459,22.567081496459956,0.12630527623453053
3688,0.20293655564004112,119325.96352172852,17.91944214160156,0.08019137161076775
3689,0.3588447608414532,185611.0121563721,9.718663012023923,-0.30269508767434916
3690,0.15253216598522684,93977.37614562991,12.875340751220705,-0.0406882056169297
3691,0.36451009290523445,197688.64511596685,10.273210015747079,0.21231739538424077
3692,0.3607989997691803,172785.78134521487,9.288401245117187,-0.19951811031104646
3693,0.1976354033076553,155437.88764831546,17.2107054732666,-0.18955485491106824
3694,0.4829884303695613,251930.39147216798,9.288401245117187,-0.4058685257612988
3695,0.9597747158102264,391629.6251171875,2.005321502563474,-0.11308693994820948
3696,0.24915227847972382,175816.32989074706,15.515137021728522,0.017090955523729263
3697,0.4615119074158969,124102.501305542,3.537329004211421,-0.2392896300188073
3698,0.7648901281511455,493080.2924932862,9.288401245117187,-0.6007800169654436
3699,0.4562135226877794,266135.97107055667,9.288401245117187,0.36923016598562675
3700,-0.012458818077937655,-8630.536369628884,18.12681212719727,-0.2558121468221976
3701,0.4124190996339777,267195.3877917481,9.751668015747075,0.12255797646619061
3702,0.6682989611401966,172126.18527587893,2.2555876112060504,-0.019955218108625883
3703,1.297996640705707,709314.934854126,2.040844875366217,-0.0052889755270962135
3704,0.5943158844487091,277433.06987670896,9.909070508422854,0.2508881575560356
3705,0.3731694750061729,248883.60502441408,11.417242513183599,0.27372694124225716
3706,0.39006430365358,160132.11137329106,7.74634651318359,0.4119039814239228
3707,0.8513414979474857,433604.1340594483,5.743053002441395,-0.1800537077089077
3708,0.45442290943334435,206076.5061779785,7.746346513183601,0.055161188651204215
3709,0.7838095455701237,448181.6985668945,7.746346513183577,0.16479783382087027
3710,0.6597087485558792,345410.117612915,7.74634651318359,-0.5169115324842374
3711,0.7684339419832846,436737.29735473637,9.751668015747075,0.26295737497283417
3712,0.6879878693747872,424288.39124389656,9.288401245117187,-0.15402050867819242
3713,0.11741730438226591,61015.166821289065,13.900868252319343,0.1941631385954757
3714,0.38376760224487455,243057.94130737308,9.574496508544927,0.3947029850828245
3715,0.14193864365548878,98607.64233398436,17.226513516540525,0.13960418647168948
3716,0.10759003266587822,66552.00478393555,9.288401245117187,0.1831274893896173
3717,0.4189102702811921,257896.2190783692,15.907734746276866,-0.31485176584543006
3718,0.2140005564228333,128854.34533325199,11.756459221923828,0.4701761854222685
3719,0.6661226587595644,322187.72495727544,9.288401245117187,0.044449748193815114
3720,0.34633444574624833,168980.625078125,9.288401245117187,0.17787771198614155
3721,0.4327978051900033,248104.43236572266,10.053206513183586,0.09154891348386042
3722,0.5063073393361599,318642.3092504883,10.607206006469742,-0.3905695494845045
3723,0.9569771517267527,463281.85773254395,6.012006499267579,-0.019033648344396862
3724,0.41768752507320217,218872.54514282232,7.746346513183601,-0.12817977418738885
3725,0.5533497459617067,245969.64514587403,8.267888513183594,0.00290679323680868
3726,0.6766852070185143,435545.6451074219,17.3144377512207,0.022927554300537438
3727,0.3518283208680468,165770.32986694336,9.597228999999992,0.49750947890210273
3728,0.22270185085206018,138912.93994506838,10.032604015869147,0.14108684969711763
3729,0.010619065152963788,5760.940021362345,14.432047002929693,0.0021609553317135186
3730,0.05558509882976683,34115.522715454135,17.4612177454834,-0.06298878713297415
3731,0.37977289174536843,125417.9000506592,5.0384470029296935,0.15344038128756543
3732,0.5096299943793791,294580.8636547852,9.288401245117175,0.15931880922181654
3733,0.565412179049556,244435.92498291016,5.893121516479482,0.11096287798823809
3734,0.2868248061507066,137930.9798718262,9.751668015747075,0.21770957182471198
3735,0.6745281114522981,437017.4369702148,7.889086806152341,0.00868965680460192
3736,-0.05706414539412435,-37014.606802368115,17.53059250177003,-0.056428327223710786
3737,0.6016839268691885,282392.5398461915,5.688545501220715,-0.4172333014652591
3738,0.5007796900607118,278362.5438897705,13.825569021728517,0.04651607189231835
3739,0.6397024788065073,287178.7398071289,7.74634651318359,-0.08012153884054309
3740,0.764378947288662,447289.99989868165,8.049029493042,-0.1314193139103831
3741,0.43012188704813753,233927.54817932134,13.270718502563483,0.3651595143755413
3742,0.23464826300974842,115379.9233044434,11.700616391601553,-0.2321247875487918
3743,0.34500257857102645,144712.66811157227,8.37209681604004,0.2940367249023533
3744,0.7353705493845677,364910.5101129151,7.163453502563458,0.1260873432801298
3745,0.4703248872513237,236812.4049737549,9.329992508544912,0.011140464632714554
3746,0.09108846171482538,28004.532375488296,6.246373002929694,0.14820118842611482
3747,0.48096280642960265,228980.29493286135,9.2884012451172,-0.05129367313691412
3748,0.8079400545838336,543117.2499707032,13.912288751220704,-0.08916084177905098
3749,0.17831962903892556,87908.32509765628,9.712487247558602,0.20023588893543615
3750,0.46942882968981786,226513.35651855473,9.830507242675777,0.11250569827013925
3751,0.5418744953311476,257946.9996917725,9.288401245117187,0.2546792366526094
3752,0.42379400876103424,181432.78997436527,10.331292242675799,0.031888577637875726
3753,0.48334263472950606,302105.73116638185,12.096101021728526,-0.27375651766317965
3754,0.2581387676822217,195516.09392211918,11.108280753662111,0.004020190936036554
3755,0.5770553495304194,385116.2896844483,9.288401245117187,0.07244818332914627
3756,0.7155367612476261,413585.99122680665,9.288401245117187,-0.23422516084786393
3757,-0.09450949343860579,-62534.096177978485,23.013832630126945,-0.003226866339813064
3758,0.4054895946191732,165376.15118774414,8.366464528930665,0.21537358214163355
3759,0.04665337045314887,30375.916656494184,9.893638494018559,0.3128501037913291
3760,0.018194892365639023,10719.275061645516,13.021889515258792,0.01158034424344334
3761,0.8771076945446654,359026.3450610352,4.980238000000001,-0.22894871858975102
3762,0.5555453763607496,401751.02488403325,10.338109248535172,0.20959757202226686
3763,0.14382082452304873,79782.2896746826,8.964687391174317,0.15974568787646257
3764,0.5376592499613648,236573.08720764163,9.288401245117187,0.205787226463414
3765,0.725249607607281,406477.5837695313,8.006001511962898,-0.19441518828149335
3766,0.826376447772276,522448.3169781494,9.288401245117187,0.27584742574521925
3767,0.4474636317537299,224073.5425817871,11.181449501220696,0.14798754504600148
3768,0.42153123690593386,255893.67517456057,9.552052513183583,0.406730842919607
3769,0.4026949015895753,211235.3453063965,12.096101021728526,0.22634990860136048
3770,0.4126917752794843,186248.57291564945,9.288401245117187,0.3114592311544152
3771,0.6592372450166184,426075.57985351566,9.288401245117187,-0.029706164173493615
3772,0.32398592901019935,156202.66706298827,9.288401245117187,-0.02043086686796519
3773,0.06520736588352423,39996.581042480466,12.096101021728526,-0.07961631372490813
3774,0.8245408636048912,505313.21792175295,9.288401245117187,0.7596155246800587
3775,1.0835557025060365,383426.391303711,2.0053215025634503,0.36038269583626253
3776,0.5065116316243373,262507.52875793463,8.52558624267578,-0.3169935801302428
3777,0.3368765684546536,238315.65662231448,12.784244736572262,0.14855623537042714
3778,0.4006509935178127,249960.46941223144,9.288401245117187,-0.2145223465263823
3779,0.2779457346004074,164676.7999700928,9.288401245117187,0.0638262939841421
3780,0.7625430102682811,454228.95007324225,9.288401245117187,-0.08303444718389857
3781,0.2856060327728126,174386.6730285645,9.751668015747063,-0.14504410139708449
3782,0.33854312026556604,182992.51009643555,16.347897242492692,-0.07065772495469744
3783,0.4502664432273269,219012.27498779297,9.288401245117187,-0.28483973037376487
3784,0.44248369785980746,269092.8063769532,9.960476000000002,-0.4516449182246641
3785,0.10904058197548158,59363.8021124268,13.505824242675793,0.40137753271121573
3786,0.3914900690863139,244312.3050494385,8.56717750610353,0.5649450452451177
3787,0.5642706623401421,295085.8800518799,9.288401245117187,-0.2285765017682243
3788,0.3406664161129919,184445.23640869145,11.333286019287096,0.19338255577440222
3789,0.24137358084614302,116369.87995727539,15.780195521179213,0.07705391923627704
3790,0.4812367802622518,147909.8350598145,4.980238000000001,-0.05551463842737422
3791,0.3966162229988176,194707.224987793,9.288401245117187,-0.005763644655299701
3792,0.11510417677974451,57563.17117553712,8.529725513183605,-0.4591010125844694
3793,0.3522104390646946,242073.8334405518,13.236043245117191,0.09011945916775868
3794,0.29945258348346704,142336.00001220708,8.529725513183605,-0.25672950453212845
3795,0.40241239930556116,157479.75767272952,5.5017799999999815,-0.16611815211499764
3796,0.25123522179774693,128648.96984863283,9.288401245117187,0.05435465225405353
3797,0.6258412282497552,381321.24019653327,9.288401245117187,0.2075150714668382
3798,0.0850705670348363,45278.80604187014,10.213862737487792,-0.40629830968421177
3799,1.2301484514225052,528159.1720831299,1.8080500030517577,0.20524987912403334
3800,0.5219895211482809,281683.9926251221,9.288401245117187,-0.1649578763253908
3801,0.7350388770987785,443515.38695800793,9.288401245117187,0.07537831520146637
3802,0.8706305166833683,536711.2036425781,9.288401245117187,-0.218780436816416
3803,0.12920488727422802,78079.78371459965,14.07047823339844,0.22347793190088275
3804,0.558745493721673,358864.9976971436,14.83927526867676,-0.09059805539352009
3805,0.6846135762489893,327782.19017089845,7.156673366699205,0.5812662728801331
3806,0.08715058831792512,21640.039941406256,8.591650000000001,0.2447508103535259
3807,0.9088576188157145,459507.068894043,9.288401245117187,0.18457892106358892
3808,0.6861774399647494,389484.5030950928,9.288401245117187,0.2627196647250065
3809,0.5393680731475257,328068.37753051764,10.3392685131836,0.04884378029941939
3810,0.30204525681818806,123049.32009887695,7.74634651318359,-0.030924558642378287
3811,0.6327343585866689,252247.03351745606,6.619333501159656,0.11661502725906757
3812,0.49901781544137674,401786.6852502442,12.987168730468746,0.40541600582518467
3813,0.3127804524864495,247479.21787231453,15.267222245117196,-0.07454073760530462
3814,0.723663921398093,465766.86744873045,9.288401245117187,0.3472860624046881
3815,0.30923036287627,153821.89238708495,7.746346513183601,-0.1329940327263077
3816,0.6613620604431525,330582.75113464356,9.552052513183583,0.07980559965183708
3817,-0.01904350673926366,-10128.009999999987,10.073594513183599,-0.3569442541333201
3818,0.9423963775164645,513332.7120275879,4.9802380000000115,-0.22093776503395696
3819,0.5815435410392387,278342.5948150635,9.385442014343267,0.35208254316143595
3820,0.43268881374481855,235169.52229797366,9.288401245117187,0.05176942295641657
3821,0.4600006349491016,259362.39849609378,9.288401245117187,-0.2235005801314364
3822,0.38503710713539785,278116.5800561524,10.711188005859382,-0.28079426764201365
3823,0.689769174560422,355588.22503417975,9.288401245117187,0.3326801357713406
3824,0.5962925898867781,378859.5886230469,9.288401245117187,0.3822707335968528
3825,0.1872329726897502,127438.33361694335,19.60335953027343,0.3583622741904108
3826,0.32318372872067025,128157.05147521976,5.461922997558606,0.0124967941209644
3827,0.32767229090622635,193339.19637268072,10.530907745239256,0.3311834336711686
3828,0.4803823630601005,265514.08047607425,9.288401245117187,0.16345643620836425
3829,0.7946468457890208,465542.6830841064,7.746346513183577,-0.09612983035284764
3830,0.7502780316845084,277409.3510955811,5.826644014587404,-0.17657649967659633
3831,0.8109980746670892,457158.61450805666,7.9037490058593685,0.03761414036761328
3832,1.0074252787623175,414362.28889282234,1.8080500030517577,-0.04645941054667865
3833,-0.1423876793085967,-66033.16991271972,10.737059997375496,0.22086725349345468
3834,0.65059868763544,378176.5427294922,9.288401245117187,-0.2958664352626074
3835,0.553347527878525,228901.97995849611,9.288401245117187,-0.6890832038686884
3836,0.005389496031515835,3061.694874877954,12.710463250915533,-0.09059191207582747
3837,0.537183916344027,241348.95603515627,9.709455005859374,-0.0779262387431479
3838,0.5700767439328627,399367.7097808838,18.11433865411377,-0.054059573144849285
3839,0.1852993341251767,155275.76162292485,15.906760221923829,-0.010676966609730342
3840,-0.040803862319345255,-29322.133435058535,23.121358221801756,0.3053855178523468
3841,0.7811736500236409,466070.1549938965,9.288401245117187,-0.05102338401056177
3842,0.5350049186502499,234199.41749816894,8.52558624267577,-0.10700178432115824
3843,0.5577125151192671,316329.29008178716,9.60607451440429,-0.04936588407753353
3844,0.7130518365685786,361819.36494812014,10.052539505187992,-0.5226025067670204
3845,0.7347629543735706,394816.082008667,7.746346513183601,0.3961338493546293
3846,0.7314058990055792,348738.8698590088,9.288401245117187,-0.33716443017540265
3847,0.4141173140877074,234022.4377966309,11.519677984619141,0.1577765888737178
3848,0.8265943771845383,395538.24516235356,9.654477005859372,-0.19851732511028677
3849,0.40416069796354004,277920.0200585938,12.101387993896473,0.04705461959706147
3850,0.2899798742436271,175029.35013061526,15.472402021728515,0.02608375124727869
3851,0.1153521175105205,51194.27260009768,10.15085373657227,0.07657908203649162
3852,0.22595428492322828,105031.8998919678,11.235999008667005,-0.011498382242332308
3853,0.2576264409231484,125929.80998535157,13.339381515747064,-0.20149778926707618
3854,0.8676942419047196,501119.88776794437,9.288401245117187,-0.2733471290767587
3855,0.6591678199732484,345389.12604248046,7.746346513183601,-0.1492576681356638
3856,0.40010876172458243,173841.04992919927,8.509161515625008,0.1299150607863538
3857,0.747845749482017,421884.63505432126,9.288401245117187,0.08572292897866075
3858,0.08728455018917552,55403.696171875046,14.768607650756824,0.09224888046275055
3859,0.7840884574366841,441139.66994567873,9.288401245117187,0.8161612957999149
3860,0.814884068807788,435322.3100811768,5.5269830103759885,-0.23510757564356138
3861,0.22361313239625796,102695.23999755862,10.173688021728525,0.2774207960930913
3862,0.19246423736502793,100028.48035522466,13.59098922485353,-0.2500416960499846
3863,0.669574474591939,291178.0539202881,5.107824877990712,-0.003990791624193464
3864,0.6485998529881633,289936.27239196777,7.784052523071296,0.38530324600691523
3865,0.2937061884516421,188854.30379516608,9.288401245117187,-0.27171115046805755
3866,1.0754610430831,500107.40622619627,3.8133715056152315,-0.006515310821429519
3867,0.5266572230847594,342302.0435095215,9.464788127197256,-0.17692934289629844
3868,0.8821650767699455,465083.9800463867,8.92685599389649,-0.019143304077421718
3869,0.6817263676689749,417435.89011596685,9.288401245117187,-0.11421610495232926
3870,0.37510695670013505,207401.86016113288,9.288401245117187,-0.41659385029919893
3871,0.1719676430710661,81516.38009399413,7.746346513183601,0.07105750141926463
3872,0.8199746075908121,480202.85504272464,7.746346513183577,-0.06140483337188348
3873,0.32335648175680654,194942.01105590822,14.164994900695794,0.44795123258409586
3874,0.4352767458364441,178257.15009887697,9.552052513183583,-0.18378720507474353
3875,0.30754340309390954,147556.911272583,10.179397516906727,-0.2239476939558487
3876,0.577574651064877,428092.1993670655,9.32392461791993,0.3539719304591529
3877,0.052135115631763596,39723.72524902344,17.3316815131836,0.09037870126038386
3878,0.013513848964011364,8762.56626098635,15.583322640380857,-0.0913750050643575
3879,0.8177139547766291,412647.21011657716,9.552052513183583,-0.11142875643238445
3880,0.7871380211214667,481022.2289477539,7.746346513183601,-0.4293969662863707
3881,0.6188794479668062,355031.83220275876,12.185443513183598,-0.010737626987973484
3882,0.8837073129802815,364071.5501293946,4.980237999999989,-0.4197136584492735
3883,0.8147861410182933,368254.71634704596,5.402180352294911,0.05068580942424142
3884,0.3377638838947257,215661.77063476565,9.419334999999986,0.1696750003593006
3885,0.36507713302187184,271862.0449139405,10.543491247619642,-0.011001803513545964
3886,0.6259503686406674,356393.2356396485,13.03994393957518,-0.18799141945773226
3887,0.6447982885883937,319722.4275146485,9.288401245117187,0.3435150120638336
3888,0.672039838531631,284792.81868774415,8.367389628417977,0.4674181403805026
3889,0.5583111505159084,166651.99973083497,2.950630251220707,0.03566600190217679
3890,0.7700362549500099,414022.01506896975,9.329992508544912,0.09980154453977652
3891,0.3680646328549816,163800.34516235354,9.326107255004882,-0.2407234634770436
3892,0.5037639457238733,228177.08379577636,9.288401245117187,-0.19865056337229184
3893,0.6967503524635126,422098.4852490234,7.9037490058593685,-0.15347113695770537
3894,0.2734810732771194,136608.51872802735,17.975346127197277,0.13719645841968645
3895,0.1914212313211129,95008.86992492678,10.896949517700193,-0.2351580665763204
3896,0.0429110591275234,17594.790098876954,10.005516492675792,0.2045993210689796
3897,0.5622034000558533,247936.68746459964,7.90374900585938,0.347968941357349
3898,0.4264481550215009,268558.1010021973,10.366940508544934,0.15021876333980694
3899,1.0907576347894314,768688.6787475586,7.746346513183577,-0.0655988889454766
3900,0.8954652353508842,435798.3806713868,4.980238000000001,0.05712322863551548
3901,0.5831070109109078,286492.65988708497,9.288401245117187,0.21587565209087275
3902,0.03152658827715839,25548.76030517584,18.040867000000006,-0.462077422649753
3903,0.5061372091589497,261190.2399511719,9.288401245117187,-0.4363909406756752
3904,0.1611487543020949,106445.00269653322,12.241686758300778,0.5161177668628619
3905,0.3210768782339912,208392.23147705075,17.305519000488264,-0.11108385323564741
3906,0.6018700692179616,316500.63223388675,9.2884012451172,0.025335854734105913
3907,0.7862881841440122,341054.1787530518,7.746346513183601,0.27775090615930204
3908,-0.10208033882920667,-48088.654914550774,12.662679513183598,-0.12240543287007608
3909,0.5838897857503559,156567.8801159668,1.8057060000000056,-0.15531719195162946
3910,0.4244842504821732,295618.91452209477,9.2884012451172,-0.3220588858622933
3911,0.3963153985640286,155715.91500671388,7.74634651318359,-0.25783588315613243
3912,0.7179737376863149,514713.78423400887,12.263251516113268,-0.01852429115529301
3913,0.2401516463893438,86848.79860961915,11.648679508972167,0.0614250199466111
3914,0.6360440426415059,367899.5486755371,9.288401245117187,-0.21861875708869838
3915,0.4497890111353227,312593.4085516358,9.560726245117188,-0.012944429872293916
3916,0.41695670984327204,200286.01988769538,8.789430513183598,-0.1664421600464176
3917,0.20710223917751358,114682.03978759768,8.862892022583017,-0.08606329327393439
3918,0.47265987693707395,341144.1649890137,10.473141999999992,-0.049758037227900176
3919,0.046863561856598956,22695.80513793946,14.299901506713859,-0.11797613045702902
3920,-0.073076475506245,-43775.47003356932,13.991149513183593,0.13683754308105456
3921,-0.0022241176130199636,-1430.6300598144298,18.112246519165044,0.2408663900866661
3922,0.639038877058692,377472.4399865723,9.2884012451172,-0.025631746009553636
3923,0.39874704614781337,208363.59981445316,7.866364506347652,0.048338185546113285
3924,0.7140104234451723,435779.9700598145,9.288401245117187,-0.11523433018026
3925,0.5088320778217541,310539.1968511963,9.188345803222665,-0.2755133381369828
3926,0.5221425285429442,277712.25524353026,9.996708746337891,0.33733954401098254
3927,0.5533806500749628,320553.1716174316,8.7076195131836,0.1870865711603707
3928,0.3282078480864993,232502.40642822266,14.726526245117189,-0.10792419019163499
3929,0.3230722825629681,224043.69494079595,10.45253551318359,0.105087500651408
3930,0.3344743528832828,186836.25521728516,9.419334999999986,0.18433777835891588
3931,0.6644853807057068,240213.4400756836,6.985559502563486,0.10102072120984806
3932,0.9397036927160523,446148.22003540036,4.9802380000000115,-0.10071326511121519
3933,0.6349380567293476,321989.43888916017,7.746346513183601,-0.0026093087234715607
3934,0.4543325800550022,167131.34641784668,7.968,0.4620355131820781
3935,0.7052238573017541,224781.60305786133,4.9802380000000115,0.39976510798555487
3936,0.3898985772042625,187892.19488220217,9.288401245117187,0.3465063020484304
3937,0.2677558134428429,149327.55171508793,7.968,0.13565114228625458
3938,0.5168491574429456,210547.88888305664,7.74634651318359,0.36770459944956785
3939,0.3707312086141026,273217.38531066896,12.096101021728526,0.07216036587031817
3940,0.2129015688259277,145193.62489624025,12.87948002172853,-0.04724431884691621
3941,0.6095640143772504,336134.67107421876,12.096101021728503,0.3807533590856987
3942,0.3030612253990628,192002.22991821292,14.062164232788083,0.13807498073795516
3943,0.6024809364383099,374548.48383178713,8.525586242675793,-0.19378091675072592
3944,0.4781643070110909,211973.94983581544,14.477381002929668,0.15045207133858568
3945,0.13528283790892137,71556.47434143067,10.986093000000006,0.21350706051648416
3946,0.3062635981197378,122338.55278808594,9.288401245117187,-0.04711256273377786
3947,0.6748768334742878,412232.73500549316,9.288401245117187,-0.18384202231093005
3948,0.7066550151385221,441377.19136535644,9.288401245117187,0.30328484473470874
3949,0.5996365587885454,329271.1824926758,9.288401245117187,-0.11822933908370756
3950,0.7827609718623899,359172.984932251,4.9802380000000115,-0.17072674593990597
3951,0.762812560673032,429675.8887365723,9.288401245117187,0.1296139129700874
3952,0.3216637813907032,157078.69629638674,9.288401245117187,-0.11130386288692068
3953,0.354258526680452,165878.78881042483,7.83841001837158,0.01167875428591588
3954,0.7073429268807281,380399.58730407717,9.288401245117187,0.23597761047442994
3955,-0.03955377021132493,-21451.575045166,24.40118000830079,0.013762318473054813
3956,0.4399105805785522,260428.0011791992,7.746346513183601,-0.3042924701742207
3957,0.3513296965624361,196344.95612426763,9.445803737792966,0.17743335096156873
3958,0.9728105100079758,413367.7974426269,1.9836,0.05160210115981703
3959,0.6731357592465826,430022.34766113287,9.323924617919909,-0.0937328282872357
3960,0.5729161154992335,255099.65739929202,9.288401245117187,0.6401170092347442
3961,0.01715141375795678,9976.894962158218,13.567623736572266,-0.1868103307552445
3962,0.07086527500343223,29431.728540039076,11.557374015747058,-0.12264551034596145
3963,0.30258302612001114,232607.2399084473,11.763103515625,-0.18913108180434923
3964,0.4836701594389648,338857.39781127934,9.288401245117187,0.17357853473700738
3965,0.8561598838077459,265581.0851013184,2.005321502563474,0.08906483809564464
3966,0.42917952082155936,298066.1377819824,12.85891602416993,0.16200232203267156
3967,0.3463988252821302,159017.41477966312,15.09739849023437,-0.5161493148007235
3968,0.44379611963741494,232996.83006713865,9.288401245117187,0.12640475256675446
3969,0.5827662922154717,312491.0813012696,8.7076195131836,-0.5773558990475193
3970,0.7303924937839629,416902.86601562507,10.11787849267578,-0.008009080613695811
3971,0.5944129790006372,387097.2147937012,13.90180702172852,-0.1708095802877659
3972,0.5981204097745536,498630.95593872067,12.185443513183598,-0.31047627652016124
3973,0.09224035484865244,33115.675051879894,9.419334999999998,-0.6483684787382062
3974,0.3324387618713649,168679.82958496094,9.315273027832026,-0.18822046491704444
3975,1.0155852363054325,614261.1374566652,9.288401245117187,-0.042155296187565874
3976,0.8578976230929592,553067.9527600098,9.510431243896484,-0.17127080193921093
3977,0.72831726937291,443897.92656921386,7.9037490058593685,-0.19133787077823172
3978,0.11319099871537544,56060.752431640634,12.185443513183598,0.18162365196125055
3979,0.6511318970162352,231402.75504516606,6.985559502563462,-0.17796496607565948
3980,0.2989541962783943,169271.34392089848,8.65744651074221,-0.134301489521335
3981,0.4481287446099984,235161.3432086182,12.939404753662135,-9.69944462677181e-05
3982,0.5417888517543149,215927.83000183108,6.887600000000001,-0.023047038099790515
3983,0.2560198250335535,151488.19255065918,18.199752513183594,-0.06014539529743103
3984,0.4440647907698343,258943.47511413577,12.096101021728526,-0.40050509611932655
3985,0.2042758429438382,111189.14505920414,9.385442014343267,-0.382330390221992
3986,0.007995052783844724,3729.927568359388,19.560699738647454,-0.005285350305125832
3987,0.6728778629534132,200446.61128601074,2.5812520061035173,-0.19753918612279467
3988,0.5520598772950941,288398.0501153565,7.74634651318359,0.23011067441207012
3989,0.6671918937868881,400879.28600402834,9.751668015747063,0.18368508686149043
3990,0.41736694442121086,215844.0951129151,8.415781503295898,0.07603455086074841
3991,0.8327487736619161,417017.28117858886,9.308965242675784,-0.5640473826653549
3992,0.6029478046741144,420232.3196813965,9.554396516235347,-0.33627744130828713
3993,0.43336840047281633,223365.53622192386,8.906672015747068,-0.2558956439578114
3994,0.5572492297514308,369698.0901373292,9.288401245117187,0.07463365001677294
3995,0.3656000353521981,205688.25516784668,12.096101021728503,-0.039649620299671236
3996,0.10970675138384212,52993.03998657228,9.39229399218749,-0.3445402304211304
3997,0.07820021012498589,37204.310526123045,12.986716510375974,-0.11620197795800054
3998,0.6664379029107229,456281.6651403809,9.288401245117187,0.143325747667003
3999,0.7003458748689576,390416.67015258793,9.288401245117187,0.024039378512100164
4000,0.2236529694152149,110895.88374267577,7.967999999999989,0.06907301880129138
4001,0.32937723712050027,182261.1048608399,14.399572999999998,0.004129621028358222
4002,0.5853568810783979,307892.81876953127,10.716428375610338,-0.21830342586302154
4003,0.8586963025836093,451888.05481445306,9.288401245117187,0.23257087618220046
4004,0.6205720383284931,342233.8413684082,15.20942073779297,-0.17593640119022042
4005,0.6148211842126196,295403.41487304686,9.288401245117187,0.35952996330098785
4006,0.3161200983413144,178660.5360174561,11.29372274768065,0.22925641362912313
4007,0.727555137420198,416703.4539489746,9.288401245117187,-0.1327392781719865
4008,0.7778592768307837,530490.05503479,9.288401245117187,-0.6997925820695413
4009,0.6150448979379036,375317.42093872075,9.288401245117187,-0.4168951391620354
4010,0.2752102954073685,96864.39001953125,7.746346513183577,-0.3280925743656841
4011,0.6627938914123641,291430.9101617432,9.288401245117187,0.28025969337325884
4012,0.7226578929905614,297497.6290570069,5.526983010375977,-0.053200331796397465
4013,0.2931068136144281,127902.8099786377,7.74634651318359,0.18719219358556238
4014,0.5013703482038587,228449.52510559082,9.288401245117187,-0.03260178607475461
4015,0.7094265654871003,311651.97762451175,8.529725513183605,0.17969718552123734
4016,0.47617282998505434,255630.2851550293,11.155121008911124,0.11898141145230513
4017,0.09006734257594018,55951.37014648443,15.714346513183603,-0.2870727273209951
4018,-0.03908550506353105,-22979.923696289017,12.185443513183587,0.03027921531726436
4019,0.6695302798419354,456633.85738281254,9.288401245117187,-0.43595155723428475
4020,0.3688512287879614,262723.60532226565,9.454858372802729,-0.47783829441517545
4021,0.7199165083010742,316575.61626892095,5.239892998779286,0.19479997797176232
4022,-0.20419834723285776,-111051.13854003907,24.605522252563482,-0.16678264672955836
4023,0.543205986521501,219609.59122314455,8.308030497436528,0.04207417497567726
4024,1.1976232331152186,610613.7880645753,2.0759985823974714,-0.0007007491343720134
4025,0.4153756308948116,135810.2991650391,4.980238000000001,0.159295511885141
4026,0.4568329147361024,193623.78364746098,9.288401245117187,0.24781228349982753
4027,0.516105187062814,269611.04756530764,9.675430015747063,0.0027364814649470906
4028,0.8527135961683999,477737.15910034184,7.746346513183601,-0.12248446664284561
4029,0.22457953808020487,115942.09834350587,10.404946754516592,-0.320047241136056
4030,0.4873218966035115,354216.8698101806,15.018848283447278,0.10485284563990306
4031,0.4639006339974994,271324.64370788576,7.746346513183601,-0.013866676858642579
4032,0.9577913965748257,419793.95863769535,3.811027502563479,-0.05303612004041069
4033,0.27391275916536584,134682.84087402344,12.761738220214843,-0.23363087750099593
4034,0.3437666447714048,161611.25989624028,7.728469502563471,0.16827762399982654
4035,0.44099474870879346,249361.324942627,13.04613250512695,0.027903615159804822
4036,0.25686879112667715,154487.95471557617,17.35938989416505,0.03673032633564978
4037,0.5452768573397875,387708.30508178717,14.594345509765624,0.08062540036293099
4038,0.9028539797071585,409128.5152050782,4.980237999999989,-0.006326101588019958
4039,0.8845645116987787,516655.5691052246,8.52558624267578,-0.24149312383249288
4040,0.8618969946770583,274950.98490600585,2.005321502563474,-0.3246492434296223
4041,0.21121195520555217,103410.11839111331,17.03474775830079,-0.12853351232062493
4042,0.5227433024879281,261334.37985229498,9.288401245117187,-0.25762787851732555
4043,0.780186302341841,368104.598067627,6.985559502563486,0.22023096140074797
4044,0.6481327655493789,384604.45474243164,8.66895073535156,0.3108972646418334
4045,0.7362127166524258,346195.92978332523,7.746346513183601,-0.16853538837663942
4046,0.45675681210858654,209601.87520019533,11.63770420959473,-0.06879926791425817
4047,0.38465200337381195,217021.79365600593,10.688342521728506,0.2540063599638407
4048,0.3400771173857196,188893.04727966312,10.713330508544914,-0.1859589746544229
4049,0.6318909701398567,358696.85647460935,7.828290993896476,0.017482414873622006
4050,0.8663624478080457,284029.39070129395,2.040844875366217,-0.35971873837655577
4051,0.5111861832843246,241129.4675048828,10.176847249389649,0.16685721348118698
4052,0.3211024124590101,131025.40330200197,7.762489015747059,-0.3051212904747092
4053,0.7224585950518424,228321.8851574707,2.005321502563474,0.09930795047837461
4054,0.5322262557757848,264654.5649804688,9.329992508544937,-0.5760388439183125
4055,0.1463366950368332,84056.54386169437,13.379677634765628,-0.05903041625542967
4056,0.7199934673387386,318992.77492431644,9.288401245117187,0.09966201070080459
4057,0.39125008915399756,178370.95241943363,9.001974507324222,-0.2208138538911503
4058,0.536600912002301,311637.16503784177,13.103845756591786,0.1752384032232543
4059,0.6702816007023706,193482.808503418,1.9776131215820323,-0.42814961680554414
4060,0.7810917924807285,357558.01985900884,7.799949005126954,-0.07659153300246586
4061,0.44529222833815685,308413.3179669189,9.538055000000005,0.46279275007337883
4062,0.6872942108912549,332982.86043029785,6.985559502563486,0.014337588628844822
4063,0.5037731184452574,231861.52717712405,7.746346513183577,-0.13637918282006894
4064,0.8354001100749113,455005.2837243653,9.288401245117187,-0.008746866426088771
4065,0.6994250133549598,401811.74647460936,7.9037490058593685,0.006621829548023626
4066,1.0283605428514244,588064.7099658203,9.288401245117187,0.5178486678609692
4067,0.24553108440596283,177927.0652752686,13.558281517211917,0.2068006350043217
4068,0.34499696393653645,161253.99520385746,9.288401245117187,-0.37642503226390706
4069,0.3380603078046577,155684.63750366215,10.766859017517092,-0.2528497681776055
4070,0.896604244107462,585235.4648657227,9.288401245117187,-0.39621346903067367
4071,0.9842237038612089,433276.00874511723,1.9025416228027434,0.3907560474826817
4072,0.7067123837165233,470850.6577563477,9.2884012451172,0.2748768477312715
4073,0.6345143813666029,230734.94213378907,6.985559502563462,0.5333376905251019
4074,0.390456268435887,252497.63618652348,18.537553747680665,0.0017928206926743412
4075,0.5582031612710462,219569.20526855474,8.2376955032959,0.30888721585550727
4076,0.3910687053643472,271116.6815057373,9.997063747680665,-0.15570154272209957
4077,0.947588057304475,468559.1191357422,4.738935001708986,-0.12328726102251504
4078,0.33401825475507807,184814.45996765138,16.00215175830078,-0.10722942867026025
4079,0.3182726547544348,216936.75995849608,14.510877245117188,-0.24522763932960004
4080,0.32396325495840067,120645.69700195314,7.746346513183577,-0.216682114802634
4081,0.4866461576009179,255825.0158538819,11.62556502569581,0.08771258645242618
4082,1.1324976288622666,527681.5839892578,2.748831495727529,-0.315123042643786
4083,0.4830946177619162,266598.387779541,11.98764996716308,0.4571137039658801
4084,0.3225820249171904,218426.17786254885,9.288401245117187,-0.358562838298171
4085,0.8670362056792874,376518.57993469236,4.9802380000000115,-0.2416238249433654
4086,0.12940233243375646,66390.31778991703,19.72391324792481,-0.5150767608782317
4087,0.44264811764791323,284107.41532714845,11.638054996826174,0.023274605346933843
4088,0.4259389903440518,244603.2715362549,11.087126238159184,-0.1501072635374375
4089,0.703591711036866,577954.6136114503,14.159697753662126,0.3520091072038336
4090,0.7169037029017635,365574.7701330567,9.288401245117187,-0.2499649145477997
4091,0.6536408330679659,291902.505032959,6.985559502563462,-0.025295236900398154
4092,-0.057928421488554704,-34196.076177978546,22.458295619873052,0.19453580373236434
4093,0.21573076327029064,102262.80730895995,11.571175885986339,0.07330043277759785
4094,0.17889545728563247,111797.72884521488,11.557374015747081,0.1505103602768463
4095,0.6264208037412837,181136.16914062502,7.397075124633778,-0.11714330738199219
4096,0.7950275928445295,400606.660010376,9.288401245117187,0.5149212913514509
4097,0.21855105480035406,155581.00806152346,15.92192402209472,-0.17358112724548683
4098,0.5374720505174787,277834.56598693854,8.882636521728523,-0.049706363288386
4099,0.782609380169147,296473.62248291017,4.674307495605456,0.18130128391419476
4100,0.8034309236312531,339361.7699719238,6.227109999999998,0.06424945700503251
4101,0.6441947930522898,306687.60380737303,9.554396516235336,0.4353212731182981
4102,0.5591378048181842,261620.0451373291,9.552052513183607,-0.1219377417708822
4103,0.7664323475163629,370511.14417053224,9.288401245117187,0.43743991167089646
4104,0.5914440121414555,312670.5536572266,9.288401245117187,0.03905214467361153
4105,0.4634911823102734,259834.71034057622,10.128719007080072,0.2683232691581749
4106,0.5144683366766429,273343.63485107425,8.529725513183593,0.06149193060918987
4107,0.7126502469110304,312783.7631494141,5.763616999999992,0.026452996532542558
4108,0.22634617344186123,63220.49493164064,7.469242510375975,0.0528481023489815
4109,0.8461021438927842,440519.9804833985,6.024255630126956,-0.47048305821423086
4110,0.7465401882139415,400775.6158935547,8.267888513183594,-0.13062286107568744
4111,0.9622441185456779,455339.3250427247,4.9802380000000115,-0.192160949680265
4112,0.20038110220091565,124567.23455444338,10.295444513183599,-0.1507683740504233
4113,0.03513521623519728,22871.368519287138,11.024495260986326,0.35749637966220993
4114,0.9657874050813614,357677.6948803711,2.005321502563474,0.1790607810804794
4115,0.5706747303926027,362852.7101953125,9.751668015747075,0.008705544286929911
4116,0.6956572755197357,249715.1182336426,4.980237999999989,-0.07083397187408962
4117,0.7980853720146487,321230.6201086426,5.239892998779298,0.28693565019226375
4118,0.08169244716303006,59653.89641662604,12.961377513183594,-0.46145555664138693
4119,0.5869326576801459,472340.1434857178,11.638054996826174,-0.07732101652969152
4120,0.41479057640169986,317048.8873999024,11.763103515625,-0.2708555429092667
4121,0.7314378209538818,392060.5978778077,7.74634651318359,-0.41580251339899393
4122,0.5863084049898521,284723.19125732424,7.924240513183596,0.037135163468288164
4123,0.4917558012782474,211162.95976257327,7.7261605011596695,0.05940964288875613
4124,0.3319940752483253,202126.9200354004,12.096101021728526,-0.04851947051082615
4125,1.1880602028698506,505431.548069458,2.0404752095947276,-0.1966867424508289
4126,0.022971307443515686,15252.533615722681,11.565132863769529,0.16632536350187113
4127,0.20752077119771534,105458.90503112796,9.751668015747075,-0.20398399763433023
4128,0.41667858445007305,230711.4186950684,9.2884012451172,0.3764280070439854
4129,0.41994463261759657,285996.15996093757,9.758883009765624,-0.15395552991971706
4130,0.749397856830262,294199.8649743652,6.7859439999999935,0.011705879340803445
4131,0.9273900608562916,345873.2947833252,2.167251251220703,0.41887032938604585
4132,0.5249807647559539,286506.28507934575,9.288401245117187,0.12045383923692563
4133,0.24233999101052098,139965.653460083,14.682465007995605,0.028641497849843028
4134,0.5004743279518286,164328.8350128174,8.212676002380368,0.27284626076563895
4135,0.49234278624692684,329552.97240478516,11.228429021728505,0.14398189842250872
4136,0.30518663411290214,198113.24870971683,12.096101021728503,0.10128491424178866
4137,0.7876142712941665,433366.6064990235,7.746346513183601,0.07113817997808809
4138,0.7355725021182384,386649.2862402344,7.485379999999993,0.35002258780750667
4139,0.37658974196517814,228989.6946844483,12.101387993896473,0.19017636975393848
4140,0.6454196177037061,292662.7427990723,9.288401245117187,0.14914531692115046
4141,0.33154070292158266,197410.522623291,9.288401245117187,-0.07962194735554502
4142,0.4064421742709645,216150.2950457764,10.456283522705082,-0.21090131785609914
4143,0.7412928263244648,443065.9334484864,7.746346513183601,0.2066197818581025
4144,0.045266736610916625,26946.68810302735,20.943346703247073,-0.36747522119884807
4145,0.23700744767387683,130868.77251220706,7.746346513183601,-0.5294207946590092
4146,0.22443125354203686,156388.47593627934,20.464006758300773,-0.4078801565858976
4147,0.5132135355863487,295782.80672363285,9.654545495605468,0.035201479227878134
4148,0.44362135246399287,315338.88210815436,10.443825754516595,0.13364074506777157
4149,0.7014197713594201,485989.2876269531,9.288401245117187,0.4910978431885947
4150,0.790565153121689,284486.3638208008,3.199555624145525,-0.18984451598034133
4151,0.6332654064246626,350899.49804565427,9.97199074511719,-0.45172029075309555
4152,0.4406379118001055,293137.4336999512,11.699085240966802,0.46690734894998387
4153,0.41104303008904025,267697.5523327637,16.954836526916502,-0.05864510817592464
4154,0.5792983740366188,388785.7665368652,13.684521020141604,0.2025229661516228
4155,0.4098275527438596,266117.85478393553,9.288401245117187,0.07378143942948868
4156,-0.002443816847194771,-1472.0147949218444,14.177147993896472,0.3279728419584676
4157,0.5732093926274352,273460.8536987305,9.65230451147461,0.018019987195067973
4158,0.2638146972064525,183166.23039428715,10.092523529052734,-0.0553705527481678
4159,0.39571134167473987,213595.78662841802,10.071780245117191,0.030798605906878836
4160,0.7550833454654203,515270.5643389893,9.62469574182129,-0.08809288122240488
4161,0.19407888418544453,112486.33998291017,9.584532526611326,0.2970103339918777
4162,0.5350799852625375,415957.89980163577,9.288401245117187,0.13797401766577633
4163,0.6678901025850288,328021.51251098636,9.288401245117187,-0.03050207136372418
4164,0.5593944822795505,274013.48767333984,8.65082951696778,-0.4644975037801947
4165,0.3414837064226625,222782.51276123055,17.732676640380873,0.2649044655418753
4166,0.4154283150680706,161482.3202209473,9.2884012451172,-0.09769615215552288
4167,0.821595877358349,402122.03494018555,5.5017800000000046,-0.2463749004586073
4168,0.2754393310641083,155355.63865295413,9.72994651318359,0.20121112502404898
4169,0.6095371375208841,313885.6698693848,8.425291005859384,-0.4176222505729471
4170,0.3382662016777403,162257.2749633789,9.288401245117187,-0.3201633394445063
4171,0.5868729963508688,284642.0881365967,8.01876001574708,0.05895495935156621
4172,0.5954638029764595,299022.9649438477,9.288401245117187,0.3195838128799542
4173,0.5381538389442782,367515.1002185059,9.288401245117187,-0.16270155690567267
4174,0.8445648450466484,318932.3574133301,4.51690500292969,-0.06414752017178288
4175,0.18491255164909876,127519.58034790045,9.2884012451172,0.4495392801054476
4176,0.1815467036991639,115885.86499389651,12.410530007202142,-0.00371934510043772
4177,1.0433124360047263,588262.259074707,7.924240513183596,-0.3226424240573713
4178,0.5876165014687448,436298.4164367676,9.886688215576159,0.6251360937131495
4179,0.15022160005174193,93424.24375610356,9.940877000000002,-0.03654714789865977
4180,0.5335913530511276,244150.86987976075,8.016304018371576,0.12387779450980271
4181,0.7604207592832771,305999.1952490235,4.980237999999989,-0.06129250078383453
4182,0.37488002038961604,216912.15252258306,9.288401245117187,-0.12310055245854284
4183,0.337752575483084,163803.6950476074,8.651298510375968,-0.13115183128617863
4184,0.20342021327077925,102043.83492309574,9.75741450769042,0.14464853944337142
4185,0.25173027035814755,78287.61134399415,4.9802380000000115,-0.16968036942301706
4186,0.3940143322828719,235933.58734741213,9.288401245117187,0.46369031151575774
4187,0.5829526819102092,285606.6360687256,8.389942352294934,0.29740043972634844
4188,0.6025725453111924,365355.9505334473,11.094107245117193,-0.1926652599743172
4189,0.4568485831421575,271918.35712768557,9.41933500000001,0.2911245115554939
4190,0.054136660315595955,30579.01010131839,14.327164721679688,0.2847965398703957
4191,0.37795967746183684,221498.13003295904,9.288401245117187,-0.32199511317262314
4192,0.27742954484157734,174223.68128540044,9.773705999999995,0.46830470257008605
4193,0.36443037465655276,263017.073302002,11.135698508544918,-0.25973073329733765
4194,0.2950811533463215,138881.1549224854,12.899813245117176,-0.24565793668140762
4195,0.2999148414210159,235556.46015869145,20.859048518066402,0.24419884166043135
4196,-0.033960720584774264,-18935.60996643064,21.929829990783684,-0.5809991580735046
4197,0.5603772277974199,290424.2102069092,10.273547226196294,-0.2836787494376836
4198,0.682876853308203,457198.29028381355,12.422464245117187,-0.20209407089322623
4199,0.2640199509294361,158609.34635864262,11.370992029174813,-0.3588684935487219
4200,0.9507173511340554,588497.1221496583,9.288401245117187,0.17280163126067793
4201,0.06302013032787343,29475.300107421906,12.945363007202152,0.12125675005191183
4202,0.11123031925292566,71140.86510070803,9.481437745117187,-0.29466349547186327
4203,0.19062685440029623,87485.21253295903,17.813987487792982,-0.2099615925955463
4204,0.05815541067998246,30748.32474609377,14.722453998535151,-0.1376226240936924
4205,0.8729759917371963,461482.3990032959,9.419334999999998,-0.14086659767283244
4206,0.6155602824722587,334966.1599139405,9.288401245117187,0.3145894070820391
4207,0.32337127842158886,214621.73268981942,13.409787009887678,-0.19047775719645518
4208,0.6479641865024143,409252.56436706544,12.854413723083495,0.2530276237937427
4209,0.12498574487930912,68766.85492065431,9.914865251220704,0.006846717993562608
4210,0.9636622520012342,382788.5585534668,4.425311633911123,-0.36945373002543375
4211,0.6562523520830457,276412.59511474613,9.288401245117175,-0.42903675300821337
4212,0.5159518060829741,261958.9352246094,9.288401245117187,0.061752023722939677
4213,0.18882764188605378,74126.08384643556,7.74634651318359,-0.5220178167619577
4214,0.31472191609393496,222149.48440979005,13.148526865478512,-0.438096520659795
4215,0.3426167161744479,193375.9179162598,14.72873284606936,0.2335049700547351
4216,0.30189086944029014,198589.54488037113,19.93179002636719,-0.3481845288061192
4217,0.6565518042050242,452760.6271203614,12.096101021728526,0.5505008034254559
4218,0.4461941743687531,183341.72645874025,9.552052513183583,0.06137236828091787
4219,0.11845147075145163,52251.14848510744,9.887349005859368,-0.07728649723804051
4220,0.5559481906580874,316506.6315301514,10.304113749999996,0.12975300223203967
4221,0.9269424513042979,287613.42732666014,2.005321502563474,-0.048369978885503914
4222,0.8461706400426404,402605.81882507325,8.226390856567374,-0.1638627892362417
4223,0.3963792924732698,225323.63684021,9.288401245117187,0.06691579607449714
4224,0.30257367737378943,162583.90509948734,14.26984301434327,-0.5808816547987914
4225,0.6344867434722256,297787.80501525884,9.288401245117187,0.3078081068715034
4226,0.38175785270113516,161250.55124084477,12.094154519042979,-0.09320337031838201
4227,0.6611306893481982,419054.67519409175,11.649115739135746,0.31437888841615674
4228,0.5939580931552214,331162.8333947754,9.430785596557612,-0.007955006844274307
4229,0.8046771091038283,362018.7189129639,8.675772014465347,-0.1924023605962783
4230,0.7124824659485675,314128.90897644043,9.57328110980225,-0.23043104840808507
4231,0.37258641876594556,202782.41514648442,9.329992508544937,-0.10281088164607131
4232,0.28296853422825324,189389.4137408448,15.744742114624033,0.1642900769018881
4233,0.5877754677565004,413667.7139013672,10.3392685131836,0.29373868789464214
4234,0.27661233143822606,127793.46243041992,7.746346513183601,-0.3408826254598173
4235,0.4534448990207449,178225.59006530762,7.746346513183601,0.09639320936600236
4236,0.7308922486970384,452195.6059753418,9.288401245117187,-0.16949834109000092
4237,0.23028970075503488,142603.46728576664,10.335431513183599,0.15282873582463374
4238,0.8794694449644361,482521.7311877442,9.288401245117187,-0.10318094018013144
4239,0.6127828707078731,249318.1001037598,7.121149993896485,0.1927709280746604
4240,0.8078845496039061,398721.0826293945,9.288401245117187,-0.3567020075380328
4241,0.4975970597460267,318756.68237365724,9.288401245117187,0.07751599595666817
4242,0.7886743647970664,390114.4448901367,7.968,-0.2950555706308811
4243,0.4931628645646935,218177.92763427738,5.239892998779298,0.029191224057266686
4244,0.17766406717428243,78988.70266113282,11.446174366699207,0.2089760409833348
4245,0.3186457636033963,202344.71281616215,14.760738750854507,0.1015433556142887
4246,0.19498217645166238,126249.96298217779,13.597798461547866,-0.1922653433879112
4247,0.008418921946599564,4713.9149951172,14.190765015747072,0.22608384512080473
4248,0.5779117816155664,301305.90248413093,9.288401245117187,0.1953845088499629
4249,0.9288210149387942,507529.37878662103,9.288401245117187,-0.04487360325304253
4250,0.9311007234184034,751923.3597692872,9.288401245117187,0.0998478193824124
4251,0.42097741229937663,193968.68751953126,9.419334999999998,-0.23687025200565517
4252,0.8602248009098838,597828.284938965,11.31428674523926,0.2696199654173061
4253,0.5274672125706894,387314.9701037598,12.168899021728523,0.07758470318458342
4254,0.916920333074755,480083.9748730469,9.288401245117187,0.1556503313176901
4255,0.7801459098999416,417712.7494927979,9.288401245117187,-0.2773311110802874
4256,0.48930851932886615,247053.91984619145,9.288401245117187,-0.16684992362675663
4257,0.19176877608707643,113894.7373284912,12.520740005859372,0.18872431973273354
4258,0.4992471790990052,321537.5599243165,9.288401245117187,-0.45908646969489053
4259,0.598730423157627,362528.2964526367,8.557433894165047,-0.14997084288800436
4260,0.4510728635500305,240228.32053649903,9.288401245117187,0.20274121791866634
4261,0.9157420047279545,460389.96544555674,6.7859440000000175,0.3624195586427312
4262,0.09779949304813482,67499.50710144045,12.462318046142569,-0.07778318238780312
4263,0.3837710099837076,203123.21459350587,9.512065513183595,0.8611309229601198
4264,0.5322651610916148,283127.4666345215,9.288401245117187,0.07943361108435994
4265,0.22647666245841075,144185.83624023438,13.232159867553717,0.013904628084321295
4266,1.0017436847941974,476855.2466711426,2.1627239952392645,-0.04388015571614732
4267,0.09873441310925878,50586.994841308595,12.096101021728513,-0.03222194840834961
4268,0.6740906584090198,405970.7910949707,9.288401245117187,-0.19164063573087048
4269,0.7789720846801725,418765.33675170905,9.288401245117187,0.009558348836232682
4270,0.7451601217456235,494821.9591979981,15.714346513183603,0.21391211857287487
4271,0.44297464675508313,205163.7348266602,9.288401245117187,0.2670586980811407
4272,0.3595339352799765,199316.7139770508,9.288401245117187,-0.2504103547106647
4273,0.2575212828381667,159735.40371704107,9.2884012451172,-0.28679844512248426
4274,0.398593759746164,193814.30752319336,12.096101021728526,-0.10921895176396552
4275,0.7497437965775047,529820.1552606202,9.933893504882814,-0.05910215806249965
4276,0.521178027479734,273639.6710241699,9.288401245117187,-0.5389945883936957
4277,0.3274628691454345,245076.81956298836,14.846674513183606,-0.28776506125985213
4278,0.7230217631744869,357096.8402429199,7.784052523071296,-0.09024365176882057
4279,0.834564340682694,392563.8599591065,9.288401245117187,-0.22804570350962508
4280,0.3431779070221916,134238.87515625,7.746346513183601,-0.3889856103035705
4281,0.36365403552701836,211769.7461785889,14.98343548168945,0.34994223262087104
4282,0.1858034236960192,110137.2524658203,18.8511648708496,0.41545822093833595
4283,0.4653751442526648,298063.5351324463,9.288401245117187,-0.09653340024915313
4284,0.4770914116141918,230023.13016723635,7.746346513183577,0.2361254283071507
4285,0.6414694198923262,309870.8530633545,8.621194765014632,0.22190694750390447
4286,0.2693800431545647,172292.23495544435,12.185443513183598,-0.058700591749166656
4287,0.34906244707826295,180065.30368408206,7.9037490058593685,-0.025259807056669584
4288,0.3617634827138927,256528.2726879883,12.753945758300786,0.09182438689650609
4289,0.7580501646570386,301907.73848754884,4.980238000000001,-0.5366040309927119
4290,0.18450834241782932,114748.8239959717,16.27483689227294,-0.161724284420441
4291,0.8387621855584881,486165.05430542,9.288401245117187,0.13714650304544532
4292,0.2642652462668951,107234.71786987303,9.45448870703124,0.32477715883913366
4293,0.04036680162465061,25017.47268737795,21.892242998535163,0.002378665507393289
4294,-0.032690885938135135,-15185.266210937487,13.19731336987305,-0.3818343500769074
4295,0.24161685328117566,161561.2025292969,11.237354508544923,-0.4631906621466527
4296,0.5696668521750313,285519.69894775393,9.2884012451172,0.03774062465818173
4297,0.9273828514403487,454361.56010375975,7.968,0.11660857653207435
4298,0.35172970247021224,264206.79880126956,12.185443513183598,-0.37621375326922074
4299,0.30548303284629247,184681.73882934573,12.514138741455064,-0.2535775303699461
4300,0.8575688737029666,510460.4846142578,9.288401245117187,0.09079208552976914
4301,0.8363412933955744,483890.05477050785,9.709455005859386,-0.554911708155096
4302,0.34254380895387776,224988.3898205567,9.243041019165027,-0.18503348471566802
4303,0.617758022876741,332043.261673584,9.288401245117175,-0.272249103119651
4304,0.29455808612705014,164842.30501770022,9.566686996643059,0.26380435989113077
4305,0.18312264818190327,98883.1672558594,11.745474177001952,-0.03794291098329596
4306,0.5577523491649783,325314.0926025391,9.508624626098642,0.029617203426024398
4307,0.3464559430782732,205515.06496948245,9.288401245117187,0.06063761033012318
4308,0.3612901662508153,230893.39016601566,14.867496507080075,0.3508510290784143
4309,1.1341700645172343,476281.0899279785,2.005321502563474,0.37313374182663606
4310,0.03633852076539202,19422.287794189477,13.929272467041004,0.49339918221079043
4311,0.5422890225707386,231853.76256591798,7.74634651318359,-0.15235047287309286
4312,0.2931614870542726,193249.22025817877,11.094107245117181,-0.10995509403281246
4313,0.5101211397679358,271666.42530456546,10.063784740844719,0.08090643756078371
4314,0.5681025145708573,248236.42003540043,9.288401245117175,0.06726417522317477
4315,0.505883756556069,336530.38421875006,7.746346513183601,-0.6110161737018557
4316,0.689137273855703,326073.34343383793,9.288401245117187,-0.1522824706708178
4317,0.44115611256363857,240125.35581726074,9.288401245117187,-0.009349237620286735
4318,0.3959034848588961,220662.05194030766,12.875340751220705,-0.2985044803396675
4319,0.1310092380687744,102151.08279724124,11.745102244323725,-0.465401650597486
4320,0.4917464228012796,220897.93361450196,9.308965242675784,0.34669137391888566
4321,0.3966826399465653,174335.17979309085,7.746346513183601,-0.26621212606830186
4322,0.696794742183982,331917.7912280273,5.469228125244146,-0.08550089355500967
4323,0.34354776327391423,205222.35358398443,9.288401245117187,0.036298807736923004
4324,0.30968924068004616,179284.81501098635,13.02102422192383,0.16982705120299252
4325,0.30733513125397666,116586.36878417971,7.74634651318359,-0.04189727557851211
4326,0.37269757353220156,215535.93760925293,12.096101021728513,0.055308619458875934
4327,0.2396548133423154,142684.87381286622,13.755202127197258,0.1529667084752938
4328,0.9626369643359383,404995.6900280762,2.7488314957275404,0.013032684763152728
4329,0.8681653661525243,496114.41501586913,9.343096999999997,-0.08276281643716155
4330,0.5339648366420306,330498.7286682129,9.288401245117187,0.1256663721571588
4331,0.5052312626083559,243852.0037463379,9.500311499999999,-0.3825775858122656
4332,0.727482678590437,253514.31759765628,4.980237999999989,0.2513371625740764
4333,0.6565574839055072,246160.38263427734,5.574549504394526,-0.35578829201889844
4334,0.5562106732709244,438976.48859924317,10.496671005859366,-0.3194083521882083
4335,0.9004876309831609,549921.5311828613,9.288401245117187,0.33115128592174
4336,0.002437287757748304,1488.3919055176084,17.770733640380858,0.2621347994127429
4337,0.5153100038749343,290002.2249975586,9.751668015747075,-0.2194540771318613
4338,0.4351037985409585,229667.9070861817,9.288401245117187,0.6026992754997191
4339,0.4729192261363861,228291.07996215826,7.924240513183596,-0.01492081189027176
4340,0.9100116536627196,435699.4989154053,5.1376404926757795,-0.22740907887817907
4341,-0.2932989164839588,-123064.6261352539,15.222088627197266,0.10023276983256099
4342,0.36716950680797344,221540.29262329105,16.455289988403322,0.08721648992487203
4343,0.3301497983380709,201498.14015991215,12.598102748901349,-0.22793458808549577
4344,0.4762630193307158,272744.59614135744,17.076339021728526,-0.3240496119962223
4345,0.5770963514371236,214347.25230834962,4.980238000000001,-0.5925245827489968
4346,0.3747004994892673,202023.8019506836,10.283502221923833,-0.11747505810764923
4347,0.30728867749828603,153579.49250244146,9.288401245117187,0.11270120850858037
4348,0.7486311411894494,341346.74259887694,7.961946523071267,-0.09587005892761095
4349,0.8093284923899702,357117.0163397216,7.746346513183601,0.04381945045832014
4350,0.37830521057370536,153249.56017089845,7.299043993896502,-0.10303819561832267
4351,0.5060192139469702,275803.8766259766,9.475814513183595,-0.07557781723493309
4352,0.5599147847707553,386898.62019531254,18.343172507202148,0.03768197445419571
4353,0.5793235130102344,354645.7050146485,16.535198021728522,0.39249371116211695
4354,0.20157065210651928,150813.60738525394,12.784244736572262,-0.14369598356491634
4355,0.33322089377574954,202758.76871398927,12.185443513183598,0.37370058904802367
4356,0.1802143456577432,116211.29777343752,10.415066755859367,0.1720576893339194
4357,0.3540687631873211,223342.90478576662,13.677069020629883,0.08589951585903324
4358,0.812083315812846,618510.2488269043,9.288401245117187,0.08165105512211815
4359,0.1032840037978467,59775.76001220709,18.542403221923824,-0.16041437857427848
4360,0.33200318746289004,213567.98111755378,9.288401245117187,-0.3113149133786315
4361,0.25772626590543757,140951.91635131836,9.710343597412109,0.12883994736137186
4362,0.8153836340083309,474773.9243347168,14.683388009765617,-0.12115650918010916
4363,0.8187469324877065,415431.70520141604,9.288401245117187,-0.12075254679051944
4364,0.6043403620496249,252175.06489257814,9.288401245117187,-0.18685510236877662
4365,0.1810574639830334,87714.05522460939,11.047782736572263,0.23733558429915783
4366,0.6446020386403157,279339.83314208983,9.288401245117187,0.018657182957759005
4367,0.4623111475451463,263073.5188214112,9.288401245117187,-0.05585681313302889
4368,0.2741458877122807,131037.11889709473,12.235190118713398,-0.06989965021495631
4369,0.08129186281912955,63136.51477661135,11.108280753662099,-0.15931794562226273
4370,0.48476770894146437,337085.6728918457,9.92745199987793,-0.0440759622360639
4371,0.37538083566664754,204046.49888549803,10.62026723925781,-0.2012420905442545
4372,-0.04837149083187034,-31598.841333618133,16.681991246520997,-0.24527308539786044
4373,0.04207317131080531,28698.92613281252,14.841051027343749,-0.2656749127105281
4374,0.7765177905439893,454468.5424328613,9.288401245117187,-0.05916940644770502
4375,1.0166428410804713,416582.0373736572,1.8080500030517577,-0.12219180648373261
4376,0.2909977197918901,199941.37884826664,11.571106221923815,0.09089551546461472
4377,1.0592728201695443,496798.0126434327,2.005321502563474,-0.1388108217237299
4378,0.8134529415702932,437547.55974365235,7.121149993896485,0.1856611831757408
4379,0.7429604238043321,364697.91285400395,7.569322999999999,-0.10314551964325815
4380,0.1194358035652641,88293.17608520511,21.30481036376953,-0.12549033116135666
4381,0.8307966419232542,442400.04890625004,9.996708746337891,-0.15346279513964367
4382,0.687042637124925,266223.0312408448,4.9802380000000115,0.000813779965177245
4383,0.41995306301538293,313210.37498046877,13.638155753662112,0.10773643567630323
4384,0.7346637145964108,413079.4822259522,11.139080221923836,-0.2116969858917225
4385,0.5591333429990488,360801.0551562501,9.419334999999986,-0.055463792665699126
4386,0.556417553485719,301478.6974072266,7.746346513183577,-0.009319547477866888
4387,0.2967332423752135,160159.05883422852,11.06577851745605,-0.4724159667546231
4388,0.634255800690686,374225.54783203127,9.288401245117187,-0.23311866561385247
4389,0.4322211691788226,179265.1400982666,4.9802380000000115,0.1020140855892926
4390,0.40067713205561195,242569.9496777344,9.805080519531248,-0.056277020053881514
4391,0.8495485394801034,390799.6237792969,4.980238000000001,-0.03390919960131272
4392,1.1222443421227153,694623.5240979005,9.288401245117187,-0.7140656827749142
4393,0.33093934741097975,208947.29010986333,9.763619999999996,-0.05286276865544445
4394,0.6005580338107869,245230.32501586917,7.746346513183601,-0.22947594015465195
4395,0.3967037320541877,212519.7116662598,13.999824507080067,-0.29100441377351693
4396,0.30426435755768644,168745.22004028325,9.960476000000002,0.26759128661082543
4397,0.4819375699166325,212862.29293212894,8.509161515625008,-0.2552943585827765
4398,0.9418406573785966,398438.0512390137,5.622452217407222,-0.06773003619286602
4399,0.08349709124453736,53960.587321777355,13.991149513183581,-0.1258561668989701
4400,0.5023501156566328,257377.08153564457,11.63573300280762,0.27393925340454806
4401,0.26427567836731836,214785.34400024416,15.515137021728512,0.2813389422585557
4402,0.46959865887602686,281410.580267334,9.288401245117187,-0.08665493191520945
4403,0.15364327659531413,93973.46883605956,19.547142863769526,-0.39488717358684267
4404,0.6914094328984021,359637.9963781739,6.096783509399415,0.20739261635431644
4405,1.0803727337762026,588351.4960217286,4.9802380000000115,-0.15980489404391474
4406,0.2345371182960794,135481.6278686524,12.185443513183575,0.3310756067265497
4407,0.5234510019057871,320336.5100769043,12.185443513183598,0.3434733315945464
4408,0.0802897410826425,53995.04651855469,13.991149513183593,-0.10108620952683066
4409,0.3649470500584782,233520.33034423838,11.565132863769517,0.11801144719173118
4410,0.49404195120745475,297108.7949816895,9.288401245117187,0.2086253460990015
4411,0.19052198618143648,107604.53403198245,13.503616860351562,0.270891552038757
4412,0.6033651511997398,342030.12500122073,7.829457495117187,-0.23505215348366798
4413,0.2891559468508824,134768.5799749756,12.352054012023924,0.19059339803163663
4414,0.5723025778343731,354758.9251141358,11.052449745239247,-0.3248198500363776
4415,0.6565580220634548,353929.35002502444,9.288401245117187,0.02953230015867856
4416,0.22377753202681855,143273.01236755372,9.2884012451172,0.05086924912351401
4417,0.6146509788338969,308267.63727416995,7.746346513183601,0.3196035711955689
4418,0.6037253416320817,287184.4427355957,7.74634651318359,0.19845607863257428
4419,0.18849944367705876,138334.0541027832,13.472138250976556,-0.030296473541356388
4420,0.20068672980643815,115556.38628906247,11.964819023559569,0.39282770593016
4421,0.4199563482163313,258161.54155456545,9.329992508544924,-0.10846517092048868
4422,0.08877538079855103,46900.49516418459,11.586643000976567,-0.14027629054599428
4423,0.7876226972079485,470231.35794860846,10.417076516113267,-0.11941902319014995
4424,0.7815981637821066,592388.6845837403,9.288401245117187,-0.6545569078671583
4425,0.9593256281748953,507327.86205078126,7.746346513183601,0.11846547541258268
4426,0.06767698970494003,40249.53086914064,11.094107245117193,0.2736023364767595
4427,0.56282582732176,270492.2151953125,8.60946999523926,-0.026974563425470735
4428,0.4846786358404302,328086.1685821534,12.539838221923821,-0.24728025888100555
4429,0.31070786961629576,78960.06009033203,7.931131501220702,-0.008458574939273699
4430,0.8958285387192264,532485.6600732423,9.2884012451172,0.23037337932249108
4431,0.6132415951275079,289058.9654064942,8.211224725952162,0.027366651293180902
4432,0.20270807152240589,59986.90516723634,8.064928493041988,0.3895934790586706
4433,0.7352908284115575,436255.6089105225,7.968,0.10401214990383782
4434,0.517834465825443,211822.90619506838,9.288401245117187,0.04952342234967931
4435,0.449809058539791,318167.52496093756,9.288401245117187,-0.048291060983211516
4436,0.07954255680789728,58777.632719116285,17.002166266845702,0.13415756385444072
4437,0.6074998704946875,262899.44373535155,7.74634651318359,-0.08919796659262394
4438,0.21924900213606136,120701.88877075198,15.405428640380874,-0.19143209899625896
4439,0.4210655082927292,227219.2901086426,9.288401245117187,0.5335365337475215
4440,0.7426268391294044,479652.52995971683,12.096101021728526,-0.468002888799459
4441,0.5862837525819985,459960.28008300776,12.016748740417464,0.2946030804588944
4442,0.519968227999325,346441.8874121094,9.576737492675777,0.4377926522431978
4443,0.45356146139684955,296912.35505249025,9.288401245117175,0.37025447480139057
4444,0.7823299464814459,533122.9950830077,9.288401245117187,0.3377519650624043
4445,0.5441703392807491,332787.05503784184,10.260360014404299,0.4287286614563239
4446,0.27049883936430635,178584.8837249756,9.751668015747075,0.25246001772454113
4447,1.1078652570947187,462686.28126586915,2.040844875366194,0.28297874418860436
4448,0.6553924916281897,406543.77002624515,7.746346513183601,-0.30453017327912485
4449,0.42184873495632286,264880.75493041996,10.202714000000013,-0.03618666397519199
4450,0.23831393706828452,119414.1650671387,13.15303522961426,0.1378933573931361
4451,-0.025626848098684755,-16641.64065063474,18.856705372314458,-0.1763270010712437
4452,0.18586911585344182,95704.18644531255,11.686279507080092,-0.3019817249225093
4453,0.3504322556051362,197433.5149639893,11.197848525329587,-0.028969185028867406
4454,0.6935261408007521,181398.3361694336,3.6469353728027434,0.047463452823053844
4455,0.6284862739885941,345200.69349487306,7.746346513183601,0.3275244825405889
4456,1.1012263535624747,647127.6856774903,4.9802380000000115,-0.14211834967056697
4457,0.45359897610903366,238700.32013793947,9.288401245117187,-0.1451499869872128
4458,0.9843870237344787,574818.5980249024,7.746346513183601,0.23531720543675486
4459,0.4027865122340157,251220.8063934326,15.585093987853998,0.12452872202523549
4460,0.655464219002873,286591.59239746095,7.903749005859392,-0.28552723142753855
4461,1.0001163119733043,553058.0897119141,5.5017800000000046,0.35084913375516974
4462,0.7951541346163399,407423.52969177254,9.323924617919909,-0.04334586262899752
4463,0.3644067932698897,164684.1400366211,12.726584513183589,-0.15965866288176894
4464,0.7210855362581448,243261.25989868166,3.8110275025634675,-0.23187423730376358
4465,0.6573642813788626,321938.43574523926,7.746346513183601,0.37382375430610715
4466,0.034632650969342815,21211.28967041016,16.85975100878908,0.025563063361011103
4467,0.6490887085626754,329147.79614379886,11.357758513183589,0.3239726569234569
4468,0.36283877110424306,140623.41743164064,7.9037490058593685,-0.19699044313198474
4469,0.3780084519466293,207029.42513122564,8.1682888654785,0.501712584741673
4470,0.15619683262560108,65408.73735351564,11.34680777783204,-0.29355963965960713
4471,0.20294374723613784,112740.91773315433,13.04821824511719,-0.09348140778520299
4472,0.1260564666837405,49249.69477539064,16.033301506347662,-0.23629253666506195
4473,0.3950088989374786,218654.958548584,10.594242723632801,0.004337010162382562
4474,0.004965740065292356,2935.3250756836132,16.276072026367196,0.5689118278712655
4475,0.4621037744211939,277661.35522827157,7.74634651318359,-0.4944683103393284
4476,0.5944862019342507,408000.80459960934,7.74634651318359,-0.2568264632883217
4477,0.10747036941875289,73488.55753662111,13.92568451757813,-0.08262274181530936
4478,0.406727766174619,259267.7524987793,14.910637481689454,-0.21743794180935128
4479,0.36144194912611693,225836.716682129,9.288401245117187,0.10199356774431885
4480,0.3214875584796734,173767.66976074222,12.290419748779295,0.08486849866068293
4481,0.6589074339378349,310049.795045166,7.784052523071296,0.21468749072193055
4482,0.2476873828063375,117820.22611938477,7.9037490058593685,0.10253211924153381
4483,0.1348718774672261,78881.98133300783,16.53519802172851,0.31932153654952966
4484,0.3306548255194838,140903.51995849612,11.561176513183582,0.2512259638939924
4485,0.11666499474803682,67094.16664672851,9.288401245117187,0.385316687767398
4486,0.046333698987698096,19886.961019897466,9.464788127197266,0.08926379563257934
4487,0.17416987974949116,93854.6580407715,12.220597220214852,-0.4132406638565869
4488,0.26594924051927443,142924.33022949222,12.726584513183589,0.504037736104557
4489,0.11308703905157547,53234.640000000014,9.751668015747063,0.049612148906833395
4490,0.21356699683524014,117599.12356933593,13.855379015747063,0.215041780657108
4491,0.29583755955596475,167856.87010681158,9.288401245117187,0.4661654597592152
4492,0.691459151183688,308595.7036456299,9.288401245117187,0.15348724258392288
4493,0.372531338676084,184204.8986706543,11.787183148925786,-0.15786454156667734
4494,0.05763583344442474,31947.740019531255,12.185443513183598,-0.33531734942640645
4495,0.5620662966843435,331590.37409973145,10.125001251220702,0.09068973479792684
4496,0.8550775555679683,564473.3645709229,7.746346513183601,-0.013316561627878988
4497,0.5892302984750047,327170.28558227536,9.288401245117187,0.12411460259187591
4498,1.0379970376513403,491050.88841552736,5.158131999999995,0.007658193799128855
4499,0.03812177642633106,22344.703663330092,12.309800515625009,0.02900516785968928
4500,0.2567836143861932,144035.0499169922,9.2884012451172,-0.16834600910823788
4501,0.9015608739808879,382358.89383178717,5.081893999999995,-0.16002123507537047
4502,0.7028849619543863,316695.5898937989,7.746346513183601,-0.39601922039184434
4503,0.12351213045012,54917.63100463867,10.591919910888677,-0.1321430214752464
4504,0.5839185415695538,292707.0848876953,9.288401245117187,-0.16869541754643316
4505,0.12739522914792484,103312.81696228031,14.811656515136724,-0.42807570048949184
4506,0.14240449484632758,95849.65877563479,12.51105065411376,0.31468132580926705
4507,0.874716671452495,340791.20381591795,4.9802380000000115,-0.14887231434369505
4508,0.5754931438182962,334163.57725219725,12.875340751220705,0.08069072531665472
4509,0.334315213183476,138741.21838378906,9.288401245117187,-0.14450585811955166
4510,0.05975816709789756,33996.59492797854,10.458809015747066,-0.4525523015008145
4511,0.7197949993418239,513433.1778637696,12.875340751220705,-0.12341327189687981
4512,0.3832222413848847,234338.91995483398,9.288401245117187,-0.12707800008437745
4513,0.6358300295732456,407173.85850402835,9.62482561987303,-0.2113768363478841
4514,0.5273028113177074,292208.1519787598,9.688767999999994,0.24862217390562474
4515,0.17791232940809976,113140.12960693368,16.988657999999994,-0.17168333725384477
4516,0.10652171485622942,59814.173704223605,11.232135357666015,0.14714414701550432
4517,0.4764740692666061,166989.71461547853,5.814623022033682,-0.04104338151529149
4518,0.3625654282110347,263929.3347509766,13.991149513183604,-0.49981272259536547
4519,0.35589885126166676,203098.5474926758,9.288401245117187,-0.07762447551345389
4520,0.442511586726413,315296.21367065434,12.353893022583005,-0.05114366578888248
4521,0.46562437990577277,288583.6851391602,9.2884012451172,-0.04164661927122726
4522,0.32052213794781,192534.67161987303,9.955012622558606,0.20008468631717885
4523,0.4024074697449768,155810.23341308595,7.746346513183601,-0.1381818026124883
4524,0.15518706409889846,83610.61393432619,9.929562015747068,-0.1146982017397083
4525,0.5755053515125865,319188.9876013184,11.262862002929673,-0.19450206778900986
4526,0.6252923343985659,439651.89323852543,12.253503514404292,0.001981803316506218
4527,0.31858273328226283,147352.73269042966,12.187013516113279,-0.20072425577520242
4528,0.45843482759521686,184672.10000000003,7.746346513183601,-0.319172827134104
4529,0.6622264310811746,430243.28161621094,9.419334999999986,-0.1215035368020363
4530,0.4381417301917561,235584.50489990233,7.8369114998779255,-0.10526275088326202
4531,0.9046130159920219,396119.9650610351,5.671553494812013,0.10210594160763799
4532,0.6607140703878154,359574.39619567874,9.288401245117187,-0.2670919744230293
4533,0.07713289068311002,48111.6698834229,13.09679452905273,0.3397995657631571
4534,0.10685256554021369,63808.367429199265,12.474916265624994,0.0109837907376924
4535,0.9807316558879565,546755.6036285402,4.9802380000000115,0.5097885443392449
4536,0.9107025387756472,575841.8349475098,9.2884012451172,0.3498907154940807
4537,0.038365489146886665,15473.026047973632,19.382454120910655,0.1806527879285622
4538,0.6951752994461498,378109.7698059082,8.293091523559555,-0.3416107193563
4539,0.3574859183763796,218122.12501403815,15.638108513183601,-0.10810405668127951
4540,0.5043895440838028,235442.73379333498,8.799683018371555,-0.27518513415041074
4541,-0.09084455375300143,-54835.34731750485,15.562523739135752,0.04438616328046878
4542,0.2811546525629857,99909.41797607424,5.763617000000004,0.06757719501379933
4543,0.5569178860618254,149818.53377685547,3.815871489990235,0.13065232796975546
4544,0.337252971802187,216851.64897766119,21.114051138671883,-0.018861400289097933
4545,0.6956868851173222,242211.7948565674,5.842255999633786,0.2662133577312913
4546,1.1788703158991363,587958.7751348877,2.713629003784177,0.38708634266674813
4547,0.09359059127368899,51186.43483215336,12.136148021972645,-0.10185856362245954
4548,0.5344682483966903,375548.1157922364,14.268639245117177,-0.099443391682523
4549,0.4930583536376561,291300.8089013671,13.521966745239263,0.12029115950813142
4550,0.3739966114740432,161536.14265991212,9.288401245117175,0.05715169057188635
4551,0.7201026006894082,469231.95642822265,9.288401245117187,0.13191001469876887
4552,1.026588228496057,542688.2398614502,9.288401245117187,0.18871446980297382
4553,0.5806104450958889,287365.65893615724,9.288401245117187,0.1422179678704322
4554,0.5434017490910704,259127.72522338867,10.053206513183586,-0.12915168973927138
4555,0.8710723954591566,284081.5500671387,1.8080500030517577,0.23281442176580525
4556,0.4309383207640378,256557.26635253913,9.288401245117187,-0.16512277469200617
4557,0.11110050501902485,66435.70489746096,11.897532005859377,-0.47465389682121567
4558,0.28329873055687815,145091.67000854493,13.758800240844721,0.17325480134698806
4559,0.00045277432421099564,277.67868164068204,17.33636414257813,0.46798207371787753
4560,0.060775509152384194,32632.007352294982,16.260048029418943,0.23048077768642344
4561,0.4364447727344093,182840.07486755375,9.2884012451172,0.012449781445287581
4562,0.5276683741654031,156911.28012207034,3.6498930129394633,-0.188000290820932
4563,0.32624787643811287,195126.31267639162,10.91529951318358,-0.2504216568243243
4564,0.42470868744415874,247451.57964172366,9.385442014343267,-0.4732756880977543
4565,0.7783531238250533,385049.57765136723,9.323924617919909,-0.2577152151420206
4566,0.4882575791105705,257457.77995910653,9.288401245117187,-0.02194954180767291
4567,0.7101880229474742,397278.1351470947,7.746346513183601,0.27914336237479115
4568,0.6668264224101071,372495.00095520023,9.288401245117187,-0.20440575884251183
4569,0.8685578069531136,357981.7337103272,4.980237999999989,-0.29792577960089883
4570,0.6739644978703423,342312.95009399415,9.288401245117187,-0.22023498590807417
4571,0.42784632964656144,246786.67631103523,9.329992508544912,-0.05610222781608795
4572,0.7002386868957206,283773.0863574219,4.980238000000001,0.12466344516209324
4573,0.3857750864808603,227358.7497747803,14.867496507080075,0.24594071683859867
4574,0.5368716349588982,309188.90509643557,9.288401245117187,-0.03947605302859816
4575,0.3494539713395014,166760.06422607426,9.2884012451172,0.05494362213762111
4576,0.6271740518120242,308148.8363696289,9.343096999999997,0.40478449779553805
4577,0.24681327989692203,175480.6400585938,9.94087699999999,-0.051248097972346106
4578,0.2416996704166192,133063.61235229493,9.288401245117187,0.15745029898499227
4579,0.44773568374415024,233973.23867187503,11.348550507019041,0.46706004564747006
4580,0.14342584039543474,109824.87301513675,24.295931726318354,-0.23940102225746854
4581,0.48626991366153727,330286.5751477051,15.714346513183589,-0.22231496233777065
4582,0.6840048680947218,368141.89027832035,9.288401245117187,0.19810020755215293
4583,0.28772525457629883,178229.96504028325,12.096101021728503,0.15502693309676907
4584,0.5658114811560299,255528.48607543952,7.59703138098144,0.41814906992711925
4585,0.3060078020442378,213109.69725402838,11.108280753662111,-0.15675873301002727
4586,0.4123672827104581,285067.8201397705,16.358529494812014,-0.10301972040818964
4587,0.9667232101258243,532699.1426818848,8.529725513183605,0.029901865731834332
4588,0.650868541586681,302030.7008520508,9.2884012451172,-0.020821391561122567
4589,0.239704761577876,151063.22010314945,10.251146229248029,0.2841202679487289
4590,0.4490582066898668,312437.3627685547,9.288401245117187,0.14904319309672256
4591,0.20552251002467858,117267.29776245121,10.626477237182623,-0.16688284301161138
4592,0.5566732975035156,201995.571383667,4.9802380000000115,-0.019227610781811212
4593,0.5675578048466764,347159.8497149659,9.329992508544912,0.18681109968599496
4594,0.4306003921237973,183495.77509643557,9.288401245117187,-0.21518251142284098
4595,1.0256215333432477,669432.822364502,9.2884012451172,-0.42776941456294393
4596,0.2751733867248891,171004.89968383792,9.288401245117175,0.1946283033255139
4597,0.9166064194329058,525721.898345337,6.985559502563462,0.055112865623586256
4598,0.10236357015027871,61161.033594360386,15.49269302636719,-0.11912115199145291
4599,0.8764035087794702,374807.13363281253,4.980237999999989,-0.16214600361192377
4600,0.6142673313304458,390627.48907104495,9.288401245117187,-0.1348634015264967
4601,0.4595854816537715,247970.45518127445,9.329992508544924,-0.27267009954776433
4602,0.07112875308959198,34554.31989318848,13.73519652288819,0.3815881594507513
4603,0.09566447602685307,46150.783292236345,13.921374816162116,0.36019294501660065
4604,0.5350553295246762,325977.5899279786,7.746346513183601,-0.20163329243198325
4605,0.7409273225224958,419792.42000976566,10.20945702172853,0.08239897332646892
4606,0.009932361887271616,5758.879984130894,10.335927990234376,-0.3433986671317199
4607,0.35079539519252445,151752.5562121582,9.751668015747075,0.12916281054720447
4608,0.830141751772057,306607.05340698245,3.811027502563479,-0.38798119308924295
4609,0.437258323889018,230887.85473754886,10.00722312829591,-0.07887461863291356
4610,0.14823029731897888,112398.75251220707,18.12778877050781,-0.015448473763218937
4611,0.48985019092159854,312233.0870037842,11.397222021728522,-0.20681228988723657
4612,0.47693173398085803,198174.31725952151,7.9037490058593685,0.367234810410905
4613,0.9369688504548636,496871.1585864258,9.288401245117187,0.022026189934743177
4614,0.4679752047736141,343480.1174713135,13.23604324511718,0.10884835236552826
4615,0.4613276801999151,190277.82539611816,8.529725513183582,-0.00012557897807009572
4616,0.7369996094444415,219813.71094848632,1.7241604926757748,-0.027137913427271818
4617,0.5168430091446956,328447.80014282226,9.552052513183607,-0.07225160231674345
4618,0.119908879827078,68212.4403356934,14.190765015747072,-0.20161992829553915
4619,0.6470686325170465,304809.78869140625,7.924240513183596,0.35004987613097244
4620,0.8500227356125346,416545.57131469727,9.288401245117187,-0.9086064597867484
4621,0.5775757337523725,300451.5086535645,9.288401245117187,0.08776176314401257
4622,0.16560337411400625,98514.28145874027,12.101387993896486,0.18207997140680443
4623,1.2304045392434924,559960.5612719727,2.005321502563474,-0.21370686577286066
4624,0.07212845950069788,32078.652696533245,9.2884012451172,0.11153888791776854
4625,0.4630083991760892,275883.06498229987,12.48252101397704,-0.008514323082413044
4626,0.0941646553122443,41419.83992309571,10.071780245117191,-0.131005570853581
4627,0.38910308595418724,203937.19392089848,9.996708746337879,-0.1604678562207359
4628,0.1333123420312282,67718.05499694828,9.940877000000002,0.6210099797396528
4629,0.65934930865192,295023.96388916014,7.746346513183577,-0.23065582041637914
4630,0.8172425461497558,430038.4377917481,9.288401245117175,-0.15678439556681245
4631,1.0078059399846877,328413.12232910155,1.8057059999999823,0.4779047916489609
4632,0.17606642734974443,107025.29700927736,10.525319305786118,-0.01571933557742098
4633,0.41012115741618005,172828.77000915533,11.738764245117189,-0.23950524716491658
4634,0.36317518802755294,262287.6599029541,14.268639245117177,-0.49119846879703416
4635,0.5884406507491404,366528.0257299805,9.2884012451172,-0.23000037689670935
4636,0.43990173157339385,219324.11408752445,9.288401245117175,-0.13914398039078446
4637,0.4864323037659709,298930.016237793,12.011156504150398,-0.17810550338104345
4638,0.7056227284551739,328881.88497680664,7.746346513183601,-0.004616900956456234
4639,0.2871893700368547,122616.91652282716,8.359952018371587,0.18619206686573586
4640,0.7110540639266624,447275.5559985352,9.288401245117187,0.10949731923242687
4641,0.8047323865352124,459546.0526989747,9.329992508544912,0.116635453306129
4642,0.1041096564708192,71618.10740112305,13.305884221923842,-0.28759593218037666
4643,0.4956009606788004,208388.38509765628,7.746346513183601,-0.27388196404497067
4644,0.46786828841256073,312487.73716186534,9.288401245117187,-0.3093791699474425
4645,0.16250977086716145,89183.64868408206,10.288544494812015,0.5505964870141742
4646,0.9101490792584339,383743.52502441406,5.017944009887707,0.4269469877209924
4647,0.3070033930052642,193424.85621582033,12.602231536376966,0.0880141374003009
4648,0.5019840518426674,262240.35496520996,7.746346513183577,0.36019357785441414
4649,0.3235078834599922,191849.8039520264,9.576737492675777,0.10502332138242285
4650,0.33178306881983294,244022.49079223638,14.483879020507809,-0.26693267026928275
4651,0.5504630537916527,321636.9315649414,11.667297507324209,-0.27094379518043704
4652,0.1860073733384625,113220.73859558108,13.134588507080078,0.017487072317928492
4653,0.9365883036873704,421106.3075653076,4.980237999999989,-0.2776432442192747
4654,1.051946239851135,459825.17509704595,4.980237999999989,-0.2700177330688542
4655,0.7999204260089984,446206.8547839356,9.288401245117187,0.3586357932026048
4656,0.343612046570775,230692.48375671386,15.323246257324213,-0.4302348686428821
4657,0.381538698914261,245324.53562194825,12.879480021728519,0.23647194842862576
4658,0.7964432901841212,427222.71019653324,9.288401245117187,-0.24045921506691728
4659,0.7630954484789864,347595.9926159668,10.608802490234375,-0.2118812617619437
4660,0.9438123247362035,350609.7971588135,3.140250010620128,-0.14876902500099148
4661,0.5801430218540646,260030.5885339356,9.419334999999986,0.41449811332300457
4662,0.5830731097923267,352924.92344116216,9.288401245117187,0.06674826013526847
4663,0.22363572732026382,149446.3015972901,9.288401245117187,-0.19649350090480108
4664,0.1775051994676492,125172.7569622803,12.879480021728519,-0.06192960350444623
4665,0.6409011294583351,422406.4762524414,11.402934999999987,-0.10864481503918419
4666,0.5320575733855372,242521.58021667483,9.2884012451172,0.1919659029119484
4667,0.05043412369739849,33592.88149780275,12.057151008300774,-0.2689484778461077
4668,0.9475995335157449,407134.264854126,4.2646362589721685,0.1405660195365549
4669,0.08768572711374173,70124.47269897466,13.656545501220716,-0.11088721638698489
4670,0.6391192393990399,261691.6850183106,4.980237999999989,-0.05544176347803635
4671,-0.0364441214867641,-25076.42115234371,13.894118139465327,0.027357191524856193
4672,-0.14438045098694408,-78048.47846679686,21.286923355224612,-0.3829074544860962
4673,0.22257155963628533,141542.08987854008,9.960476000000002,-0.44296388194881947
4674,0.40829535098600894,257872.02886596686,11.844327005859371,-0.01707240900804144
4675,0.49251576989350887,290752.49695922853,9.288401245117187,0.2800107030929691
4676,0.6283303248581792,282265.61103149416,6.285159000000008,0.061276945474098454
4677,0.6010638652147865,325619.28497192386,7.746346513183601,0.4930141570298866
4678,0.7087854514966335,409988.70946472173,9.288401245117187,-0.41846592077281186
4679,0.22718057477375428,150501.95875244142,11.583354507324216,-0.17800049447341973
4680,0.4623271948386291,254437.47271606448,9.288401245117187,-0.17802482277611917
4681,0.19874938388651897,73090.7287438965,7.74634651318359,0.30768070192446406
4682,0.8395893126733949,442905.30072998046,7.968,0.3809475387925904
4683,0.639415754852567,342537.93618042,8.190029998779297,0.23885535243426687
4684,0.8993992487954368,375525.90505065914,2.005321502563474,0.0044105933426689045
4685,0.1671013955443735,86122.8749523926,9.2884012451172,0.0336310783314102
4686,0.5437977840040741,419713.28118408204,9.288401245117187,0.051216311026788086
4687,0.5759283708862218,281241.1498388672,8.468446888427739,-0.11481113217915033
4688,0.6495741002203241,300470.5349633789,7.746346513183601,-0.10660483512992217
4689,0.32235933259141847,225465.53340332038,15.498500140380859,0.2032466083832862
4690,0.3059097687606261,157619.73641723633,8.346182865478518,0.28586567572535604
4691,0.3421424580041875,199849.67376892088,10.421262007995601,0.1571856044325047
4692,0.7819431505480475,394069.8851287842,9.288401245117187,-0.19467545992391352
4693,1.1517552269199838,469977.44514770515,3.0272039938964883,-0.09322136711122314
4694,0.16704244402253632,86801.84994384769,9.288401245117175,-0.01036277526110506
4695,0.40766131357034724,307281.15850524907,11.129035003784171,0.18072534634559884
4696,0.9793415186989538,449423.60530822753,3.811027502563479,-0.03577120585410424
4697,0.5441026713191073,362415.4924224854,13.460597008056624,0.14445365646943553
4698,0.5795587065095025,301435.4578167725,9.288401245117187,-0.5563056733053064
4699,0.3296598918653516,148946.92391601563,9.421653634765628,0.0708407159341124
4700,0.5974085519403904,361299.3873925782,12.726584513183589,0.46740178283652806
4701,0.5734302873501987,275056.984786377,10.051216247558607,-0.08058961437651319
4702,-0.12942803174295514,-74113.27362121579,22.809466601257327,-0.35325988248881085
4703,0.8481371501439545,490119.4052398682,9.288401245117187,-0.14255435800149915
4704,0.15596254677717733,106027.44276733404,17.034747758300778,0.08601065133285853
4705,0.2493370759097797,136128.3649243164,12.726584513183589,0.318984657710786
4706,0.7402613964889867,332254.91503967287,9.288401245117175,-0.029267950584820263
4707,0.24692639343307624,150093.83017211917,9.751668015747063,-0.22103497512361905
4708,0.37274952204330725,200605.23105224612,13.458713997680672,0.21967719018318574
4709,0.5582241395008051,306943.33366333006,12.008420000000006,-0.3968099189403007
4710,0.25660918347556194,117874.94985717777,13.60909402014159,0.125695884555964
4711,0.3346270694167432,235762.58853637698,10.363193021728517,-0.019472500213579432
4712,0.32977765451199664,163730.51962707523,8.569294017700187,0.575164719460734
4713,0.2764108882098942,149107.82580322266,13.648929513183585,-0.062234281314706326
4714,0.3556074641477799,201205.03987243655,9.288401245117187,0.24753447237862108
4715,0.34471797140840066,225086.776171875,10.1276425012207,-0.10678799213568109
4716,0.19612957523967742,87512.94849792481,7.746346513183601,-0.3387150905849989
4717,0.20370809691761985,134072.79668334965,9.464788127197266,0.09507699729292157
4718,0.47393490082282824,321662.645022583,15.01043774804687,0.02484902329622493
4719,0.6827803116653445,307655.9749163818,7.74634651318359,-0.1909045823653882
4720,1.0667807973351389,686210.4472131347,9.288401245117187,0.20021140730195824
4721,0.4266370910346845,254693.1636682129,12.639320127197273,-0.1983891782361634
4722,0.7477767925541408,522872.7126123047,9.288401245117187,0.26952641542180794
4723,0.2492568533588766,124759.11246826175,10.297564745117189,0.31285921822304175
4724,0.44118271885136945,260932.1063726807,8.52558624267578,0.10716610156211431
4725,0.22622831010825623,123471.27983703616,15.76510652893067,-0.4670274954941697
4726,0.19402727057109956,91301.57617919924,14.710885248779308,0.05933725340248859
4727,0.48135802652104603,304370.2147998048,9.288401245117187,-0.3573630783655848
4728,0.7584319661327756,392546.16016540537,9.73480223657228,0.044407636326081655
4729,0.2704290639432925,150457.51503906253,9.809943245117179,0.279644196011471
4730,-0.19385580688119983,-99235.81758178707,14.791055999023433,0.2571469246305645
4731,1.31161415735926,682306.807479248,1.8080500030517577,0.17101026360973717
4732,0.609453762190771,314674.43983642576,9.329992508544937,0.20332068415256083
4733,0.334322431588986,236471.71249145514,17.855578751220694,-0.14959326911167795
4734,0.8695114335161329,577778.8808508301,7.746346513183601,0.17589075732336382
4735,0.5686846563685757,308472.202397461,10.31486751562499,0.2204422596101719
4736,0.5329123782429782,376913.43029479985,9.288401245117187,-0.28565263841500843
4737,0.15285735471199752,79854.74008544923,11.01822850708008,0.5284960289676941
4738,0.5384597140903185,273368.8547137451,8.7076195131836,-0.12353945521886023
4739,0.07880571376258343,42764.46655151366,17.346908641845708,-0.3205816858405377
4740,0.3183828150824827,189926.4899713135,12.09266102172851,-0.10569252470539534
4741,0.7330808739506127,495582.6930462647,9.288401245117187,0.02387850290333403
4742,0.8983097609737307,466119.53498962405,5.281643504516595,0.27342353599191943
4743,0.49513276570836084,279631.7124914551,12.948238000000012,0.30754838781638244
4744,0.7474137003263871,473155.2467163086,10.011794505493157,-0.3935593389309334
4745,0.11419481333488914,66534.79600769046,9.43810212817383,-0.13997319730945468
4746,0.20230124407453148,145264.99703735352,17.786085534912115,-0.08899010228446305
4747,0.27167156890943644,134633.0831311035,9.781682255249029,0.11007473353302667
4748,0.3934665008406475,208327.41655029298,8.349359368041997,-0.18960972736437445
4749,0.5949135822505208,283667.81328247074,9.694792806152325,0.2622058730824928
4750,0.8265820130496482,463692.026204834,10.121238242065418,0.40260559631088566
4751,0.8173174160740636,259288.41830444336,1.8080500030517577,-0.23498779950311965
4752,0.5480531372843186,367257.5224523927,18.707736245117186,-0.613380393905988
4753,0.5879504083281492,426782.2439611817,13.916366728759765,0.058882630557023204
4754,0.5580093732910587,370475.72381958016,10.737405513183585,-0.23924078745134753
4755,0.26461098745410977,130855.16453857423,14.100973251220699,0.32574048202788813
4756,0.4412671894622609,205669.35998168951,9.288401245117187,0.2810909597843655
4757,0.43774808941264626,262156.8320239258,9.288401245117187,0.15255615803717876
4758,0.6337666878596117,311289.8999768066,11.094107245117193,-0.1372931918443766
4759,0.6205704755798445,322963.34743591317,9.288401245117187,0.22018644225211692
4760,0.37431382059241214,175734.11426635744,9.329992508544912,-0.21816374527154495
4761,0.27351487306882866,158969.19491943362,9.288401245117187,0.2442146154088327
4762,0.7189733548424798,362162.8899835205,10.335431513183599,0.41850019637455005
4763,0.7784231749330119,395286.57213928225,7.889086806152341,-0.155489024844395
4764,0.4389315030890963,318853.34290649416,10.073594513183599,0.7936569842797963
4765,0.20626023382000788,89936.06466430664,10.164681743835448,0.14114258804793173
4766,0.4511053186429931,229924.89616088866,7.9037490058593685,-0.10131460406579781
4767,0.5710663230376095,304388.2385961914,12.34075301574706,0.1400884466889293
4768,0.2294697123533966,113878.02728393557,9.288401245117187,-0.12366107640930674
4769,0.2372829549476515,140222.93414367677,12.792215635742178,0.44775223512581674
4770,0.4149986501715503,268294.4550805664,10.324826508300799,0.3689177440340041
4771,1.2571395602426292,528250.92796875,1.8080500030517577,-0.1734943001678869
4772,0.3217026317505111,193534.19255554205,9.751668015747075,-0.07156809143828854
4773,0.6718126310621825,238960.2269555664,6.7859440000000175,0.09961032721534573
4774,1.0291441255853955,350942.62988403323,1.136290008544922,-0.34623427667731776
4775,0.2061946337725031,119062.75431152347,11.378010458740219,0.25844907421667396
4776,0.93971771991199,456338.90284179687,4.9802380000000115,0.3732439576922949
4777,0.40860899078554835,214966.57845336912,9.2884012451172,-0.04654719618078026
4778,-0.01130342108907372,-5360.222758178683,17.18044600292968,0.18093062406198426
4779,0.637321592739291,341149.92009033205,9.751668015747075,0.06240820052888157
4780,0.5200267050807008,261942.60481872564,7.746346513183577,-0.3587519298798103
4781,0.777184555387173,423482.79501464847,7.784052523071296,0.043585315874681
4782,0.10854913789759431,69656.63312622072,13.996867982543934,-0.009619648208561687
4783,0.366305670713316,204778.19006103522,10.046147499755863,-0.1967639758471038
4784,0.8821332409119824,518429.84766235354,9.288401245117187,-0.5401610252557482
4785,-0.11373279407749114,-55205.3300036621,10.459179736938479,0.01518000043182598
4786,0.15937076218408627,90010.66394165043,13.761780724487302,0.22587187738575296
4787,0.6630914064169285,391264.3777642823,9.288401245117187,0.1508616691951108
4788,0.6339375031511585,297516.7997070313,7.746346513183601,0.1292058455901032
4789,0.3822399215126138,244304.45230163579,10.743855000000005,-0.014941402882933812
4790,0.02749355774420774,9974.807955932625,7.90374900585938,0.02812360142397335
4791,1.0150573596896408,558823.2780944825,7.74634651318359,0.4360925750942352
4792,0.358638696236649,201895.69517333986,13.879676239013673,0.4423027713014283
4793,0.36862628219099025,179251.87926147462,9.288401245117187,0.0611169200706421
4794,0.6469146552882771,369867.0474707032,9.288401245117187,-0.12228905943696186
4795,0.4580292172949157,201998.99222229005,11.25150973779296,0.1168792849076553
4796,0.5799783857357836,254370.9835699463,9.552052513183595,0.18169408515153426
4797,0.6557918121983616,218572.77870605467,4.710002508666995,-0.419635423498363
4798,0.22066801016764007,110923.22239624026,9.2884012451172,-0.32248156413409523
4799,0.130083139239181,104329.1360021973,16.180045758300786,0.292855186866244
4800,0.33542969605299844,122715.79008911134,6.747412009887688,0.4090229045238623
4801,0.32507569518821366,154769.06140258792,9.434193243896473,-0.20813591977693702
4802,0.7372191891573203,396891.4649157715,7.924240513183596,-0.06605231321573528
4803,0.8089630316755061,412850.0238647461,9.288401245117187,-0.28486166341225033
4804,0.3957609306529716,283747.47220764164,11.12597573046874,-0.11239195937652202
4805,0.5046658059604707,374793.5260839844,10.114177617919934,0.14821967807542805
4806,0.5324732683553511,214485.78140930174,9.288401245117187,0.2375774675796418
4807,0.06990303490727688,48779.76882507327,12.096101021728513,-0.16674896069136722
4808,0.555301405415007,239682.04256591795,7.746346513183601,-0.04509890799915769
4809,0.43549546334912154,194936.29473144532,7.924240513183596,0.0918262313869102
4810,0.9812404111535865,535726.8277160645,8.676307501220704,-0.22480480010260495
4811,0.586296369012465,368532.696517334,11.96797712817383,-0.2514520465232818
4812,0.37571749138278515,258143.0597497559,11.956244018188492,-0.013392779485493294
4813,0.5216142015178966,241230.5200042725,8.788784005859378,-0.1553101309892589
4814,0.7103384223251711,261100.29765014653,5.1376404926757795,0.13665253915984463
4815,0.3565576201107053,173910.37255493164,10.477232743652351,0.09327124760802444
4816,0.4505955737919668,270151.72499877936,11.333286019287108,0.16952908081632143
4817,0.17656769633074734,112769.23116210941,16.62774937988281,-0.08672794899909353
4818,0.2415413182010562,119636.78991088868,10.338449502929684,-0.16684865301842458
4819,0.24542956416849207,180516.61274291994,15.699291707031243,0.23309199828271204
4820,0.6542271865593864,367795.45474426274,9.445803737792978,-0.4639135248065446
4821,0.5577033687407195,283807.86298217776,9.288401245117187,-0.2914443360510306
4822,0.4945552940303037,268213.6250177002,9.589758523071302,-0.281388765560983
4823,0.5065226339751011,301948.1375030518,13.349801878417983,0.2294102761091054
4824,0.5724325857766719,182995.45021362306,5.296786995239254,0.21696685630072404
4825,0.5137070142776812,267853.9251928711,7.968,0.23681348373658903
4826,0.295563697685803,205709.4450012207,13.650071736572263,-0.02693798327561468
4827,0.5618704580117355,290852.00788269046,7.746346513183601,-0.013970984402303589
4828,-0.18846515180607698,-106783.97493652343,20.140380012939463,-0.1166295686516723
4829,1.0677478981392226,482720.9213275147,4.519335003784171,0.8119189958077735
4830,0.45881900210745646,247543.0023712158,11.017869245117181,-0.4512288799770113
4831,0.305296089896477,159494.85511657718,9.288401245117175,-0.1683233078685213
4832,0.7261862825327748,288422.2325335694,4.9802380000000115,-0.5022288495553436
4833,0.45767053498244353,274773.62510131835,12.096101021728526,0.0030747680228579008
4834,0.6012014837941834,321585.61476440437,10.45907586083985,-0.012236104176349172
4835,0.47372199913603663,296121.54989318846,9.288401245117187,0.21282741284572965
4836,0.2922026375072699,204963.5822198487,13.736086476501475,-0.109999160806053
4837,0.4271231483013273,185283.70243286135,7.121149993896485,0.08501519527762892
4838,0.18599526305920588,115428.80493530275,9.587575885986327,0.4770519508375478
4839,1.0394862048242524,620863.6999060059,7.746346513183601,0.14156029084702856
4840,0.8104429111774181,389239.82496643066,4.980237999999989,-0.03673070316922278
4841,0.37163354853110314,241050.69294128421,9.329992508544912,0.054164830117883395
4842,0.8869090892272682,417859.05489013676,5.158131999999983,-0.32826138026648344
4843,0.7411965210605959,322243.3449975586,5.72862650891114,-0.13738674273426124
4844,0.6136258122076422,342614.6052575684,9.487395001220703,0.20009884671385467
4845,0.3507305001920139,230521.07682983403,15.767973454711912,0.10413671019048966
4846,0.6001597729368693,279411.5373431397,9.288401245117187,0.24916739821524664
4847,0.6336990443792266,312850.93143737793,5.1376404926757795,-0.28501472303899095
4848,0.5182927863749007,257395.11633666995,7.967999999999989,-0.03606166504808432
4849,0.5242315643359277,235652.78345764166,9.288401245117187,-0.03938962969540773
4850,0.4539842311476785,144447.59999999998,5.178169999999995,-0.29149474060680375
4851,0.3851564605754351,262188.782644043,12.882586884277336,-0.22988934520689347
4852,0.038088897219387144,16207.415162353529,17.11723624267578,-0.13478616196763732
4853,1.0851331335439347,486119.43477050785,2.005321502563474,-0.13990258759847424
4854,0.6149203584722263,337941.47262023925,9.552052513183607,0.12890519964344319
4855,0.17080478308302738,100679.68991027834,16.576022507202136,-0.2338690441512467
4856,0.4494353405255051,218794.37499511722,9.288401245117187,-0.05233600085346277
4857,0.0744362251557761,58798.63519714358,18.979112752319338,0.16144126570970604
4858,0.16719446441130312,106673.45046020515,13.893892463500961,0.10195737197996779
4859,0.16723333566081472,118292.52492675785,10.345962239135732,-0.3870652979168211
4860,0.45306682495223993,234793.88051635746,13.638155753662112,-0.5939572778807709
4861,0.10969961155881446,67111.60966064455,12.45649552172852,-0.3442989565007989
4862,0.25114505539189225,142221.04621032713,12.185443513183575,0.13703158382934308
4863,-0.04786655806737295,-36868.2428094482,20.74096203228759,0.0994208721321392
4864,0.6820006971970208,309544.1770996094,9.288401245117187,0.023973494104585703
4865,0.4242031774812867,260561.330076294,15.013845513183588,-0.19940605779718976
4866,0.614572332036723,311551.94520080567,9.288401245117187,-0.18766766619736153
4867,0.606635640022659,359125.0474737549,20.045294268676756,-0.17382656223196363
4868,0.5009258501933771,202176.1151538086,6.230916495117196,0.1333882773524937
4869,0.86691455690675,619156.9062164307,12.096101021728526,-0.4478594811263652
4870,0.7585372315435727,433085.59972595214,9.732743018371588,0.2150251132125635
4871,0.3235433292722321,209727.16979736334,15.61101224804687,0.05543013043430234
4872,0.3369407784660496,206906.507578125,11.897019729858405,0.1744193889112949
4873,0.1931015309286432,86705.28511840821,11.9557905074463,0.17491637700468055
4874,0.7535404526973692,428555.56715332036,9.288401245117187,-0.01061241885515284
4875,0.7467735733277572,358392.3727331543,7.746346513183577,0.053789772142435854
4876,0.15205000513827163,86469.33528869633,13.15689351013184,-0.13767904701212355
4877,0.5042566003145704,246893.77368286133,9.288401245117187,0.07529096723987831
4878,0.6433279007983588,299332.9872546387,7.156673366699227,0.005071384252511563
4879,0.3285441468851468,171974.13507873536,8.445782513183588,0.25590368767007865
4880,0.5573258658861174,190339.16554931644,3.611411999999988,-0.035645875660667944
4881,0.3699886568923992,260035.4232666016,12.185443513183598,-0.4876684573137561
4882,0.19743275630994675,134677.2351983643,12.188164526916506,-0.12579413656481395
4883,0.9223872315132285,502252.84509765625,5.921019492675759,0.03758093725157357
4884,0.33311246873280226,214279.84486083986,12.096101021728513,0.04932878082746975
4885,0.6035108945612101,397480.65019287117,12.875340751220705,0.046183853943707255
4886,0.8877990218517369,551961.8246618651,9.288401245117187,0.10736129425496768
4887,0.09232199820023318,44521.71986389162,12.185443513183587,-0.2140544017229277
4888,0.3091902387814946,221324.58249145508,15.047358748535162,-0.18992090399367445
4889,0.4109059829387459,271337.9275024414,12.868742023559578,-0.5030873544753168
4890,0.2686429064763982,144447.99109863286,12.096101021728526,0.19277790872225098
4891,0.49108711836740904,301908.53335998533,12.185443513183598,-0.22127496356405318
4892,0.4556452040150067,290864.38272644044,12.266608005859377,0.18625947685708022
4893,0.7217833529170018,363664.88096557616,9.552052513183595,0.017504267705169906
4894,0.7738626017384018,441146.4815087891,7.746346513183577,-0.2720051135857137
4895,0.28528318379774753,178733.89278320316,9.288401245117187,0.12378198538238643
4896,0.0685542616200076,40310.70992431641,18.215361025817867,0.22033510461917954
4897,0.8308128541144072,423198.2695782471,7.746346513183601,-0.04858975367304628
4898,0.4027864040671691,158486.93520141602,9.2884012451172,-0.14641316077859193
4899,0.5482829022618572,275764.92743896483,9.909070508422841,0.36485167928094375
4900,0.41034161664559216,227337.02713073735,11.46033324652101,-0.12288173755211747
4901,0.5240264174997282,233325.22736206057,9.288401245117187,-0.48086371901758873
4902,0.7790966804198673,457809.56365905766,9.288401245117187,0.15177573040972514
4903,0.05645008884385035,39116.820112304726,16.45616799621582,0.6656784877523203
4904,0.6268289452404343,421510.29109008797,11.293722747680684,-0.49571566749784385
4905,0.8414796715270516,392765.05281250004,7.746346513183601,-0.22595178723675174
4906,0.3284667804484799,217633.96881713875,12.074524008789053,0.07687909360171324
4907,0.5193284736572291,311885.69504943845,9.288401245117187,0.3188026157909592
4908,0.4755475258205463,263442.99263061525,11.45565249633789,0.12012348229306072
4909,0.37110552855184115,210957.65225769044,9.288401245117187,-0.3173668154403993
4910,0.4733075866726103,278805.2623901368,9.466295245117205,0.34479528229040557
4911,0.4193924259725904,276204.23141845706,12.096101021728526,0.23213494493635575
4912,0.3580165393584711,169186.41578979493,8.445474489624031,-0.13137407330695555
4913,0.2518840864291809,130900.11338439945,9.966081528503414,-0.15343134933036826
4914,0.6873333861082178,306270.31275024416,9.2884012451172,-0.2749373176675233
4915,1.053372138149926,460575.0748791504,2.7136290037841535,0.27324078311213146
4916,0.1330796357513762,75529.2302648926,11.966726991088874,0.04006106979213124
4917,0.4779527225368943,301844.13544128416,13.991149513183593,-0.22019076385532926
4918,1.0869777521868031,499657.86621948244,3.811027502563479,0.1458689779461569
4919,0.7385767267117643,411312.4601220704,10.48201350122071,-0.055326236540414596
4920,0.847502169976699,384015.3885192871,7.968,0.12645095135421974
4921,0.7801170286147722,286435.852006836,2.7887005025634775,-0.2531407709285521
4922,0.500702998201466,214263.4749664307,9.288401245117187,-0.2311195876974504
4923,0.42268134855720124,334082.98964599613,9.288401245117187,0.20517720480602333
4924,0.33078926792642427,140003.24639709474,9.751668015747075,0.2223651300391522
4925,1.0547253376532681,483983.9717022705,4.9802380000000115,-0.23298293883454016
4926,1.0411730273760424,561656.3665258789,4.980237999999989,0.22048309064076677
4927,0.7932686163913067,278197.4026470947,3.912683502563462,0.06947810418810196
4928,0.6366891242315488,225710.7799407959,4.694799002929684,0.19481162192611634
4929,0.43675793362119375,154538.1453717041,5.052161984497076,-0.21418770881464344
4930,0.5342031965180786,328022.6048620605,11.483160759765621,-0.2657122246788362
4931,0.21564633245882187,112032.84465942385,15.292134399169916,0.27625641401907214
4932,0.7405381167727432,339849.9484533692,7.746346513183601,0.3885975382410292
4933,0.8021285368296546,512115.6318725586,8.882636521728523,-0.287278645181057
4934,0.7827536747029648,448479.58523620607,7.746346513183577,0.16565882525283637
4935,0.1960872817436705,102415.81492797856,17.70950802172851,-0.16787639517326663
4936,0.691392874908298,348137.21865112305,5.1376404926757795,-0.02560443602361821
4937,0.5497367707296479,291075.128092041,7.74634651318359,0.03358072381424885
4938,0.9585078635032079,348873.24507141113,1.8080500030517577,-0.20697269942039134
4939,0.755614482647742,431359.32022277836,8.019971998046874,-0.049428964848145664
4940,0.3025312320084808,165416.20106933592,8.042874867919913,0.25750599058673
4941,0.7344536546571588,218091.28107788088,4.794022005126951,-0.348324329572246
4942,0.3600845986840126,226727.78362792972,11.631321634765621,0.20105179431215592
4943,0.9707560994910932,372637.47258911136,2.7136290037841886,0.3504080695587669
4944,0.1890248711017332,52779.80487365725,7.230534006713878,0.012889112075502127
4945,0.41496326123285165,216802.02743652347,9.288401245117187,0.2544601353405204
4946,0.731892413164707,390414.5449707032,8.529725513183582,0.13203596029124248
4947,0.6494063651634021,260347.3533770752,7.121149993896485,0.020465344530593337
4948,0.6658894918969612,327364.84531677247,9.288401245117187,0.050689620171028876
4949,0.3903762375432327,215608.70345092777,10.73208452429201,-0.3559505682693617
4950,-0.05896015661391097,-41099.52490356444,23.457562494750984,0.13635527127396785
4951,0.18735403108866322,122576.15996459965,12.088455750610354,-0.3005733846844861
4952,0.5741936553799262,280197.82782104495,9.457041009887703,-0.26167127052242795
4953,0.5163042097055057,379128.77017089847,9.288401245117187,0.38852797069464357
4954,0.46877869902844044,223761.55475524903,7.746346513183577,0.19195561747460083
4955,0.40982109212212725,223105.3898175049,7.9037490058593685,-0.304960722864699
4956,0.5862906202939855,363373.1048388672,9.288401245117187,0.06683366211752892
4957,0.6426754080682489,206571.70820007322,2.5103215069580007,-0.18328953464824677
4958,0.6795291769990635,321775.59491333005,7.308326993896486,0.31584565945801574
4959,0.037339525788691416,21506.598723144547,15.40542864038085,0.11300791703981362
4960,0.3781493055445054,253357.806326294,11.706523513183592,-0.34361336115948443
4961,0.49182981234672796,227515.04791442872,7.781869885986334,-0.2584901363173656
4962,1.1941465830117988,701498.4101611328,4.980237999999989,0.053386741997842276
4963,0.8831300556069687,565518.853968506,9.288401245117187,0.12263682731349397
4964,0.4255022698574998,261778.3005871582,12.185443513183598,0.4672142744858161
4965,0.2174024409176647,126991.51362670903,13.266546248413086,-0.13897711672730909
4966,0.18517974147693747,135103.70872009284,13.529199625854485,-0.5671565823069369
4967,0.26702659152153235,121128.59378662112,13.43736873657226,-0.3253046764335262
4968,0.19454865575943853,95406.74520507811,7.784052523071285,-0.003941289684919989
4969,0.41316266865708934,214902.12201416018,9.288401245117175,0.09007102994834014
4970,0.18441992114481834,124115.91290039064,13.67975673657225,0.6737791551991017
4971,0.9030495669668107,603576.2831628418,9.419334999999986,-0.18880266032670925
4972,0.9241342417759698,329054.72493530274,1.8412293728027378,0.3210039329196206
4973,0.4728203241969718,203938.20491760253,7.856975009765615,0.36653053351678705
4974,0.6683260845352459,404112.7763854981,9.288401245117187,0.24390347856169212
4975,0.20936452752461546,106306.63380187991,12.432665630432126,0.38126886219220896
4976,0.2965863938506493,192350.94388061526,18.54632487548827,-0.5871630195481936
4977,0.11906020611182513,62080.33395446779,15.299121256103529,0.025112092884120394
4978,0.5944775547580674,304926.20113769535,12.724604000000003,0.3040219103869546
4979,0.11645669462708158,35884.86504272463,5.955236998290999,-0.06315542237474199
4980,0.0391835493932421,17659.013894653344,9.52705487628174,-0.0461030817666355
4981,0.7104769604116414,318739.19002746587,7.121149993896485,0.3334737128172405
4982,0.38508953166012483,193336.23495849612,9.2884012451172,-0.02854036527756065
4983,0.2698654281978998,129788.4825292969,7.746346513183601,-0.5014842866511178
4984,0.192146898560384,129935.36041442874,12.869324806152344,-0.25563483108454166
4985,0.7483247342384473,344583.5899853516,9.751668015747075,0.10222682660073179
4986,0.8646366535455142,494496.1173651123,8.862892022583004,-0.10810895394475503
4987,0.8253654185793978,494827.2450341797,9.288401245117187,-0.423805379211264
4988,0.33912690653256955,244350.23085571293,10.943388122802716,0.1591330526463385
4989,0.5074723677708697,274336.20511596685,7.74634651318359,-0.26916831519583434
4990,0.033088845240475936,16448.14236389164,9.445803737792966,0.18575852017983543
4991,0.4553834099105988,274579.1672253418,9.288401245117175,-0.14729300951961558
4992,0.4055771582952391,220362.32009948738,9.633217005859374,-0.07240423595895636
4993,0.6392527635802225,274845.413762207,10.53731301574707,-0.3397756700266073
4994,0.2071733650737271,112331.61502746581,13.089673999999999,-0.16595632690721382
4995,0.4712782335555122,237704.16021484375,12.185443513183575,-0.5267516932142267
4996,0.5181868556520351,246941.0350213623,9.2884012451172,-0.09588672255254573
4997,0.539711153753632,333985.68497131346,9.288401245117187,0.06591365585967805
4998,0.1660383173803253,75050.97998657226,12.116665019287112,0.02739510929045307
4999,0.24126210610324872,154759.80503112797,13.285547990844726,-0.38242355071487416
5000,0.4217873892185861,190826.27520141605,8.625666732299816,0.19547557774078317
5001,0.28858960632505376,143106.86005554203,9.77008624267578,-0.3983662997970837
5002,0.864758578799786,399422.7400463867,4.9802380000000115,-0.3473082592692833
5003,0.40500124735288046,239370.51720397954,11.959573009338381,-0.49290646428906504
5004,0.3040543913904841,202394.474975586,9.288401245117187,0.38817475902262777
5005,0.7452901737765155,402409.59508239746,9.288401245117187,-0.039713841044075715
5006,0.6253659266633282,383988.46607604984,9.329992508544937,-0.18755907639870892
5007,0.2882647118484229,187232.0575567627,11.293126224853506,0.052178239283985045
5008,0.6695090037996259,381579.906003418,7.74634651318359,-0.2612932406010472
5009,0.6148540458313635,354465.3163757324,9.288401245117187,-0.004372644196610894
5010,0.3159300476528762,158977.9651477051,12.096101021728526,-0.1160039609966617
5011,0.576134444824124,296178.8434991455,7.746346513183601,-0.12429818584886111
5012,0.6895603389748765,376415.61227783206,8.082632541503909,-0.13966127715315585
5013,0.4722089116223058,192689.13021484375,7.74634651318359,-0.019296701556274897
5014,0.4782777231629685,255033.36851928712,7.941455015747064,-0.17980762605607956
5015,0.5396294383108106,218142.0571356201,8.529725513183605,0.17823832210681223
5016,0.2828530666439127,134227.0010437012,5.791325380981446,-0.28893777087514444
5017,0.6124870137496388,268455.24006103515,7.746346513183577,0.5120199271625094
5018,0.1872221877612422,111745.57994812015,9.288401245117187,0.3273472231413669
5019,0.31424434050424593,156876.83735839848,9.288401245117187,-0.14606523160662335
5020,-0.07088980225302204,-31911.10003601073,12.420654008789057,0.5301374465809495
5021,-0.09325204609710318,-60230.1627227783,14.867496507080075,-0.20560982247758594
5022,-0.03612029500078716,-18929.86507446287,20.0450992451172,-0.22623006325558273
5023,0.4212707215579633,259886.32124267577,16.32781551013184,0.3919933426980152
5024,0.4193777409599667,234320.59742309575,7.746346513183601,0.11014350631639504
5025,0.729470734870629,367960.7146386719,8.79672254187013,0.09704361458364005
5026,0.4081120076719564,222632.02298095706,7.746346513183601,0.33523048694747587
5027,0.20832409656389106,123570.84171875003,12.34284600585939,-0.2317477825862318
5028,0.2178966893678494,158936.93747070315,17.765587513183593,0.5110128875612903
5029,0.46545244538339403,310461.33521484374,9.2884012451172,0.20465799849765073
5030,0.28557854014750533,130065.27000000002,11.973557245117181,-0.2614722027965427
5031,0.04019880371423493,19418.105068969744,12.781307500305166,0.013644695678198471
5032,0.3816297127510579,218475.68383422855,9.288401245117187,-0.2306409270593983
5033,0.6148568789968439,198478.50992187503,5.315534492675774,0.016010497916719695
5034,0.6280484467689939,359266.46486450196,9.288401245117187,-0.26934234070494395
5035,0.608860441708369,223311.07115234373,4.980238000000001,0.08190795044842925
5036,0.2910119473393497,203089.80005737307,14.589950736572256,0.3026134150383746
5037,0.4512820471835259,288453.85904418956,9.288401245117187,0.46667607495627833
5038,0.5278807064508134,297886.31244812015,8.52558624267578,-0.4319623894241174
5039,0.44149136124154786,268262.6152276611,11.249284997680643,0.04744658112369237
5040,0.8048605135405037,509838.1048333741,7.746346513183601,-0.38402355337713456
5041,0.6024374229768091,325893.3036511231,7.746346513183601,-0.07946290052965457
5042,0.19146506166841018,99078.32569213871,9.41933500000001,0.01290933307564743
5043,0.5204931249153215,352776.7525378418,12.096101021728526,-0.15494521143734613
5044,0.5063988353373918,259413.38617553716,13.049192010009754,-0.27567393012908775
5045,0.6420340215009198,409830.5505114746,17.03474775830079,0.0704389321228869
5046,0.29745112975091764,112302.04012207032,7.903749005859392,0.4185752527447322
5047,0.7554214018496274,373132.421951294,9.288401245117187,-0.2668859900406519
5048,0.2224754235199707,160422.39038513188,12.096101021728526,-0.18719412809768707
5049,0.6011359320821817,247009.132107544,7.770253015624999,-0.16149902370301333
5050,0.5775720472453434,344634.84641601564,9.73833452777099,0.0183452039799067
5051,0.5141811024829346,277651.1263684082,12.13683251013183,-0.2699007167179986
5052,0.43763473486254156,282250.9852038574,9.288401245117187,0.05596092139668101
5053,0.7550476287122438,289620.86660644534,5.1376404926757795,-0.06188815031648202
5054,0.5392334870324608,332194.53370971687,14.622920127197261,0.32600897993975453
5055,0.21062685015020055,105646.9214831543,7.781500220214843,-0.3497000735880193
5056,0.5032312449733217,254418.43006469728,8.52558624267578,0.17352282538621622
5057,0.39030453248667857,199100.16723876956,9.751668015747075,0.24985432962607304
5058,0.6935837230949314,345756.17249206547,10.071780245117191,0.348505208062772
5059,0.7679007382484582,404421.2248571777,9.288401245117187,-0.4674964699934546
5060,0.5411903420008806,248946.19874084473,11.974527014343279,0.32813910961980564
5061,0.2569879641108071,154549.20963623052,11.364607987792965,-0.1481344015877349
5062,0.06351722957375071,37310.74503906253,19.179692014770513,-0.38317607163164236
5063,0.25579468846555015,198974.79650024412,16.27279051574706,-0.2579598888096569
5064,0.40075092279424746,147168.2902185059,7.746346513183577,0.010362551556224939
5065,0.8015195545272773,341590.687878418,6.096783509399415,-0.41350277479501285
5066,0.2841606944009091,180281.82248779302,14.11658765624999,0.085254432574652
5067,0.5794882683273582,312935.7049145509,9.2884012451172,-0.07741157574075322
5068,0.5337112963997899,362515.73018493655,14.867496507080086,-0.07240546252245492
5069,0.3177919680740505,136403.3037756348,9.2884012451172,0.16460741847803206
5070,0.9356772539644969,562591.6887036134,10.530907745239277,-0.4372689303327969
5071,0.9531984182426007,552081.705152588,7.121149993896485,0.23655086679226855
5072,0.8805982329671296,292082.32980590826,2.7935635012207087,-0.07302265606526735
5073,0.7184094885668858,463413.4661987305,9.751668015747075,0.19270774338331362
5074,0.6483081792737073,315730.97101806646,9.288401245117187,-0.21832532185652354
5075,0.6464702848493387,329074.89120056154,7.83841001837158,0.0022617536178951266
5076,0.6984796375858143,285134.76640319824,5.2059210024414115,0.3590542116068631
5077,0.07324118950648714,39595.71341430667,12.618094753662113,0.04184334991042862
5078,0.8130825464201572,426269.3749792481,9.288401245117175,-0.24670646952387612
5079,0.9462230781961185,355577.3014746094,4.980237999999989,-0.10163190025657866
5080,0.6173286308371271,359519.37512329104,8.52558624267578,-0.34025326497606045
5081,1.0122600660345975,475233.1574462891,2.352451010375982,-0.09378471915730077
5082,0.7736665761958137,376180.9887011719,9.288401245117187,0.16950323657610825
5083,0.35882720321423983,135078.58431518555,9.288401245117187,0.3381251218763589
5084,0.6212861895301804,295511.3931744385,5.531081008544914,-0.17213266627263624
5085,0.5359349982806207,258763.6000140381,7.819144513183588,-0.5589299264097934
5086,0.9519816001931691,600787.3350994873,9.288401245117187,-0.11378705186629602
5087,0.7144045704710075,442015.9002270509,9.288401245117187,0.031602958293775615
5088,1.1046211170801723,544449.584873047,4.9802380000000115,-0.3635827637340068
5089,0.7074860622072607,335045.0147570801,8.645321519287094,-0.2749159320928314
5090,0.6247231414357818,235013.07000000004,4.980238000000001,0.3060558273339892
5091,0.8939729774408407,492411.85479003907,9.288401245117187,0.17338931611031966
5092,0.21206165286899528,132384.25731811527,16.44751699999999,-0.21161915080337462
5093,0.8113688432169632,408424.51250610355,9.288401245117187,0.19567691234387705
5094,0.9313688689364121,325797.4371124268,2.4686544996337734,0.14273324822798236
5095,0.08045794456282722,53989.39412963871,18.423642184082023,-0.4779764618181804
5096,0.2546144010023771,150526.54609375005,12.875340751220705,-0.005202086530380068
5097,0.45590639469012706,278746.37992919923,9.288401245117187,-0.017540026279003747
5098,0.30881327691405885,193693.46999755863,9.288401245117187,0.15541499123194902
5099,0.8210954451995367,243093.62495422366,2.20496986761475,0.13624100678024437
5100,0.8322210369776539,356488.1289385987,3.644417003723141,0.14806237056711014
5101,0.8072698680090835,278231.2771331788,2.466086289306637,0.7574037211940902
5102,0.3394292233706711,230454.10984680176,11.932821517395018,-0.1748495747711492
5103,1.0182452121529746,363169.1514892578,2.366047502929694,-0.07310108375042108
5104,0.39993080803106223,182613.7314099121,9.288401245117187,0.14307888349708411
5105,0.5468457835011972,276507.9250598145,9.288401245117187,-0.08417479806560316
5106,0.04080442942640988,29783.866276855522,20.22233102941895,0.10287132889048912
5107,0.40182504305535,213395.75363586427,10.407475750305165,0.1813407373913321
5108,0.0214974335973598,10071.529905395517,13.74393351318359,0.15002646070937412
5109,0.20909665648581638,107423.4179388428,10.565880494262696,0.1836585049599225
5110,0.8831489718591005,433309.57498168945,9.288401245117187,-0.28142634477777784
5111,0.3780840568833792,189407.3520617676,9.288401245117187,-0.21301851024748344
5112,0.5598087544426916,326606.6649279786,10.13721399816894,-0.1301085411658267
5113,0.05694994423115044,27099.064989013663,9.50788650854493,0.21214035289416486
5114,0.6488648262992927,380462.54487731936,12.875340751220705,0.160722779532193
5115,0.5862949739797744,385189.9348999023,9.288401245117187,-0.13268866024943765
5116,0.5921015952203679,235126.57360839847,5.763617000000004,0.6102379539749478
5117,1.184215977987095,504334.10316040047,2.005321502563474,-0.009661404402627685
5118,0.38607660626652257,211669.9587554932,7.924240513183584,-0.2897857863552559
5119,-0.02593900023579258,-16175.100217285144,16.147554524291994,-0.1114432191272995
5120,0.9198713712534062,464100.6266705323,5.158131999999983,-0.2286087612945411
5121,0.22431785118784703,131269.3038812256,11.260564372802724,-0.37834967093351535
5122,0.1195682849399172,68370.14694824217,15.612741040771489,-0.3461732795324086
5123,0.23959539071488994,128272.58500000002,13.66285902172851,-0.1371857827984632
5124,0.7832803108697154,535614.5130505371,10.579751283447282,0.06203562233243899
5125,0.3273597389740892,260288.63284545898,14.752695499267569,0.21809435610641867
5126,0.4336978817892059,201975.87654663087,8.168288865478523,-0.26553841630546876
5127,0.314521803248,247720.88533691413,9.288401245117187,-0.1197041174433648
5128,0.3777439065533111,171896.36756164554,7.973815006469725,-0.22839189540093313
5129,0.8222541369515269,351242.73984985356,4.980237999999989,0.4710851049958948
5130,0.28341039345680114,170509.9397674561,14.844912021728513,-0.6493890469348694
5131,0.47369705384226307,292304.34126586915,9.288401245117187,0.026369423406196937
5132,0.22882247831257338,147106.26988952642,15.307890003662115,0.22493315884451312
5133,0.2426643873498469,132970.40626342778,9.547226747680664,-0.4487086197086793
5134,0.4603646344856659,204434.56371398928,9.288401245117187,-0.08859370955632967
5135,0.39450293761860106,231953.76513854988,9.288401245117187,0.1423645497271747
5136,0.47060208208441157,143839.63905517582,4.980238000000001,-0.08600041036002053
5137,0.1537608869458035,90672.82493713382,15.153249011840822,0.024974257135745366
5138,0.5560521357936079,201118.04237792973,5.017944009887695,-0.22157785218441275
5139,0.4089482578577198,275110.2725299073,18.32840552453613,0.0964181461441465
5140,0.6540959885227522,281913.1538549805,7.784052523071296,0.34521589782601914
5141,0.44075627820280094,226094.8759399414,9.443801506591798,0.23118058063981858
5142,0.3711985964847648,234154.8474523926,10.88040951318359,0.1369617288092735
5143,0.7349642950612372,403386.07207885745,9.288401245117187,-0.586149801456739
5144,0.3823701822086093,193373.7750140381,11.565132863769529,-0.053965332161376355
5145,0.4192893877719096,231414.7550714111,8.895690510131837,0.3438331870661283
5146,0.11741828180002165,59052.299966430684,7.746346513183601,-0.27494585948773703
5147,0.41358735988806716,244330.9784985352,10.842558240234363,-0.612241046136191
5148,0.7574478967543558,278523.5465100098,2.4686544996337965,-0.07116928635384626
5149,0.6840187709314416,300698.42200500495,6.985559502563486,-0.01568156748679278
5150,0.005267509098783382,2222.3626342773714,19.360181490234368,0.3733206198812883
5151,0.3006182836969787,187596.78026245115,12.185443513183598,-0.20998157895277728
5152,0.3105667202529499,187444.2111645508,10.335431513183588,0.41051273266959454
5153,0.3822804324753733,203368.21239013673,7.924240513183584,-0.25578904221652315
5154,0.23907233532298267,96940.61505126956,10.154195994018565,-0.003614784653268465
5155,0.44613685841347267,209386.21015502932,12.975141229614254,-0.033007828885292065
5156,0.8036461995433047,352916.05723510747,8.682988735351573,-0.025267798018634824
5157,0.7205174555364723,350066.20019287115,8.267888513183594,0.19214748779929577
5158,0.0982349260992286,51094.21624755861,10.764608499145508,-0.011453114743197136
5159,0.7645404034826336,268304.6533435059,6.785944000000006,-0.005784600938549531
5160,0.4088312969568046,265717.87988037115,9.2884012451172,-0.23465051780899848
5161,0.9966656014709417,364160.1463317871,1.8080500030517577,-0.29850573725045143
5162,0.2949805326163455,166999.91285095218,15.682360875244136,-0.45927690509498137
5163,0.34001755124524147,186114.65630126954,9.288401245117187,0.42431598438758467
5164,0.8194253988441998,375071.9099639893,5.1376404926757795,-0.046694384961138966
5165,0.4168525271528757,217923.53148803714,9.288401245117187,0.17423897905403907
5166,0.2586496528049467,107926.43485351565,8.529725513183605,0.25816846918789077
5167,0.5804977133453116,308110.0168212891,9.288401245117187,-0.05724144314351398
5168,0.33545706269094394,185437.34510253908,7.746346513183601,0.032148238516320024
5169,0.05637094165106834,25359.544981689476,9.53900822351073,-0.4508981096962317
5170,0.3685792173760448,186381.38642333986,7.968,-0.5087054845000413
5171,0.13366122017569332,92226.8299731446,12.096101021728513,-0.06126098439993436
5172,0.7106773554655228,347030.1849768067,7.746346513183601,0.15921329867340694
5173,0.7443743018031046,362733.92495117185,5.158132000000006,-0.3008584674290879
5174,0.15419106010410935,82524.23399597168,15.112406264282216,-0.6119452666775729
5175,0.2649309274862808,172461.8264294434,9.288401245117187,0.285693455553719
5176,0.4069870636680045,154607.80795532226,7.746346513183601,0.18572261874461846
5177,0.5169530985435498,338983.0833398438,12.875340751220705,-0.23899523197428874
5178,0.6425387037319243,349461.71356811526,9.288401245117175,0.5199473796587557
5179,0.4277161060218323,244397.5621368409,13.843601245117188,-0.1631321044152926
5180,-0.024824808632505524,-14325.134812011675,16.900522737426755,-0.21724462628043328
5181,0.6384329752103843,286270.2786102295,8.976813000244135,-0.12095734844033894
5182,0.2957861924118137,177894.70268737795,9.288401245117175,0.2666121035261397
5183,0.7774862373789285,362997.14516601566,7.746346513183601,0.11331703601550167
5184,0.46094636461546035,238181.12509521487,9.288401245117187,0.21008805934231503
5185,0.2597142875199389,176987.992409668,11.686924513183603,-0.11063278851430498
5186,0.38279000264534346,218597.20737182617,9.288401245117187,-0.11245115635812487
5187,0.7782418003807349,458231.91841003415,9.288401245117187,0.14545128188898807
5188,0.47991108550861866,277010.0711016846,9.288401245117187,0.2639092030203536
5189,0.43759391711820816,240794.43286254889,7.746346513183601,0.031828079876728435
5190,0.7463787106103907,363755.1798400879,7.746346513183601,-0.2546431063188384
5191,0.3891347612856009,224199.12481811526,9.315273027832026,-0.2675167408833446
5192,0.5568452548675015,312028.3299145508,9.329992508544912,0.011555143755086672
5193,0.5713090176594038,279201.26517089846,9.329992508544912,-0.04097114642390613
5194,0.4030888922094262,331159.24483154307,13.548946253173833,0.22448310057094512
5195,0.34066732221635676,240636.87968872077,10.150740736572281,-0.1488590321262719
5196,0.5576556165983714,279504.25879516604,7.746346513183601,-0.07754752808293966
5197,0.5559110486751465,382574.9697589112,9.751668015747075,-0.11786165840012143
5198,0.7903421431094755,530867.4320959472,9.288401245117187,0.31767161085460355
5199,0.5374850657816271,337786.93193969736,10.392185023681632,0.08710891485783703
5200,0.7652449978712549,399098.6177441407,5.536933707031247,-0.1818719727864526
5201,0.9922824964096197,567027.2954663086,7.784052523071296,-0.33163044218459525
5202,0.5416575961674309,349100.5857141114,14.15196174975587,0.16422089565534978
5203,-0.1276574617730294,-60670.287826538086,16.624540513183593,0.06527496186423944
5204,0.09414881756929691,49832.77656982424,7.74634651318359,-0.182239329779782
5205,0.7208425048361947,336221.5373461915,7.307485999999987,-0.02159357413372151
5206,0.8112456180923264,372481.9889447022,7.405198007751477,-0.31321009421878904
5207,0.29003406940661636,212201.0874603272,14.802290021728536,0.20836573680550607
5208,0.37271996961422355,190614.1598339844,7.924240513183596,-0.18468002873971331
5209,0.24789693747101715,116445.11734985355,9.552052513183595,-0.10777978123543562
5210,0.06595665418238655,39935.83185729978,18.461003032226557,-0.1903125311250176
5211,0.7037047308357679,276506.2730029297,3.7043754936523383,0.10709887037621971
5212,0.6228978846530977,273593.58505004883,7.74634651318359,-0.2955359937519284
5213,0.8283249560877348,408818.60015258787,9.288401245117187,0.5964850951111179
5214,0.8539081974448345,291533.48496826174,2.1832155025634914,0.11773377664867407
5215,0.3806743576826795,280417.8001013184,18.467952523071297,0.10464252254322096
5216,0.5140088342274811,304453.02513916016,13.54121423168944,0.13014570887816448
5217,0.0524088240870853,37407.51497192388,15.39707150646972,-0.7802049627706543
5218,0.8453081669095286,462926.2264294434,9.589758523071302,0.3027909281153022
5219,0.886490366849001,347937.62748413085,3.611411999999988,0.20372135822245338
5220,0.4449389068879028,230252.63502685548,7.829457495117187,0.11838734675430333
5221,0.06049002261990309,32027.432484130873,17.034747758300767,-0.13872883372931505
5222,1.0182249308339992,479310.52861633303,5.864479360290523,-0.1571609759615485
5223,1.0414208026134326,681169.1301855469,10.661858502685535,-0.06161278444123993
5224,0.49081427726428434,259970.28212402345,9.751668015747075,-0.3548502066020261
5225,0.12637416280698124,63270.53731384278,10.199295009216305,0.1547260902346631
5226,0.31821879706470296,186158.31991821292,11.656226008666994,-0.24772624291151496
5227,0.23525715455021826,160911.32020263677,11.256299226074223,-0.020407604711153757
5228,0.34572726217516386,125013.48981323243,9.288401245117187,-0.20441784410899055
5229,0.5561873928269497,340461.3900439453,8.509161515625008,-0.5172668706391637
5230,0.6288498765983374,358165.33121215826,8.531301023559564,-0.05373322841983747
5231,0.30082462472250016,201977.6396160889,12.875340751220705,-0.5208796274943378
5232,0.5397550123874436,156541.2999230957,2.8657580085449386,-0.4165627785728236
5233,0.6391522334724877,303841.8334118653,7.924240513183596,0.2373516633144182
5234,0.5024612410837972,345682.41022277833,11.167566993896477,-0.22666248961579877
5235,0.9065284561554199,304100.7837121582,1.8057060000000056,0.24542146708362533
5236,0.6721146147912863,373264.9650268555,9.2884012451172,-0.07693280751882996
5237,0.6525054539025721,353600.57971374516,9.288401245117187,0.1628235396003736
5238,0.527834869839976,307475.50507324224,9.288401245117175,-0.088146449223551
5239,0.13632619723292683,94606.1720153809,13.111562806152344,-0.1201949411766313
5240,0.21391241844618708,163672.68537536624,24.583025485534673,0.4351126254560161
5241,0.23990205995396152,166366.93506469726,9.288401245117187,0.7686810631665246
5242,0.680817646813635,297906.8863269043,4.980238000000001,-0.06906602681109196
5243,-0.02871827979535961,-18165.719926757833,14.422682223144534,-0.42254825131041185
5244,0.1871122964503618,135296.50993835452,13.006274506103505,0.19035500019889726
5245,0.4146601574608312,238476.35176208502,9.329992508544912,-0.08882183549344282
5246,0.3932955842061805,205640.29528076173,11.436267485351582,-0.6441106926482716
5247,0.6697482782628741,364033.52614379884,11.113298129150389,0.1469626939215729
5248,0.3415882459488828,132064.79005981446,7.746346513183577,-0.10037064198543882
5249,0.5505306746465772,257420.3201098633,7.746346513183601,-0.17621763188993309
5250,0.31579546822474835,152791.23157958986,9.2884012451172,-0.5809018831337092
5251,0.5356441147763588,317218.83833374025,9.288401245117187,-0.24611630947037005
5252,0.12392325121478485,63380.053519287125,8.545244996337907,0.1913196369242437
5253,0.4109915665176906,225843.30371032716,12.096101021728503,0.19888688806546276
5254,0.5970685198654334,389597.6114599609,9.288401245117187,-0.1283006949386566
5255,0.3790674399177259,212766.59269897462,9.288401245117187,0.13311793627824137
5256,0.6786458553058878,373004.85546997073,8.529725513183593,0.08419541496337751
5257,1.21786640683326,690825.8337036134,7.746346513183601,0.04296218131378952
5258,0.8314778258733001,402542.09981323243,9.288401245117187,-0.4016255190927718
5259,0.3629516568581037,201430.69501831057,9.288401245117187,0.12295352844486418
5260,0.502517858053436,256252.19664733892,8.445782513183588,-0.09027038420722466
5261,0.4217046577097089,327444.56165100104,9.419334999999998,-0.15290873646684713
5262,0.9508316242685281,603124.3891918946,7.968,0.009919560494815842
5263,0.37269909270031565,162939.20376159673,9.83897350518799,0.3276581932140899
5264,0.23701018269710825,124493.5276879883,11.22504099999999,0.1804610401945187
5265,0.46860674712097733,249465.74995666507,9.288401245117187,0.19901244059307888
5266,0.5260996637591723,232859.966706543,9.288401245117175,-0.22999236038541113
5267,0.6024226487810803,335394.3035925294,8.03887501928711,0.12176100062873808
5268,0.8607194369336055,552299.6891918946,9.288401245117187,0.25256445833473445
5269,0.6063214775711525,255826.32995117188,7.746346513183577,-0.3072512046266294
5270,0.474567246547851,326317.8199847412,9.288401245117187,0.17038993571227742
5271,0.39420377586917643,241529.83456726078,7.968,0.3647707610947156
5272,0.1749915040559601,81917.02497436525,8.748079513183598,0.3206374768088612
5273,0.1915994515544532,120399.05769836428,17.785726975585938,0.030248604000003794
5274,0.8319147423772535,348436.28996704106,8.080383509399416,0.16178403178987788
5275,0.22793354274223432,170121.93038818362,12.968822513183603,-0.20554871555752355
5276,-0.11335994218898802,-82004.52741577147,25.788258487792987,-0.24079834620169419
5277,0.4562582694863791,229595.78514465332,9.552052513183595,0.28638305926671
5278,0.8933084556496201,529474.8686480713,9.288401245117187,0.19717014318209122
5279,0.6489963600247791,337807.3334692383,14.867496507080086,-0.46961900210092
5280,0.0632860721826349,39076.118028564466,13.595051391357416,0.037302872929329815
5281,0.3723355849560803,191125.44624267577,12.211947885986325,-0.24447223727386802
5282,0.46051686115713336,243840.43500000003,9.288401245117187,0.05113481959992984
5283,0.32346362386799526,122968.1551409912,8.86812051934814,0.16478899962658594
5284,0.569448534636016,267830.62137634284,9.288401245117187,0.06290737036476952
5285,0.4708580229584717,267816.5476428223,9.534155019165052,-0.2290775168623594
5286,0.41663819121381424,275266.11395874026,17.22389051611327,-0.4684095247554681
5287,0.5833711252906639,312003.9000732422,9.288401245117187,-0.26966497419960783
5288,0.49488543598153556,268642.5113653565,9.96864751318359,-0.30689197613668834
5289,0.26202067908754345,96180.20000915526,9.751668015747075,0.22221431173052833
5290,0.6374116339525066,169162.99017700192,1.8299859940185677,-0.008957344620896524
5291,0.8328191552522612,421449.56477539067,9.288401245117175,-0.0814394634229061
5292,0.24679372693624327,131315.35845764162,10.741972241760243,-0.3383555186393416
5293,0.6599085685824136,335761.06519836426,9.2884012451172,-0.16305202799803636
5294,0.6003156950315135,394266.9952716064,14.522850136962894,-0.382826800635505
5295,0.39387243126109217,188181.5722320557,7.968,0.1650746499400352
5296,0.33729609879723044,195937.81496459965,15.103571996337875,0.13104848676503936
5297,0.5658835795338576,300174.10145507817,9.288401245117187,0.15845035619643574
5298,0.7266252950449519,514427.5356750488,9.288401245117175,-0.6910177208370811
5299,0.7210175707408654,468043.3629394532,9.288401245117187,-0.21324306556662329
5300,0.3973670160442611,260759.60495727544,12.185443513183621,0.3965263900014867
5301,1.1021405933246713,541223.3250933838,5.1100075150756865,-0.49079432318063076
5302,0.4198944135925081,243148.5213171387,12.168215889892588,-0.28867601446390495
5303,0.8986801388251349,362894.0064367676,3.9889215025634734,0.3583969243886083
5304,0.787413082238732,408827.48997863766,5.072301505187992,-0.09131343137425792
5305,0.549223504725807,220127.0650769043,4.980238000000001,0.09469317748999002
5306,0.17043154948720413,127586.33864624026,10.061333236572263,0.022276124411313415
5307,0.39367404673302153,272588.1269519043,11.21531822192385,0.48328204975973943
5308,0.5440703313746162,310105.01986206055,9.288401245117187,0.23081877614803706
5309,0.3991812335214514,283073.03935668955,18.346250517822256,-0.07742016810054046
5310,1.0383704955765476,513690.9875964356,4.980238000000001,0.5050415740031408
5311,0.33150594646662435,113827.40789245607,5.399876505187992,-0.11797727039369964
5312,0.5789376595085112,355950.72302246105,9.329992508544912,0.1872187790645037
5313,0.5274414129662018,250254.1351843262,9.288401245117187,-0.03564463970451062
5314,0.6224261279345686,278970.23471740726,7.746346513183601,-0.0077406795523174655
5315,0.10892825311065277,68678.47997436527,11.862780986694329,0.1462566047500328
5316,0.6931949935301897,489951.92992675793,9.649103739013686,0.14444929279377208
5317,0.557999064251056,221472.169921875,5.017944009887695,-0.0017624168298816542
5318,0.821319181648933,359062.25735961914,4.980237999999989,-0.18061460645696736
5319,0.4757364298223567,272475.56226318364,11.027200730468751,0.17748078867249897
5320,0.8607387015090117,392668.99641418457,5.1376404926757795,-0.2908051653155246
5321,0.6466340514802332,347516.9800000001,9.288401245117187,0.10647623173716085
5322,0.9096053431070035,487616.58497924806,7.156673366699227,0.2524606229680255
5323,0.7727907227755078,335722.20527526864,5.158132000000006,-0.1715674063266144
5324,0.4976450176898915,340541.1035290528,9.288401245117187,0.13809233594096584
5325,0.352280563891646,150860.77329406742,8.529725513183582,0.2738500515430423
5326,0.7868406895474475,429956.5619317627,9.288401245117187,0.09745475267193425
5327,0.2620478370526172,129514.68744812014,7.74634651318359,-0.24038070734635958
5328,0.6958385353043985,258503.52056579595,2.040844875366217,0.3537655099646781
5329,0.5258616844348262,267330.8900878906,9.486618520263663,0.31703101536581724
5330,0.11779214297709278,59854.737674560565,11.874050736572256,-0.6107169195539034
5331,0.47329095632000706,220278.37655639648,9.554396516235336,-0.13326744183800376
5332,0.23863906318090444,161519.13672729497,10.017471733032226,-0.41469296363873015
5333,0.4496621816681114,296203.416194458,25.13609200512697,-0.33592214326155745
5334,0.522297359146682,302367.85889099125,9.751668015747075,-0.016784916894403215
5335,0.5937147311653127,262288.3826080322,7.74634651318359,0.15923649285367922
5336,0.1953172099887555,114643.6499389649,12.185443513183575,0.15724521872216643
5337,0.5565459750198879,344448.1395043946,9.288401245117187,0.2337159938559172
5338,0.8854422244288446,261183.53295410157,3.7893060000000056,-0.15689225456263245
5339,0.5179957729521736,224091.86867614748,7.74634651318359,-0.567483924388916
5340,0.18557130859992021,108858.12226440433,9.796278028930654,0.1157175736708569
5341,0.5680284686649254,311249.57492675784,10.082472239135742,0.06547228622209873
5342,0.22543058877312858,165436.84507690434,22.6950630217285,-0.10089012696205799
5343,0.3867413454733582,240007.7774145508,13.839742530273435,0.3036769391581029
5344,0.10190605799975225,52539.9633355713,10.229492520935066,0.05671910880352918
5345,0.6065481157954029,357471.89005798346,9.288401245117187,0.20333376112434268
5346,0.29221128603899305,91602.71988281251,10.031126500976564,-0.06410066465500558
5347,0.5571150000909918,297787.26768127445,9.288401245117187,-0.0019979486851542686
5348,0.5873558719523826,379487.13105468755,9.751668015747075,0.09808798022240205
5349,0.5476969629218587,378198.12344177254,9.288401245117187,-0.10064322126210361
5350,0.2693295068613484,192836.65478332524,15.363056640075671,-0.37902442932923847
5351,0.28952986823843957,155089.99271850585,9.790465510375974,-0.03557897022003383
5352,0.6241816337196874,260407.34739501955,9.288401245117187,-0.3180714939356755
5353,0.6016167891150686,426964.70665405283,9.288401245117187,0.4258725893139155
5354,0.5824226836681626,375496.9975390625,12.185443513183598,0.12156801019996265
5355,0.5985921718516786,320278.92998535157,9.288401245117187,0.17256028306861304
5356,1.0715749561753358,593801.3863671876,3.9753012542724613,-0.1232646961097466
5357,0.4998676614219393,303188.88828247075,9.288401245117187,0.0466275436722304
5358,0.9126710370597556,445431.7872766113,7.74634651318359,0.11757268231025626
5359,0.12820378248329212,90461.54507690437,17.606456746093755,0.058749914925508046
5360,0.05269001901651645,33895.71006530765,12.185443513183598,0.07174879858519208
5361,0.716028211291608,435013.4792657471,9.288401245117187,0.0719045207264524
5362,0.40304748536440105,218732.3177514649,9.419334999999986,0.36670310985834104
5363,0.34326242882057056,203232.15501586918,15.714346513183589,-0.177515557998889
5364,1.2134822760931996,736318.2846905518,5.1376404926757795,-0.011302781946698504
5365,0.07657983475446718,45657.240011596674,16.012043534301757,-0.20997102167269924
5366,0.24303899325833192,97252.150032959,9.385442014343267,0.0795355051390982
5367,0.2990678892332916,206086.3163537598,13.14912562902833,0.22803644502672707
5368,0.7391297079896807,334291.9812951661,9.288401245117187,0.27549047608547056
5369,0.5209003580762825,247975.44434814458,16.171180867919933,0.0014029217156622165
5370,0.1625427365206753,103886.77993469243,12.554328729064936,0.17769957507970074
5371,0.6086217459312163,301053.60008666996,7.746346513183577,-0.24856424065139618
5372,0.40961382265962165,301814.07497375493,9.832183495117189,0.051237663258390305
5373,0.680763922759902,239691.78499023436,3.611412000000011,-0.43655879302446493
5374,0.3265273466609878,146353.74008483888,9.288401245117187,0.08431760171043175
5375,0.3317309323995296,141138.2030456543,9.710953388549795,-0.4058766701359928
5376,0.35096047616078263,236150.73707031255,11.108280753662122,0.14424033527432575
5377,0.5243759020579006,235527.5201123047,7.9037490058593685,0.09018536259145025
5378,0.5136374774203398,300428.2275561524,9.288401245117187,-0.17014420397956592
5379,0.28917906122619474,169883.10023742678,12.096101021728513,-0.3514609097886183
5380,0.13788238246766588,86667.08014282223,20.318944252441405,-0.3027451857164532
5381,0.08834784673661142,65675.62988769531,22.696299526000967,-0.41657930823750094
5382,0.3803649796958523,259711.87644897462,12.418623338867189,0.09984118414594731
5383,1.1601425236638558,511097.93784362794,2.005321502563474,-0.05543443542826455
5384,0.54067008090912,279969.9847509766,9.2884012451172,-0.12053926900645368
5385,0.9693013686828748,525824.0398046875,9.288401245117187,-0.36161473349789064
5386,0.7382453111391944,346067.9502856446,4.9802380000000115,-0.08891366530404347
5387,0.7251713694244777,322401.0235577393,7.746346513183577,-0.02803349477080721
5388,0.5278829498113881,305055.0011303711,9.2884012451172,0.10252273135663827
5389,0.2523586284863303,152155.29396850587,10.509615741699212,-0.1473556884536351
5390,0.5914365398326076,228655.20489318852,6.785944000000006,0.4517202359131241
5391,0.6228344732055636,307516.47508911137,7.746346513183601,-0.286430216717544
5392,0.2574971478118813,167675.75762695316,9.2884012451172,0.17112952196914918
5393,0.9256347234301944,583937.7476977538,9.288401245117187,0.02351064296187507
5394,0.33428006539462973,171391.90230468754,9.288401245117175,0.27162179111266876
5395,0.6558260490969225,286740.8549212647,9.288401245117187,0.14219311846584487
5396,0.7064236002324303,229918.31752563477,3.1064119956054728,0.04860408772615209
5397,0.36401125968084547,200959.763001709,7.7815002202148555,0.21583883850692573
5398,0.36406816476604786,148348.87485656742,9.909070508422841,-0.435577820041901
5399,0.8903976123431075,498270.1038104248,7.829457495117187,-0.1431182575307547
5400,0.5414192180420458,276995.265111084,9.2884012451172,0.15901403429810035
5401,0.16537451922910457,91545.1699835205,10.875680021728517,-0.24407824359827224
5402,0.586153013918735,323349.27996948245,8.833315510131825,0.10417837546338864
5403,-0.03327445978194627,-17064.83498046871,9.060256510131829,0.1846370619764903
5404,0.6536647269063562,300645.63963256835,9.552052513183595,-0.016079794175465734
5405,0.6002273807242731,386814.0639501954,16.107945505859362,0.09321782056362748
5406,0.12542164739274192,54542.151107788086,9.751668015747075,-0.0662835417279551
5407,0.8260620498735407,308024.92495971685,3.6201265050048823,0.1289793136392044
5408,0.4749518102237886,246032.63261169437,7.828290993896476,0.11985279917231473
5409,0.870625118248655,369863.338449707,4.9802380000000115,0.622211079045959
5410,0.5042187414114991,164390.7164440918,4.980237999999989,-0.16868219554196828
5411,0.6493209516244073,265113.28502685553,9.288401245117187,0.028649810105154196
5412,0.4406146074644889,235350.5500720215,9.288401245117187,-0.29195907042185715
5413,0.38531465708738993,229504.87647033692,11.411353239990236,-0.12305226690482399
5414,0.16251857823136748,60335.90478332519,7.74634651318359,0.07909458051724703
5415,0.5239278864897325,327116.3324133301,9.751668015747075,-0.06553861727282091
5416,0.4177178255301385,196155.36010498047,9.288401245117187,-0.538015731628386
5417,0.19061829510138772,102857.9308068848,9.709455005859374,-0.43119099490447504
5418,0.42436645932069034,211548.99984375003,9.288401245117175,-0.089245562912248
5419,0.45284144496038087,231524.79777771002,9.288401245117187,-0.2693969866834606
5420,0.4445659846335838,267677.42739379883,12.70086499450683,0.3116586350915807
5421,0.11495583302580933,64693.2024462891,11.950083114990242,-0.22918906868728564
5422,0.17452928729004305,109671.45119995117,11.985664759521478,-0.043100081063798076
5423,0.18515232071124924,119241.83523315434,17.8435340168457,0.02999085429536924
5424,0.8391169225611942,273586.46990234376,2.005321502563474,-0.2610087631501799
5425,0.3023840079726051,178723.1101354981,15.879270017456054,0.04846882198964349
5426,0.3764960048256152,211005.8302801514,13.76908950854491,-0.30519573834890285
5427,0.20183334389452867,114090.6449804688,12.096101021728513,0.3509452832771919
5428,0.9559352729257381,400190.05214233405,5.743053002441395,-0.36154700691362857
5429,0.5364227649945471,207814.293918457,6.985559502563486,-0.23714157930243338
5430,0.23352004038544888,163458.4886468506,15.134850259643548,-0.01622566594510899
5431,0.8869532758590556,491209.0865515137,7.8191445131836,-0.21955384173845233
5432,0.5988195365729064,378795.8267578125,8.676307501220704,-0.011127843183803119
5433,0.1676742206897082,71894.1350317383,9.2884012451172,0.09722162351161424
5434,-0.15551407305043244,-86635.93302856444,19.563814546997076,0.3564425841943479
5435,0.4894275560095958,298638.99029663083,9.552052513183595,0.19009960348480967
5436,0.5920626997511342,387681.83636230475,9.288401245117187,0.08223205627988187
5437,0.12106991218898433,62805.27003967286,8.437662007995602,0.3682780930660044
5438,0.7792479893172298,374780.57354003907,9.326107255004858,-0.01585126820205778
5439,0.39195410167711536,239121.15727478033,10.898768751953124,0.20690860262526004
5440,0.28752258661163554,157556.39985839848,9.94087699999999,0.4777779664793559
5441,0.9736473056119136,425398.0915344238,4.010643005126948,-0.02932869928089798
5442,0.6856005345225223,194257.06762084962,2.6119775069580067,-0.20002327705357856
5443,0.4169878403490607,252900.861326294,14.370295245117182,0.03463884465036275
5444,0.45366144750219933,302843.80010986334,11.516128507019044,0.3365898731787564
5445,0.7765723113451318,378981.9329492188,6.7859439999999935,-0.04954709375151793
5446,0.46793781747705493,297822.3377081299,9.288401245117187,0.39592167917056226
5447,0.3789721081134641,185993.83650634772,5.146848498840327,0.16134019368079613
5448,0.6422556610146793,240129.50720825198,4.980237999999989,0.06521888763699864
5449,0.44144799847175065,221504.2999621582,9.288401245117187,-0.35598774580617354
5450,0.47724515796517725,312882.83987731935,12.185443513183598,-0.11863450334328711
5451,0.016292193078465408,7445.848361816417,13.514246400390622,-0.08473892121757498
5452,0.5862708290623457,304457.74982177734,9.709455005859374,-0.002361766851445373
5453,0.4732161830135722,288042.4024139404,7.958311516784668,-0.05980282363739001
5454,0.34211667148282254,209365.06113525393,12.509331016113284,-0.001785806476385377
5455,0.2615779720926841,151750.0250805664,11.73166701550294,-0.09891862334444583
5456,0.5870505342658396,374059.0947058106,9.751668015747075,0.16325791619499627
5457,0.4559431890698031,201916.1812554932,11.965797502563474,0.03963205843390643
5458,0.6401135459995814,256764.72080383304,5.851872377929697,-0.2524331070607283
5459,0.4466461451686777,277184.60208801273,11.991941013732902,-0.2863888776271871
5460,0.42876383913237487,272333.7074572754,12.185443513183621,-0.13678666095420713
5461,-0.24366786465556453,-141538.49646850582,23.98316613183592,0.04535029504451419
5462,0.5822449848703944,258724.30485961918,7.9037490058593685,0.5502867629320135
5463,0.7494070211263505,393707.0250610352,7.746346513183577,0.13159666327761815
5464,0.45568267558839204,249575.42020751958,9.288401245117187,0.6883636551901764
5465,0.9437359543115276,542538.2151208497,6.893333000000007,-0.16211128870412492
5466,0.2915063166973668,210449.1235638428,13.990222875244147,-0.15149526918641845
5467,0.5919319752506909,311553.4348608399,8.52558624267578,-0.3955859355872042
5468,1.0106238190389725,550634.7326245117,7.746346513183601,-0.037067329748523184
5469,0.8510418163303095,474794.9212231445,7.746346513183577,0.5688290515392544
5470,0.4231356549294175,130669.40016723634,6.709706000000006,-0.061895595342782786
5471,-0.08221899129740014,-53087.774016723604,11.874050736572267,-0.1553855513705959
5472,0.03756228636804768,17242.558225707988,14.307425242980965,0.11664804917693873
5473,0.3085126658417532,178741.59241638187,12.875340751220705,0.2869102138291334
5474,0.622129409598476,424480.0328045655,11.74132203228759,0.4130406069657718
5475,0.01171925778047682,8442.985623779321,17.78422101135254,0.03204685805433246
5476,0.3575191157323773,214856.4398498535,14.873503253784182,-0.01837967757030601
5477,0.5391807759540062,301371.81625976565,9.288401245117187,-0.23373812297471966
5478,0.2442619075738735,157780.77126220707,18.484180534179686,0.04702553743977682
5479,0.700616155871033,425823.1348950196,11.438668255493138,0.37372566654766265
5480,0.4694219601577981,209528.17503967285,8.7076195131836,-0.07037066243308286
5481,0.3802708513702778,184257.6670996094,7.746346513183601,0.16352717452686738
5482,0.4178641414196782,273833.24002075195,12.185443513183598,-0.2533112555148046
5483,0.33914144413330505,234372.96726684575,12.948238,0.006229430155505432
5484,0.3234952197349529,197893.6736224365,15.343377894165041,0.21726320049258788
5485,0.6523856667809381,391876.34495483397,9.288401245117187,-0.24519775203049488
5486,0.5408831128702123,308416.03857849125,9.751668015747052,-0.21255588729492292
5487,0.8323180889453261,355330.3198754883,3.3257227476806617,0.18957275767102005
5488,0.37725276742557684,232974.37961547854,10.871981253295893,-0.3892103058242877
5489,-0.06444420718874895,-41225.33802978517,20.410473517822275,-0.3845731825709056
5490,0.8857003335060545,575297.1935137939,9.288401245117187,-0.08117181190056375
5491,0.4822471654669767,232013.89773315436,9.288401245117187,-0.18160976387290598
5492,0.7976133813295785,590130.8394445801,9.288401245117187,-0.12021981090447598
5493,0.5866495405733957,336189.45628356934,14.565554894165054,-0.08795236065008316
5494,0.6568304180786908,433005.95988403325,9.288401245117187,-0.19619351155568043
5495,0.9280770993510905,470920.7354058838,9.288401245117187,-0.08546322379244067
5496,0.32651273351981175,230130.6369909668,10.97621174523927,-0.1259760234146564
5497,0.7103083055257767,445879.394864502,7.9037490058593685,-0.2215503341913847
5498,0.7167019124094657,329410.7837597656,7.746346513183601,0.4949070253115762
5499,0.4248378379158552,279281.9523901368,10.071780245117191,-0.5690967086794694
5500,0.7289799124821312,248946.58508666992,4.980238000000001,-0.07103051700286524
5501,0.4431650073664729,264109.88508666994,9.2884012451172,0.2608160709511146
5502,0.4344558297997195,211254.49997680666,9.610097512817383,-0.6897386690569995
5503,0.40145920065324064,234892.9914074707,9.2884012451172,-0.41498181120879
5504,0.40956658776754296,180590.79000793459,6.719106494018552,-0.434249808572231
5505,0.7370638814937303,424007.0321844483,9.288401245117187,-0.17881668513829022
5506,0.44693397966090637,192140.28145996097,9.416639730224608,0.010457079488759543
5507,1.0193902441613225,421751.044553833,2.0214395051879808,-0.21986436842147847
5508,0.40706417695439256,212174.75097656253,9.326107255004882,0.0997442796847487
5509,0.1094547976855721,73502.69692138671,21.75549202050781,0.020620853856912594
5510,0.43162819959160553,226943.2327618408,12.604591003906238,0.17658626758213758
5511,0.4784493423278682,305864.80219909677,13.638155753662112,-0.25165945196728445
5512,0.2274379369526678,152832.21492431642,14.164271883544918,0.41431501263974124
5513,0.34442077996615234,185703.63635375976,12.945145622436538,0.2949041746643923
5514,0.5137911467283856,263023.19404785155,9.751668015747075,0.3893903930286874
5515,0.9344354034311594,528828.1434368896,7.746346513183601,0.09094395511108079
5516,0.609090908543508,347621.27123718266,9.288401245117187,0.08765585934564891
5517,0.8025268589772042,320490.862923584,4.629929875366226,0.23688534522988014
5518,0.7190642200394244,569650.569864502,9.851534508544905,-0.29303927973905924
5519,0.6928808454998965,385008.6137451172,9.288401245117187,0.29054015525658033
5520,0.8945170435876527,425624.05369140627,8.202559002441411,-0.45369627536531976
5521,0.12867928026682274,63756.98078186038,10.775283247558598,-0.35137365489688355
5522,0.5097353042252731,269077.2452032471,7.746346513183601,-0.22364385002233633
5523,0.8472873285460457,509154.2824212647,10.459975516967777,0.22177715283721205
5524,0.49369245650193705,278531.0660992431,9.329992508544937,0.01736522591450514
5525,0.6347512970824641,374952.7600476075,9.751668015747075,-0.14213319649702244
5526,0.465973301632221,280826.54493286135,13.561917753662122,0.3072610270798836
5527,0.23681769676007558,133425.5500854492,12.732140513183596,0.20981406214151183
5528,0.6686048442449386,302900.3681890869,5.1376404926757795,0.31013022475665514
5529,0.5771304616915691,327229.15999938967,9.288401245117187,-0.14258967437389014
5530,0.19024616474937506,140811.85772399904,11.1653825131836,0.42822191491030404
5531,0.6340438199020151,352041.5038372803,10.125001251220702,-0.31254314947361417
5532,0.6397287682317772,305670.5049023438,11.094107245117193,-0.05181163694214223
5533,0.19638360264998594,107559.90500000003,14.551997492675776,0.21615631736336613
5534,0.6470022533070803,277476.45466857916,7.74634651318359,-0.14533460929618425
5535,0.25474479288857543,162553.75621032715,12.517972517639153,0.523382405468517
5536,0.5274863178659924,247914.6501403809,9.2884012451172,0.032545425173763
5537,0.6091487934243717,337721.45007690426,9.288401245117187,-0.3860434967240901
5538,0.4107514803321014,189519.6530407715,9.288401245117187,-0.1296564630578236
5539,0.442500025134128,229414.40513671876,9.2884012451172,-0.18011986546856412
5540,0.6933153785466523,318438.5051037598,8.791265502563467,0.19658418802311273
5541,0.9002674047467648,442840.0611511231,4.9802380000000115,0.39828874713005874
5542,0.6483744464505541,289190.80235473637,4.9802380000000115,0.03863181779198058
5543,1.1159449347753478,566231.836373291,2.183393753784173,-0.2649219089375809
5544,0.658114785668196,480771.58874755853,10.24816712719727,-0.23335010011568885
5545,0.421180650062956,215613.11266174316,9.703150009765627,0.02403343837965331
5546,0.2793035222224815,173073.72437988286,16.826089296874997,-0.08601014119067414
5547,0.44008039184908276,241725.91639404296,8.52558624267578,0.18461303428788362
5548,0.11517058895666325,61551.05150939946,14.7517503689575,0.06424476488141165
5549,0.35152151984362007,225490.25608337406,18.111620034118648,-0.17418406238958548
5550,0.8834797782950361,321059.32494934084,2.005321502563474,0.2859723772643528
5551,0.4080226469352641,204056.85354248053,9.288401245117187,-0.49607098904113356
5552,0.3247125095123378,175594.91376037602,15.61607385565187,-0.13349442718684917
5553,0.4759673949326091,346903.2401135254,12.096101021728513,0.13839815146063622
5554,0.02933089763465312,17644.83998535158,10.530531513061526,0.19227941179550873
5555,0.2692349098596057,115399.76248046878,9.288401245117187,0.5791297749892105
5556,0.2961274036141948,156932.75862976076,9.288401245117187,-0.016968638891294477
5557,0.6503373646560149,326554.54110107425,8.52558624267578,0.24666286548382213
5558,0.5270833517440479,323637.33425415045,9.288401245117187,-0.21728375831275965
5559,0.3349292265177721,167540.3376312256,9.288401245117187,-0.07898946207774155
5560,0.4828009264474596,210386.97475708014,7.746346513183601,-0.23930997467251192
5561,0.526210566991198,311511.19640747074,9.329992508544912,0.1579583670322106
5562,0.5055002701646983,227763.73010986327,7.9037490058593685,-0.08092902618685816
5563,0.42864424076300917,291725.90500854497,9.288401245117187,-0.516804904356189
5564,0.4664215167917572,233714.77987792972,10.135251251220703,0.06310998293080297
5565,0.4857006526994046,296068.0579248047,9.288401245117187,0.10159651066907141
5566,0.5590255338862952,223615.7863623047,7.121149993896485,-0.6484470534644264
5567,0.536182325512604,231046.91152099607,7.746346513183601,0.058444030299823174
5568,0.43897454788707074,252712.6991339112,9.2884012451172,-0.2834473846179248
5569,0.13379527589972356,76987.19021972659,15.1779074925537,0.24996163537293714
5570,0.4631994283103343,214126.49497436528,9.288401245117187,0.2789128723330027
5571,0.662094272449756,357793.50987609866,9.288401245117187,0.10769054725663624
5572,0.3591156951724607,149600.4710827637,9.809943245117179,0.0812292712924498
5573,0.09260973203013877,56570.46657592777,11.416685513183591,0.2176603391151407
5574,0.2856419969696308,182771.49758300785,18.856705372314458,0.18215305615966695
5575,0.6657343537075275,423489.9849816895,9.288401245117187,0.1972474188128205
5576,0.8812830805854999,485359.4698291015,7.784052523071296,-0.10294885314593004
5577,0.3813361669121707,200655.64287597657,9.288401245117187,0.30145833061573557
5578,0.6973594881984632,295447.09870422364,7.746346513183601,0.3334775326495108
5579,0.7365281061812798,466371.9288555909,9.288401245117187,-0.15488466907874077
5580,0.435051960427982,211928.04740234377,9.288401245117187,0.16324330492475214
5581,0.5522496062146182,263724.0213562012,9.288401245117187,0.29149704319005754
5582,0.2294597238160843,121726.03364257817,9.288401245117187,0.4687991948233635
5583,0.23317475741166196,138706.91894104006,19.840107118469245,-0.051267268369676
5584,0.7715027355931723,390865.5997241211,5.66353651037598,0.09947780053505142
5585,0.7732781586192014,500194.12968444836,7.746346513183601,0.05644164080785008
5586,0.6566433871373228,268633.955177002,4.9802380000000115,-0.20113719844130235
5587,0.11033064224725427,67299.50114440918,14.702199019165047,-0.08271795671392132
5588,0.2079127983801849,102251.77866394045,7.784052523071285,0.45452165449023446
5589,0.6728477198655973,312145.3099310303,7.784052523071285,0.05216026097042491
5590,0.4101593269487107,162781.84477233887,8.437662007995602,0.18208601232955482
5591,0.9516111856237696,477622.99362731935,9.288401245117187,-0.1902531345025978
5592,0.05985126341879763,35081.93012573247,20.413266637695322,0.33483148012020364
5593,0.9542265138226241,517945.71860839846,9.288401245117187,0.20286183123163826
5594,0.5401744129042326,283948.79701293947,9.288401245117187,0.11138050369966354
5595,0.8004177576108816,458200.19490295416,9.288401245117187,0.13647778266774135
5596,0.326238194988899,204390.83669677738,12.329560017333984,0.12813963980499052
5597,0.5753103003050033,285610.41656738287,7.746346513183601,-0.5480240910932325
5598,0.45659535163271003,291532.2285528565,9.41933500000001,0.16695210459170698
5599,0.40695015214694374,217059.28729858398,7.746346513183601,-0.19670443997881537
5600,0.4704200999036039,288495.41493042,9.288401245117187,-0.14812705160893522
5601,0.8921950605089238,457116.7322521972,7.968,0.22642999318099027
5602,0.6358043480778568,301377.09745849605,13.983200248046895,-0.39415449924950074
5603,0.6109287958284505,350987.3079003906,9.288401245117187,0.010514793887501905
5604,0.7234100086647313,185779.50723754882,2.005321502563474,-0.11695222438283326
5605,0.24218846336874908,148494.98996887208,12.687603495117173,-0.004961383481025605
5606,0.35483133105161596,154784.7100469971,10.145591498657224,-0.32660175757403687
5607,0.3154129987643496,230548.67859252932,14.602428619873034,-0.29070690275438127
5608,0.09601978349597896,54254.21012207033,9.288401245117187,-0.0947332396255742
5609,0.24752057604307573,137225.614909668,12.711240747680666,0.10631803881273356
5610,0.24534327345810872,142571.85005737303,9.288401245117187,0.10498416476979128
5611,0.6033906982506309,277054.58289917,9.288401245117187,0.43543316465846715
5612,0.6525890084944408,248891.0574987793,4.980238000000001,-0.4358768725081269
5613,0.7228222309772171,438100.19642944343,12.096101021728503,-0.3875372049260645
5614,0.3896233414924921,229710.1961608887,12.756808507934572,-0.32081511779127303
5615,0.26110723398929503,147517.41813476564,13.484168256103505,0.07556764534685993
5616,0.3487098801944422,183583.9722595215,9.633842011718743,0.20275966541155396
5617,0.1595282103737648,82331.76886840821,13.940201632324223,0.284210944786722
5618,0.7457985096505173,443857.88492919924,12.185443513183598,0.18934749471688653
5619,0.7351199382084618,248071.69492187502,1.8080500030517577,-0.04492709356114445
5620,0.6927162082559383,293549.3151031494,4.9802380000000115,-0.11797250514342467
5621,0.3995089157552049,165049.75989624023,7.924240513183596,-0.06037346910850164
5622,0.7296235296888625,490114.60126098635,9.288401245117187,0.23955672427113334
5623,0.25924063994169444,151473.21256042487,9.288401245117187,0.20460909604566166
5624,0.546532720276405,320922.5706176758,13.56269551831053,0.0215679880237155
5625,0.37115427719352145,245967.00653808596,17.192683866699202,-0.7040055959862733
5626,0.5101869131020527,242944.33979553223,7.762489015747072,-0.20672023551720706
5627,0.0157698684334803,5640.857860107433,7.363717008178703,0.2793496737835301
5628,1.0101273374920625,532438.8902746582,7.760967513183598,-0.12316310959878161
5629,0.5740414015944617,326169.5699328613,7.74634651318359,0.2922873695139672
5630,0.7365502379605146,469849.4748034668,8.529725513183582,0.10493535406218785
5631,0.2452712608993719,142207.46391723634,9.32392461791993,-0.25211906415842317
5632,0.3859377013077063,237451.06086608893,12.263251516113268,-0.27055310385563597
5633,0.8354292147851231,350741.89263183594,5.137640492675803,0.1884502407238587
5634,0.2609786469484708,156749.5398840332,16.360780021728516,-0.024463150401208247
5635,0.4687783319057654,237502.6770391846,9.709455005859374,0.09397191803420903
5636,0.6127175673573447,219288.59845092776,4.980237999999989,-0.029442380231015843
5637,0.3884930341524136,196991.42641967774,9.288401245117187,0.3761660885031677
5638,0.5814981454980276,254232.29364440922,7.924240513183596,0.016870273377353653
5639,0.3496492268962147,165707.2832928467,7.746346513183601,-0.08663447262917094
5640,0.5357891538726133,288941.38290527347,12.279281993896468,-0.21481227214530557
5641,1.0468038704602207,499233.52503479004,2.7046810061035096,-0.03494860139530732
5642,0.5246364642571603,273267.1399346924,9.751668015747075,-0.011896189808714366
5643,0.3223789680339118,199841.247387085,11.453023497741693,-0.1399389193957108
5644,0.43512841807003255,210805.67017211916,13.134588507080078,-0.18831724616316387
5645,0.49024535018547577,273733.78543579107,9.288401245117187,-0.24763056777441178
5646,0.46564391830173196,331503.62121582037,9.288401245117187,0.04981640324002461
5647,0.7799322092026028,372032.97443115234,5.122978292968753,-0.09898409935805125
5648,0.6300492882173618,319116.0647497559,7.746346513183601,-0.06859930057804536
5649,0.5648500248091118,244464.69001464848,9.288401245117187,0.14863782353548202
5650,0.3216810827785667,153440.33409912113,11.125975730468763,-0.2716986605945445
5651,0.18417698295551838,119963.67494995121,12.096101021728526,0.1330585498460926
5652,0.2763511473692267,131828.4349133301,9.675430015747063,-0.19006973227344137
5653,0.5323863158021135,267508.0699487305,9.288401245117187,0.11973405494016044
5654,0.6309310813107216,299207.2380029297,9.288401245117187,-0.19816309587099973
5655,0.2916599147660638,152604.7666925049,11.434654131469713,-0.044883639426383036
5656,-0.01801140986472376,-11424.156242065419,18.292572627014156,0.26677245409941
5657,0.8931975036293698,393297.99503051763,5.017944009887695,0.23480125309329566
5658,0.6105955296872406,321268.28989257815,8.131735499999998,0.006829115251916088
5659,0.48732862927736686,360309.0650793457,16.293713730529788,0.09032330899986885
5660,0.42788483128721344,311689.23374633805,10.796670018920908,0.36336152364139923
5661,0.6996667307073219,290745.95489135745,4.980238000000001,0.43781675108177026
5662,0.2521606822053342,120441.33520141605,12.340753015747085,0.16118502940120444
5663,0.5452192640295919,297683.7625708008,9.288401245117187,-0.2927630780617453
5664,0.8038130938647766,197517.7302258301,1.8080500030517577,-0.20501681835180538
5665,0.9689404107881717,548994.8785412598,9.288401245117187,0.3040706102945733
5666,0.08965609377221799,61662.763637084965,14.000440160522471,-0.010705151424685127
5667,0.6099296052549719,394720.8838641358,11.135698508544918,0.2655743332757584
5668,0.12110454477857892,59783.90891418458,12.204085826416012,-0.13812592922311856
5669,0.193537831405328,125316.43128967284,12.542837246887201,0.07802187473103425
5670,0.6078943382054675,341078.5899273682,9.288401245117187,-0.24740401411970062
5671,0.2501662277660858,158000.52504516602,11.652397249755857,0.07330038759119206
5672,0.4879144591093996,257787.90013427733,9.2884012451172,-0.5153178949240294
5673,0.11623753558890365,60618.9851538086,11.602550502563478,0.07129877828436372
5674,0.9746552249399572,378232.00506774907,2.468880004516593,-0.08286245590100255
5675,0.7855641354827366,399439.76658081054,10.051216247558594,0.17440372166291235
5676,0.26057790327874486,144532.02392517094,9.2884012451172,-0.3326197621995982
5677,0.639306700037444,382929.61268554686,9.466295245117182,0.04223613324522245
5678,0.060503026597567656,29470.144905395526,8.525586242675793,0.23964317742101598
5679,0.14220482067811716,74731.7288598633,9.288401245117187,-0.21466179126337
5680,0.04451667694564396,25552.235267944365,13.194451981689456,-0.26744198439844563
5681,0.37169104574489265,178621.56472656253,11.293722747680661,-0.04633290823357613
5682,0.12062539565536044,48261.28005004886,7.74634651318359,-0.19245345518957174
5683,0.17581408643818078,77919.37502502442,9.288401245117175,-0.512150649512429
5684,0.4627701999809975,261163.82512329106,10.755635988647468,0.03012472918021324
5685,1.0330093885942553,668549.2811401368,7.746346513183601,0.0015611057520255437
5686,0.7977347214109209,325508.7999792481,4.9802380000000115,0.281850474796369
5687,0.9905663533662308,526624.2650366211,8.102134513183614,0.23079138854646725
5688,0.11379452000847312,61561.060209960946,15.212179257141113,-0.1324076739476527
5689,0.6349817231826106,375136.6365466309,9.288401245117187,-0.23366603320762425
5690,0.8699683156439973,361945.74372680666,5.921019492675783,-0.00413569963218798
5691,0.8249733963462051,458428.2550286865,8.86289202258303,0.23913371226478414
5692,0.6730701054424627,246256.88479858398,3.335445512939454,0.5684879680021744
5693,0.29914426261794275,156247.62008178714,10.190387235717777,-0.4569876313606446
5694,0.5571829225515641,292468.9822949219,15.04539050708008,-0.43681765990989924
5695,0.8597402143811944,407543.526673584,4.980237999999989,-0.17015738492711008
5696,0.10617369455258156,70687.5559655762,14.12802652783203,-0.1511648140014723
5697,1.006562155399676,369578.2823706055,1.8080500030517577,-0.05747613636657728
5698,0.22496318543555963,118440.52325805667,9.288401245117187,0.41231906691563375
5699,0.3094985909881155,168179.58778564457,13.378162251098615,-0.16646309577806875
5700,0.3246473791144429,195270.09396240237,8.669813124145499,0.0041978257614405465
5701,0.6428299210294587,425034.8046520997,9.2884012451172,0.47251131935786056
5702,0.7338698178372269,346016.5775567627,9.2884012451172,0.0581501525721343
5703,0.08569826182539234,55781.69518432619,13.664253219360345,0.174586110292296
5704,0.3100663585981481,178390.515,7.746346513183601,-0.12292710700845431
5705,0.8002826554034237,403736.85486755375,7.784052523071296,0.3840413587777231
5706,0.7566944108271139,270384.82505920413,2.2342785125732423,0.10037700440659016
5707,0.7551721071606904,356984.01383178716,9.288401245117187,-0.04426856939998905
5708,0.18655896343258885,109051.47639526371,20.647063019897463,0.12107650780041121
5709,0.37360934798116974,230068.31701416022,9.92788482995606,0.08148663462177112
5710,0.3579872839088852,169491.45986328126,9.2884012451172,0.29977051354551454
5711,0.6270385606832154,249399.73999816895,7.968,0.36707976973543816
5712,0.5225407524542177,296380.92000488285,13.774980638244633,-0.08096286576140871
5713,0.5486178039919696,256627.95493041995,7.74634651318359,-0.3383393378462182
5714,0.24267624731384585,132373.55472351078,9.288401245117187,-0.20706306199114344
5715,0.7267505668805112,413114.92009033205,9.288401245117187,0.3907039594851664
5716,0.6968442686417962,316066.94791137695,7.746346513183601,0.33805166796366815
5717,0.42571970319110825,172749.89984130862,4.980238000000001,0.5662792585309682
5718,0.7252756455313765,302957.3835797119,4.9802380000000115,-0.7116332444449387
5719,0.5249043420767706,308336.5675915528,16.54201738720704,-0.07668671710483463
5720,0.3044173755598416,161501.2702789307,9.2884012451172,-0.20666617811824625
5721,0.5522566027752375,326108.6723913575,9.70717599078368,0.3739626644078882
5722,0.5633324219783644,292488.84386962897,7.121149993896485,-0.26760672053868756
5723,0.3885240544063704,175191.3938085938,9.288401245117187,0.20198649962252693
5724,0.32319164887060275,174402.86708129887,14.209645513183599,0.020968510164458977
5725,0.3922055743945739,174448.14383911138,8.853855999999993,-0.11635386317005808
5726,0.5230377869199306,281084.9880249023,9.07233125305177,-0.25575022002568
5727,0.5213438561857673,250666.94733215336,8.437662007995614,-0.16424654085663598
5728,0.2328240443165225,132518.5798413086,12.342846005859377,-0.1810350418209468
5729,0.30287507576704126,91961.14505310058,6.7859439999999935,0.1773699749540884
5730,0.8129490367863679,291685.76253662107,2.7771559969482245,-0.5366801481128373
5731,0.5068840346167238,257232.42005126952,11.135698508544928,-0.28192546914563793
5732,0.04976245422230764,21825.89510131837,10.184122014404286,0.23130921034858817
5733,0.3566990206961687,253400.52120788576,11.815402755004879,0.32903685586090803
5734,0.7762564059102692,446551.8026446533,9.288401245117187,-0.1189451806757325
5735,0.4052198892017339,220117.4747314453,10.071780245117191,0.020443386995271068
5736,0.1738584875295145,110013.45498779298,12.209350015624997,-0.7027339605056692
5737,0.12518955463241685,75926.25831665039,15.714528248046875,0.2586633761158136
5738,0.37495132567814016,169962.39694213867,7.746346513183601,-0.13589443244766936
5739,0.18240613656490265,106998.45795288091,11.139080221923836,0.02529270667304573
5740,0.26262604828418745,165419.4851043701,16.535198021728498,0.10053431802942728
5741,0.23404641788302843,128137.59346069334,15.68070450793457,0.02204233890091178
5742,0.8287029302010501,406493.1084588623,9.288401245117187,-0.43768369758898973
5743,0.7506684612903227,333662.480032959,4.980237999999989,-0.38855024523292175
5744,0.4114321792568574,199667.3142687988,7.9037490058593685,-0.4347282869902815
5745,0.3527620716645028,151366.18876708986,7.924240513183596,0.2536422261283916
5746,0.3013828238786305,126100.43497436523,10.535047015747068,-0.3124451166547985
5747,0.25507367932006747,110529.16492736817,8.729556999999994,0.08288540089436221
5748,0.5654890795186805,292951.9571984864,12.096101021728513,-0.22117643208269652
5749,0.49760963896214244,320782.3150378418,9.288401245117187,-0.09334575402512346
5750,0.4677292129319485,257774.42009033205,8.52558624267578,0.2471516141836395
5751,0.27879776551991126,155933.45013793948,9.62667673571778,0.04116005309246078
5752,0.6444794148332303,275598.45880737307,5.063218008544925,-0.19534238481389954
5753,0.7016857401815817,358367.2298913574,9.288401245117187,0.1405005421768654
5754,0.023547155066148278,13969.759891357444,13.816049753662119,0.48209703279068344
5755,0.11727291292639257,70738.19388183593,12.747296348388668,-0.16816494018249808
5756,0.01391776799050668,10182.509960937517,17.317174718505864,0.16485628724315562
5757,0.6576659103063007,374368.03011840826,6.7859439999999935,-0.1344235707116496
5758,0.12470219288820698,78764.86001831057,9.597229000000015,-0.3794048933527047
5759,0.5327319870162139,385980.5775164795,11.32734302172854,-0.23710834359018862
5760,0.4530698265836552,214059.69003051758,9.2884012451172,0.27715259790258906
5761,0.35058965432045164,219408.57234558108,13.590236236572265,-0.4385501357880351
5762,0.5510524387314667,331332.1303369141,10.497733724487293,-0.4796395191959166
5763,0.47325830721879786,244785.83993713383,7.746346513183601,0.008497640248218922
5764,1.1942827805684522,636464.6501678467,4.9802380000000115,0.20916026856248066
5765,0.010667086439030445,6871.042886962889,16.624540513183582,0.08887848106455949
5766,0.22532672686571573,124235.61738525392,12.185443513183598,-0.07348547871899173
5767,0.5907919942254749,265861.9721020508,10.404946754516603,0.409435608528933
5768,0.5247074759652672,168830.55493286136,4.9802380000000115,0.22394635559003864
5769,0.32577860699250627,150218.8750720215,7.90374900585938,0.3227863116058898
5770,0.14787065305674207,84350.87001037603,18.036644511108392,-0.155083322780163
5771,0.5498666749059479,329974.31999694824,7.781869885986321,-0.06557780540035363
5772,0.8419326008392042,643303.4434655763,13.427967015869125,0.38289302910884215
5773,0.2761993321456727,154329.94009765628,9.940877000000002,0.2958389202809222
5774,0.5395487720887724,316904.00756103516,10.398732261230483,-0.7884968142241052
5775,0.49376091037083936,293748.69819824223,9.329992508544912,-0.21750690741831555
5776,0.6124887848945352,203647.61994018557,5.763616999999992,0.554271079272563
5777,0.49299236349658865,298586.0647570801,9.288401245117187,-0.09624555539302955
5778,0.2902220259656854,179217.09260375984,16.306028481689445,0.3224084826658924
5779,0.24602338479553043,148862.54982055665,9.288401245117187,-0.13945431450480414
5780,0.5581941632297229,289935.01996093756,8.267888513183594,0.18638260753710195
5781,0.06848769051784329,36858.18351440433,14.711663019653317,-0.15093606955483502
5782,0.5208601931594831,297892.7513757325,7.968,0.025759219665155958
5783,0.49665751150697773,235820.93359497073,9.343096999999997,-0.17358445721907043
5784,0.3764003007844846,247744.10118041997,9.751668015747075,-0.06923525840519655
5785,0.19320745468357298,117749.78112243657,15.793342883789075,-0.4310838731143886
5786,0.3799819281658263,166249.0772680664,9.587575885986327,-0.04705824943059369
5787,0.527451833008888,248758.23237060552,10.927010265502938,-0.27802730127243375
5788,0.732248988199209,432414.92495788576,9.288401245117187,-0.20060730547064873
5789,0.6469916990187548,306449.2038256836,9.288401245117187,0.16224324330910508
5790,0.5386366618987675,250351.71260864259,9.288401245117187,0.16322440556679538
5791,0.5125249731367901,292003.61599243165,9.751668015747075,0.11416065653288365
5792,0.45257192081998,230617.52923217777,9.288401245117187,0.006871734538014044
5793,0.15319532273476294,92164.15124023437,11.47582850842285,-0.051407917841280605
5794,0.5288643290872024,256320.19520385744,9.329992508544912,0.030059404571374713
5795,0.4525547384320575,225343.69999633793,9.288401245117187,-0.2456884385655146
5796,0.6045423759234172,271325.2526611328,7.746346513183601,-0.06694590308643619
5797,0.6665484276026987,370949.0861901856,9.751668015747075,0.2797877934698039
5798,0.3256258628614998,228608.18795898443,12.448688263427746,-0.24504493076862466
5799,0.7705920211926724,324756.74252563476,5.791325380981434,0.3333304656160565
5800,0.45504385473513076,214592.4797912598,9.288401245117187,0.7278753234498806
5801,0.36773690774643714,250994.6215185547,12.096101021728526,-0.037925853359886436
5802,0.32419258855153527,164443.82964599613,13.203118017089832,0.268336227063043
5803,0.4813850699812367,203597.98513610841,7.924240513183596,0.5586745807368011
5804,0.7058743760994279,327887.16872192384,6.7859440000000175,0.10501244550004472
5805,0.5001554541390578,249348.23998901373,9.288401245117187,-0.40875659323635555
5806,0.45222245334350225,317602.93486938486,12.800387239135732,-0.4864153238565186
5807,0.7107630236236072,439922.0548773194,9.329992508544912,-0.3180023106850833
5808,0.03322675789713873,12753.14507080081,9.551606731628418,0.2306868276670335
5809,0.501513005577079,223151.39109619142,9.552052513183583,0.14250061318739787
5810,0.5081982778371253,283254.0364172363,12.047583015747065,0.19734293674913245
5811,0.4650540571235523,313299.1971789551,9.288401245117187,-0.17702115838570323
5812,0.1310421668162027,69762.03021057128,19.249520513183587,-0.010008230329279492
5813,0.6791445015325915,323126.44498107914,9.49714300292969,0.06054538461066227
5814,0.1202480171337633,67314.45988037111,12.441221492675773,0.09821636386308999
5815,0.13628139645388887,77067.22780578615,11.061566493041989,0.09027583534200116
5816,0.2932028423799448,189334.13071655278,9.663218249755854,-0.17598708888542003
5817,0.9302220312120703,321924.90708496096,1.4879945069580105,0.2807758410851446
5818,0.5019762211428098,271383.23005004885,9.288401245117187,0.4066997260527425
5819,1.1473796961404608,444473.92113647464,2.8710314964599677,-0.2536737007422266
5820,0.12921844333370847,75379.89521484378,13.825851011840811,0.2590283529717964
5821,0.3351473038092105,222786.0601452637,8.529725513183605,0.3580523732900963
5822,0.6652069968168886,295593.2650671387,7.903749005859392,0.279962558506836
5823,0.9012601267210627,408913.77909606934,4.9802380000000115,0.05562682651514272
5824,0.3572838827467027,205537.5979516602,7.9037490058593685,-0.06945512022626656
5825,0.515497286885657,269844.981595459,7.746346513183601,0.12912424118128654
5826,0.55213643860908,288618.42776977544,9.288401245117187,-0.031273875199364316
5827,0.5727709696484108,337276.55993835453,9.751668015747075,-0.43446326509726635
5828,0.20709268451382082,138544.06525207526,13.642189234802244,-0.15601212940043052
5829,0.778613718684691,448922.4313067627,7.746346513183601,-0.29831815218523317
5830,0.23973790080323878,123625.17405761723,10.321556367126457,-0.4206699939491222
5831,0.6012195620891331,343620.86978393554,12.096101021728526,-0.35952321010511856
5832,0.29479332316380613,122316.59883483886,8.735188972412109,-0.06141425484961116
5833,0.7073091521854431,495583.4010418702,9.288401245117187,-0.3692336594943995
5834,1.0655011665772707,498822.3229992676,1.8434120098876998,-0.30194785447024447
5835,0.5326930769774709,304334.227954712,9.288401245117187,0.03487070336240527
5836,0.7569050172672921,414716.5399255371,9.288401245117187,-0.16660368338961262
5837,0.6355816313247425,418182.48453002935,9.288401245117187,-0.11310522911771137
5838,0.2920373588115029,185111.00244506838,9.419334999999986,0.20922408902915013
5839,0.6764158003126021,292330.2001379395,7.9037490058593685,0.01287144020230227
5840,0.5077063073982172,287661.5185870362,7.784052523071296,-0.08532541614404587
5841,0.2818870193996033,98939.78043823242,5.1376404926757795,0.16939452422949178
5842,0.37739708718213627,174525.7784643555,7.799037012939445,0.2997830905490386
5843,0.20048237957957496,107534.66040405276,12.137119496459956,0.08339546390439699
5844,0.5999838373408659,251517.90477661134,9.288401245117187,-0.05215825737499809
5845,0.62904616439898,407753.8415686036,9.329992508544937,-0.08313455574987734
5846,0.31273315378362404,209702.58016418462,12.101387993896486,0.1888852217326103
5847,0.18039264267142585,69895.87602539064,11.714309900024416,-0.17086717510766705
5848,0.07701350652805643,27854.15499206548,16.349529019226075,-0.012082264530317131
5849,0.44374644500745075,234752.98296752933,12.055632021728531,-0.09386287533535508
5850,0.49483547241493414,240729.5828942872,7.968,0.17600464296450097
5851,0.7557284672017929,453886.771494751,9.288401245117187,0.15703279737514175
5852,0.40980270763055976,241298.85523803718,9.960475999999979,-0.3025792782927197
5853,0.5145203554048274,233166.84009643557,7.746346513183601,0.2143419637940068
5854,0.8561002133066252,258075.98515991215,1.116545509399427,-0.03252382322056073
5855,0.5547688908822708,296035.06612670905,10.682342522644042,0.35109514778673606
5856,0.3833687597018566,189493.60139892582,9.751668015747075,-0.12817740180503012
5857,0.45588689571247754,277678.4598712158,16.00046525946043,0.029870063793577702
5858,0.23739994044081117,132031.37514587404,9.578187515686034,0.08126599751845975
5859,0.23391507819628668,155329.62199279788,11.763103515624989,0.11027417147206323
5860,0.5329480099876616,313705.28277465823,9.288401245117187,-0.30708095911379074
5861,0.9292233078806011,490805.3435546875,7.968,-0.16681763574620465
5862,0.27328990372106765,199677.9274816895,13.002389252563484,0.3619321457879419
5863,0.9653466718955809,370639.76147521974,1.8080500030517577,0.04519631024749803
5864,0.7626968206916152,354133.40877685556,4.980237999999989,0.18928568026529238
5865,0.7245046201611697,330607.0549005127,9.288401245117187,0.22113190528743465
5866,0.6687282146762472,391710.09774536145,9.288401245117187,-0.47652521949548615
5867,0.7252114975751386,361116.1997070313,9.288401245117187,0.036778990850116974
5868,0.18300691452152207,111159.53188842775,9.288401245117187,-0.42209901565010954
5869,0.26255109829907547,145678.47005126957,17.852238,0.028745856945125558
5870,1.1439909102038577,491020.5131304932,2.352451010375982,-0.07028561516889908
5871,1.1798904684338154,540780.7829425049,2.005321502563474,0.05969764022141009
5872,0.3756837236280799,255823.5768579102,9.329992508544937,-0.11790295582703193
5873,0.41529242175657927,241396.4276513672,9.288401245117187,0.24700381187730377
5874,0.09774490764938583,49088.12498046876,9.2884012451172,0.035589862584055776
5875,0.8222806097812692,556886.1429370118,9.288401245117187,0.12413483541933062
5876,0.0009664147127225,552.3645117187625,9.41933500000001,-0.15042617477746426
5877,0.33431050783341704,175896.10501586917,7.784052523071285,0.08582914011458272
5878,0.5931639604494554,330078.3634490967,12.096101021728526,-0.12826553527104315
5879,0.7225288121628627,363452.66657592775,9.44966899389649,-0.03839484158844682
5880,0.3975078386602474,198585.22993835452,9.288401245117187,-0.0892746855226694
5881,0.6116037526311469,378770.5971105958,9.490559531127918,-0.024474263776475824
5882,0.439042607084059,212817.18994262698,9.729946513183577,0.14690694223879658
5883,-0.07966345502773771,-51071.961331787104,12.672382641723637,0.13363684011761595
5884,0.2984260298503097,112163.75133178713,6.985559502563474,-0.08650033454385625
5885,0.4688975716817571,241328.50848388675,9.329992508544912,-0.14484642038389367
5886,0.3593677314077579,213485.73382690435,12.838370999999995,0.06897979349426685
5887,0.3864200806322226,208942.36255126953,10.523939752319327,-0.20032161996109418
5888,0.741099444530623,504014.71985229506,9.32392461791993,-0.29557158721075744
5889,0.9357514654067426,505394.41243041994,4.980238000000001,-0.09032321182590076
5890,0.5166489399912675,393588.37882995605,9.751668015747075,0.04756933304692668
5891,0.5308944382599633,338105.2852819824,9.288401245117187,-0.1117567545968764
5892,0.4516442081844323,225257.8511523438,9.288401245117187,-0.2688981563291535
5893,-0.047784359640438756,-25252.002197875943,12.278683021301264,0.3718415190225013
5894,0.8430580169728998,307588.8597924805,2.0134225207519485,0.1752720901784285
5895,0.6993273112724867,307652.0999523926,8.529725513183582,0.19368449915596292
5896,0.3606103915557716,173468.6099438477,9.288401245117187,-0.3460403862895207
5897,0.2312699378142805,171729.18002136232,14.694377502441405,0.10783103108008324
5898,0.4297887423832042,238823.5807171631,13.148367127197258,0.416337948682962
5899,0.15118211408973325,103488.05022949222,12.185443513183587,-0.39462695636904166
5900,0.5049847602042856,210330.1399401856,9.288401245117187,-0.036087628664880106
5901,0.4671406025882694,313566.84492187505,14.270660146240239,-0.12442667437213148
5902,0.46743987724907626,331565.361796875,8.267888513183594,-0.5059161551109507
5903,0.6231647938008532,246115.49000122072,7.307485999999999,0.141206696389621
5904,0.21592043450180665,148481.32141296385,15.493228513122547,0.10069532964933212
5905,0.4234460489352513,261843.2478686524,11.142432751220698,-0.053479615125642165
5906,0.6451686008630383,381549.74636108405,9.288401245117187,0.055667364830667615
5907,0.21627991827959064,154031.34921264654,10.706537717651367,-0.3333389667293816
5908,0.22659920674971115,91121.84885009768,7.746346513183577,-0.2638449911387031
5909,0.39838245402924705,244610.41496521002,10.588188507385249,-0.34662497097921496
5910,0.31793057050482476,146682.73489990237,9.288401245117187,-0.414243607495201
5911,0.5614022555144451,261712.72010559082,9.329992508544912,-0.26754529603923005
5912,0.6042005449630653,350847.37493408204,9.288401245117187,-0.5071213574276042
5913,0.8435032159631538,212674.5085217285,1.2739480020751945,-0.24387928132736555
5914,0.13855188893788886,81983.73132568364,13.127503849121089,0.1687395911069581
5915,0.6522770019836998,301071.734954834,7.74634651318359,0.18226438895692162
5916,0.18196455169185882,83824.71496643072,10.53089575622559,-0.08282618449497038
5917,0.5867376651142062,316947.0512133789,9.751668015747075,0.6154483418647712
5918,0.34066056030540054,205703.72987182625,12.672902247680664,0.17173174128484298
5919,0.5529498363298558,353351.7197583008,12.273995021728519,0.19084598472452932
5920,0.16347301258212044,79357.0455065918,9.288401245117187,-0.09780976757884022
5921,0.45129485310050593,219903.13857482912,9.288401245117187,-0.22061951755849693
5922,0.7268690464767472,466612.89494567877,9.2884012451172,-0.30414492537492893
5923,0.5306968113357666,225721.24501953128,9.288401245117187,-0.1252785468354211
5924,0.25937701662372653,180512.73373168946,12.185443513183598,-0.31565132990986033
5925,0.8421020960710422,543405.9291369629,9.288401245117187,-0.12664326549614963
5926,0.6152396041428754,373211.670982666,9.288401245117187,-0.1846477948167147
5927,0.32434397148698785,249647.7958874512,12.096101021728526,-0.11451241150354842
5928,0.5567449298437371,379869.06517944345,12.276982513183611,-0.1692543711050482
5929,0.38901195524423393,259074.9098425293,12.185443513183598,-0.23946231542537363
5930,0.706625325001321,339020.5551641846,7.9037490058593685,-0.11447062893009384
5931,0.7341402881261783,537150.4449023438,9.288401245117187,0.03740302233291755
5932,0.5140429771857438,368482.66368591314,13.868171513183578,0.13038866996652465
5933,0.3703727695653114,168957.16489990236,8.563292252563476,0.022459174251916892
5934,0.7734640481444492,357997.8264416504,9.288401245117187,-0.040867992772154374
5935,0.0884633321376055,62609.93979492192,20.638690736572272,0.40158360367555823
5936,0.4198065789381465,283198.81474853517,13.783741490234389,0.025434963241100145
5937,0.14558683386169918,92411.21536437992,12.12587622784424,0.26488721877130056
5938,0.6159630094129369,412233.45494201663,9.729946513183602,-0.1461817015055249
5939,-0.05322503618580343,-29276.914786376932,16.213349016113277,-0.39587870380550727
5940,0.2089687753430342,156302.00087707522,13.561917753662112,-0.06394669654245241
5941,0.3659072521685893,210845.04520141607,7.96194652307129,0.130343365541275
5942,0.5251322075742081,221194.47247314453,8.006001511962886,-0.4994404468591304
5943,0.34171721841270003,226107.0703759766,9.288401245117187,0.24570879307812754
5944,0.45024654524947966,280316.9022802735,9.288401245117187,-0.020058030390931906
5945,0.5220111766040509,251889.2423468018,7.121149993896496,0.8604751604326023
5946,0.3129953983029447,149886.98978393554,7.74634651318359,-0.14311212499225634
5947,0.6132743879996572,418089.0592474366,22.478252528930643,-0.15806518902337238
5948,0.5185169789666543,277846.08866149903,10.104773637695319,0.13760467135204252
5949,0.11583455141391105,65472.64360717777,15.36809441247558,0.05588095578621566
5950,0.45306462378547924,225323.9811230469,12.096101021728526,0.36469618261152836
5951,0.6405402050039927,271564.5712719727,7.9037490058593685,0.26566226074395916
5952,0.5322509264069407,235432.78503295901,8.454654014404305,-0.13323895044505257
5953,0.58569689797436,267135.43465087895,9.288401245117187,-0.11077438640351349
5954,0.590546983657649,385402.1898602295,10.071780245117168,0.23067140157880514
5955,0.553826553131324,273682.3813989258,9.2884012451172,-0.23009089209866473
5956,0.18354774186751763,112277.84490539556,12.185443513183598,-0.006877569034406579
5957,0.5549482974631004,388171.5152551271,12.6186642451172,0.2618536312291177
5958,0.6267149972881453,361504.8724072266,7.746346513183601,-0.3535942380358404
5959,0.7670709887675304,417728.7026391602,9.288401245117187,0.21723721285903103
5960,0.05470948177491062,20195.50972900392,7.746346513183601,0.17685095493272587
5961,0.8726996831194342,489874.39274658205,7.746346513183601,-0.28624585651627144
5962,0.3968330650040205,208343.7351068115,7.746346513183601,0.16325504977170816
5963,-0.15381766377343475,-103653.22896240233,22.025036656250002,0.229685371461951
5964,0.29823383932061764,109970.57497436524,9.288401245117187,0.16467863963044238
5965,0.690689155453512,367862.81527771,9.457481984436047,0.6819594094336432
5966,0.6343976035397916,334229.1665869141,9.288401245117187,0.12420938410053106
5967,0.2134798357853115,105821.78754760747,10.779558011352549,-0.3039845491131436
5968,0.5598327071532243,212399.5135388184,5.66353651037598,-0.31114060137704574
5969,0.6492962012761895,355108.725010376,7.746346513183601,0.1665039765890227
5970,0.48139464079271327,290960.0300579834,16.557790011108388,-0.07985057234415788
5971,0.599844072031537,182368.49031860352,2.589084999999986,-0.27747390819272877
5972,0.7562705813851217,433582.7551538086,9.329992508544937,-0.18813526924651489
5973,0.768087075845416,499374.2564471436,9.78307549481201,0.010723021056945389
5974,0.8634997046497815,478158.8240136719,9.2884012451172,0.1933410387828821
5975,0.09922257297475258,51075.075159912114,12.300957526000984,-0.27578630972127366
5976,0.8656190601923704,304147.02891113283,2.9974108524170004,0.3208178554884843
5977,0.405846053397944,167208.22644531255,4.980238000000001,-0.20619736142726142
5978,0.48630655621880975,300475.76375793456,9.288401245117187,-0.005641925297427729
5979,0.27387170433917585,189972.51157958986,9.288401245117187,-0.060103927966950375
5980,-0.031138850231848404,-19876.010565795885,15.405428640380864,0.2748619415581359
5981,0.31260421281871087,176497.11111083985,12.185443513183598,0.4449001492325798
5982,0.49664989449225133,231621.9450598145,5.289940498901345,-0.28846192740975557
5983,0.4201222442985901,266294.4076953125,9.288401245117187,0.0703419999144977
5984,0.3572895429662947,247002.48776489263,13.194451981689456,0.2958214867927242
5985,0.8633027722878537,312372.71002746583,2.5228725136108228,0.20282291520029805
5986,1.0372207466850305,458111.26994750975,2.482709997558594,0.04813211306195419
5987,0.6575986748108411,311043.2523187256,7.746346513183577,0.05031300936861838
5988,1.075372264659677,539111.320961914,9.288401245117187,0.128972812658937
5989,0.8430082828597442,354040.96506164555,2.777155996948236,0.08758859655330413
5990,0.23478893889945968,86400.6599084473,4.980238000000001,-0.37933553941851955
5991,0.19402385416540474,112561.10130432132,12.096101021728526,0.02533856778092923
5992,0.3784816629561092,249291.63690429687,10.38387962841798,0.08931991767751746
5993,0.27974764579812317,167709.24358154304,12.01076400305176,0.0328660328839487
5994,0.3345608270331752,162255.40358093262,9.288401245117187,-0.114290006665627
5995,0.284359053399254,183767.61252929695,12.076476241821307,-0.10623183212103039
5996,0.6828678845145183,442390.42081604013,7.8191445131836,-0.7023236631592321
5997,0.5049141772525326,283984.34385498054,8.267888513183582,-0.242933955215048
5998,0.8826965723140446,475489.70623474126,9.288401245117187,-0.36916268402367924
5999,0.5557445424185086,147148.6100366211,3.1358300103759627,0.09788021472650543
6000,0.335074576476432,221881.5552520752,12.782684619873041,-0.2213561487953213
6001,0.34917268414665703,206872.70293457032,13.442966574218765,-0.024140022753996872
6002,-0.1347711002163206,-82362.73384887692,20.45596823901369,0.2627222069498003
6003,0.1207780599278297,75565.11506958012,12.125523999999999,0.18677398048139104
6004,0.24493028880565362,170800.463927002,12.601457872314448,0.1606774188911145
6005,0.41882108831560727,203054.31762084964,9.32392461791992,-0.10034357913532807
6006,0.6408869013835012,243472.20011901858,7.121149993896485,0.23174940110716535
6007,0.7645236203836375,478863.4251464844,9.288401245117187,0.06476753245662929
6008,0.18350499407516677,84414.00472412113,10.699632026367192,-0.13135307845239125
6009,0.5942736300644346,239391.10244323732,5.879213006103516,0.27538827576392416
6010,0.6268501910888062,332873.7733215332,9.288401245117187,-0.16277126502784903
6011,0.5373741096377112,309473.2074353028,9.288401245117187,-0.2758104999751521
6012,0.15437924240701253,72169.45488586428,10.958233522949216,0.05332839803788227
6013,0.11020789775711343,59249.34014648436,13.991149513183581,-0.21197149204267032
6014,0.35498167298769023,163532.93883789063,6.985559502563486,0.1753240923663664
6015,0.16100812453853927,74168.35502136231,9.844121011047367,0.038556123617233276
6016,0.27778170552507214,173959.96018310555,11.738764245117189,-0.24660792320657318
6017,0.3850633703879446,225327.31509460454,9.288401245117187,-0.2690376793123943
6018,0.15514705528183603,92165.6513464356,13.521145758300776,0.11149991584399072
6019,1.1772604133878242,628817.6838623048,5.1376404926757795,-0.35265268174133346
6020,0.4608954241937442,219269.14606201177,9.385442014343257,-0.15468799492673366
6021,0.6539451707968933,393896.4600750733,9.288401245117187,-0.03936235144140431
6022,0.08990021125798335,57408.71500488283,13.902618512573234,0.1823685759669499
6023,0.1993805809774224,123174.42902465824,11.855279751220706,-0.11614169300119132
6024,0.4094533679693914,262998.53736816405,9.288401245117187,0.1318484944081482
6025,0.37568273531382945,205758.32017211916,16.027454246948228,-0.24813770046025543
6026,0.7992829908934664,266722.26506103517,1.5667580000000074,-0.20610019139291152
6027,0.65316776513916,307496.3951568604,7.746346513183577,0.38178455336962025
6028,0.44255484549411206,321575.9439611817,14.663277103271474,-0.05549377496879119
6029,0.06307922585312047,27680.87477905274,14.39957300000001,0.012928017541795867
6030,1.059290962816494,611467.5351062012,6.096783509399415,0.0643346445173927
6031,0.4471252841563006,199482.99488403322,9.288401245117187,-0.2580251651550834
6032,0.5873616603156442,379596.70921386726,9.288401245117187,-0.41190119956813576
6033,0.15648270157427407,97898.46372741702,11.835308498046873,0.36928833141549416
6034,0.5877096632778175,250752.65221130374,9.552052513183595,0.03558701942915065
6035,0.5433730353322285,346838.8249926758,12.522143245117192,0.04595865752230425
6036,0.4293457026516448,225411.26874267583,12.096101021728503,-0.16427916780010227
6037,0.676935332175803,314121.8148754883,7.746346513183577,-0.29725613601176926
6038,0.2936707336528174,135270.17729553225,11.4354370180664,-0.18596205569458116
6039,0.2913702686501568,167366.8052374268,11.471020224853511,0.06943478228427502
6040,0.9153029974317606,413930.60797058104,4.9802380000000115,-0.1304879770839737
6041,0.25787012480056937,147391.23511901862,9.2884012451172,-0.29367961819304617
6042,0.07071435621594567,47809.68491943364,16.00753850518798,0.02851184936033233
6043,0.38544668159178175,206217.52635742194,9.733705245117191,0.32725409697263136
6044,1.1101080324906099,500831.4661950684,2.5140135012207088,0.057033598676852225
6045,0.3219938152338001,163085.46731323242,15.594370124145515,-0.361515760553106
6046,0.6506589673740852,370835.75014038093,12.706935001708985,-0.13631500064330748
6047,0.6008836627789014,434242.4755761719,10.36011649267578,0.24557103322704757
6048,0.37462196970028766,226909.4749206543,14.116110730712908,-0.22550708356746546
6049,0.6486699562300079,446439.76643066417,9.288401245117187,0.04715177256481073
6050,0.2878008523172917,177714.803815918,16.12321464892578,-0.42969768338067105
6051,0.8250365252606487,418606.07380859373,9.288401245117187,-0.07094581477869111
6052,0.10887595501689204,75172.45497192389,12.273995021728519,0.09713481649009519
6053,0.023436546942740184,10562.36994445802,10.743854999999993,0.32824245554184206
6054,0.10108143917897014,47556.40266052251,10.071780245117191,0.3982129647364191
6055,0.1135377335580563,93851.36506835937,13.51730950732422,-0.4713495592698784
6056,-0.01859487706279366,-11733.085103759726,12.162551508544933,-0.1110289268118254
6057,0.36235254928555544,206163.0338989258,9.554396516235359,-0.039414116472403865
6058,0.4747792905831153,212455.7650939942,6.985559502563486,-0.5328120128536039
6059,0.4114616146462251,203816.00172241213,9.635163495117192,-0.10395838404091032
6060,0.4107882631282343,241594.3646850586,11.095175004638673,-0.26517778181198215
6061,0.11612172935171702,54853.05832580567,10.29293200714111,-0.007565886869991583
6062,0.5757777793370024,380577.6697009278,10.727352107666013,0.14770102231362411
6063,0.7806263522480195,356508.16193542484,5.906357292968744,0.020529550794083692
6064,0.5325999385089717,281161.93974609376,9.288401245117187,0.14424542220473674
6065,0.26543160935609544,134086.95495117188,12.213693140014634,0.06012708803625344
6066,0.7322917196819433,397067.9610253907,11.225041000000004,-0.07910561840752355
6067,0.2632226046032603,122817.51016235352,9.288401245117175,0.4740401335083474
6068,0.8136603575735227,453636.93506713875,9.288401245117187,0.04588169841972933
6069,0.25816264366048647,169621.54130126958,15.870539021728513,0.2986131101985174
6070,0.4830193373691851,199381.25001831053,7.74634651318359,-0.5876190961066923
6071,0.28448843097980153,219291.00837524416,16.60106582092285,0.02436907221496664
6072,0.2814759400096068,109715.10999694826,7.74634651318359,-0.12385066230533179
6073,0.8306960478093885,277042.78864624025,2.666484009643551,-0.16050993340570674
6074,0.2804805948689446,152995.1711511231,13.948014245117177,0.07874088680242519
6075,0.7628559571090445,369419.7251708985,7.74634651318359,-0.3275289111963244
6076,0.2400237327979538,162525.365189209,9.288401245117187,0.22948067806279723
6077,0.654033482479018,421488.3626208496,9.385442014343246,0.13820649165574597
6078,0.8436572453133576,424953.2490466309,9.288401245117187,-0.2087200386729212
6079,0.08878685945507271,50626.76148559572,22.511245590576166,0.39652083084742906
6080,1.0561645812034972,624752.4949035645,7.746346513183601,0.08863345967393263
6081,0.5236544189593966,314010.9261682129,9.288401245117187,-0.2852718580275827
6082,0.22359039548898027,117470.22362548832,9.329992508544937,-0.3166105042290108
6083,0.12532697636185589,79621.34195800783,15.193595026245108,-0.5488487926599546
6084,0.5351431557640445,219025.89525024418,9.288401245117187,-0.35626504662150676
6085,0.3865622934283067,214982.76991210942,9.288401245117187,-0.02044514197318355
6086,0.440213693454796,220284.2137353516,7.746346513183601,-0.11947754889365565
6087,0.7922190507585545,454738.3162341309,9.288401245117187,0.10671097828184282
6088,0.2724276628819974,169566.74508666992,11.982157011840819,-0.02860263115531976
6089,0.048362922108555605,27898.449899902385,14.49679450610351,0.3732628961998022
6090,0.37715205106797417,212843.4088354492,13.55925364038085,0.6711634721609306
6091,0.6339997004681716,344260.9688024902,9.288401245117187,-0.15622116880849782
6092,0.9679297316767235,519800.7850085449,7.746346513183601,-0.15442028721517626
6093,0.6477796338368228,252265.73485656737,5.061402492675767,0.23385382756403977
6094,0.654751846863789,284229.08493652346,4.980238000000001,0.3044557379186594
6095,0.6028986099258534,435542.0788513184,11.265710681884784,-0.6033828053904888
6096,0.49466619975578646,331279.51638305665,14.158054863769538,0.10281935260999055
6097,0.37269882554863165,285171.30276245123,9.41933500000001,-0.06102052171830571
6098,0.5757253687994394,245490.57509765626,5.5017800000000046,-0.0986587526543171
6099,0.8144399066537904,532579.0984521485,9.422723021728522,0.43206069239167627
6100,0.67941804367491,388895.8936621094,9.288401245117175,-0.4770026176655806
6101,0.957479507762759,436570.13105468755,4.980237999999989,-0.5866511071691719
6102,0.23105960053467517,101098.33516235351,9.288401245117187,-0.19311537284497227
6103,0.6067875460047654,392536.45881591795,15.405428640380864,-0.27260836880662176
6104,0.7639313132975368,461519.9174768067,7.9037490058593685,0.24039265101169707
6105,0.6009541139409657,401573.9821038819,9.288401245117187,-0.03794265785466102
6106,0.688662668637574,461742.47437805176,9.329992508544912,-0.07993702885796242
6107,0.24871060000556358,163422.98507263183,9.503554519409185,-0.36698917691433597
6108,0.2395922388960835,153548.10376281742,12.86921102172851,0.5436036302410294
6109,0.6885278244311865,381670.62286376953,9.288401245117187,0.1957466895661797
6110,0.6749367300143128,230618.52494506838,3.811027502563479,-0.4477302069645639
6111,0.518871595809879,255852.19004882814,7.74634651318359,0.12014251341000134
6112,0.09576532802335072,67632.49742004395,16.48020404553221,-0.18804556774110864
6113,0.5523194836687134,307595.81014038087,12.096101021728526,-0.36810141170646143
6114,0.3746952532982533,236834.23479980472,11.428257513061515,0.38939302214229615
6115,0.302079828337847,177303.0200561524,9.288401245117187,0.5969856887821551
6116,0.5557731965595177,368408.9102197266,9.288401245117187,-0.2794587676257637
6117,0.6641310453719881,377328.8853894044,9.288401245117187,0.2788134510505107
6118,0.2649365088575148,171345.36242675784,13.493689645507814,-0.17376768947529708
6119,0.39981075618295064,187127.00522705083,8.267888513183594,0.4629870824173368
6120,0.3626092764929035,219666.09515258792,11.225041000000004,0.3700305986378417
6121,0.24965595458586268,164778.86213806155,13.260203996337891,-0.41930094138851104
6122,0.5717415750890297,268424.84017456055,8.425291005859362,-0.2515396543513867
6123,0.462621699025413,263882.2099328613,11.54166700976562,-0.16285391225938095
6124,0.30078569918663506,192218.464005127,15.902113867431646,0.0687694259908015
6125,0.2658435871531093,170389.67471679687,13.388253530151362,0.5458312626116059
6126,0.29736241292570886,119937.58794799806,9.45448870703125,0.10786150284210162
6127,0.456002831294565,262030.29861938476,9.288401245117175,0.0020214753491211456
6128,0.773690310666096,358993.76367797854,7.9037490058593685,-0.47017544813509776
6129,0.30524782226688063,223966.26004272467,11.424656502563483,-0.40237456408322597
6130,0.6185963481073724,303717.91503906256,7.968,-0.2749777977468012
6131,0.3211578738355798,149467.58884887697,9.715381638183585,0.030183361455454402
6132,0.83347650396818,473922.39748962404,9.288401245117187,-0.14385754530521583
6133,0.26987648998559455,152840.6485211182,9.30964300280763,0.37630193827678404
6134,0.1432201966828415,84883.22640380863,9.288401245117187,-0.19285702906637217
6135,0.419327086375928,245834.48090209963,9.288401245117187,-0.22151915634613573
6136,0.5388984832933805,218617.94009277344,9.288401245117187,-0.30509047710741705
6137,0.3541022264295405,129155.59506164552,7.74634651318359,-0.3113110040830111
6138,0.9237664438944898,284378.51742187503,2.005321502563474,0.08202409737724554
6139,0.6764546793941522,323241.1812658692,7.9037490058593685,-0.47259247046384495
6140,0.3111457451053051,208489.2299536133,12.101387993896497,0.5992831534081167
6141,0.2261451567934861,138693.25518188483,9.288401245117175,0.4298275108617476
6142,0.11419754858108465,56627.59999084475,13.991149513183604,0.21046082605288113
6143,1.0777479475724032,650591.7511914063,4.9802380000000115,0.05211153578929913
6144,0.5642416706588732,357592.67653564457,10.44653801794434,-0.34720879548543954
6145,0.824554725761192,342776.58486206055,5.684853506958019,-0.20857353491266223
6146,0.2636743502044584,146855.11916992193,13.731616999999993,-0.3292649849175895
6147,0.8355810899502013,427059.3680432129,4.9802380000000115,-0.06252919536905449
6148,0.11879724935913534,67502.95167236327,16.525941147216805,0.06840759215599411
6149,-0.30539953404283243,-162348.74264648437,26.78451851611327,0.24147476940012635
6150,0.2983393743928888,183460.45927062992,12.968822513183603,0.07116393100924766
6151,0.6568405533584692,384304.2299212647,11.027200730468728,-0.08216491808131922
6152,0.46072855533908413,302769.7000946046,12.185443513183598,0.2594201794518769
6153,1.0635952709353251,661966.6539416503,9.288401245117187,0.053642884154990654
6154,1.0449106233287189,526908.699958496,4.980237999999989,0.06697857469850992
6155,0.4028749706736998,153865.83000915532,4.9802380000000115,-0.19385010541295788
6156,0.7406278245502201,247824.589975586,5.4507450103759885,-0.12062576728123897
6157,0.5325380417100446,307903.29036254884,9.709455005859374,-0.31629421751827336
6158,0.7891794948355111,290180.55342529295,5.103098501220694,0.10971967649771845
6159,0.6130503505625023,316341.2551489258,9.078212507324224,-0.29365747998913605
6160,0.5523847140218495,365871.1879925537,9.495915500915528,0.13733210602842807
6161,0.8380202754635605,324772.12877197267,3.9032690085449024,0.3383039436353979
6162,0.44065764900388293,168798.4813208008,6.5469959999999965,-0.176910940537993
6163,0.41063498724131614,158359.5800897217,9.2884012451172,-0.3301043108450727
6164,0.2739053647007122,187961.6778289795,17.03474775830079,0.07560114683940744
6165,0.2898168968345277,179568.03476806643,11.775669009399415,-0.13671810718402228
6166,0.8315224582651389,473400.1740002442,9.2884012451172,-0.130432163504855
6167,0.7843350735864191,496682.4686517334,9.329992508544937,0.0034434551718087107
6168,0.5369662614827828,212041.32125549318,5.017944009887695,0.1604828392393432
6169,0.5847052602545663,305799.41151672363,9.288401245117187,-0.12475070982165871
6170,0.26030717687669547,105521.00863708497,12.24065313671874,0.003823007730861848
6171,0.415717675748124,228163.72504028323,9.2884012451172,0.3675454218935351
6172,0.4482884767960211,243379.39496398933,12.096101021728513,0.307539434315676
6173,0.26076752287358995,182758.5692553711,13.713380292968743,-0.02690628881898745
6174,0.36910664209649824,189550.3609490967,9.288401245117187,0.33497114752095253
6175,0.6697097654419172,248718.73245239258,6.7859439999999935,0.25878874951271963
6176,0.31165217407378726,220443.86877685547,11.877486245117174,-0.1651297665197383
6177,0.9521692022275557,489808.7649316406,9.773706000000006,0.21685540500759284
6178,0.627634433635174,331658.51872558595,9.288401245117187,0.5216445352462538
6179,0.4844910999952822,312722.5354705811,11.139080221923836,0.15564364601651365
6180,0.4147569964435962,263279.97490173345,9.329992508544912,0.2047325237706974
6181,1.0611448682480566,712162.231213379,9.288401245117187,-0.46888010137774344
6182,0.8821740424899556,477135.48006225587,9.288401245117187,0.05690653938824054
6183,1.1422979169055942,530452.122411499,3.8110275025634563,-0.31223220674670776
6184,0.6391882009548537,442020.07130249025,9.927458228637697,0.07246816860325966
6185,0.3551715336880361,183849.63015869143,8.682988735351573,-0.17493860551623525
6186,0.15253654048705562,88561.47963134768,9.288401245117187,0.07834881056383218
6187,0.6002183011022302,338038.2347607423,12.39692501666262,0.06022424370829586
6188,0.35929361584761393,123890.92486450195,8.16598501837157,0.11745287900152827
6189,0.12800865686497634,72948.97996704106,14.388428022583003,0.20784574913820886
6190,0.5998218282666231,419609.43880737305,9.288401245117187,0.2180718021669058
6191,0.48133752989070705,217446.62161743164,9.288401245117187,0.010925607760948072
6192,0.7539468885493431,280275.51997924806,2.1037802451171914,-0.03750416765533634
6193,0.35250893873851585,194739.322590332,9.288401245117187,-0.1686765597135792
6194,0.7511788125560925,359439.974975586,7.784052523071296,0.16683523752192733
6195,0.76487779391356,378382.5596948243,5.027553257080075,-0.04037728750824261
6196,0.8171222261151994,391158.572230835,9.288401245117187,0.18387139958396137
6197,0.4494948024904821,301546.4051702881,9.288401245117187,-0.25845182332270217
6198,0.5493768601259873,263861.0336120606,9.288401245117175,0.3636939107891902
6199,0.9214763998173715,380120.48488830565,2.005321502563497,-0.35065676524177664
6200,0.653009935361612,337690.5048980713,8.567177506103505,-0.007204248268190952
6201,0.6214602062525942,226912.27739440918,4.9802380000000115,-0.27948347128320133
6202,0.4787924411245058,109573.25000000003,2.040844875366206,0.1531172730288621
6203,0.9235508125740937,410097.5576019287,4.980237999999989,0.15807294958567522
6204,1.005955984786849,442536.87014038087,3.7347895025634905,0.27129781399340774
6205,0.9250592111947666,477670.4692138672,7.746346513183577,-0.41127916987125
6206,0.4627986848543553,209663.70502868656,7.7472170000000045,0.04075616677575194
6207,0.2826372807163227,173882.54129272467,9.288401245117187,0.006949200719716693
6208,0.3861367100464093,221388.7401269531,17.03474775830079,0.3680602942459626
6209,0.41660471057846454,176473.3051885987,9.288401245117187,0.3991136440880487
6210,0.1524890589769281,100271.01224365237,12.72278602172851,-0.15067610363776662
6211,0.10527184717301742,58146.23023376466,15.633876758300769,0.07018446204771218
6212,0.27568021269740506,128049.54983642584,10.013291018920881,-0.4286483853170763
6213,0.38481498478221593,194562.7448480225,9.288401245117187,-0.3146680323065182
6214,0.35285101930363894,202908.1822821045,11.562555018371576,-0.08476750260093979
6215,0.4375843026880282,290682.5973883057,12.577322508544917,-0.1341424534397697
6216,0.28773732925528084,219466.67684509282,14.031505513183587,0.005238813841951975
6217,0.905001226413465,382583.10992553714,3.811027502563479,0.2389997119573629
6218,0.663670219916891,148515.38731689454,2.005321502563474,0.2096661168471832
6219,0.14607113799832974,111447.87120483402,11.082410634033197,0.37152465244708255
6220,0.5830559012110309,241348.24978271488,9.751668015747075,-0.5190763958293896
6221,0.29937397494936646,143249.5235888672,12.185443513183598,0.16870640973839637
6222,0.5358057118561018,183172.9870397949,4.593946999267582,-0.3933307797471424
6223,0.5663404836284153,325942.55005432136,9.288401245117187,-0.21027245373978404
6224,0.25989142863158526,123214.45262695313,7.74634651318359,-0.14113720883550868
6225,0.06977897621194773,50715.89477478032,16.402038990539545,-0.2178183987440378
6226,0.19662086162574835,140570.47983642583,12.779581518981932,-0.4624672964228393
6227,0.7632500404213597,406031.5945037842,9.288401245117187,-0.15026148263870925
6228,0.1703598308888684,85349.32489501957,8.267888513183582,-0.5425036989829877
6229,0.543288564385817,245347.01874023434,7.74634651318359,0.25240211583501926
6230,0.8139398694852237,402539.6904553223,9.288401245117187,0.10574121638049068
6231,0.7025245075515928,388636.81103515625,9.288401245117187,-0.2659803678967918
6232,0.39937461378992317,164201.56996337895,9.584657749389649,-0.4761020698073493
6233,0.31051681952519583,186848.49236572263,10.192424732299802,0.09341230282701078
6234,0.6119312267975847,385619.2552142334,9.288401245117187,-0.2749844860836764
6235,0.26700456232302927,135344.79789611822,9.288401245117187,0.01510540974648986
6236,0.8102292827621229,436962.099810791,9.288401245117187,0.5500083304643415
6237,0.21984606192666964,125246.94396362307,8.617514730590816,0.2996794722618325
6238,0.7547204123502512,389921.3182067871,7.746346513183601,0.4086777315346257
6239,0.6354095965379596,295649.2049450684,5.017944009887707,0.14380648765010762
6240,0.4983536127970801,283409.9079663086,9.288401245117187,-0.6264441801389892
6241,0.7095607808028517,342138.9733105469,7.746346513183601,-0.3788286289165947
6242,0.6859224135939703,287313.4425994873,5.791325380981434,0.18562671737860317
6243,0.7806544752708949,405977.7876257324,9.288401245117187,-0.38770696444920677
6244,1.1153180338092732,442580.75340148935,1.8080500030517577,-0.2521167503057317
6245,0.6136893655144854,364113.00746337895,12.096101021728503,-0.34504298649944476
6246,-0.013734658913779275,-9333.624927368146,14.587354016784671,-0.29046220786781857
6247,0.38070511134159757,188092.0515753174,10.736495364501945,0.15208869663467278
6248,-0.19428488215841605,-128677.36000488276,24.898092495605468,0.2578819400223619
6249,0.18646641265891686,143399.21477661136,9.759575014404302,0.14187582843447008
6250,0.30754422317712804,161929.12192260745,10.237408507202145,0.2082299646931223
6251,0.5782980120867574,255431.24011291505,7.746346513183601,0.14355625794294274
6252,0.6940657954867363,277575.1548937988,6.368239007934555,-0.12922371557992582
6253,0.27011499917942605,156894.7010284424,10.611077260986344,-0.016645155237481578
6254,0.25668833369178656,146490.90015014648,11.094107245117181,-0.23966013923588475
6255,0.3417924711317356,219905.95763610842,12.096101021728526,0.35488917161631783
6256,0.7967432252031229,418914.14877685544,9.288401245117187,0.38012732449650305
6257,0.5551543610449928,297979.1938891602,12.096101021728526,0.0529125744450564
6258,0.7829022864873221,411480.98340576177,7.746346513183577,-0.09752174873321658
6259,0.8038075263783682,333758.46255920414,4.980238000000001,0.5475541112303256
6260,0.2873851249013757,190889.31070861817,10.844712236572267,-0.10663914475146755
6261,0.5402059610409904,265321.96230529784,8.04820951892091,-0.2160755963400475
6262,0.5126152999970421,291642.7315472413,12.101387993896486,-0.5832647232386243
6263,0.04299238329813785,27477.60021789553,10.10692202172851,0.21869270968106957
6264,0.4764925225218041,274242.69714782713,11.293722747680674,-0.0069811081488849
6265,-0.01204933656764208,-8786.447521972645,25.4351227758789,0.10867331965250931
6266,0.7220033990959861,319325.8014129639,9.607095501159666,-0.2262901188327175
6267,0.5078504005604719,256511.19589233398,9.288401245117187,-0.09367286970218665
6268,0.37381451064387405,193081.27722534176,11.367993649291993,0.33399075871006056
6269,0.8808970133145922,634852.6297106934,9.288401245117187,0.3589949805294695
6270,0.23663598972669012,113528.89366699223,8.52558624267577,-0.06931333266554618
6271,1.4021618284415616,647421.1550646973,2.005321502563474,-0.29555444294875965
6272,0.2565744741182951,154183.10508544924,9.084545509399415,0.5475152434112417
6273,0.5015091586083851,250958.61265563965,9.710343597412109,-0.4146795269471458
6274,0.7319572286731482,389169.3976599121,9.288401245117187,0.2406754814936443
6275,-0.020887271150673233,-13494.475276489233,14.048700531555165,0.46642743745287724
6276,0.22435877173183918,110834.81553039551,10.052995105834956,0.30267481911335703
6277,0.3924996756597401,224987.93854492193,11.424656502563483,-0.027684579726801516
6278,0.917035627815885,629870.320112915,18.707736245117175,-0.2269214514090294
6279,0.450813226555655,228343.91055786132,10.048763251220702,0.08760597913935754
6280,0.9785677565757087,427482.17580566404,6.629326993896487,-0.41198175250078356
6281,0.7004091360121331,391543.42592102056,7.746346513183577,0.04371664822579615
6282,0.3100839012388095,182289.9750598145,9.288401245117187,-0.21355144898462616
6283,0.81369075525181,344683.5198760986,5.017944009887683,-0.25285216316208475
6284,0.5701612251478331,350113.7540356446,7.924240513183596,0.13175602628460434
6285,0.29167795404998953,221654.4565997315,9.329992508544937,0.1595422511489096
6286,0.9342676495617779,570943.8066412354,9.288401245117187,0.1857889656457317
6287,0.6020124684263095,281311.7748535157,9.751668015747075,-0.35111592886013426
6288,0.674953227958071,417795.6766607667,10.697518244079582,0.3083338906178989
6289,0.6969876886472433,399860.4970458984,8.668326535644534,0.27069731445922823
6290,0.3538204725817296,238135.3914959717,15.04539050708008,-0.39226064058304166
6291,0.5933324510695306,305496.1009869385,6.210963886169437,0.05153606752706929
6292,0.1480881469725637,94201.68985717777,12.94536300720214,0.4749665463337559
6293,0.3409541413947058,151401.5697235108,9.288401245117187,-0.04657497594801968
6294,0.47982163734300276,245718.34526550295,7.74634651318359,-0.5342309187852563
6295,0.19390104126620583,127929.11493408206,14.45616002172851,-0.27530721486176374
6296,0.6442539297816866,425676.2763897705,9.288401245117187,-0.23208885173138324
6297,0.20544012790011845,115266.93097351075,10.11787849267578,0.1219600615729308
6298,1.017844799257626,538043.2806744385,5.017944009887683,0.16164768831810847
6299,0.6822089023812592,250299.0095391846,5.122978292968753,-0.5146701190243009
6300,0.7953720092524041,444634.1815856934,7.746346513183601,-0.3167672596908183
6301,0.3813324649610031,183565.20992553714,8.52558624267578,-0.039663365099118504
6302,0.050623275932324775,33697.244874877986,18.35464952416993,-0.3435174961597164
6303,1.0450831825010949,487876.6499890137,2.005321502563474,-0.25927469879136467
6304,-0.09146169072920796,-64803.750061645485,20.647798027893064,0.3301925160516218
6305,0.6548289185869987,371041.468569336,9.288401245117187,0.004261812852656262
6306,0.6942560444839261,425915.0300543213,9.552052513183583,0.12525996976914178
6307,0.24610510262874083,93149.24730957033,7.74634651318359,0.022842247524614584
6308,0.07997192140757885,40261.56625854493,13.028048739135741,-0.11397004006547873
6309,0.3273908013317895,223641.22510803226,9.288401245117187,0.34714037381294555
6310,0.5600330779246441,393911.3088806153,12.096101021728526,-0.12260581661027228
6311,0.3571445098948787,259444.51121582036,9.346880736572272,0.07854137317353425
6312,0.6104043232881177,371701.5063806153,9.2884012451172,0.0034161973290620803
6313,0.5223361117605507,295310.19018920895,9.288401245117187,0.3445705249223945
6314,0.40670575524905955,272891.24732055666,10.073594513183599,0.35344693585379117
6315,0.43375219287375666,182090.6543621826,9.2884012451172,0.10227162065127679
6316,0.6504347398892941,373943.66488037107,9.288401245117187,0.013565169108289069
6317,0.9487484985719385,542436.4751342774,9.288401245117187,-0.13514673775090771
6318,0.5810874644528169,278228.4764666748,9.326107255004882,0.14376200014704058
6319,0.5998002162079632,284429.70035644533,9.288401245117187,-0.351888512203982
6320,0.44351434615482593,280376.68636840826,9.288401245117187,-0.12668434514961244
6321,0.25069611228125854,129457.89842529297,10.866046631835937,0.31281593872979274
6322,0.3086816223065865,165107.87993896485,9.288401245117187,0.015645053355754588
6323,0.2260635204428889,165524.07861633302,24.430177002075197,0.02432333748818058
6324,1.0284162722674723,476879.3183636475,2.5140135012207088,-0.3219328214019497
6325,0.24333031435268426,141753.2171881104,9.288401245117187,0.15359067935450485
6326,0.33968366629450636,247426.36077880862,13.170704015747084,-0.23604548357824456
6327,0.20480655050340404,104256.52296325687,12.86438800585937,0.14159166563167086
6328,0.2463304329421056,151296.79274536134,12.025149993896484,0.17407641254920933
6329,0.4175496420099005,189522.6898669434,7.746346513183601,0.11305567568830492
6330,0.529617419874957,227134.44520874025,7.726725492675765,0.03744529194517743
6331,0.4268934688700992,170725.7697595215,9.369565737792966,-0.29561188844194036
6332,0.5190611636350171,266184.5454528809,9.2884012451172,0.0657355498513108
6333,0.44207241030939814,230871.74196289066,12.793086806152342,0.04215933435561473
6334,0.4216196186179795,210812.84486816407,12.804408522949217,-0.25819983063202123
6335,0.9607060735531741,416299.92122436524,4.980237999999989,-0.08655364514326545
6336,0.45245897284535985,257631.51486267094,10.331292242675776,0.3075963410702517
6337,0.13490038230778914,88163.52976623538,9.288401245117187,0.15931411704149356
6338,0.653421281110899,386749.2477233887,9.288401245117187,-0.41018217845787724
6339,0.5161002382625677,328968.134897461,11.244088751220703,-0.37158416723217935
6340,0.5690597966420656,293022.7521252442,8.444126261718758,0.10776734180904352
6341,0.29236649915555246,188859.8276831055,9.66064523913574,-0.4123402153704735
6342,0.31959811947648764,233470.86992736816,19.98305818536377,-0.36570307348009157
6343,0.7712993996044699,498565.1459539796,9.288401245117187,-0.06115316961067979
6344,0.22414390921270325,130527.98764465336,9.571519499328616,-0.2798154254311965
6345,0.7278968280679431,260704.71019287113,6.985559502563462,0.2619026187743526
6346,0.12356018505698169,76216.38134155277,12.185443513183598,0.18234614717472827
6347,0.4841564516295108,193612.61835632325,7.235025500427245,-0.13507492404536892
6348,0.8720853684761048,506608.0722436524,9.385442014343257,0.39292602182116254
6349,1.0723368451025068,524638.0764001465,4.980237999999989,-0.01926702738387015
6350,0.45867487409908275,251831.86011840828,9.288401245117187,0.5302567756760962
6351,0.9213139669666575,499791.6448785401,7.746346513183577,-0.032949258461871744
6352,-0.02688188697369487,-15034.654667358394,21.560955485229496,-0.685194269948519
6353,1.0260508721770012,545031.3712475586,9.288401245117187,0.16000297302065125
6354,0.7900349064493529,260491.11390136724,2.846978626586916,-0.18806783068090546
6355,0.3115129314581346,151965.4151641846,7.7840525230712725,0.11621648638155306
6356,0.3352772976913263,164498.27483825682,9.288401245117187,-0.4693371053142842
6357,0.2859499344273853,167214.7497961426,10.75536974511718,-0.20970882202159596
6358,0.7078203368598798,352701.9099865723,7.762489015747072,0.34451724077363355
6359,0.33313670594869127,193216.4153308106,9.2884012451172,-0.27779777867562483
6360,0.5683906401067021,235578.29506469727,5.5017799999999815,-0.20174423303535274
6361,-0.0036686440460199444,-2801.067552490218,28.28400176721192,-0.06730294765115412
6362,0.424379983253021,125815.63017333986,4.9802380000000115,-0.25659360618867066
6363,0.6621144985730033,319935.54354431154,10.32831324475098,0.00811103839577085
6364,0.4202535004424347,223883.19990295413,9.147583029541002,0.239088755899405
6365,0.960185227138109,522226.93143249507,5.1376404926757795,-0.33261911662060045
6366,1.1408521564007699,472674.66651855473,1.8080500030517577,-0.05603251533723819
6367,0.6546242975472715,343149.3411340332,8.52558624267578,-0.03258760350107834
6368,0.33421625115563264,163639.23137084962,9.41649372717284,-0.050745382168468474
6369,0.4942314885390127,374523.7798828125,10.071780245117191,0.2773298356034597
6370,0.12396717601795117,79113.57760681154,15.586054008300776,-0.19844588631306198
6371,0.0843160699675436,44570.20491027832,13.849616510314949,0.07282058517635132
6372,0.12164142523090796,71274.67591613771,10.462235779235849,-0.25885297832951537
6373,0.49042982363735244,305367.1971398926,9.288401245117187,-0.1350611066592796
6374,0.5048686576515174,250887.2688586426,7.353114005004882,0.22838950253033574
6375,0.23755201646191798,126800.20654113773,11.042830516113272,0.5007629451050691
6376,0.5649433515336488,295506.24314697273,8.77455101440429,0.0667186665456907
6377,0.37728146243631283,253379.97382812502,9.147032127441395,-0.020972870316802728
6378,0.3894534111083759,280724.78051208495,12.549477253784168,0.3373581039433509
6379,0.7096999723570478,410539.48018676764,9.419334999999998,-0.11703224753645342
6380,0.24167248303670788,117399.12004577639,9.673393013732927,0.3515717869479827
6381,0.3178587862558984,188400.02911010745,12.10920551318361,-0.5531866048104491
6382,0.10236693283059242,50161.55635131838,9.127902513183594,-0.23468755652244408
6383,0.6665673413824809,322508.8300933838,9.288401245117187,0.1805394960114511
6384,0.5631650360387747,211089.6227862549,4.980238000000001,0.5809456966648517
6385,0.9056463119669842,518262.16652587894,7.74634651318359,-0.055066270511423356
6386,0.9208689056736032,331796.8448919678,2.167251251220703,0.17784904951231725
6387,0.42650064142913346,184012.16110473635,9.288401245117175,0.1408805739100256
6388,0.606162650606293,285484.19467651367,9.288401245117187,0.3706937130623673
6389,0.5897767543089736,364070.29746459966,9.288401245117187,-0.6909220043875439
6390,0.6931849780467537,406286.0499145508,7.746346513183601,0.03460646123582664
6391,-0.062083271029959725,-27567.259792480465,13.394948501098622,-0.0587925047444877
6392,0.1884443254218527,87134.26998535158,9.2884012451172,-0.015580521792888526
6393,1.3182558018062016,736689.3461499023,2.748831495727529,0.4890241430220785
6394,0.3617902970879327,235364.59138061525,12.875340751220692,-0.09393358970407455
6395,0.6440371981324461,426991.1235125733,9.288401245117187,0.44362181190715744
6396,0.41945261895791885,210365.33409729006,9.288401245117187,-0.25387829567062736
6397,0.3361972229901685,207666.42633422848,20.513376018676745,-0.12191753139214885
6398,0.3943734100226826,160750.06991271974,9.288401245117187,0.25377097482755523
6399,0.11216559014605205,66356.69533142092,10.298015864868159,-0.20327163959013353
6400,0.5419403546104788,364333.36496337893,9.288401245117187,-0.16880325600760637
6401,0.5665419459534917,404490.27860229486,13.638155753662112,0.3772544267088006
6402,0.9983604898758774,441150.6771289063,1.8080500030517577,-0.3215273958528216
6403,0.5079238098022086,362415.8423883057,9.288401245117187,0.49220684011795157
6404,0.8014694564917707,502487.3190557861,9.288401245117187,0.11346992830796207
6405,0.2760582815030189,140174.59513427736,10.896750508544919,0.1774306618478097
6406,0.8691633043159624,267795.3725109863,1.116545509399427,0.28612409595003574
6407,0.37996140388772165,224865.254909668,12.185443513183598,-0.19052450024768613
6408,0.5310286511155466,364278.24464843754,12.650418236572273,0.24779806739889088
6409,0.4376670887021404,226842.52010620118,9.288401245117187,0.0029432088831750536
6410,0.2503073790736223,168280.3825256348,12.405888230468753,-0.26067409286513477
6411,0.4960599945661224,250146.44496948243,9.288401245117187,0.2193229124336572
6412,0.2712330376912064,164962.71513061522,9.568195015747078,-0.005739303639622714
6413,0.4451441013135401,179887.65219665528,5.8893129969482425,-0.1310835517340748
6414,-0.008416364770179463,-4258.989999389625,19.479093519836432,-0.19574831131327602
6415,0.35030480350581644,169769.47496337892,8.445782513183588,-0.22993755560006623
6416,0.19891716529102638,126579.72446289065,13.970777243896482,0.2156754790560652
6417,0.05749578840957911,24250.890031738265,12.726584513183589,-0.2340054325889173
6418,0.009179722113888247,6505.150217285169,12.968822513183603,0.17319148360807712
6419,0.4836563424762843,239740.51127319338,8.033421784790024,0.02018916487300425
6420,0.3620798300472733,249891.4736120606,15.405428640380874,0.17014099162335966
6421,0.4389257641939915,159147.30363647462,9.2884012451172,0.3331581579661055
6422,0.116664059913007,55760.51015136721,9.329992508544912,0.03903885531394928
6423,0.500851052028816,308969.3548687744,11.293722747680661,-0.24404995694898443
6424,0.3618872732759378,239133.5109741211,12.134082247314462,-0.3004519169921419
6425,-0.012696882179994288,-7013.47991333004,11.128844751220697,0.03663833274541811
6426,0.6180832555049431,283216.3849145508,9.288401245117187,-0.5052342971483641
6427,0.6755163981697797,320645.63198852545,8.529725513183593,-0.20137117822841452
6428,0.44705103882985925,222935.4250415039,9.288401245117187,0.11914250408741059
6429,0.7821148321427488,466921.67323608405,8.267888513183594,0.3517330550054256
6430,0.004587139302786909,2657.2050781250473,13.527816506103507,0.00942025373617185
6431,0.39486532952299463,188929.83243469242,9.288401245117187,-0.4634329379040419
6432,0.79172795071029,385402.3422357178,8.52558624267578,0.009681371054799376
6433,0.6755016413817883,341960.7864770508,9.597228999999992,0.1626270170438294
6434,0.6486452508201297,258091.7523400879,5.015761372802732,-0.18758038261718266
6435,0.5932286069482117,366619.12500244146,7.924240513183596,-0.04930792030378908
6436,0.6372858268113439,293269.2898999024,8.688649508422847,0.23048465504751062
6437,0.0619717719343355,35188.8764367676,10.18743335974121,0.043133137020742875
6438,0.6949411876049805,283668.86743774416,11.766182000000008,0.20598511048425192
6439,0.28803389013617653,135058.225,9.288401245117187,0.17660592061571706
6440,0.4503533913726732,213855.2365563965,9.288401245117187,-0.28419948171877674
6441,0.5603046421970354,329537.80292968755,9.288401245117187,0.016476891333671334
6442,0.8747872824545349,350973.40892944345,6.985559502563462,-0.19880789709489802
6443,0.16459819193972505,80213.54696899417,8.161194004760729,0.017275313232221694
6444,0.16210116376240097,81355.76157409672,10.167858737487787,-0.13131584781131597
6445,0.9921870353076728,586657.5558734132,9.288401245117187,0.26122071435332406
6446,0.4932804275117171,296670.39748596196,9.288401245117187,0.008110750825371377
6447,0.8238713598284666,392102.5945910645,6.985559502563462,-0.027433012233627097
6448,0.44048506495073186,261735.71998168947,9.288401245117187,0.1460955804854581
6449,0.2968251262300595,131031.27777221682,11.519023245117197,-0.5138187370007491
6450,0.41754818461652604,282055.90707275394,9.329992508544937,-0.17782415485527756
6451,0.31675125748407656,166703.48744384767,9.44754774768066,0.2803620820535225
6452,0.821736792071981,319635.19003295904,2.0053215025634854,-0.04440503564464627
6453,0.7410955869703795,428309.686258545,9.288401245117187,0.09723258949760188
6454,0.7110451049401842,553864.5044775391,12.185443513183598,-0.2377574933541372
6455,0.5223999668086716,301977.07417968754,9.710343597412121,0.3268691367926096
6456,0.32489831968910216,190900.80477661133,9.288401245117187,0.34275661019140785
6457,0.6179758878372789,271478.5649963379,9.288401245117187,0.4392472954837814
6458,0.7943745052711643,335201.0099456787,3.7056305093994366,0.01061264524499284
6459,0.2187716541683389,124573.47908203125,16.535198021728522,-0.24569018553254782
6460,0.4293756902822498,283232.411324463,11.468250739013671,0.24741931314659538
6461,0.571621930081459,409046.7111169434,12.185443513183598,-0.08045742820800268
6462,0.28319802632896557,192070.986459961,15.19628971978759,0.18851621630150445
6463,0.5827083192494976,325920.3199780274,9.288401245117187,0.12612119741812736
6464,0.4940408525881558,307583.11511962896,9.288401245117187,0.04109199379952594
6465,0.5601539077233358,277403.4698156739,9.50788650854492,0.000293084446562248
6466,0.6666475622404591,361645.4924560548,9.288401245117187,0.06771690135665602
6467,0.4646721589907723,203873.45264648442,6.943346492675772,-0.27200522882348754
6468,0.31360859121322254,145897.80628784184,9.288401245117175,-0.23532266720382788
6469,0.4582735956273364,205289.3450634766,9.288401245117187,-0.3386307726957053
6470,0.8629379592252936,436740.21017272945,9.288401245117187,-0.04693029316695129
6471,0.3924160472181844,289425.8906774903,13.06874050976562,-0.0201688797762555
6472,0.18438453125904325,121309.13836853029,14.99027948681641,-0.12678121478528717
6473,0.5037373206253171,290209.1425341797,9.288401245117187,-0.15367356574938976
6474,0.825396645754305,388364.78248352057,6.643476988708484,-0.33764957589930317
6475,0.4074285327900585,265353.00703857426,11.197623245117185,-0.12940182104738082
6476,0.223448475047494,126414.25859497068,14.264353019897467,0.2714060294360294
6477,0.42947199131305497,287524.747911377,12.363337513183593,-0.19280726838888537
6478,0.5974186126432282,377133.51332275395,11.062896880981443,0.06385345972669568
6479,1.0423465628920465,538912.9099560548,4.980237999999989,-0.19634194266184687
6480,0.5164742904342934,356884.33594482427,9.288401245117187,0.5152978552142053
6481,0.22304220390402033,131539.0623358154,22.0941672652588,-0.20612057293885824
6482,0.7196167527223268,408056.27460449224,9.288401245117187,-0.18510768270241684
6483,0.8068710339921837,475491.2497131348,9.2884012451172,-0.2855241677739503
6484,0.3332156044487625,140821.71500732424,6.312103994140634,0.2559274633518096
6485,0.32405901670003007,174972.4750268555,9.706369010375976,0.16174762542533577
6486,0.2685862630109362,178447.45740356448,11.429997236572277,0.1328714869514417
6487,0.49132412655003854,281938.16010375984,9.288401245117187,-0.5886937668137888
6488,0.36549331233471416,233802.60768188478,9.773705999999983,-0.1237990369834865
6489,0.9596876730562346,370346.37485351565,4.980237999999989,-0.48106582140096166
6490,0.7990448796720239,418446.8928381348,9.288401245117187,0.16796615411518323
6491,0.25698548192863907,148537.68619812012,10.821333869323729,0.4777053661041276
6492,0.03947439047801735,19252.324989624052,10.154522737792973,0.36103789026581273
6493,0.4851748010906943,288046.35260864266,14.268639245117187,-0.2044684396175681
6494,0.4627207557766755,320220.6371765137,9.288401245117187,0.0520185833350964
6495,0.7519918316914027,210306.9601477051,1.1165455093994154,-0.14933350160362804
6496,0.3422262089141964,186452.12380004884,16.87281800964356,-0.6949241829146676
6497,0.5763216210246342,339800.61935302743,12.096101021728526,0.1619822360387701
6498,0.3875354728384741,220926.4453643799,9.288401245117187,-0.550219414031567
6499,0.4011563836340191,176090.55010742188,9.288401245117187,0.17996247495699919
6500,0.5138893885192043,251608.23933959962,9.288401245117187,0.023831720176566755
6501,-0.11106769468441689,-70088.99243835446,19.755183148925777,-0.46369692524039713
6502,1.0956329361668764,756766.596204834,9.288401245117187,-0.3173993751688274
6503,0.785987127266354,454707.31992309575,9.288401245117187,0.011370666830803742
6504,0.4005517183049074,218708.90878662112,14.268639245117177,0.2785705768413638
6505,0.5468288946555895,220463.07906005863,4.980237999999989,-0.5179915094763956
6506,0.5582577595549658,322749.8662701417,9.288401245117187,-0.10133362050645135
6507,0.8200969168831266,369276.82498840336,4.980237999999989,0.074212247800062
6508,0.3865389274732675,228231.13263061526,9.288401245117187,0.018287663773505863
6509,0.8069127195199794,490037.7301922608,7.746346513183601,-0.16986943790242798
6510,0.7335099138374713,465605.84507080074,9.288401245117187,0.36907651485562304
6511,0.6801269801105366,463528.92609863286,9.41933500000001,-0.22931801855509307
6512,0.09594711977070332,56951.002832641636,11.199556870971678,-0.5657136213020807
6513,0.07505984727012852,45770.58011535647,9.329992508544912,0.016241528642576306
6514,0.18175122348529973,60880.281271972664,7.827511005859368,-0.29242593361984354
6515,0.38977346336325547,195122.5020874024,9.751668015747075,-0.11580978415816817
6516,0.2449444947005745,155614.778939209,9.709455005859386,-0.031453827211563576
6517,-0.10395309105640724,-75566.94283935547,21.762368980468754,-0.03689200509508362
6518,0.4987473647635283,254034.2561083985,11.197623245117185,-0.15906254754285812
6519,0.8617937594461389,482298.7105847169,9.288401245117187,-0.17153245106683468
6520,0.4114644945356363,190416.5235906983,8.267888513183605,0.47926285934976687
6521,0.7203081938089511,396708.2871838379,7.121149993896485,-0.3775499293119098
6522,0.8985726976707883,353337.6801245117,4.9802380000000115,-0.0571101628862965
6523,0.3847790466094036,192349.39038940432,9.288401245117187,0.06643787882640419
6524,1.1804525999154483,567470.4335205078,2.9472325179443226,0.7925907870959934
6525,0.43110792235242223,261498.5450201416,11.537662508544907,0.04115337760547859
6526,0.9967642544281571,375914.21129150386,2.0053215025634854,-0.10864497643854107
6527,0.705942971912682,261946.48485107423,5.017944009887695,0.11216507108564519
6528,0.16879997063799307,86233.5100646973,9.686768015747075,-0.39542946318182853
6529,0.19284732768108107,78691.37489624025,8.655421510131832,0.4762760290693414
6530,0.5725899593952228,199038.93128662108,7.902489509399421,-0.2598281473773242
6531,0.9023093233740569,621196.3441351319,9.288401245117187,0.31752008180166164
6532,0.28336678863045683,200293.1858843994,13.727498245117184,-0.12213332869232968
6533,0.32167126752538333,214159.7158288574,15.85184227160645,-0.2856341402430399
6534,0.6007363016003874,299106.6650067138,6.619333501159678,0.02427008328851555
6535,0.2371505597788561,170207.49667358404,16.35821171862794,-0.26507105328728525
6536,0.21766984942194692,111608.14859558106,8.43133299707031,-0.10798843483705867
6537,0.04460795040135726,29237.37765380858,14.047392758300772,0.010103205107277408
6538,0.5038748582985897,309542.3123773193,13.487409241577145,0.16997841700412636
6539,0.6119866741410389,391445.2171020508,13.585752023559575,0.4381049174997143
6540,0.33842854174685016,180762.7786798096,9.435304513916012,-0.2700709738714545
6541,0.5503563594373135,390525.5002410889,11.372720714599616,0.4074743583062816
6542,0.4722587592179648,206433.2084375,9.288401245117187,-0.10049392277685597
6543,0.22512504430338934,106469.7962097168,13.466399738403318,0.05856627554592029
6544,0.3487582242557383,168084.0485058594,12.883987005859382,0.11000473763632397
6545,1.0602278722169314,574724.1088134766,7.746346513183577,0.2071587769070442
6546,0.3136846166936031,144985.2721728516,9.329992508544924,-0.3595007571844289
6547,0.3270413023265933,161102.90112792968,9.751668015747075,-0.23817010793336482
6548,0.5712862717966506,351828.2220935059,9.288401245117187,0.0023008075780583566
6549,0.716116165646736,346731.6526257324,8.429645023559582,-0.37163235394913324
6550,0.8029131459417284,534616.9524731445,9.288401245117187,0.2973995900927129
6551,0.25787473634795993,145652.56998168948,9.288401245117187,-0.45339525681184073
6552,0.8104813047669042,408496.2598217774,9.288401245117187,-0.24128234495230955
6553,0.570518165007816,251011.58984619143,5.1376404926757795,0.018476637712942192
6554,0.4433772634420775,235868.49505981448,9.288401245117187,0.5012025666141403
6555,0.7663650906841132,402999.94867736823,9.288401245117187,0.11099885201935247
6556,0.32960642798287704,211061.8949212647,11.055304727905266,0.036734281147890624
6557,0.7912252136029453,340354.48971618654,4.9802380000000115,0.21315221579693125
6558,0.012474811922370538,5888.81234313966,10.840706505187985,-0.45729234801806173
6559,0.08574611847936349,56771.93285644536,17.034747758300778,0.06497345637447789
6560,0.649507848799042,399814.8086334229,9.288401245117187,-0.2956544875952065
6561,0.4680934010426531,287489.338581543,11.480760875488283,-0.3468538956928708
6562,0.2625628356186873,164473.4375341797,18.266675734741217,0.10828663943468111
6563,0.8769292960384832,589819.9307788085,9.2884012451172,0.21992785691775185
6564,0.36449141819795544,226902.88523132325,17.03474775830079,-0.11959266764633185
6565,0.29028734400335654,195029.56031494145,9.751668015747063,-0.0031994123783634382
6566,0.17447175415290675,120554.47131896976,9.419334999999998,-0.28907986411005754
6567,0.7634605734261961,420967.594942627,7.746346513183601,0.2040578595717808
6568,0.09296088347917729,61196.96493896486,14.214393508544926,0.20184117039575084
6569,1.170604443793379,507931.0845458985,2.005321502563474,0.11442772196772794
6570,0.6185251595884241,169064.86629028321,6.200497000000009,0.06477309406493804
6571,0.4255077619747833,217997.59861694335,9.288401245117187,-0.1493404330426761
6572,0.1347313424340935,63471.749772338895,12.877878244689944,-0.2500798941813216
6573,0.07799479238649554,46521.59081542972,12.096101021728526,-0.1617952264652248
6574,0.5719790323528287,369920.6262158204,10.918897999999997,-0.09657374401802606
6575,0.6068574735902619,279962.61400390626,9.288401245117187,-0.3794121911836278
6576,0.7118404417305051,474017.91132812505,9.709455005859374,-0.24252617677788518
6577,0.11150517851813274,51349.6648278809,9.2884012451172,-0.02186754773176194
6578,0.2546852451950964,152450.58861083986,9.288401245117187,-0.08064656862102275
6579,0.2511687136747045,158844.1685162354,14.19337524975587,0.10622445247597252
6580,0.637410334771083,267911.4164819336,9.2884012451172,0.051318058751879815
6581,0.2886507206747345,153316.15000488286,9.793400505615235,-0.058655397508475295
6582,1.0160429012469525,414398.6470251465,2.005321502563474,-0.22872505579607322
6583,0.9926857255126903,392953.74617187504,3.0354634943847545,0.006241365604907401
6584,0.3224574233727258,173273.55213867192,9.751668015747063,-0.7229050696136244
6585,0.3801944588179224,204189.3253363037,10.483030997619615,-0.07017062676667724
6586,0.4831446875036854,229231.40759887698,9.288401245117187,0.27675018015409253
6587,1.061288710174539,454784.8085565185,1.8999245093994193,0.0002875329928930933
6588,0.40065436751153116,232216.2684759522,9.288401245117187,-0.04871270381599332
6589,0.5288922405695938,274914.9872021484,9.288401245117187,-0.13158890564940462
6590,0.3517129426540189,203142.81462402345,17.034747758300778,0.08534782040849592
6591,0.3195625304082421,170583.67616394046,9.751668015747075,0.07282888727594898
6592,0.656978241041814,307174.33716918953,9.288401245117187,-0.229972910388203
6593,0.5603195192892965,250814.68205810548,7.746346513183601,0.013775457856279483
6594,0.5029452738001492,249779.91756103517,9.288401245117187,-0.6736418700001038
6595,0.7369775937446212,353431.84371582035,8.477984499999998,-0.1526954768682275
6596,0.8384538552338553,357948.3272924805,6.985559502563486,-0.3622748097437212
6597,-0.004348673680438814,-2220.625111694302,12.459841516540525,-0.0744679845766398
6598,0.20990565230135616,133803.35846374513,24.715189629577637,-0.022563218042770256
6599,0.002531575713711399,1455.8288317871265,12.342846005859377,-0.24515030087453796
6600,0.28568854521159454,160584.08534606933,18.413637496154802,-0.09056598807657257
6601,0.7028616278774388,350342.1352954102,7.74634651318359,-0.36373619372353294
6602,-0.0561460707578714,-22555.108743896482,9.891044891235348,0.16440370209796176
6603,0.512702085130046,310631.6395703126,12.273995021728508,-0.5519916172099195
6604,0.6437390407862376,297251.3848614502,7.746346513183577,-0.024776407967413906
6605,0.1822089231440301,148775.3629620362,16.584230481689456,0.36274578625979303
6606,0.6696196214145095,441630.92765991215,9.64888813598632,-0.09121332219315165
6607,0.6214938930081073,350289.6898303223,8.52558624267578,-0.21151255642288488
6608,0.09705345623588003,36405.264828491214,12.809493015747076,0.1751707759259122
6609,0.7395292377726281,374236.53598937986,8.676307501220704,-0.0839116754684097
6610,0.36662720695414924,187402.994798584,10.121543021728517,-0.41178631136932375
6611,0.8503847277814232,422901.9911334229,9.288401245117187,-0.30300547848482345
6612,0.3307501596936032,222771.58491699223,9.751668015747063,0.06105746854121655
6613,0.7995841663188913,465394.1803063965,9.288401245117187,-0.3299189898036159
6614,0.2157538490728274,109681.3137982178,12.417390009704581,-0.06326495691860537
6615,0.5843167977866599,206482.4683013916,7.31730900482178,0.24270117373848135
6616,0.335310840187206,199675.57209899902,12.185443513183598,0.11138493552333387
6617,0.10777084726362222,48643.69349914551,12.73922963708497,-0.5013999482761992
6618,0.2868565332727172,167051.1129467774,10.297021715332031,-0.048372992660645805
6619,0.6304960717963778,476720.60002319334,14.190765015747072,-0.21491142719972786
6620,0.14191255672163558,86830.27089294436,21.992032011108392,0.06424037739683826
6621,0.7266997992609323,475141.5947314453,9.314584506103513,-0.4107743099445783
6622,0.8639044569077746,429941.459899292,7.8568505230712935,-0.09890379473133903
6623,0.1800287502164074,113346.41494018558,14.896135755493168,0.26946577193018395
6624,0.26696317238344197,162955.06997192383,16.624540513183582,0.06650941418483769
6625,0.6144100701046957,412607.5236938477,9.74152011755372,0.3407036613801978
6626,0.5968592186280149,330190.68391296384,12.185443513183575,-0.5252979756674344
6627,0.2920600971627217,150783.34797119143,11.885395206542965,0.2545526819205329
6628,0.9421143515526776,655005.9700622559,9.2884012451172,0.10042627850064884
6629,0.2563970134178429,107034.19000854495,10.26802650854491,-0.6294550659898391
6630,0.5911518946774137,340124.28229125973,9.288401245117187,-0.30747200772101174
6631,0.8927868112735431,523903.07324340823,8.341495797119139,-0.4306406815306615
6632,0.480460854218096,237832.77997680666,8.267888513183594,0.3535981538907895
6633,0.5052100713988968,277085.21111450193,9.288401245117187,0.11370153307607626
6634,0.4644572897577999,211220.14987792968,7.746346513183601,0.13905714628650745
6635,0.24853522887947818,133824.08392822268,10.124282479248045,-0.022341223412694594
6636,0.755717143231263,427831.3111724854,13.901807021728507,-0.15453095498574446
6637,0.3942054333663071,212688.22071533205,9.500311499999999,0.13766530211934222
6638,0.7158485465493917,474908.20734130865,17.55628975830078,0.2940516698897551
6639,0.891896732527894,548307.109973755,9.288401245117187,0.2935954189135915
6640,0.21610276766342626,111327.79002563481,12.090065002929698,0.5458774912751236
6641,0.819017443571511,419887.39193481446,8.882636521728523,-0.06328103163220802
6642,-0.03312708437963797,-23645.706183471637,15.182153121215816,-0.1339731909543615
6643,0.7877505524465175,597151.7598675537,9.547226747680664,-0.8876230174878161
6644,0.23402017380167855,60739.50143249512,4.980238000000001,-0.35964015360198825
6645,0.5580657306809301,263662.6501287842,7.746346513183601,0.04226092079052205
6646,0.5769319861006413,380063.10971435555,13.727498245117184,0.12389400842007121
6647,0.4565330729074997,277160.0551025391,12.8937510144043,0.173628056770778
6648,0.5138280765379741,296192.54473999026,9.288401245117187,0.18981327185191654
6649,0.7821245703410572,486129.9999707032,7.746346513183577,0.31608410825843386
6650,0.7457272096432679,377397.61357177736,9.288401245117187,-0.08365423285229892
6651,0.4111652964379412,187729.31985229495,9.288401245117187,0.004721446863517364
6652,0.6786821341196987,327465.6877661133,7.7840525230712725,0.5071922793725661
6653,0.7697955717117001,434566.758178711,9.288401245117187,0.2795090944961481
6654,0.23229307701618648,154151.02130187987,12.939554239135747,-0.4495759231314405
6655,0.3732476564325606,189821.564921875,7.746346513183601,-0.045179076510107226
6656,0.8063246863972044,385626.9006872559,9.288401245117187,-0.22737806207738254
6657,0.9079892442556261,694067.9760083009,10.8448902451172,-0.20617797590554368
6658,0.8410856426078008,466236.36350341793,9.751668015747063,-0.0483814766867853
6659,0.8422409648206495,433102.01010864263,8.523278515625,0.003274870547808949
6660,0.5950686916765882,328949.9549511719,9.288401245117187,0.37202945169937146
6661,0.5569941874311034,323527.28725708014,9.773705999999983,0.3825035414523881
6662,0.5435967617819653,209571.3175579834,8.437662007995602,0.28981015298685453
6663,0.2612333706054047,167141.28471374512,17.136403758300773,-0.5487000625522014
6664,0.4824512482927808,266523.6720098877,12.133807031616197,0.03124176109476289
6665,0.5363871176164103,371258.05505371094,12.342846005859366,0.49548110298136766
6666,0.235484714101639,148842.89244812014,12.263251516113268,0.028444569025961285
6667,0.8944550741193484,408454.8747888184,4.980238000000001,-0.1344551513958491
6668,0.9105234369034333,476487.2149450684,8.52558624267578,-0.11629752621721656
6669,0.9510878812250505,564962.5024493409,5.688545501220715,-0.2536133982202416
6670,0.41350317785153173,184088.80493041995,7.746346513183577,-0.10476704247426331
6671,0.48655053381014735,196252.61491271976,5.941510999999998,0.004379183194300911
6672,0.3990297679666869,187918.97489379888,8.267888513183594,-0.2347393815111775
6673,0.5280027604384286,364204.89275634766,10.972959736572264,-0.13024270183063089
6674,0.7704505380437463,395088.9466711426,9.907840513183585,0.2073687904229488
6675,0.4223319523314738,264325.91381103516,17.619558127197273,0.3099374118034465
6676,0.15639102761428875,91258.51019897463,11.756459221923828,0.15191040164858188
6677,0.11989443479384032,88097.99489257816,15.714346513183589,0.17999685489791756
6678,0.10275952122866247,52270.709732666044,9.384434022583022,0.07459415609771285
6679,0.5274464534595926,273628.5800549317,10.49746199829101,0.24152979669932215
6680,0.3999951670272439,212388.32994934087,11.083534009887696,0.1327855117110691
6681,0.44331909780757384,228560.13105346682,9.288401245117187,-0.47963496972469
6682,0.06448489663181543,31987.006412353534,13.512302000000002,-0.47220924858826935
6683,-0.03183957325887257,-19161.846358642564,16.18466836987304,0.3029987670970067
6684,0.38204495182455933,234725.8437353516,9.437976751220702,-0.46468072330989696
6685,0.5267525436996058,298890.3436993408,9.288401245117175,0.20399096641862122
6686,0.3920207350730184,196801.52497314455,9.329992508544924,-0.003153570401420393
6687,0.8085449362003654,393666.0900604248,9.288401245117187,-0.287510933504936
6688,1.0261004594793137,421151.543793335,2.005321502563474,0.14304375563172722
6689,0.0941890075772911,68363.17874572761,20.73776101574707,-0.3217513993822195
6690,0.06649359388898513,52530.292514648514,16.43087552429199,-0.4152805407913527
6691,0.08192213229723914,44442.929058837944,12.096101021728526,0.4131322884842902
6692,0.01414667610035357,7458.709968261723,12.096101021728513,-0.2876899548306541
6693,0.6509110958212865,329781.11512207036,7.121149993896485,-0.3039971114946751
6694,0.10770472142241114,71741.2687396241,14.685186021728521,-0.07590374087637512
6695,0.5594406512792155,337787.3899847412,9.595826231689449,-0.2638124413989892
6696,0.03970509152949512,19061.540020141623,11.389760017272947,-0.0397537721350248
6697,0.7231088741383199,405336.57335021975,9.288401245117187,-0.05798105005927504
6698,0.31945441499518956,167723.6948858642,9.288401245117187,0.445358759482362
6699,0.7469135107897357,504288.92245849606,9.288401245117187,0.19406085026546208
6700,0.46098822239469256,258452.07869506837,10.546815873657236,0.20248148857402087
6701,0.5039361295406826,216207.76630249023,7.74634651318359,-0.13487501822397904
6702,-0.029701480707993513,-19062.824948730442,24.030410019165043,-0.004292225869446496
6703,0.2243896769007187,69173.11982482912,5.195849495605484,-0.1571355549115909
6704,0.2069647375261365,139373.0393811035,17.791016526123045,0.2163593185480451
6705,0.4016354785421741,254651.68486694334,13.515567523559579,0.040189622961769166
6706,0.30008306431544435,195995.51596496583,11.333286019287119,-0.444042153596221
6707,0.5646587752490875,292962.8648895264,10.092523529052734,-0.547314607360451
6708,0.6940684307673122,318646.7253179932,7.9680000000000115,-0.15189490984435394
6709,0.9182579666070622,442933.5915466309,7.968,-0.4330921594524759
6710,0.719606889701445,373312.48494018556,5.951687996948254,-0.18092422060993132
6711,0.0066550772556669,3012.6462182617397,8.611707629516605,-0.05995120804276695
6712,0.7359670718304946,464587.7537695313,8.52558624267578,0.2878535926498493
6713,0.2981649156918178,198362.16152954107,13.47227675830078,-0.20872031106570932
6714,0.3083670075885774,172496.72497924807,9.2884012451172,-0.03271982409790578
6715,0.7438687250154556,386607.861157837,9.288401245117187,0.22969840221061552
6716,1.0237429891327932,637854.565904541,8.612056507080073,0.03211633233226964
6717,0.17291824659289728,99089.74314880374,9.576737492675788,0.04816961710396546
6718,0.10200853762891521,48690.32484680178,9.65420825219726,-0.34120884458567186
6719,0.20712602455103019,106215.92207519534,9.288401245117187,-0.4819688296664749
6720,0.4445981853214679,248292.5301379395,9.288401245117187,-0.32789426406835365
6721,0.23396141409923163,145615.04962463386,16.53519802172851,-0.5158518373922796
6722,0.2962096666451681,163489.94974975588,9.288401245117187,-0.5698033080677064
6723,0.633246122761114,286039.8813464355,7.746346513183577,-0.06293679426020721
6724,0.5950949104331765,350615.860065918,9.288401245117187,0.17245812977545744
6725,0.5922582738510859,306485.7566320801,9.288401245117187,-0.12765694938903555
6726,0.4787976823324693,289719.9421582031,14.399572999999998,-0.03288486039769637
6727,0.4902222674482688,204665.27859619143,7.746346513183601,-0.1668302506319153
6728,0.9345326197291974,340611.39242187503,2.3451452512206976,-0.5420495418115752
6729,0.46460420710650185,278713.4421612549,12.970877999938955,0.026649172999288928
6730,0.3821047544464906,147370.60987304687,9.288401245117187,-0.11494069177648765
6731,0.23190041691830698,154053.84494018558,14.71102272790527,-0.07856593985997984
6732,0.6261493318059761,349454.4587243653,9.288401245117187,0.17501977811267033
6733,0.5422214434043641,253402.0285473633,9.288401245117187,-0.1682966777221723
6734,0.2198187064377849,147683.68361389166,14.057527513183585,0.21682031992818382
6735,0.38719380692838307,218311.9300341797,14.644077000000003,0.35900724405746426
6736,0.4340099878007603,200149.7351953125,9.288401245117175,0.008908530662824895
6737,0.4440349893707225,316505.79545410164,18.301954008300765,0.08641988994700751
6738,0.3633295896321553,139775.91547485354,9.751668015747075,-0.16880032107611326
6739,0.7055602412980697,363096.65800659184,5.679674000000011,-0.5680547806016645
6740,0.6964665820722958,324227.03472290037,10.256668020141591,0.09924506515805373
6741,0.018744939143964315,11835.564055786155,12.008419999999994,-0.22080273801940403
6742,0.32924814014307874,166677.671807251,11.930805988830572,0.25711516754922803
6743,0.0779751900529537,25127.418060302745,7.488238705078127,0.20581415292620137
6744,0.22641110405586062,118849.68516357425,21.237142242675784,-0.23570469977439798
6745,0.878970478455465,388583.42512695317,4.980238000000001,-0.08040300044282576
6746,0.7022546273680125,316612.86244018556,7.746346513183601,-0.16066835421585346
6747,0.515023582474474,235855.7548394776,7.401704509399412,-0.12618708322719915
6748,0.47040489912792716,194143.17018188478,10.138370000000007,-0.17900855874641725
6749,0.43766830581481875,256400.7433032227,9.329992508544912,-0.062413208323120015
6750,0.6309802585308445,306092.4097155761,10.071780245117191,0.17007683155423678
6751,0.4087999985290632,246265.7949536133,9.288401245117187,-0.0038190409433509907
6752,0.35705929606179054,221316.17225524902,9.288401245117187,0.09385172753549721
6753,0.46190543783899035,285376.74845825194,9.288401245117187,0.5567689573648071
6754,0.39038405992733693,169709.80983581542,4.980238000000001,-0.19572274277953575
6755,0.4164796440007161,196942.8985577393,11.910206497619628,-0.2748622297501568
6756,0.8888159743157562,469520.4298803711,7.746346513183601,-0.13282420493505318
6757,0.6621579103415126,369882.2049029541,9.288401245117187,0.19093423699882328
6758,0.4595671627671646,261741.9577301026,14.268639245117198,-0.19366972026906512
6759,0.37004028952788093,207617.91957763673,13.656566016845709,-0.20433224556452753
6760,0.45890583152882597,281495.8937402344,20.824053758300796,-0.17504269744511738
6761,0.5539281397327027,347407.19215454103,9.2884012451172,-0.23305772813486608
6762,0.317118752130395,126219.00459655764,7.74634651318359,-0.12247471270739863
6763,0.3543307875101133,173553.51501953127,9.44754774768066,-0.057387861989228316
6764,0.5297354405213229,269696.8389990234,7.746346513183601,-0.011716762997116109
6765,0.6691461327939454,331719.4000341797,7.924240513183596,0.0032342416986183087
6766,0.6899807677310599,389666.11170532234,9.288401245117187,0.03969251182087005
6767,0.8593028328388232,435554.6823840332,9.288401245117187,-0.3982216639591315
6768,0.010203327302938986,5498.847687988309,12.268864473266596,-0.18944027361617283
6769,0.4575758985088852,179929.69624938964,7.746346513183601,0.3750046850002666
6770,-0.02850972357700305,-15908.34501159667,18.632463242675783,-0.5708321443938017
6771,0.2776558994205047,135030.93224609375,9.971699755493155,-0.32821854814228874
6772,-0.13756513444321833,-96624.93359863278,18.56923446325683,-0.259499010953393
6773,0.8240670190204508,510621.750275879,12.101387993896473,0.30242141401572653
6774,0.031109952221175494,20678.41846801761,16.76964815356446,-0.22593118964434208
6775,0.6954255285434073,424352.5650122071,9.288401245117187,-0.08484161117108294
6776,0.4462861200766707,307591.6336413575,12.096101021728503,-0.2378336412534256
6777,0.6125542340072542,345928.9699890136,12.096101021728526,-0.07346961578278974
6778,-0.056897725960956054,-37358.74758300779,23.910234752441394,-0.24488455736141282
6779,0.2863256881648874,151820.57352539065,9.709455005859374,-0.5418429119636039
6780,0.36170328173781074,161739.44875061038,7.74634651318359,-0.0057509515031999
6781,0.5561999657318377,269854.76873840333,9.288401245117187,0.20650171697442554
6782,0.48783370129376935,271611.2098583985,9.978572748779296,0.10404620827201803
6783,0.5763267641044033,201273.65992492676,6.500505002929666,-0.27669008174591914
6784,0.6300394558726129,281121.2700610352,6.985559502563462,0.05109233827804003
6785,0.3116020955239365,196198.9801452637,12.74338623046875,-0.24673430173313857
6786,0.25050178538040874,140990.58006958006,12.223149523071292,-0.39576067305528567
6787,0.7549319612130485,418228.6200305176,7.784052523071285,0.4475969762153964
6788,0.5071398243631764,252859.04481323244,9.288401245117187,0.09015931362455692
6789,0.621412125621432,343156.9176416015,9.2884012451172,0.2757849798054981
6790,0.5653416897151182,250923.07984313965,7.121149993896473,-0.08540864446467092
6791,0.45748542345024956,278240.4249786377,10.196972015747068,0.06213806325878615
6792,0.6081882170709394,358357.47772216797,9.288401245117187,-0.04916295392065077
6793,0.34132423175738535,184738.5298681641,7.9037490058593685,-0.03843381662437007
6794,0.8627119526031563,558502.6565026856,9.288401245117187,-0.19126584494955373
6795,0.3904646189627333,189202.19160400395,9.288401245117187,0.3480496886508407
6796,0.3273982902543572,143229.79038146976,8.267888513183594,-0.29568135901272075
6797,0.8299158523273458,382224.25733886723,7.746346513183601,0.19713562753173797
6798,0.850602267479204,297806.88628723146,2.352451010375982,-0.05335372421337068
6799,0.21440868096935192,119277.98501281741,12.688052523071294,0.17698874373732426
6800,0.607455672734059,309702.9112347412,7.924240513183572,0.394294171216005
6801,0.5383933675650985,320282.4548138428,9.640518747741705,-0.11282662361531583
6802,0.2237053664874464,143747.2562591553,10.738932993286127,-0.3120675338211676
6803,0.3410749604835641,156697.2448059082,9.288401245117187,-0.23316285317680027
6804,0.7866113593908273,434690.17514587403,7.746346513183601,-0.012486974966425427
6805,0.8751375117024972,522018.53004638676,9.751668015747052,0.16744806976438373
6806,0.3628394505524249,189586.0349182129,9.288401245117187,0.24674792807622412
6807,0.6412265162386577,357511.485098877,9.288401245117187,0.00554715055726058
6808,-0.1258725123151529,-85332.13502197262,20.012959003356936,0.5321678506264481
6809,0.3701088461323894,244818.68029296878,12.83174421582031,0.1773348070691581
6810,0.13466937482308491,69558.96758056642,9.96293700231933,0.2605975139664789
6811,0.7646537245446956,383578.9588323975,7.746346513183577,-0.09461257890181499
6812,0.268032239521638,120074.77776611332,10.071780245117168,-0.21184274088821825
6813,0.5533974935105282,266836.06668334967,8.676307501220704,0.010626598458476359
6814,0.9737296355474651,520019.3671972657,4.9802380000000115,-0.051037084065150305
6815,0.3054872366641235,143205.44519775393,8.52558624267578,-0.12070319796921095
6816,0.2265485534081162,126491.63787902836,9.960476000000002,-0.2545427265216901
6817,0.15442280939574204,79412.26241210941,10.256668020141602,-0.28753243838113696
6818,0.5899201958966727,262846.67949096684,9.288401245117175,-0.11235467074981934
6819,0.8424186172582195,514557.4414782715,5.1376404926757795,0.036398164073636385
6820,0.44329537545491077,254789.76627197268,12.401043523071287,-0.40692916174465726
6821,0.3339903450421464,176821.4962158203,9.597229000000004,0.06445053705952582
6822,0.5871971613331403,353765.2563903809,7.746346513183601,0.33616971079992686
6823,0.35458269310234025,251722.89505493164,11.12597573046874,0.2918205477634629
6824,0.8009830092933986,403831.7865124512,9.288401245117187,0.02098869850230528
6825,0.2734855832889385,169197.21147338868,14.190765015747072,0.11831100928475301
6826,0.4721896047912031,301623.5701733399,9.2884012451172,0.20688857139819178
6827,0.25512652178940054,144623.2747039795,11.061059514648433,0.026873536784681858
6828,0.2722810099233083,172721.85818542482,12.96882251318359,0.07359991447739885
6829,0.5503319694618276,199549.83500305173,3.8078177551879784,-0.11237279329622568
6830,0.6170770383944587,275410.70510375977,7.746346513183601,-0.013826963239522544
6831,0.4150922864378047,243297.83632873537,12.879480021728506,-0.27046716301029144
6832,0.15427812217993575,113203.32356628423,9.987671383300773,0.30461199830442265
6833,0.34899717130246205,162040.06129760743,9.288401245117187,0.21477965125961426
6834,0.46834402203848263,225750.3163513184,11.171221881347662,-0.3132077723181516
6835,0.9516447832004223,533836.4247320556,7.746346513183577,-0.5214880874995305
6836,0.17000641251622445,95263.61965820313,12.185443513183598,0.3032491973038936
6837,0.34297890753858695,193102.0599987793,11.506163513183594,-0.5127284785998476
6838,0.5352835235912352,247674.45004882815,5.869334502441389,-0.8301335564743825
6839,0.5786511566186074,296383.6501513672,9.288401245117187,0.28930347450388305
6840,0.4360682131760447,254424.03268737794,9.619575241455086,-0.2757960189965961
6841,0.6324708089580052,264212.97515197756,7.746346513183577,-0.19598984849752027
6842,0.4646372564813924,280482.35513183597,11.065778517456062,0.024368389140514136
6843,0.46965623271080936,278763.5635717774,9.329992508544937,0.15677573057144187
6844,0.8668015995754241,471202.6049127198,9.288401245117187,-0.16925044644198323
6845,0.7129720073314567,494954.72521728516,9.288401245117187,0.11619221241895135
6846,0.2554328919025617,163517.40867858892,11.644679505187995,0.3957757158578754
6847,0.5415337173313594,323846.4749316406,9.288401245117187,0.1710801266445151
6848,0.8521822075578629,563994.9239569092,9.288401245117187,0.12207847775038032
6849,0.7190151896710428,338008.5722900391,9.288401245117187,-0.09135709679621533
6850,0.5119353929687568,280086.94192932127,9.960476000000002,0.562815269409987
6851,0.24392269542542555,140339.79518859865,13.20896900292968,-0.4482777804588557
6852,0.2247102576653409,130616.02642639163,19.53988975830078,0.025817824317511198
6853,0.21198222406022235,110688.50316772466,12.475202428955072,0.8217857628453756
6854,0.5566697185797709,331842.45782714844,12.096101021728503,0.302656177655929
6855,0.5476653230390534,235347.4643493652,9.751668015747075,0.24060032220930816
6856,0.5575713357262366,308316.57952636713,7.784052523071296,0.2453402799068579
6857,0.15626017213320983,51727.538745117185,7.74634651318359,-0.22835237075402467
6858,0.7237565013492571,327573.37220581056,9.288401245117187,0.04439926491236822
6859,0.38779145233345685,228324.84051391605,16.958509758300778,-0.09001838734871712
6860,0.9906422764206053,439939.0698010254,3.083335021850583,-0.28708655943091194
6861,0.47130249315179873,292197.63690185547,12.639320127197262,0.24873318797694313
6862,0.6412590432765474,291074.1658679199,7.121149993896485,-0.0753599265304104
6863,0.18593125430600843,133795.43673339847,14.701803751220693,0.06728881568852568
6864,0.3255310389855019,185442.42531250004,8.669278504150384,-0.002612052035497663
6865,0.8143288166230769,416983.63482360845,9.686842739929212,-0.2800766208550343
6866,0.15197732742081038,74174.898782959,10.076263628417964,-0.2632757794662644
6867,0.28452076632062395,216816.07275146488,14.590953285156235,-0.047948306353356465
6868,0.7678961842909506,438232.68498046877,9.288401245117187,-0.0013315783584179916
6869,0.1781870143793596,103012.84973876954,9.288401245117187,-0.04920947772096172
6870,0.8314938421631257,373134.20788818365,5.5017799999999815,0.8348464796422376
6871,0.24384828708752845,139535.3460021973,10.354578523803712,0.2981194812273303
6872,1.038661289117987,568633.9470080567,9.288401245117187,-0.5493085589157753
6873,0.6397662429256578,303227.2212695313,4.980237999999989,-0.06011210837296172
6874,0.3237441503329413,195962.57972778322,9.288401245117187,-0.050695030645393324
6875,0.2050533597081965,96559.58043395999,8.425291005859362,-0.18461324323657785
6876,1.0570996112247517,470210.6000512696,2.0191233728027203,0.027629459588255627
6877,0.898096301117126,418591.6972375489,5.158132000000006,0.07826786374211926
6878,0.4293282075002993,266258.5449169922,9.824466015747072,0.3217942625010284
6879,0.33751341907873766,207754.2771179199,11.24319051611327,-0.1667032184475096
6880,0.1968612431731084,112937.47371520996,12.17418037658691,-0.08380758344249312
6881,0.09566557890241054,67217.29265075686,25.191718019287112,0.3589036870921706
6882,0.6048316427144989,376441.9571447754,9.288401245117187,0.2627350075472651
6883,0.3184362752581983,89279.13028381349,8.79708148974611,-0.2602861407077602
6884,0.19318073923762288,139279.16284912114,16.78139148779295,0.15333687482620192
6885,0.8360131727746613,494203.92840087897,9.288401245117187,-0.031777424056276295
6886,0.4059583402704067,182223.33001220704,10.202999737792974,0.10322253660874926
6887,0.8160122270448362,351680.67754760745,6.985559502563486,-0.10900792650260432
6888,0.4495084484855826,248454.72004272466,10.926660017456044,-0.020579071808326993
6889,0.6811950752974705,300322.3650183106,7.746346513183601,0.24812705697747833
6890,0.5201091669210098,227551.39496337893,9.751668015747075,-0.1128250961945411
6891,0.23536721161686144,128621.22249511722,9.288401245117187,-0.3089163315137985
6892,0.15144522246400546,87959.03499267582,21.143472018188472,-0.1636046248498959
6893,0.8813907344122849,481876.80164306646,9.288401245117187,-0.10105612192742158
6894,1.0244561233366232,518828.30214538577,2.7464874926757763,-0.033946880226811825
6895,0.4103800874421466,200713.0159729004,9.288401245117187,0.5519720283173117
6896,0.2109425658678062,121528.76182006838,11.576633726684586,0.47426206803691223
6897,0.2724253041192923,165396.37876281742,9.769636004272463,-0.010474485684813946
6898,0.29368692561292775,171243.44628906256,15.714346513183603,0.20954614874399227
6899,0.01782160786201491,6849.4823883056815,12.808591736877432,-0.4933666239980305
6900,0.7581609954616495,361994.3548828125,9.554396516235347,0.04965553411254049
6901,0.4300149350272938,197039.65004150392,9.288401245117187,0.2983093773812562
6902,1.1067566431048492,717143.7964611817,10.404946754516603,0.3695589821237768
6903,0.8220315986590349,480870.409819336,8.267888513183594,0.08711573314979437
6904,0.40981907372576526,210148.96234741216,9.59768051818848,-0.11519135040143784
6905,0.3867239455650891,192534.6149749756,11.446717502502445,-0.22246593393249164
6906,0.38009551659891305,141231.25992187503,7.746346513183601,0.38943877030696716
6907,0.46414998154125003,229875.5701867676,7.968,-0.21351993209436765
6908,0.5694045341123545,436072.92579467775,12.632797349121095,-0.12421234525865658
6909,0.5608992272234966,150251.07544433593,3.3198293684082105,-0.01555047288032379
6910,0.4993447223058892,236038.63524414066,9.288401245117187,0.2713116338734178
6911,0.46209897256577687,241043.03017456055,9.288401245117187,-0.10108858188700054
6912,0.4532850158808161,261191.89788696292,10.174602746337897,-0.3929270992942828
6913,0.7553336942090632,201946.35985351563,2.4272638548583956,-0.0038688506289656574
6914,0.7152236641857186,371581.46883483883,7.746346513183601,0.17112345871524481
6915,1.025993090492078,598906.7227709962,7.507101502563479,0.3602458182778531
6916,0.7034661718536579,344757.5314898682,9.288401245117187,-0.2768041499197444
6917,1.0702766363908698,563503.1795025636,5.684853506957996,0.02146532322871851
6918,0.5452978048533548,407279.86261413584,9.552052513183607,-0.11608128643966621
6919,0.7014379664766534,466927.1035009767,13.006274506103527,-0.1891535932829177
6920,0.6016716693937849,254007.34996887206,7.904528993896489,0.3061264328420213
6921,0.8069040540207472,393136.53988220217,10.408108880920405,-0.4203879955056994
6922,0.4165832723383518,172101.24541809084,7.746346513183601,0.2677301517821559
6923,0.5617009094931031,283914.5675543213,9.288401245117187,0.2562651676488516
6924,0.48377525572781827,325013.15005981445,9.288401245117187,0.35174063750742784
6925,0.9008170672214858,524757.0323657227,10.832142251220695,-0.1851157818027803
6926,0.5266651758452253,209895.64137756347,9.288401245117187,0.08832900498704573
6927,0.49036357849022705,354977.86979248055,12.096101021728526,-0.07297317523246277
6928,0.39626715811898816,295882.4110052491,19.104423640930175,-0.12707040416961687
6929,1.0103594919297445,455438.08826416015,3.811027502563479,0.23065085537896707
6930,0.4976723597594126,201751.31691894535,9.494656504699703,-0.17815908702285857
6931,0.16748645891155442,99717.08475097659,15.147898745239246,-0.7296985648302756
6932,1.2151281331486512,603244.5186303712,2.040844875366194,0.12410807124589725
6933,0.7009249692631391,464446.44959716796,14.630355027832046,-0.1915222847856749
6934,0.12648643451177163,90738.45251220703,12.346599492675777,-0.03321802846471926
6935,0.27064591111904107,95457.44875610355,8.300224124511727,0.022918640363099957
6936,0.18238409243357687,114430.1140270996,15.636720245117194,0.07777154152948096
6937,0.18237482655221,125925.17851623538,21.807519979553202,0.24770068635907241
6938,0.5113908517729597,304527.50011047366,9.419334999999986,0.17986012470153862
6939,0.5010422090912854,300827.23994018557,11.029165751220681,-0.6691324672502981
6940,0.2741070418303332,135996.88235351566,12.025149993896484,0.3538382438445663
6941,0.7822315663638476,414375.36414794927,7.746346513183601,-0.04724347416824337
6942,0.5160074309388023,333991.72999084473,9.288401245117187,-0.22246661087366745
6943,0.5496403208050586,239917.10696533203,7.889086806152341,0.1294822767101318
6944,0.654901069069491,311741.0072357177,7.781869885986321,-0.11588037373758288
6945,-0.03303226898667658,-16857.03717163086,18.87045775305175,-0.15475871491929233
6946,0.17984307528414367,129597.03274353029,17.664995766845696,0.10165017568269083
6947,0.682733262031738,273748.3013580322,4.9802380000000115,-0.4212761892098534
6948,0.2528306125748596,132169.56841308594,11.800505487792961,0.15152258603990787
6949,0.4057705617764981,256429.7301422119,9.288401245117187,0.391083193136379
6950,0.7893978063506778,444027.76512817387,9.749882505493169,-0.09397097687956472
6951,0.33236403552950183,132754.15517395022,12.94823799999999,-0.6669892202925478
6952,0.4486477382989283,290855.5777478028,10.35046923913574,-0.3273849737021205
6953,0.6546579867723284,289658.54885925294,9.32392461791992,-0.2215631050418823
6954,0.6573690764488243,462242.60145263677,9.751668015747075,0.028231429854092716
6955,0.4435478538966641,196560.12106445312,7.746346513183601,-0.04932589209036918
6956,0.4176622671168806,282409.95526000985,11.969562232910166,0.3453736376082305
6957,0.7048969685093975,218481.50478149415,2.629135012939456,0.5069134072896698
6958,0.30178950569056134,136197.89508117677,10.601893737121578,0.2511847110981275
6959,0.35030422119162163,165325.08727783203,12.293179755737306,-0.22550665866369046
6960,0.5896193786809727,321715.7438146973,7.746346513183601,-0.10542350033408195
6961,0.1516791226774455,95008.62754089355,15.135485758300776,0.3516968348114594
6962,0.1314914175426387,70714.07524536132,10.196264513183582,-0.053081626851184074
6963,0.7417389644815003,419102.31533325196,9.288401245117187,0.018836375979617008
6964,0.4646484079897234,325237.14499267587,9.288401245117187,-0.12946002755173194
6965,0.15253270505051636,91046.58008422854,14.635361513183604,-0.42222219991025906
6966,0.24784475038916182,139267.79487182616,11.340524006103516,0.25733657383579067
6967,0.6036432626604942,272517.6494836426,9.751668015747075,-0.4356838530537055
6968,0.33179459226984503,229768.95609252935,13.559253640380875,0.04354267613488978
6969,0.47549332140685563,293864.05567016604,13.23604324511718,-0.2571997377087585
6970,0.39284840817977595,193800.9746130371,12.096101021728503,-0.10980715393541277
6971,0.5497755239711606,331060.826282959,9.929562015747068,0.18400603553518244
6972,0.26038192278578054,147306.6479827881,12.726584513183589,-0.2087719598105536
6973,0.3492287833281197,119140.50890563965,5.234570995605457,-0.5862393601510572
6974,0.47906270283369823,318524.6301141358,12.459841516540525,0.009489342413220424
6975,0.7348752740770998,393132.7472772217,7.74634651318359,-0.13952171559541784
6976,0.3557035465498381,168177.01363342284,9.288401245117187,0.06616223514337868
6977,0.0323287363181431,24446.92793579107,16.719324496582033,0.15536436111740082
6978,0.8705276128526984,452600.4861895752,7.903749005859392,0.560216664754856
6979,0.21233633676178879,128643.6874475098,14.405177010375972,0.26226821941468453
6980,0.35055144221378487,118195.0599536133,7.968,0.009779238426870058
6981,0.4790413261338447,247237.85484069827,17.816815741455077,-0.20341130445218675
6982,0.9049029023879632,477575.387612915,5.158132000000006,-0.24561478426743683
6983,0.15945002606354808,112443.82641052244,12.185443513183598,0.10202732560348889
6984,0.6761407690819923,416826.8041210938,9.288401245117187,0.3533244040669103
6985,0.33976360543205414,155253.69535034182,7.121149993896485,-0.16699115467359277
6986,0.8023386308779212,467383.20026733394,9.454043496459956,-0.33873662323090525
6987,0.16346609848721294,100298.71234863283,9.710343597412121,0.24947450232281004
6988,0.15298234685932555,81475.40622192384,13.99673125439454,0.2589494524080008
6989,0.38172964086535305,233911.8470898438,19.842447534912115,-0.1800680862488202
6990,0.3200897539402944,181195.33606628422,9.454858372802741,-0.15904797247683544
6991,0.23235943602198786,127740.37025268558,16.53606850854491,0.01915962657691038
6992,0.32198608349427976,212770.41061706547,12.054344123535149,-0.2801508472225765
6993,0.33217356936935283,241967.34982299808,13.01860853027343,-0.007855446010156353
6994,0.38060905806754697,201845.44015014655,8.52558624267578,-0.11944334536971014
6995,0.4613589150467793,190612.34997741698,7.746346513183601,-0.17592210503223643
6996,0.2619936786045115,169615.68171508794,19.751153000488284,0.17664286574941804
6997,0.27615429924834856,161977.24733642582,9.288401245117187,-0.3634843143652952
6998,0.7397850380024868,415695.2429077149,7.784052523071296,0.10809763514543685
6999,0.050492500533541394,34195.71897094729,16.697985268676756,0.1484357022174055
7000,0.2773874752643326,110972.98989440921,9.288401245117187,0.38293400800993366
7001,0.44801426314672854,184542.59982421878,9.288401245117187,-0.1449591353778976
7002,0.8664148212756843,376725.6872424317,4.980238000000001,-0.25198086068067577
7003,0.7808087069112125,374544.79966491705,7.18739050469969,-0.241138330446169
7004,0.4786046079369856,331816.7523968506,11.135698508544941,0.23701138511074607
7005,1.0178410533252413,351707.71004394535,2.040844875366217,-0.1336896580142778
7006,0.24622200506160816,132086.91660888674,11.605790619873046,0.21768017534990464
7007,0.297138172950149,159816.20286621095,12.096101021728503,0.5001560315358646
7008,0.37775435933077495,210466.77709960938,7.746346513183601,0.27780970046157727
7009,0.4083162273789884,231418.32402954105,9.047128242675786,-0.2833254992741328
7010,0.40204193323623183,165772.13142272946,9.288401245117187,-0.4110267471070335
7011,0.20975134495937367,117351.81984130864,9.288401245117187,0.545259490217224
7012,0.12840830051411167,67391.3762994385,10.404595502563485,0.27901889622929926
7013,-0.02539656784569116,-16188.081301269529,12.019293513183598,-0.4254560128511826
7014,0.5550970368209269,311680.9399743653,9.288401245117187,0.04386299691000031
7015,0.5756063481556217,318335.0563458252,9.751668015747075,0.04166123631163317
7016,0.5527782180635535,243869.69149169925,7.848002513183595,-0.5386134625058554
7017,0.6114628503304114,369632.9775213623,9.288401245117187,0.24339661117037573
7018,0.583076527372412,203201.9573657227,6.7859439999999935,-0.07177469040735683
7019,0.10664351927536964,80562.57378173828,20.382825372314453,0.6124520047998465
7020,0.4110573911248441,211648.4250671387,9.2884012451172,0.036498920013668244
7021,-0.06382668165682573,-32761.14645751951,13.136659514404297,0.09681033036280234
7022,0.48221279033189707,256950.7324597168,8.55261802014159,0.36441244333838435
7023,0.5595668267232914,321215.7949963379,7.9037490058593685,-0.2494585847501638
7024,0.4864775701755,342103.52514648443,14.837825117553724,0.19637184785256334
7025,0.22080478378839039,111978.59866577154,7.746346513183601,0.0765577918517806
7026,0.07325714191168728,41452.70001892092,10.339268513183587,0.26530241251907016
7027,0.7617891612782155,304448.7549151612,4.9802380000000115,0.020435007975040713
7028,0.18776890748585803,118772.5225830078,14.64181100000001,0.2892463723546145
7029,0.19288411770003605,108548.77986145021,9.288401245117187,-0.170124763267358
7030,0.7724406939049154,394897.3435284424,8.08878301434326,0.09153562954261624
7031,0.4126682315772069,249576.842076416,8.687128005859373,0.054084289166798215
7032,0.270281794592457,144483.28000610357,8.52558624267578,-0.09752482106931552
7033,0.22203056501524593,159009.78587646488,15.638108513183601,-0.014678000595395138
7034,0.6250257356285458,449961.7160437012,12.101387993896497,-0.20442866606536586
7035,0.39416091670271813,203129.72275146487,8.509161515624983,-0.08057626795253355
7036,0.6686480096112146,399919.4874493409,9.597229000000004,-0.22287581850531568
7037,0.2903896774730628,172948.51347656248,14.552466756591784,-0.20627867437513467
7038,0.5713233808172726,257944.0501287842,5.671553494812013,-0.18177618335789403
7039,0.685745623666604,479826.9933410645,9.288401245117187,-0.3045307073982199
7040,0.3117287073747018,205153.9050213623,12.109205513183587,-0.31518068187693393
7041,-0.03631385049640729,-20743.26983642578,14.85566851562499,0.17022182495112345
7042,0.8933792667545423,532480.3953222656,9.288401245117187,-0.274351637626473
7043,0.9146295246575132,499226.703803711,7.784052523071296,-0.07006234618573672
7044,0.5517074032171551,289068.3926379394,9.751668015747075,0.3473100026710548
7045,0.1743973764578885,96080.41899719238,9.288401245117187,0.1900763537439614
7046,0.81168476649312,361789.6073937989,5.1376404926757795,0.26586763213808046
7047,0.6177064216912667,207331.38509948732,4.980237999999989,0.05972648544465758
7048,0.14608269201412155,98683.07884155275,21.70219625341798,0.4072564972897477
7049,-0.12890848898119148,-43647.103625488286,12.11871487573242,-0.27656103224490913
7050,0.009354627732592736,4858.736276855485,9.47557824511719,-0.49390534458190605
7051,0.4623062046787501,325729.6260778809,10.071780245117191,-0.09274737310532842
7052,0.6450881447888802,372423.8400042725,13.019511516113278,-0.13719838803785175
7053,0.839999612505188,382889.92657409667,7.121149993896485,-0.0471400996887194
7054,0.33241867617564674,194711.15017761232,9.288401245117187,0.5894744322874661
7055,0.5978584754755195,375127.3890350342,10.099623001098633,0.26243773688729993
7056,0.4311504575391295,268092.5402966309,9.288401245117187,0.17976862406127872
7057,0.5836702215409799,365071.0051550293,9.288401245117187,0.004667326028570536
7058,0.24106953147116256,102159.3100244141,11.738764245117189,-0.11388209800597797
7059,0.8806806222323412,494855.6826843262,9.323924617919909,0.22783592857496301
7060,0.48019859081223604,306552.27009338385,9.288401245117187,-0.744932920394411
7061,0.654922299628871,377753.2090179444,7.74634651318359,-0.04407425310940348
7062,0.3496066764083959,210239.98302001954,9.40029992260742,-0.3816211298700823
7063,0.20600505358767401,136955.94028686528,11.590333993896493,-0.42599261638331004
7064,0.48097306704832316,208111.0251159668,7.494251501220721,-0.06373854676298753
7065,0.2624879316031256,152150.56283386232,9.2884012451172,0.02954458273804664
7066,0.656644657894514,425853.4679077149,9.288401245117187,0.14236164289489633
7067,0.7108622563726359,276951.1149487305,4.980238000000001,-0.27380294892295054
7068,0.4305064488395302,251678.7257989502,9.288401245117187,0.022969847958944713
7069,0.6200172962202973,381701.2861474609,9.288401245117187,0.06633336567591715
7070,0.6529712710658072,315576.9598413086,9.288401245117187,0.06193407349681276
7071,0.44740481862064074,279463.2110650635,12.639320127197273,0.2241356482146088
7072,0.47182374229843427,229993.01121704103,9.288401245117187,-0.1876495427461181
7073,0.6171714712233072,173743.9337109375,2.005321502563497,-0.22781981896386938
7074,0.25231217622225066,143581.81855957035,9.552052513183607,-0.07167928232428766
7075,0.4388271100635442,198067.56791259767,7.96194652307129,0.12664633251529742
7076,0.16638638391265523,122149.57501220706,16.341549519165035,-0.3248623378994592
7077,0.26670010291027907,148090.43334289553,9.288401245117187,0.25321522246663863
7078,0.3179289499812423,215214.45019592292,9.371333528076182,0.4529680875711003
7079,0.5178672961097655,226880.48733520514,9.288401245117187,0.27770636087699857
7080,0.6258075570709104,312374.37958496093,7.74634651318359,-0.13047536988083708
7081,0.2458397696338477,135095.96388916016,7.968,0.4626949472108034
7082,0.7630582714473212,511983.53872863774,10.626838237426755,0.09670798811543134
7083,0.47349682518118674,256532.8737176514,9.288401245117187,-0.0078417146218424
7084,0.6820646802421124,423018.45534301765,11.392696506713879,0.7198112531005448
7085,0.30151160549421024,148054.22023742678,14.713956999999994,0.3653523657737899
7086,0.6844388684548864,348105.40354492195,6.322865009887703,-0.01695011972294019
7087,0.5991828543764492,317758.262076416,9.2884012451172,-0.279047388064138
7088,0.44322227250255836,263516.1395391846,10.875680021728517,-0.3653437552391909
7089,0.614979451569554,338528.7727758789,9.2884012451172,0.14249131536915122
7090,0.654503675627714,242488.4152160645,5.743053002441395,-0.04042537353186503
7091,0.556156507463339,293314.88297607424,9.288401245117187,-0.34524794182216384
7092,0.44418169875133745,223929.8851306153,9.288401245117187,-0.06971788833413793
7093,0.0734624104011171,31966.080136718738,14.037198245239269,-0.1915500048279761
7094,0.36970040570536444,171143.33872314455,8.888931628417957,0.19186966051492357
7095,0.8946720183816415,467691.9111560059,9.729946513183602,0.1862060151032738
7096,0.7141568548870867,398135.4297418213,9.288401245117187,-0.433331969806385
7097,0.03530798435748408,21828.5513739014,21.118835372680657,0.24949239866427633
7098,0.36066204188067497,188893.91177246094,10.015240112731943,-0.057725256941414525
7099,0.32563308555701453,188407.2601348877,11.251421012634271,-0.06480475217101225
7100,0.20933949300910396,108062.14493652346,9.2884012451172,-0.25126801292063017
7101,0.3756116944661657,267300.8919317627,11.333286019287108,-0.2435041289751694
7102,0.3645867552051357,138210.03006103516,8.066761513488762,0.09158253975207921
7103,0.6443128792614807,292876.52004882816,8.86227451318358,-0.012006437219829852
7104,0.7160938942476671,341500.0463391114,5.080318489624024,0.16469561586734804
7105,0.06490423172494002,41541.30206848147,11.362521240600595,0.5171071861710611
7106,0.10605948014051805,51889.655019531274,15.234164993774414,-0.6487146312105618
7107,0.9549050626705083,638528.0409155274,9.288401245117187,0.1286879371417438
7108,0.3820131167223689,216085.90747985843,9.751668015747075,0.05341147928550021
7109,0.4691418564153335,255964.41875488285,11.709513513183593,0.1048298363678588
7110,0.6771162403961691,355979.3488085938,9.8788981427002,0.28701669771198995
7111,0.5349413844274223,244141.04850830082,5.659182492675772,0.33882017436827055
7112,0.5010938702383377,254348.50765686037,11.348276981689455,-0.38673104741148184
7113,0.6594928736209981,338105.7847912598,9.288401245117187,-0.37066968664777966
7114,0.4697499791695924,304059.6649890137,8.453514516113279,-0.02737028079969862
7115,0.5134898887856749,281120.44004333497,9.598012523559573,-0.16813363429208508
7116,0.22381952184104384,129342.15606811525,14.177504422851559,0.2797140574078688
7117,0.5377551695602307,281339.62997436523,9.288401245117187,-0.04083203888312246
7118,0.10233507993788389,58796.712202148454,12.312400007324223,0.33927337675471075
7119,1.0205636783293184,655446.3691088867,9.329992508544912,0.009568458395046095
7120,0.4061762537250257,205536.33490966796,8.136724005859367,0.13225398036769084
7121,0.20037953153810673,138759.4401501465,13.623413015380862,-0.13603941109284198
7122,0.23779452379202157,131534.62275024416,10.328747736572264,-0.40685084166675284
7123,1.069686445893816,504676.280065918,3.946631364990235,0.13430557802605686
7124,0.4257320721444221,185086.9997796631,9.288401245117175,0.09165403172295711
7125,0.4177210385475229,286383.39761718747,11.228429021728529,-0.31620527740252236
7126,0.3109035053896517,185318.17245849612,15.235983021728508,-0.04169891594604909
7127,0.2179258712290208,118093.76507141115,15.325945022583007,-0.07922535245620996
7128,0.6625730106564471,303435.04405700683,9.481327110595698,0.10909926142132864
7129,0.6554801829000457,200991.66036865237,3.6270299813232385,-0.055188716573789084
7130,0.8446511936095924,459393.59498779295,7.746346513183577,0.3892120981327553
7131,0.28698682454900143,128615.44517761232,8.969538873962394,-0.027573458943780396
7132,0.5624383159762152,344763.0845007325,9.359078324951161,-0.4036394479082177
7133,0.20208004826952874,122999.03737731934,13.241327266540518,0.12651281019459681
7134,0.07408359693993168,30873.17269409183,9.288401245117187,0.13101346969258976
7135,0.4719409718737216,242603.84988037107,9.288401245117187,-0.19102815974159712
7136,-0.0779244993270556,-43105.10201171873,15.714346513183578,0.15688219108899673
7137,-0.07263581476083444,-51533.808840942365,27.32914511987304,0.6242205807548353
7138,0.34874899505752754,162412.79226135256,9.288401245117187,-0.5017925993705532
7139,0.5761622602240108,394560.59746704105,11.393212221923832,0.03578338791508818
7140,0.40183494444645756,311122.7350732423,9.841277352294933,0.38433426020622163
7141,0.6756137882348947,466995.8701525879,11.12597573046875,0.29794632118527625
7142,0.2717152457661326,140387.3773919678,7.924240513183596,0.11595272327721431
7143,0.2572743275436388,132493.10157348635,12.185443513183598,-0.09585931695476908
7144,0.14033619389616475,83803.93511108402,12.465167021728517,0.27053351814280613
7145,0.34122171186150474,231774.33246948247,13.638155753662112,0.02594942319012937
7146,0.7540996843919903,356652.2148266602,7.231247999999986,-0.05940731043969999
7147,0.5984382771473353,328817.7285754394,12.52867186376953,-0.12050147651219295
7148,0.8295371315461109,395631.3072192383,4.9802380000000115,-0.06490287057088528
7149,-0.0346262601539112,-21402.678746948222,14.983625520263683,0.03808038813865503
7150,0.6446158367244268,325958.9184881592,9.288401245117187,0.003649681130523257
7151,0.28608382132429866,92782.56494506837,8.703480242675777,0.07245441473648477
7152,0.5323012693354691,220064.06498535158,9.288401245117187,0.08512253676927674
7153,0.5360981024671334,299021.9730651856,11.372720714599616,0.11586034820733365
7154,0.5064435499089348,336436.34709838865,9.2884012451172,0.1786524929998347
7155,0.500271146380343,313670.03009399417,9.91948924975586,-0.4943702693031461
7156,0.5111183987605982,208229.37488830567,9.288401245117175,-0.016506353942334788
7157,0.32240458547232836,139447.474977417,8.862892022583004,0.14074397670012817
7158,0.5842752212001994,338043.60005004884,12.179480000000005,-0.006870698470070313
7159,-0.05261650093671391,-40512.936090087875,13.248126513183594,-0.06687151699274656
7160,0.25490980788342527,177710.73033813483,9.288401245117187,0.34111328969635096
7161,-0.11992710830756435,-73957.8000097656,20.92263351416015,-0.10302619828007976
7162,0.17412197220325099,82865.06261901859,19.669009245117195,-0.2780213514212594
7163,0.7574551540473896,313138.275045166,4.9802380000000115,-0.5175579516093067
7164,0.142997917633892,109013.08286987312,13.296292019287122,-0.591003269114076
7165,0.800135969648854,403435.85738586425,9.288401245117187,-0.30074263567221665
7166,0.3534479369508883,192720.14999694825,10.416399506225577,0.004865304239828707
7167,0.6612537135231352,395050.89504150394,9.288401245117187,0.3065653018061546
7168,0.09541522678963307,62409.555131835965,15.105074999999987,0.46787800397884727
7169,0.6501043688827127,249388.78501220705,4.9802380000000115,0.22740213672645884
7170,0.7254863356026318,327920.50493286137,5.763617000000016,0.5919821177768572
7171,0.5338487038271877,279823.6300292969,9.288401245117187,0.06499559189154355
7172,0.10220513791270434,68979.36762939459,16.539592005859376,0.38443233013261496
7173,0.21797832598353722,148464.3538348389,9.984318489624025,-0.430133953185682
7174,0.7715998959186091,458537.26992187503,9.288401245117187,-0.4353258260505782
7175,0.5070390799707304,286112.3776837159,10.65869202038576,0.2773076547591213
7176,1.006841925666744,445748.27858764655,5.336026,-0.011918091873246101
7177,0.7074263010425171,581934.2602331543,9.288401245117187,-0.05946060418852013
7178,0.5566828286045022,326406.15127563477,12.875340751220692,0.33282257823796096
7179,0.4023486306365271,211378.16606445314,9.288401245117187,-0.07153926491721807
7180,0.4298386241794589,242905.43788696293,8.168288865478523,-0.10206821482666946
7181,0.3042241346506841,124059.78522094726,10.796587005126943,0.3678958472146519
7182,0.4781866976332613,253267.65011413576,9.329992508544924,0.02219540989935447
7183,0.6015154084297134,336965.8851525879,9.68995951318359,0.2580467086323115
7184,0.5783448215626228,362279.27491088875,9.288401245117187,0.236668933180121
7185,0.5414856045453695,273969.39758667,9.996708746337891,-0.27728851344239336
7186,1.2384241898740458,537746.47071167,2.040844875366217,-0.18155679242780326
7187,0.08723763126936289,45263.973833618205,14.671671122924797,0.3404638222123712
7188,0.4018411785659382,170675.67368774416,7.746346513183601,0.21557459323499287
7189,0.33283359404220175,96556.37497863772,6.776735993835446,0.24355465238029494
7190,0.43460433178045754,270683.3697644043,7.746346513183601,-0.08851761912267224
7191,0.9119186905917992,330049.45036865235,2.005321502563474,0.3778854925825345
7192,0.9040003320179953,480749.2927679443,9.288401245117187,0.21600231276043913
7193,0.32883698568098446,179213.12742553712,9.288401245117187,0.05471406923467841
7194,0.10713561387965767,52887.264509887704,13.991149513183593,0.05348517727861557
7195,0.21186921453447338,105137.68985656739,7.746346513183601,-0.0074685617416130725
7196,0.6856451071418196,257042.00489379885,6.821143515502929,-0.03717454970414978
7197,0.1126419424923161,72119.79881896972,19.40974964038086,0.518789737549677
7198,0.24321725511375186,129813.12504272466,9.288401245117187,0.19521284518727502
7199,0.3253110947109699,170749.06743347165,8.529725513183582,0.08692407107711914
7200,0.811902640864586,585439.0914538575,9.288401245117187,-0.1447088868947499
7201,0.3351105813775316,241541.59146240237,18.735122148925775,-0.23530828251659006
7202,0.5781783911589695,259703.42890136724,4.9802380000000115,-0.40768279269449537
7203,0.998473261084514,373241.82221923827,1.8080500030517577,0.24559261346929578
7204,0.22877626222284894,127736.37205444336,13.175706525390618,0.24275674689599971
7205,0.4664833135610448,278975.44515991217,9.288401245117187,-0.264522865592936
7206,0.5476808310702537,333086.2377294922,10.007139730468742,0.32352346574059493
7207,0.35173031738595734,207321.32402709965,10.546685105346679,-0.06940597499147756
7208,0.7956699360909328,432490.20240112307,7.7840525230712725,0.3041532413120539
7209,0.46016311904155727,227689.4391601563,9.393081030761707,0.09188702566666784
7210,0.12421476970051909,75233.0280383301,16.96616400231933,0.4464270440451783
7211,0.3604222331659044,211320.0501531983,10.910634725646977,-0.0022486170901618464
7212,0.6126377288260985,328183.8062908936,9.288401245117187,0.5650051569503787
7213,0.9435412635451337,569889.6945007325,9.288401245117187,-0.346752889364955
7214,0.8627818806276746,424339.56731567386,10.331292242675786,-0.2911388379707939
7215,0.45822098876694645,248849.8653509522,11.560246993896483,0.2688706807501687
7216,0.13219093573334412,70581.41493652345,9.751668015747063,0.28346314855484306
7217,0.5444671501504513,276235.3302575684,7.968,-0.20437293260052758
7218,0.1190345830797266,71773.90151611331,13.50327973657227,0.44458199024450984
7219,0.6755017544412681,493592.6299267579,10.552226021728513,-0.17737798254051276
7220,0.14241777125770871,98079.69635559086,13.946983508544927,0.2961393431334968
7221,-0.06638762002592781,-26075.21748535155,9.288401245117187,0.21857579840645863
7222,0.5692673281714594,392879.59488525393,10.924807753662114,-0.020804666439799644
7223,0.9777880461646004,490817.9971374512,6.174472121582017,-0.09463275896049606
7224,0.6220049352784645,343847.4325213623,9.288401245117187,0.1550841492286437
7225,0.4316390845777821,323219.949942627,13.648272742675779,0.2876523323983364
7226,0.28749698622819186,171316.94141479494,12.096101021728513,-0.09628570361738757
7227,0.7602747396803978,333507.20751281735,5.399876505187992,-0.6915599109686237
7228,0.2895147428316005,209659.4666259766,12.892707866577153,-0.37441941407008156
7229,0.8277152286553865,439498.8579907227,9.288401245117187,0.35594418898844804
7230,0.05757448162877427,38045.067563476565,22.322176747192373,0.21949972993296246
7231,0.8115609288238546,460469.6390454102,9.288401245117187,0.2962867758006871
7232,0.3227172210102731,172579.97506408696,8.748079513183598,-0.2092783045979764
7233,0.03279053069800568,18100.939973144537,16.4731475303955,-0.041083760944295736
7234,0.30981497519816903,154834.39982299806,9.288401245117175,0.491169888738048
7235,0.40105320883275036,233213.65864074705,9.288401245117187,0.19481220935205293
7236,0.8424682998775804,396761.41551391606,6.326192996948235,0.37656716694299525
7237,0.8399915543158047,477412.33646789554,9.288401245117187,0.37304291814222373
7238,0.37867294060745976,232337.0527539063,10.475847984130844,0.11957702083724485
7239,0.7875532924132803,481654.77851196297,9.288401245117187,-0.2776402651250412
7240,0.1803572461902355,69295.10530639645,9.112110507202148,-0.14314389346451822
7241,0.3644318246345219,247089.6271588136,9.329992508544912,-0.3273179848504155
7242,0.04497998092012595,20830.436431884787,12.525740388427723,-0.42297914785168406
7243,0.34860752781353344,202193.60129638668,13.646518026367191,0.1212719442743758
7244,0.5705952304324998,339410.71166503907,12.188164526916529,-0.045341914845294144
7245,0.03633721066700584,20945.914845581065,15.525504026367178,0.08799178236882607
7246,1.0518072453925607,546310.0378521729,4.9802380000000115,0.5793525852957051
7247,0.2718949046224939,110279.32275451664,9.288401245117187,0.14448937959232552
7248,0.6641378860734486,262752.79383300786,4.980237999999989,0.01616345638545564
7249,0.3433657513838985,219249.48153137212,13.319110245117196,0.2679215800493552
7250,0.5491867064684955,340850.3000183106,15.714346513183589,-0.2993239948449712
7251,0.35075912827270295,187674.4358544922,8.608660019165045,0.290790292604784
7252,0.5954801535779868,307739.3829638672,7.74634651318359,-0.06259848966989069
7253,0.2994273601313158,141350.04376159667,9.288401245117187,-0.15052321151664777
7254,0.3227860321665281,161179.48731018067,12.223149523071292,-0.362594051580481
7255,0.2530802718945672,188168.80738098148,17.418688239318854,-0.054343893477002365
7256,0.7506789350847486,507112.36217895505,9.288401245117187,-0.21428236418137064
7257,0.1929745604561843,104444.82993408204,18.92632100024413,-0.07151467630418756
7258,0.5322703898475837,317975.0770947266,7.781869885986321,-0.0025435663927339887
7259,0.006458906726869066,2724.1401910400637,9.793040004455566,0.17674006241858312
7260,0.4879892851309543,323552.5249328613,9.288401245117187,-0.22631141614421002
7261,-0.04146940894045838,-27545.48133789061,15.405428640380864,-0.04337627666410405
7262,0.5113522565260011,221005.29497680665,7.746346513183601,0.5259855545832036
7263,0.5565622652564446,289276.4271130371,9.288401245117187,-0.4198269115813289
7264,0.8988934264153952,424953.18007690436,4.51690500292969,-0.08909676520490428
7265,0.6230969016702632,233267.6990161133,9.288401245117187,-0.06885287373720432
7266,0.0904548797980386,50073.88625976567,12.767478505981444,0.37914419060667276
7267,0.15412650110731613,86576.589987793,9.288401245117187,0.022352329539296556
7268,0.7781209855877573,389219.01549377444,9.2884012451172,0.25045667752060935
7269,0.39781985809558323,173611.1311523438,6.682068509399425,-0.11632964208408154
7270,0.40512210380693714,121106.33518127444,5.371549372802733,-0.0744176728701211
7271,0.36498147721602703,149228.80487976072,9.385442014343257,0.39112518944955393
7272,0.8022406886766662,493154.10291198734,9.288401245117175,-0.045874360139110115
7273,0.22277938624426,93887.08656127928,9.288401245117187,0.48541029743013997
7274,0.6153284145857502,278052.9276287842,5.1376404926757795,0.2384286119507817
7275,-0.2226678929106281,-87956.52103149415,15.790537640380858,-0.23669270328033154
7276,0.624481181140494,350082.9363623047,9.288401245117187,-0.3796314214538223
7277,0.5203423604679839,213232.23295288085,9.675430015747063,-0.1287659642688075
7278,0.8417763943468932,426404.10388427734,7.746346513183601,0.05404338080163211
7279,0.38465749519106335,195221.23375366215,9.288401245117187,-0.2255659648578485
7280,0.4167525200504369,249959.16521484376,9.288401245117187,-0.2930069388055106
7281,0.9370120903690778,547728.5337615968,9.965942127197271,0.01523841191051062
7282,0.9811281457015884,443587.53249511716,4.980237999999989,-0.060194806405504994
7283,0.06598817963030137,29892.958608398443,12.26271152056884,0.049337145606428295
7284,0.4301188297001776,202774.36164916994,7.74634651318359,0.448198323054272
7285,0.46180365626634856,251499.72793579104,13.784838006103527,-0.15510923560050735
7286,0.28787534069681,165987.75874328616,9.288401245117187,-0.04470482613957226
7287,1.0562253102203831,401760.1399999999,1.8057060000000056,0.23628225103265948
7288,0.2180659182170207,162061.04870788584,23.758138864929208,-0.061085340590455194
7289,0.3458227681905086,155807.53000000003,7.74634651318359,-0.11466094408857194
7290,0.3241567010405829,185974.65490478516,11.108280753662099,0.2828745754316117
7291,1.381333111692378,950335.5315759279,7.746346513183601,-0.17331898470546464
7292,0.5411338568604847,243289.39491699223,8.56717750610353,-0.34797697919233833
7293,0.30884895407722907,165361.4934655762,13.06241215209962,-0.25273429356884336
7294,0.20288032897087815,114421.35768493649,13.573868763061519,0.07143778255525174
7295,0.38577934242214046,252283.9247570801,9.87154923913572,-0.09170133986653095
7296,0.6385326514621155,326678.4001184082,9.288401245117187,0.3074291652954002
7297,0.6414021311453434,322212.6797650147,9.288401245117187,0.363230106001557
7298,0.8316698860773961,304699.0974871826,2.2253445051879854,-0.008725711883614299
7299,0.7452595579450363,315181.75478332525,8.227567999999993,-0.05607694421339413
7300,0.5185239665557055,299327.81805541995,7.746346513183577,0.12495149094417465
7301,0.7503821278702993,394472.245522461,9.288401245117187,-0.1954853645286796
7302,0.41848855474190094,251595.92732604983,9.288401245117187,0.25761832851372235
7303,0.6702805129126201,254771.78790161136,5.158132000000006,-0.39144613630935204
7304,0.9581670520524291,479600.7970275879,9.288401245117187,-0.279638699211774
7305,0.5027196125771839,309551.031248169,9.343096999999997,-0.2536947100863349
7306,0.2487420753619426,134339.29241271975,9.570894231628428,-0.1576627981006871
7307,-0.03935767059669528,-23929.10751220703,13.239852878662106,0.07120011452057118
7308,0.8917097852858569,441771.14370361326,9.288401245117187,0.04114797187982581
7309,0.268998438717714,183095.72246826178,14.75646949304198,0.3195349162911078
7310,0.5418392355174991,382426.05000427255,13.460788753234876,0.25599550473888916
7311,0.26067311523902126,114389.50516235354,8.10213451318359,0.11309644221503948
7312,0.40589390839970557,277278.59960937506,9.2884012451172,0.12447687994302378
7313,0.3258050742909213,229918.0200030518,11.47327724005127,-0.3429278105503174
7314,0.03979811561381328,20805.045056762712,10.955416000976564,0.13455477659806464
7315,0.2613176047915422,173963.00738281256,13.078955519653299,-0.30254243972661976
7316,0.8457466221872209,319157.26493896486,2.167251251220703,-0.2803091550401317
7317,0.8081781590803324,429416.3916210938,6.985559502563486,0.19070791792430697
7318,0.8768834988905283,465233.42733764654,7.924240513183596,-0.08101203268031856
7319,0.3458029520540973,268362.48621154786,12.096101021728503,0.2068231553550627
7320,-0.020607425952937786,-11829.010062866219,12.03132724542236,0.23808200333271953
7321,0.739777291593566,348265.1172814942,9.288401245117187,0.3366072899281995
7322,0.6250106954924444,197666.9824963379,3.6970834926757727,0.2042087827901665
7323,0.41032149549113284,268123.0400219727,9.940877000000013,0.2726718698740001
7324,0.22581036424783277,103609.94906372073,9.5115835131836,-0.1250678458213059
7325,0.6299066509081385,274405.77295166015,9.538188992919935,-0.23925887960797998
7326,0.6811071925135318,331421.0924157715,9.560814747680677,0.23512563702089195
7327,-0.004325660416087402,-2786.7302416992025,12.109205513183598,-0.3710351721310522
7328,0.5361037542604554,223480.8401068115,7.746346513183601,-0.3193777479441096
7329,0.24238133377246296,132679.29225891118,14.994287264343258,0.18100595363992886
7330,0.38351170828566467,231298.01360717777,9.288401245117187,0.5184133679802149
7331,0.914085516271436,458999.8837664795,9.288401245117187,0.15107834859778999
7332,0.5300276835534226,269778.38851013186,11.197623245117185,0.13652725329315965
7333,0.40848002705841713,202714.7164550781,8.847437006225576,0.5843389826046473
7334,0.5266495248486698,343767.17980224604,9.466295245117205,-0.6231663829223609
7335,1.0651477853856919,452727.8050549316,2.704681006103521,0.4256279387753524
7336,1.080500253333436,425063.57499023445,1.8080500030517577,0.45660673261460805
7337,0.5257715782823355,148293.17109069825,2.171932001403789,-0.11993259613866598
7338,0.28970531893439727,95190.8520629883,7.781869885986334,-0.25188835931120196
7339,0.4983243322043282,335918.39522216807,9.288401245117187,0.544922945609504
7340,0.3445629660680637,297674.74976074224,10.1686445131836,-0.17297482017676585
7341,0.3644146138742533,144611.2826171875,11.118810513183591,0.1978143385630366
7342,0.6283714666153598,361019.1350354004,9.288401245117187,0.2538714304782202
7343,0.27280230439884495,127716.25633056642,9.288401245117187,-0.16365536440248485
7344,0.3099403075843055,226627.63141296385,12.22059722021484,-0.33534045766858794
7345,0.6288827394496269,276380.5963092041,5.015761372802732,-0.22821367896254402
7346,0.2809347904161742,146241.52489868162,13.72534924804687,0.13634412751323507
7347,0.1837605869498982,88566.9300958252,12.363337513183593,0.2034841822201858
7348,0.23581107366590415,131383.46986022952,10.480971741760266,-0.3741785231493969
7349,0.4924676639272969,292539.0515270997,9.288401245117187,0.43462610485844877
7350,0.39069590168204166,261092.0523046875,10.690634260986325,0.2738281627561278
7351,0.6988803858867506,413622.4411877442,9.288401245117187,0.11492977901257344
7352,0.19535396738069657,106035.53177856447,9.751668015747063,0.056852200071754184
7353,0.498339164265994,328444.64543334965,9.851748505371088,0.13135714856617717
7354,0.9251626403695941,534672.3451135254,7.746346513183601,-0.328711961382742
7355,0.5902610301485145,318468.59673339844,10.886595292968746,0.04237187529392302
7356,0.5351937983063123,304614.07025146484,16.11595871252441,0.43206804953625133
7357,0.6796723621989503,311981.7717022705,9.288401245117187,-0.11773699130929081
7358,-0.11391124390895406,-42642.63746154784,10.762540368469246,-0.2133267652718993
7359,0.8239898673297404,435043.2335955811,9.288401245117187,0.3600171783985629
7360,0.29437311066839583,165688.16499755863,9.288401245117187,0.9082133061150633
7361,0.2714896881748665,95504.6598413086,11.096451248168945,-0.18006226897253233
7362,0.4509806569438816,179953.40969604495,8.682988735351548,0.041582468648534744
7363,0.336015468489007,209230.29148559575,13.769089508544921,0.052199643670438674
7364,0.12570489178388156,75317.24486267091,13.6381557536621,0.025634958637924202
7365,0.5307108355024124,289414.85134765634,9.030703515625001,0.1133583417900168
7366,0.489302606829466,261429.1363134766,11.332796736572263,0.2901811777632489
7367,0.7356087258003824,408924.7287817383,9.288401245117187,-0.2537360424938676
7368,-0.03061067265277202,-18534.165155029295,15.49269302636719,0.46267476710038985
7369,0.42819416988570497,205053.84550292973,10.16325873779296,-0.40575435160993667
7370,0.39613946758209745,289675.4943426514,13.559253640380875,-0.022288828120486708
7371,0.5925016386007531,202117.40003662114,4.980238000000001,-0.12672315619199792
7372,0.3551147712065289,266566.4720532227,14.903231753112795,-0.28450879308565685
7373,0.5666314478164131,401073.17072021484,9.288401245117175,0.21843653014101455
7374,0.3993746894071837,249741.49709167483,11.239114513183594,-0.1141423112037568
7375,0.0732949224675773,30454.929893188495,9.288401245117187,-0.4315537253066225
7376,0.6627719625326502,396950.209810791,11.357758513183601,-0.3421119625158874
7377,1.0994087204477818,507577.0323284912,2.054051365417475,-0.20666391052067584
7378,0.5621740598510832,210698.23120178224,7.692700502563478,0.1991423523628591
7379,0.19938211358765529,105934.6225280762,16.81401824963378,-0.10587268132739609
7380,0.42307893056602075,179649.6112634278,7.74634651318359,-0.38887039919152483
7381,0.27295111541264055,113010.97992065432,7.74634651318359,-0.3485176626962048
7382,0.7762344735667718,399901.9099084473,7.968,-0.2147634338360257
7383,0.40951742452330303,167028.68004882813,7.9037490058593685,0.3414310238184111
7384,0.793007837072128,275156.67530029296,3.569875499450671,-0.22536636105228505
7385,0.9115311662579978,554171.5447082521,7.938057007568353,-0.3419836992654873
7386,0.7967092728542071,402444.77643005364,7.746346513183577,-0.25452614362746595
7387,0.05935820978930913,27486.61097106937,21.022162142944335,0.06702324263149498
7388,0.3361724761038759,172003.15125488286,12.889240009887704,0.19031316123857003
7389,0.5212896402582917,355504.10987670894,9.2884012451172,0.07935719347813924
7390,0.7499230006177241,467798.3101678466,11.303869730468746,0.12833398310867095
7391,0.18805482878507018,115973.01030212408,9.288401245117187,-0.4788540923530525
7392,1.033911258828797,539731.6549713135,4.980238000000001,0.31989950764054575
7393,0.5444175173420935,266612.9902081299,7.968,-0.25247556447287334
7394,0.18599772648534704,106103.63596252442,8.081643005859386,0.09961403565642665
7395,0.22368432812281114,103552.48500000003,8.8826365217285,-0.22847758631877865
7396,0.7008684422095909,237707.88709594728,2.552066512939462,0.09551806166713467
7397,0.8676480510566384,350073.76001403807,4.980237999999989,-0.29705287066566655
7398,1.1057487924662206,601582.0513867188,5.061402492675791,-0.3249534553674536
7399,0.4379349555184332,214998.17492675784,7.746346513183577,-0.04586454688585528
7400,-0.1630743618321509,-94141.11994873045,21.08783400830078,0.05048251346099318
7401,0.3856432449040583,278804.52745361335,13.769089508544921,-0.03049867633707177
7402,0.9753842703083946,379486.2710443115,2.468654499633785,-0.09729989867530855
7403,0.32849009815071256,175800.4011871338,14.093304628112785,0.1368475453075247
7404,0.8337493120676449,506892.2041137696,7.746346513183601,0.17812405430780714
7405,0.36357182754844575,166768.00506164553,8.8474370062256,0.06149375710796714
7406,0.2705270263228386,168141.27644775395,13.194451981689456,-0.40519580071900996
7407,0.9757758555566638,296074.54124389647,2.040844875366217,0.0058220528009895805
7408,0.12280030599213013,87688.08334350586,21.916285100830066,0.7852556636902365
7409,0.7149298960727224,398264.0325830078,14.723935026367194,0.005098560961700512
7410,0.5415142361014371,240157.75384948732,7.74634651318359,0.032712865970863245
7411,0.32073064966171827,176004.75536010743,10.455729739135737,-0.11018522383263261
7412,-0.03127775194184156,-9839.790000000005,7.74634651318359,-0.1713961238195351
7413,0.18345218011770803,133648.8091674805,11.400659235229496,-0.18858896976831016
7414,0.2509189090105939,150655.28359069824,9.445803737792978,0.14545810832884032
7415,0.23259595888963455,127969.69408935547,9.63516349511717,0.08503714157745458
7416,-0.002967760470766044,-1770.5498400878569,20.1712932463379,-0.16647927304743482
7417,0.11246646932266978,53931.5314001465,11.584209724487318,0.1520348160006372
7418,0.5266046885637142,276463.03024414065,9.288401245117187,-0.28046556112969356
7419,0.16267774763333068,96910.55002868653,12.803242021728517,0.49173943470235026
7420,0.7936971072807503,395007.9813153076,5.7913253809814575,0.38649595769545675
7421,0.6672044223892964,510077.5840319824,9.288401245117187,-0.12090424483552864
7422,0.6760517105302513,257776.27676086425,4.080771501220693,-0.26619296922393637
7423,0.6206983653828307,242736.44118530274,5.158132000000006,0.42023679368744143
7424,0.6112677302495325,295577.21992675785,9.288401245117187,0.030495011953563946
7425,0.2912888112286897,206047.13706298833,9.416964017089851,-0.025330607404388875
7426,0.6366952234252078,397869.25773864746,9.288401245117187,0.002461939419901072
7427,0.11243510631807684,74294.73498229984,14.757584373474108,-0.07531804381940271
7428,0.42609310804289585,208349.82490661624,11.317022511474601,-0.30955062145566703
7429,0.3084141797318982,223016.32372802738,15.389038507080077,-0.31932432544011513
7430,0.4101355026152752,222810.2597894288,12.739960739562997,0.022698178109150553
7431,0.7170989136271938,340929.6701477051,7.746346513183601,-0.3299435205846078
7432,0.5081934174340292,272608.2099664307,9.288401245117187,0.024334969455221026
7433,0.27184689162170217,211977.41724975593,12.161315508544934,-0.004028740138299699
7434,0.5714750716508341,360549.65875854495,9.767949525390636,-0.32090819261055215
7435,0.9707657586973044,473200.7760522461,2.8419215086669896,-0.06585989938486432
7436,0.6882204232952271,413044.685177002,9.288401245117187,0.05534315055565895
7437,0.47663656063730087,233822.4510888672,14.445026127197266,0.4336027654066149
7438,0.5700080224069997,264059.18471435545,7.746346513183601,0.325641355247477
7439,0.649434864821395,339309.06510620116,9.288401245117187,0.06959108387334667
7440,0.22145291425824742,147242.54485839847,13.663226735351572,0.46976222228607467
7441,-0.1587693988008387,-77640.71250610353,14.510083502075204,0.03411483100015328
7442,0.5578332544022234,274890.5400805664,7.9425220157470555,-0.006843749427972604
7443,0.5845259097483999,267509.2850024415,5.567968009338365,-0.1966712309276592
7444,0.23183281767898087,94589.13016479494,7.746346513183601,-0.19159848000399265
7445,-0.011715446736043716,-7127.817315673794,12.096101021728526,-0.1278905135396707
7446,0.5699481479623869,343577.6382513428,10.229182737792982,-0.16390526178794215
7447,0.370208687695169,158057.41502258304,9.2884012451172,-0.14814456498108852
7448,0.08255223960676931,66199.01776977541,22.281482021728518,0.09690887322331936
7449,0.4600104230686354,366546.7822033692,12.875340751220705,-0.020923389302179855
7450,-0.218023949248732,-107070.16482727049,16.19270022528076,-0.07834734458858415
7451,1.242890418905371,687668.0180480957,2.2028920041504083,-0.518334626667027
7452,0.29081142732855714,153283.6962414551,16.53761201574707,0.06437502680265142
7453,0.5703858929715032,296097.6350622559,7.746346513183601,0.020541221728836996
7454,0.31834083010926145,207325.11516845704,20.841414764160152,-0.04382495837564845
7455,0.30666911671578495,147368.19414489745,9.288401245117187,0.15444048381067113
7456,0.34577518790796236,210601.22118408204,9.288401245117175,0.02767283391486742
7457,0.3529831087636286,206789.119831543,14.981499510498042,-0.5503891566769139
7458,0.6458595730352127,416190.5195831299,11.470904502441408,0.12954025346148987
7459,-0.025123059212129564,-11842.986994628889,15.250981220214838,0.07816548967087687
7460,0.6509666446010477,329540.0149346924,9.288401245117187,0.4010273807307667
7461,0.18860265953333946,126600.52370483399,13.921831134399424,-0.11436245324047632
7462,0.7543328603847288,347611.6372912598,8.655421510131843,0.2865735657645082
7463,0.20136724031408393,111559.78499084475,12.04035300787352,0.264408893727948
7464,0.6906301794918802,419820.98621459963,9.288401245117187,-0.23435305433763767
7465,0.8451512234815955,332321.4399133301,2.352451010375982,0.024038508262087453
7466,0.4860248591070028,280039.6267156983,9.751668015747075,0.24887658242388858
7467,0.008675643811692344,4698.817039794936,14.430454507080093,-0.40764255180179043
7468,0.15934052215486372,87785.6425744629,12.185443513183609,0.1628830259933639
7469,0.20701591829596946,136478.5008178711,13.496174421630847,-0.6419748402859154
7470,0.3884913180360979,286263.3796398926,9.288401245117187,0.03822399583164368
7471,0.8763805986700186,662866.7462646485,9.288401245117187,-0.026615586306463723
7472,0.35877160940062064,165230.88723510745,12.256613237548828,0.09346039313204267
7473,0.8215884066231034,457375.5799609375,9.288401245117187,0.13547894388712237
7474,0.4199442679518828,285511.02986877447,10.520425493041985,0.3660304715380053
7475,0.31866525503251686,107846.45121215824,5.763616999999992,0.4117425332015598
7476,0.6373795146498504,374526.18900146487,10.530907745239256,0.24265204391436754
7477,0.43562392020151414,206260.1500006104,9.288401245117187,0.07716073418951752
7478,0.6959213564129079,264383.1808337403,5.137640492675803,-0.2077292894159811
7479,0.16605509047894365,99756.4399780274,19.544101519042965,-0.3402459452994968
7480,0.47019922169635764,309956.3750817872,10.89161023913573,-0.1285682880718125
7481,0.6274141769153662,253821.12514648438,5.158131999999983,0.18192957286121367
7482,0.3817126693470944,247118.4777661133,12.706985513183591,-0.06290173170274677
7483,0.3718365664216558,165566.88503906253,9.288401245117187,0.24246542765064188
7484,0.3744201267467907,157884.59498840332,9.288401245117187,0.02661038525815261
7485,0.47871544627172774,219861.18498291017,9.288401245117187,-0.4054888745680257
7486,0.2696013984127006,200133.20510131842,13.769089508544921,-0.03899823319409913
7487,0.8867016792110913,421135.142833252,5.684853506957996,0.1407176544848734
7488,0.8796391219505463,500127.2154479981,14.268639245117198,-0.328421738537984
7489,0.6141924522360396,348517.2099523926,9.288401245117187,0.3885640954234558
7490,0.8622456362990334,265664.68512084964,1.1165455093994154,0.009514173741715209
7491,0.7939885640731595,372241.94121459965,7.746346513183601,-0.021028902266075403
7492,0.7080189868847784,363449.88016113284,7.746346513183577,-0.07042976465155446
7493,0.5610741228556313,304232.89651550294,9.2884012451172,-0.004363437841547833
7494,0.42922136605566635,271201.0601684571,9.288401245117187,0.06218232980668357
7495,0.5592943889115837,339949.04400512704,9.288401245117187,0.05496769165835501
7496,0.6782501632658732,284410.711307373,4.9802380000000115,0.0425894382482275
7497,0.3488834888376206,197205.39182556153,15.646736236572265,0.03435564654416929
7498,0.2917741261354017,166266.95756713866,9.996708746337891,0.04201917639030507
7499,0.45006177850019985,241264.52861083986,10.196972015747056,-0.43014992884259035
7500,0.48867476374352053,358705.59895324707,11.565132863769517,-0.364890925465
7501,0.7151825018154017,261652.6650506592,4.9802380000000115,-0.21579324130126243
7502,1.0547197131004997,554215.8985162354,5.015761372802732,0.019906642732044674
7503,0.7703534239493234,240293.51532348635,2.7136290037842,-0.07240155379113664
7504,0.304269092209437,186814.78374572756,12.515739526916505,-0.09420734522379516
7505,0.7166909229573827,414870.6113684082,9.288401245117187,-0.2862407582363847
7506,0.5127647758008264,281381.76132995606,10.295444513183588,-0.32061692379119056
7507,0.7239481346134246,321226.9062023926,9.288401245117187,-0.1654082105750812
7508,0.6304045889350136,394163.04366455076,9.288401245117187,0.48749652584440756
7509,0.6491365534691719,347309.6249060059,7.746346513183601,-0.2504496217167882
7510,0.5413328898978121,295252.48478149413,9.49714300292969,0.04091554486212004
7511,0.13222967692537094,78997.85979675296,10.509186242675792,0.4091636930562691
7512,0.150595255310816,68049.41002319337,7.968,-0.12356405386463494
7513,0.16630685038057427,111512.89875854495,10.906833006835939,-0.05803330589060397
7514,0.17576149991338655,104092.18989929202,9.552052513183583,0.26436548224458223
7515,0.5406272647614839,344537.4638793946,9.751668015747052,-0.5233136228942185
7516,0.5692723569410463,297648.3302319336,9.534758000000007,0.2394733020383917
7517,0.5880034216411835,374996.000098877,11.101183031982416,-0.06202726172387276
7518,0.3355577398690166,174685.47489624025,13.325385736572265,0.031769264133745076
7519,0.6563470328057183,458446.5977020264,9.288401245117187,0.5192517201389755
7520,0.29402751852013065,176899.83660766602,10.863240511474618,-0.04460837319299812
7521,0.2478702436505543,86134.04516601564,8.789168372802727,0.13682876526677545
7522,0.7346724930145054,317324.2799389649,9.2884012451172,0.40166633034355825
7523,0.31257793364577624,141720.86745117191,10.013291018920905,-0.42402177609662517
7524,0.4800802078462053,290332.12495239265,9.047128242675774,-0.3405696627492437
7525,0.8136765587278514,515112.78154418943,9.288401245117187,0.08730142823642123
7526,0.44999653595677797,269927.609864502,9.288401245117187,-0.3589305457407012
7527,0.40941620876761936,206643.44786254884,7.90374900585938,-0.18104510896978251
7528,0.29651862493703246,199784.0287036133,12.185443513183598,0.10258625859548987
7529,0.32271306286857837,212922.29516845703,15.714346513183589,-0.28677380621658766
7530,-0.11005640457066987,-60200.012568359336,22.961090761108395,0.39718659729276534
7531,0.364236825895688,179215.4700494385,11.929714014465338,-0.5134754030738997
7532,1.3331471427388089,768583.1124584961,5.017944009887683,-0.09688711200353733
7533,0.060986714504533246,31559.07513427735,10.452535513183578,-0.19912978521203256
7534,0.06268608085586223,19234.91474609376,7.706616513305659,-0.42374225306736624
7535,0.888355163123721,369167.30720825196,4.980238000000001,0.07759988934920045
7536,0.22583052410911458,141153.82997680665,12.132247723144525,-0.04632537078752228
7537,0.4132388258809547,176471.7238006592,8.267888513183594,0.12539689349261965
7538,0.4386301203860259,257314.47900024414,9.920011507080076,-0.3066043255415343
7539,0.5480636529308928,346388.3051281739,9.288401245117187,0.5721487510820276
7540,0.5064378903575891,243135.97098449708,7.746346513183601,0.658966589095493
7541,0.7081165811512898,395198.54514221195,7.924240513183596,0.052005077995124084
7542,0.5432683793771698,259414.44330627448,9.288401245117187,-0.23283732281087538
7543,0.31675414444926087,189365.73417297367,16.54048499389648,-0.04354481902912909
7544,-0.09087397009216973,-51397.26006347659,20.745233236572265,-0.20269039748618792
7545,1.3677857913153595,800906.9502410889,4.980237999999989,-0.31492869989864364
7546,0.7764307839889977,338866.16004882817,6.985559502563474,-0.16682363435033293
7547,0.704245279860234,310896.9751147461,5.017944009887683,0.1659268830200229
7548,0.4671927828269453,200980.28984619144,9.2884012451172,-0.21650277319230854
7549,0.15409288879312164,97583.87218872068,15.714346513183603,-0.11026827048256176
7550,0.09984255271944757,49144.80273193362,16.213953993896478,0.2755899127583393
7551,0.5892273463734744,247513.01498718263,8.52558624267578,0.0005930160214463896
7552,0.8222568369438147,404514.5399841309,7.746346513183601,-0.41673829765095066
7553,0.6012359742695861,371284.5600366211,9.329992508544937,0.14702758071110236
7554,0.5658275542540031,322561.6811138916,9.288401245117187,0.643508515359625
7555,0.3584800289090921,194239.62138610843,11.197623245117185,0.022227660553244235
7556,0.7095908534759142,442524.6201104736,12.884879513183586,0.21823908177655274
7557,0.5870561265270782,381384.6800488282,12.146911523071282,-0.2652214517750308
7558,0.4522653774363596,243610.18767211915,9.929562015747068,-0.16735247094439462
7559,0.6025644992520208,272307.3199304199,9.288401245117187,0.10381142922935999
7560,0.7443623446878683,255812.75986694335,2.628443006103532,-0.12724252267412867
7561,0.008643712793068185,5552.6193304443805,12.875340751220705,0.2285601920919298
7562,0.20500153175618535,107837.64012207033,15.714346513183603,-0.4404712161384954
7563,0.1774764016811116,104857.71144042975,13.727498245117184,-0.0788942383726965
7564,0.9543439743472262,406559.95498657227,4.5193350037841595,0.25295765594262065
7565,0.42998575547156276,255589.57103759766,9.445803737792978,-0.15024817746326324
7566,0.2257811095490219,87715.50278930666,9.893638494018559,0.1666413417789984
7567,0.2852288096325881,195443.52820922853,13.691362238159183,0.3614149457276138
7568,0.4217114452430761,210585.5346557617,7.746346513183577,0.08802213477550969
7569,0.9678320323012279,502474.4499707031,9.288401245117187,-0.2910469558978364
7570,0.5843130933545095,309288.41005737305,9.288401245117187,-0.09351476620235949
7571,0.3482909406986196,224321.75523681642,12.096101021728526,-0.036043538574320556
7572,0.547169983892633,297772.01047241216,15.714346513183603,0.27514496083597717
7573,0.48901098727116005,290575.2452508545,10.50799049621583,-0.5122069098322167
7574,0.28308174071782666,174940.10122558594,12.185443513183598,0.09913184240309163
7575,0.14078976925694386,87456.40759765627,15.714346513183603,0.008280056849272972
7576,0.10938736183183564,71296.81486450197,15.89429725439453,-0.09100949418164253
7577,0.6129051344322622,377181.5496728517,9.2884012451172,-0.1493765937383998
7578,0.4227891152710675,241990.53558166506,9.288401245117187,0.3444832827188589
7579,1.0150275435756397,485320.1113311768,6.821467372802738,0.11295143067131154
7580,0.3504855852228286,157580.03999816894,8.367263867614744,-0.17935896471153992
7581,0.701344420743802,336358.0536285401,8.839867993896478,0.0126744541511357
7582,0.4703315079576334,300326.6523815918,9.56383451904296,0.3921666484707563
7583,0.6571149546574702,371480.1435717774,9.288401245117187,-0.20261432333070714
7584,0.3093889218024416,148570.7911572266,9.329992508544924,-0.16892860524177442
7585,0.7044150863777235,419358.6226177979,12.096101021728513,0.276621544797957
7586,0.19819757857742723,82531.9310070801,9.619794008361827,-0.20293048059707766
7587,0.3965057695815198,289450.93642639165,16.96124024511719,-0.19284082933300598
7588,1.0186641107095151,507040.59837280284,12.388546754516591,0.5028175779748478
7589,0.777130975525049,413466.8364184571,8.237695503295889,-0.3610056042812453
7590,0.5102689802396989,263962.61019531253,9.396487234008802,0.16829415029862188
7591,0.2683052525298449,158062.50721496582,17.990374369873035,0.11052328013483148
7592,1.1661954359996174,507594.5851190186,1.9654524957275252,0.08516229647111499
7593,0.5255647847027175,232329.37291503907,7.904528993896489,-0.5194436861845781
7594,0.44316483022015213,165847.22,7.746346513183601,0.08033883151400381
7595,0.150764536290288,90644.17013305664,12.221487512939447,0.07306355085525243
7596,0.8801830896325463,510027.2362426758,9.587575885986304,0.4713183200249807
7597,0.5747821390493443,266314.20482971193,11.55269326556396,0.11955165300009164
7598,0.3879352954486964,280237.7297900391,9.288401245117187,0.10552366055724442
7599,0.30803111480123774,228055.08801879885,22.38614220947266,0.26150175786516106
7600,0.2134384873760069,133962.0598852539,13.846604245117177,0.036365487235162586
7601,0.28619628531412195,184181.35149047856,15.987685372314461,0.23218566107495797
7602,0.6682647530153518,294505.0133874512,7.746346513183601,-0.0679276977982564
7603,0.20380208704293196,115521.28608520512,8.20799138781738,-0.0582594722038483
7604,0.6748042863469905,400267.66511535645,9.288401245117187,-0.37046069774136914
7605,0.01674708658487638,12497.31678710942,24.802300770263678,-0.28124851739090834
7606,0.5676126488086997,229224.28484497074,9.288401245117187,-0.09738774347214312
7607,0.6200557366396414,387963.087520752,9.861591507324203,0.37192416185756144
7608,0.4486675100530972,253190.93797241215,11.09461421557616,0.00638337911202625
7609,0.6092589013542784,290757.97529418947,9.288401245117187,0.11826986409466109
7610,0.09084514643407714,61021.59878845216,10.612367640380864,0.3257893561747454
7611,0.2642392876266427,159851.29850830085,9.288401245117187,0.10541734400208462
7612,0.6026642449535536,349987.84509216313,7.746346513183601,0.41760683161563245
7613,0.30781733896223373,182273.53825805668,13.769089508544921,-0.03886422939544804
7614,0.44222472614961333,228173.80232788087,9.554396516235347,-0.5322662974780031
7615,0.3804095314249302,201016.6128698731,9.552052513183583,-0.01675838448620911
7616,0.16632674808055728,111726.63610961918,15.684211232299788,-0.2137753680355782
7617,0.579597430552338,318631.60227355955,9.2884012451172,-0.08731193295927374
7618,0.5064002121259817,294691.5955273438,9.419334999999998,-0.19807234532110485
7619,0.5555802820217781,232582.76996704104,9.915793007995607,-0.2086859401195286
7620,0.30392359087014964,193280.63988647467,11.167566993896488,-0.005730026919489068
7621,0.3002052791913643,140234.84532226564,9.009632121582028,-0.0852482101677841
7622,0.5610356061767405,313561.1526269531,9.751668015747075,-0.1273881665846525
7623,0.6547439511922915,262856.34,7.156673366699227,-0.1272191248918487
7624,0.5474879575165568,334499.27055053716,9.851534508544917,-0.3221430416748555
7625,0.5571424552887282,240501.91008544926,7.924240513183596,0.02579697917541529
7626,0.851199092625114,376055.81415100105,4.980238000000001,0.06968525518863905
7627,0.5139916071705165,219972.7689404297,9.288401245117187,-0.25928857045759063
7628,0.5452523434247407,376669.00497436523,12.185443513183575,0.2848417117541084
7629,0.32307191871175106,223911.16889404302,12.022477378845215,0.1485521008561978
7630,0.6778165887605929,419569.13995178224,11.293722747680661,0.11172102910983252
7631,0.6184849746851779,309998.7097497559,8.88263652172851,0.04841447696208968
7632,0.7742489356034402,326013.36984008795,3.744189996582037,-0.007306128373885206
7633,0.49154652119971415,183172.7420666504,9.288401245117187,-0.07385109986740976
7634,0.17908814822209693,113987.21573364263,17.665479124023427,-0.07527832563154815
7635,0.4409841001551303,289173.19728637696,11.108280753662111,0.1618929774424758
7636,-0.05577534812766648,-29579.581453247054,24.806809991760247,0.26969852740470657
7637,0.2607248000431984,164712.55878173833,12.430669026916497,-0.4836435648796693
7638,0.6992195063816753,402238.8202355958,9.288401245117187,-0.06535062840635322
7639,0.32120045969082417,127861.17250976563,12.923437025634746,0.1588065038043495
7640,0.40630160313671454,235742.06366394047,11.912305516906734,-0.5066809849851438
7641,0.353411516155569,219910.2023229981,14.996817648559565,0.1644276821352601
7642,0.4569715126728825,255483.60679809575,13.019377245605456,-0.047523595695726006
7643,0.6251993775523331,343567.320012207,9.288401245117187,0.0423490874966248
7644,0.43137079686075086,263486.6639422608,11.076040021728515,-0.1267307048424597
7645,0.8585623114675791,499056.55258789065,4.980238000000001,-0.014692884920631973
7646,0.29246164575734324,139463.18965332033,11.333286019287108,-0.43400380950984585
7647,0.9122658262759034,525511.3349090577,9.2884012451172,-0.5847644423327972
7648,0.3776692750475345,225538.7286535645,10.672365511474618,-0.02883199243271255
7649,0.46997508301444285,214262.9749194336,7.74634651318359,-0.6032684971101653
7650,0.45030380907732054,251324.96199584968,12.875340751220682,-0.11357208919705153
7651,0.47196214465507036,224275.5575561524,10.22217502612304,-0.27254252824400393
7652,0.5511859886673303,368290.8025280762,9.288401245117187,-0.6338677984431816
7653,0.3570404611217058,196196.98980224613,9.288401245117187,-0.09900727294696736
7654,0.6703120760887932,336115.2410101319,7.746346513183601,0.3589370463128207
7655,0.2569416935987289,191563.6049865723,12.819905520446772,-0.285541959078284
7656,0.38868437438671066,262321.72738586424,9.329992508544937,0.09592239708651724
7657,0.3317600565733521,182570.271171875,11.592795520141605,0.03404412175707972
7658,0.3370614445889314,140293.3649243164,12.726584513183589,0.08082540826268785
7659,0.36557960824776115,266626.029975586,14.744221221923828,-0.18700367794647088
7660,0.3539340118175292,169524.18120300293,11.40320311511231,-0.14952399951502565
7661,0.47439629313058773,243852.64001831057,8.293091523559577,-0.2380246124932834
7662,0.6126291428987157,362099.17989562993,12.708310035339359,0.03608910540888925
7663,0.5633346363910959,254907.78464904788,7.74634651318359,-0.15591463158305566
7664,0.3942695793063517,202427.7402990723,8.520560016845701,-0.29951859008423487
7665,0.4826909054433104,337220.3119421387,9.288401245117175,-0.09067753744283556
7666,0.8984249368012142,455081.96631835937,4.980237999999989,-0.28093734378813473
7667,-0.20050103120622187,-101041.33489624024,14.192886002807612,-0.5497774365375666
7668,-0.014060629460575087,-9168.620418701117,20.670568079345696,-0.4642247529277514
7669,1.1731561985769232,737015.9088598633,9.288401245117187,-0.1519877835551262
7670,0.019600861414399796,8811.15002319339,11.323113490356459,-0.19085738040974942
7671,0.29001544059621653,86572.252611084,4.9802380000000115,0.004174638146383769
7672,0.4655119670496094,178590.51864624023,7.746346513183577,-0.038586621150233064
7673,0.3186545274982835,202010.49476928715,14.04992126831055,0.2750330895921819
7674,0.3944084987166154,232284.62598632817,10.331292242675786,0.17977240754877907
7675,0.171158327553303,79773.31999694822,15.808139014343253,0.16047812930861682
7676,0.22072358581480314,102540.39497985842,8.063061009277334,-0.08478960775031005
7677,0.23716623744108742,111458.98768920901,7.746346513183601,0.44024998866062204
7678,0.6115509942142239,420335.7099279785,11.165382513183589,0.19718858724440064
7679,0.48242937622832455,258001.82728149416,10.1709107520752,-0.36683251834748226
7680,0.6639993111221911,369504.5702862549,9.288401245117187,0.2652553902930695
7681,0.7236083939394686,406894.58891662606,9.288401245117187,-0.10213293883462739
7682,0.722613948797301,348609.77989135747,7.746346513183577,0.43041133969008744
7683,0.5144543948434581,191408.18985351562,5.501779999999993,-0.0010707171103596475
7684,0.5990646467846683,309805.31509033206,9.288401245117187,-0.3529495460339526
7685,0.5760682599613001,312424.40019165043,9.365515881347644,0.2982650727879418
7686,0.5989454422183949,389711.8351837158,9.288401245117187,-0.09764057522369493
7687,0.9323695006671308,467827.4774310303,5.763616999999992,0.2564102892241326
7688,0.20103033193841804,89112.20140380862,7.74634651318359,-0.3462160110267655
7689,0.6150047483487031,333867.3922399903,9.288401245117187,0.5264482929907708
7690,0.6392591296730241,442692.93352172856,8.529725513183582,0.17288292622591134
7691,0.5659280033324804,339820.2886968994,13.497459623474114,-0.09329429609972292
7692,1.033211558645261,593367.2321636963,9.2884012451172,-0.09294577850484319
7693,0.013490339735220817,7053.411475219749,13.795655856445316,0.18437639828830418
7694,0.5965589885873663,269674.1475494385,8.285719495605468,0.04320465974952313
7695,0.9171161334910961,540886.048668213,7.74634651318359,-0.09789357259478557
7696,0.16943479166488837,93822.0897747803,13.099428747680667,-0.08456033292043245
7697,0.6900571695400239,404914.41640563967,9.2884012451172,-0.23330198399074828
7698,0.47505808640980846,307951.20888671884,9.288401245117187,0.07907667327087795
7699,0.23814232900345392,151086.8437719727,17.63107287231444,-0.3423441175380883
7700,0.49919118703867665,276688.8274957276,9.288401245117187,-0.027305058421949593
7701,0.22503887111182644,105681.51153442383,9.308965242675773,0.28500362702056825
7702,0.1599348402090753,73705.18503662111,9.375224009887688,-0.557339215391355
7703,0.17727546246529413,107247.49603820805,11.453469896789558,0.04660396405303915
7704,0.531128279577333,328644.2802264404,9.288401245117187,0.7725195595927791
7705,0.9185270307693512,389169.71924255375,2.424960007751477,-0.3620593150794854
7706,0.39267865244228184,190196.1603656006,8.340686513183591,-0.1935464210303034
7707,0.46737999005413217,166386.8388305664,7.9037490058593685,-0.33611051697866606
7708,-0.03627484103745315,-17244.389897460915,10.243599013305666,0.35798698855798133
7709,0.5930982423601168,278176.64023559575,8.426828987060546,-0.485527436644904
7710,-0.11130250305831992,-73229.57510986328,22.838429018371574,-0.07875110683369829
7711,0.5949640199758708,275813.6572119141,9.751668015747075,-0.12123257518704925
7712,0.16909110508443842,80556.25390747072,10.547007245605462,-0.1624743939446513
7713,0.523995268864507,366561.51740966795,9.288401245117187,0.36911516670979083
7714,0.4075191284692518,177765.040010376,7.746346513183577,0.2087249882365367
7715,0.47884460992715344,219992.03727966308,9.288401245117187,-0.1524583332588575
7716,0.18907254665992654,105203.45870544438,15.345509127197252,-0.03840615138500763
7717,0.6343280954456346,402748.95969604497,9.288401245117187,-0.18145887518863046
7718,0.17652366854003593,88502.93380981447,12.814258130493156,0.2964629785845188
7719,0.8348446262752867,348327.5348736573,3.811027502563479,0.1787438370292408
7720,0.609042198111432,359506.6586804199,9.288401245117187,0.16366213973169835
7721,0.3740262761286936,228089.94371337895,12.633468526916507,-0.00693179045137978
7722,0.6050075804201813,316733.5538653565,9.288401245117187,0.19136870582627336
7723,0.38548883387459604,293729.1672668457,11.135698508544918,0.3100594028497145
7724,0.5061851632332318,324575.87356201175,10.806358021728531,-0.046541659623703234
7725,0.16877398510769828,123199.22499572759,9.375372753662104,0.06857850971126708
7726,0.37148196106415476,161695.83510437014,9.288401245117187,-0.09444252356242248
7727,0.6337434556701657,419167.24529663095,7.746346513183601,-0.2668205467349598
7728,0.8279897680247164,425095.45994140627,7.74634651318359,0.14674399990650766
7729,0.08933526904228561,49840.984993286154,11.455838516113278,-0.26036290256360795
7730,0.32132099407991915,113472.23289550784,5.081894000000006,0.08141102974424269
7731,0.6125010862989695,350792.535869751,11.150355894165044,-0.3155267864637503
7732,0.2974933339521709,168061.70497497564,7.746346513183601,-0.33738730900573083
7733,0.47083937982716706,293646.1037103272,17.03474775830079,-0.05328572817838257
7734,0.22324954992009183,133213.98272949224,16.613006024658215,0.40654483547923603
7735,0.2897167088603148,159413.91479187016,12.365215995605466,-0.34503496120587945
7736,0.3884970343423128,251066.69250732427,12.889363998535158,0.35642209116640755
7737,0.6832327710127857,454680.3763830567,9.419334999999986,-0.16145566822965507
7738,0.40109570079667883,210895.9451037598,9.288401245117187,-0.15774560017399017
7739,0.6136316404126362,312827.16977539065,10.288030029418948,0.27961805164457676
7740,0.8141224784624052,371913.3246099854,7.74634651318359,-0.06909120596734204
7741,0.2724942574957583,127039.73621215823,12.419275121582043,-0.21296203834161595
7742,1.0469760324155248,483147.5050671387,4.9802380000000115,0.3526922654886072
7743,0.7600908645113137,426146.38855651865,9.288401245117187,0.1747557822035052
7744,0.15523376662526459,89202.68632263185,17.491044628662113,0.2675621089445952
7745,0.019084915592158674,13713.408952026395,15.857274622009276,0.03203140263480625
7746,-0.2853655830794273,-180352.3897894287,23.187732015747077,0.3128562400431301
7747,0.0962005882628111,51118.8000622559,14.031505513183587,-0.5257797391287948
7748,0.4897878926142889,193768.75017822272,6.985559502563486,-0.2871051186848661
7749,0.8722762470901055,389175.37628540036,5.565522999999998,0.15893408494693775
7750,0.5404252516956863,317881.0950158692,9.434661239624024,-0.005816773407495512
7751,0.7850789087095738,402447.1274682617,8.92685599389649,-0.21402333755768727
7752,0.4914748590577364,279295.9453094483,8.909911015380873,-0.4763372782423907
7753,0.7148814164487467,423372.2925854493,9.329992508544912,0.10546206643669442
7754,0.11238703725053314,58255.570068359404,13.925713524169927,-0.39274826064039703
7755,0.8326025549961642,433231.43748352054,9.288401245117187,0.026457924773729463
7756,0.8988296149379607,446822.14975158696,9.2884012451172,0.1804815350901416
7757,0.5333920697518939,273873.62953125004,10.148415245117189,0.09325797591152905
7758,0.22441921817863283,132646.00661132814,19.573196999511726,-0.361420158626872
7759,0.5589120353622258,287863.01626281743,12.948238000000012,0.11461679500118026
7760,0.4528112036654589,180715.06976013185,9.288401245117187,-0.025319165349173913
7761,0.19047936082387856,136195.5127581787,12.100808508544928,-0.1741066535402156
7762,0.4552223894470502,245525.41299743654,9.288401245117175,-0.0023689726095357713
7763,0.6686917434459156,244724.49248168946,4.5524283757324335,-0.38283510598537257
7764,0.8208162798536223,542062.4124127198,9.288401245117187,-0.3364394926140739
7765,0.39903337015481294,256130.74302001955,9.288401245117187,-0.06337721344952973
7766,0.45944365088716843,252261.47215820313,7.9037490058593685,-0.24341453827143122
7767,0.6951800358150017,316809.8113061524,4.980238000000001,0.21740218660658914
7768,0.592345090975638,273370.73878662114,7.746346513183601,-0.28214819971682453
7769,0.9735858989780448,446885.0238665772,5.671553494811989,0.17697613647532526
7770,-0.042205559779982825,-27476.32003295901,15.760903512573243,0.46580189473292993
7771,0.272814032333629,174887.09459777834,9.48638626348877,-0.10704635756305796
7772,0.5228867067273937,237979.44024230962,10.437924495605474,-0.23961075674404356
7773,0.09367201195821627,58981.611174316444,16.073264615417482,-0.3041544256815094
7774,0.24945692737961095,112961.84661010746,9.288401245117187,-0.17839909064992318
7775,0.5635449806079059,271145.1536425781,7.74634651318359,0.13747647056096154
7776,0.427866538660018,245740.6951757813,14.867496507080086,-0.21278919649182462
7777,1.1094749434816218,567271.3224609375,3.972957251220685,0.24965124033614094
7778,0.641487979475335,238883.31621459965,4.980238000000001,0.018908147739687686
7779,0.2904401537895457,200247.2984515381,16.614418235229493,-0.19511257190106338
7780,0.10938681744283531,50093.79482177733,8.862892022583004,-0.3209883271720208
7781,0.31808865141552994,187209.59518493654,12.716513487792982,0.3017723745110766
7782,0.8731195238238197,480868.23619018553,9.288401245117187,-0.21219715498779188
7783,0.44283062046402044,314914.6648962403,10.175121742065425,-0.3438604487810507
7784,0.07147375209444326,43053.265009765644,16.39692351318358,0.19591566824354392
7785,0.36261510501775884,173998.3749865723,9.288401245117187,-0.2861334777654156
7786,0.49566502126811995,252661.79871459963,7.924240513183572,0.042731378885914904
7787,0.47473862643303205,231206.61888183592,11.874050736572267,0.29586811580022
7788,0.3512327874118779,195247.23758483888,13.968151758300792,0.2106607136132239
7789,0.8925524181234211,551033.1149340821,9.2884012451172,0.10478878746409055
7790,0.3812246525112354,155137.97488281247,10.389491738159174,-0.021969798240954932
7791,0.44770762491231514,244896.7007452393,11.731743362609857,0.11390175087204486
7792,0.15521283896184696,102698.00982910156,16.78194300585937,-0.20120148166563354
7793,0.44161648528506087,310695.17723266606,14.867496507080086,-0.186294989826142
7794,0.830275995031053,382544.9811041261,7.746346513183601,0.22417079827241082
7795,0.36780747289533994,214002.68032714847,9.288401245117187,0.259687530457192
7796,0.3915667989757439,204001.14769592287,10.927496746276855,0.3441368119768915
7797,0.9141687032785576,481223.6387023926,9.288401245117187,-0.007419961649195787
7798,0.41879908999937826,172193.96006164548,7.746346513183577,0.09665651113040964
7799,0.45901314654012115,196760.1865100098,9.288401245117187,0.22698117418712763
7800,0.6705323862105331,467647.1647393799,12.609563490234363,-0.35676421584599494
7801,0.4276231489775442,219834.50369812007,11.081112611938478,0.07248852732655357
7802,0.6404847898400277,352486.3099597168,12.096101021728526,-0.019454943703491524
7803,0.32076356177464443,227983.9500720215,12.096101021728526,-0.34768799599075617
7804,0.25640294301608285,174813.9562384034,9.288401245117187,-0.25317071278096553
7805,0.5098860513312661,306183.99861816404,12.49724850732421,-0.288778682004659
7806,0.037854151714424224,26413.229008789116,14.143761485107417,-0.09833813628960628
7807,0.2649320374827495,109127.59380432131,9.965942127197259,0.37538113735471357
7808,0.5098636638770364,265611.33869445807,8.90902412322997,-0.17697787361884945
7809,0.30269361665893835,164784.05653198244,12.639320127197262,0.4572878992271819
7810,0.42581874286367666,165804.37971923826,7.827511005859368,-0.4021784503265296
7811,0.9402330908863901,612544.0349084473,8.275401513183606,0.17062416138613995
7812,0.6335152875094654,305983.6061975098,11.557374015747058,-0.10501893314184535
7813,0.47942470225395284,356634.6435406495,11.565346366943373,-0.36426472846140473
7814,0.2948460764188991,167363.80462768557,10.033675004638672,0.13687059594003392
7815,0.832682044581391,472256.4613812256,9.288401245117175,-0.1437285547393888
7816,0.3521689137499253,205255.04515136726,11.065778517456062,0.42907791593263306
7817,0.4516737888810982,212940.68481933596,9.288401245117187,0.03925048378170951
7818,0.16563890607694054,128071.77751098634,18.56183512475585,-0.22908852406035443
7819,-0.21246218209676643,-107466.39010253905,18.60252651623535,-0.011029465329500995
7820,0.7767304303787976,424374.5760479737,12.15198961932374,-0.505206378696042
7821,0.3264982373967527,147068.11989013676,9.552052513183583,-0.1699000482459337
7822,0.6981926383450782,436068.82486145024,9.288401245117187,0.0590705547116611
7823,0.4398011618516679,249591.0252349854,9.288401245117187,0.23539854378344507
7824,0.5389599475728055,351979.2648699952,9.288401245117187,0.1927953117473724
7825,0.6500420193507339,217086.5150317383,4.980237999999989,-0.2073579743349448
7826,0.5173822110070615,375758.7497332764,9.288401245117187,0.17179998921438489
7827,0.4505438891967458,276046.1349584961,9.288401245117175,-0.13936207990584334
7828,0.3462443024435664,203720.76361633302,12.78458714770507,-0.5011607781969775
7829,0.666242272612864,308373.82478393556,10.034021023437498,0.2281069385799511
7830,0.4805069965116714,250762.8049145508,9.288401245117187,0.12072344817816474
7831,0.573755406312518,411193.71989135747,10.593322245117184,0.04537335042698201
7832,0.5021811986997443,305057.4825476075,9.288401245117187,0.10334124983799418
7833,0.5731812139706237,262090.69499572756,10.080522858154286,-0.19613910605818793
7834,0.4131509434767602,234402.99418823246,15.788542514770501,0.10621355987018462
7835,0.7235963595012425,398179.482064209,9.288401245117187,0.11047246301736187
7836,0.7356248399960192,345550.9649890137,9.288401245117187,0.15789267686888236
7837,0.6630133164368277,346126.15256835945,9.554396516235359,-0.07346277851152098
7838,0.23859355820580636,131564.1549633789,9.751668015747063,-0.22999166009348723
7839,0.5318169097212646,111126.05280517579,1.8057060000000056,-0.13917749615079286
7840,0.48074769516195714,286429.6941882325,9.329992508544912,0.206152959662319
7841,0.1024912516499723,32903.396328125,9.020294515258783,0.08664450135533158
7842,0.18740341581176923,136193.10993652348,9.288401245117187,-0.20961490008381964
7843,0.4149900553150466,235184.94483581543,12.74338623046875,0.2882333484225499
7844,0.45903925868143897,246830.38475463868,9.41933500000001,-0.3030477233871028
7845,0.3340562990493061,98659.34359924319,5.225284626770019,-0.03278963307765873
7846,0.8101282778429321,494119.71500732424,9.292540515625,-0.0064834169603984115
7847,0.49235538921048533,274852.3750701904,9.288401245117187,0.36972232020779777
7848,0.7709669744189074,395397.769909668,5.757183503051766,0.6803237300136818
7849,0.6759409036751819,382901.7689331055,7.746346513183577,-0.3500567169526399
7850,1.1395749006685587,511863.4800732422,1.8080500030517577,0.02593334961981254
7851,0.40422636987751964,151759.86738281252,7.746346513183577,0.06716815759081939
7852,0.1572983448163803,97540.69498046878,12.025149993896497,-0.17486624018199448
7853,0.5618654910354547,204349.6924401856,4.51690500292969,0.21037076767558094
7854,0.40477244519876227,179306.18996704105,13.447008013183575,0.19956690325257812
7855,0.2885276621294034,136635.988805542,9.644116018371585,-0.05546866560455613
7856,0.8248723098530427,431629.80124145513,9.293637990966788,-0.1830439649524885
7857,0.22027099607587772,113468.68378845218,9.797419127441408,0.40761003056598794
7858,0.16983680340323185,91899.28992675783,7.74634651318359,0.017630771895784547
7859,0.5888142622937694,269250.69692138676,7.448892499633786,0.20342723384354214
7860,0.7063194983161009,318630.7761291504,8.682988735351561,-0.48441853476971813
7861,0.26122831757996046,186513.92265258793,14.268639245117187,0.06976800325209287
7862,-0.01631020355128217,-9035.663577880827,13.169675004272454,0.5033483025690367
7863,0.5680880459013539,335547.6501342774,9.960476000000002,-0.18160135943554523
7864,0.5319283805439599,297480.4098754884,7.946832502563462,0.220601435885216
7865,0.5385901218309227,313875.81444091804,13.936240002929676,-0.09256670853013693
7866,0.4393644772119401,260074.99769042974,9.288401245117187,-0.0334480419216684
7867,0.6684808664355926,285736.8249383545,7.903749005859392,-0.2929804518561216
7868,0.792036402293391,469159.32357788086,9.288401245117187,-0.5527987325279878
7869,0.27915297241662934,87590.81242919923,9.288401245117175,-0.5078006844286652
7870,0.5850467928906469,347112.7602465821,12.904478513183596,0.06607657168617395
7871,-0.016807929236389768,-11014.811975097633,15.235916259765613,0.005661094034769437
7872,0.6872239311695947,499887.94783569337,9.715065526733383,0.08703291188826826
7873,0.3453008120528212,227099.26659301762,12.590269491455064,0.2032441082281464
7874,0.4933958466572608,196684.9750958252,9.2884012451172,-0.20582250764337526
7875,0.8194803030010284,312808.40134521486,4.010643005126948,0.19985027506243014
7876,0.7964094994973533,490010.2921887208,8.847437006225576,0.13620626236899505
7877,0.3111639908658437,200067.72111572267,9.288401245117187,-0.28447394152143196
7878,0.5267634973662924,254979.63012573245,9.751668015747052,-0.016710114672208006
7879,-0.0062475169103583155,-2307.6352136230125,16.84063850939942,0.15763645491723294
7880,0.28333386937930183,211176.70649719244,20.36418864038084,0.03572436768685278
7881,0.8028662256655023,292875.8986633301,5.005261624145508,0.5422455575435978
7882,0.29123841957653357,183203.804720459,11.557374015747058,0.07892005515462804
7883,0.6777910903487389,333240.9198602295,7.121149993896485,0.007097982159721263
7884,0.05927487377169548,28878.800064697254,11.278787737792975,-0.13498394689662438
7885,0.5459410081122746,289313.7599597168,7.924240513183596,-0.4770360444236451
7886,0.4960349325290846,256975.2401263428,8.437662007995602,-0.48506380188180565
7887,0.2562006490761399,183017.51026123052,17.504087507080076,0.33696714180433285
7888,0.6907903430812266,421405.56768676767,14.867496507080075,0.32425648676464747
7889,0.40526862563433963,254349.59085571294,12.721353253662096,0.37732788180740223
7890,0.5349079860389674,255467.34712402348,10.957062739929196,0.37460613863490155
7891,0.42347872521921975,228258.84576904296,9.288401245117187,0.019160026846026045
7892,0.6013986642641158,295998.93148742674,9.288401245117187,-0.2612762601225748
7893,0.10616755608668858,63727.645355835004,16.59068199053955,-0.37035838009221234
7894,0.9995217016240675,453215.8860308839,4.9802380000000115,0.4825393841541849
7895,0.6210774233904839,365195.9297668458,8.40291300122072,0.3686709790780903
7896,0.5466746966155854,322447.63512145996,9.288401245117187,-0.12086802670791301
7897,0.2582831523688001,176028.1950769043,10.73056999475098,0.1164143391514244
7898,0.09395077659456076,71682.57962402349,9.61226086547851,-0.02114001516590381
7899,0.08794019040573042,44262.64252197267,14.227248600341799,-0.08944129283754253
7900,0.3515105631352775,206566.1851464844,9.329992508544912,-0.11973678403775599
7901,0.347312128278952,228593.98834472665,22.896795752563467,0.3054545984338256
7902,0.7359432975031283,338148.35488830565,8.52558624267578,0.05333183389660376
7903,0.5855009851072478,365670.8899084473,14.148552005859372,0.07731405941866566
7904,1.025842727796601,572774.558624878,7.746346513183601,0.029309404259770723
7905,0.4931005926043953,280889.65000976564,9.288401245117187,-0.022598670263851085
7906,0.8254880737109126,542885.441626587,9.2884012451172,0.12352955159594219
7907,0.31661392925686244,173548.41515563967,10.19747624206543,-0.17083108663607133
7908,1.1725304096789886,625947.402383423,2.167251251220703,0.13396231509615192
7909,0.4070829135718833,226360.94502136233,9.288401245117187,-0.2454110711452973
7910,0.4152252448027369,222762.3735864258,9.929562015747068,-0.12887736551050014
7911,0.09900111384179182,41522.47000366213,17.520052513183597,-0.0791696087208103
7912,0.8658948025924468,340176.74025390623,2.005321502563474,0.0602863037256782
7913,1.0735425887275145,585157.7602191162,7.746346513183601,0.1162196203016527
7914,0.6826198916397515,385881.07741210936,9.288401245117187,-0.2231005665977867
7915,0.8203773761281072,271937.09163330076,2.040844875366217,-0.38593257034097556
7916,0.10442539973167624,55443.22507202151,11.219652009765618,-0.15038981198877366
7917,0.30900549817160666,160621.84387329104,9.288401245117187,0.1724155896004775
7918,0.5148152151749393,296478.9197961426,12.185443513183587,-0.08071686163781464
7919,0.4846436005105713,188536.72630859376,9.288401245117187,-0.029574407076247578
7920,0.342631933443941,221633.02264770507,13.783548008300784,0.013993773639614676
7921,0.43250896610271833,258588.66500000004,9.288401245117187,0.25280172823640273
7922,0.2179058948728163,93405.52251586916,7.74634651318359,0.17545935275247743
7923,0.7623142576216668,462353.09652771003,9.288401245117187,-0.1925739596149102
7924,0.35123726525309035,140387.65902404784,8.524255501953117,0.28579994282572807
7925,0.27304409784807177,126895.95511474612,7.7840525230712725,-0.13810483802202192
7926,0.2819713326555645,213689.18771606448,13.433251733642585,0.1949177603577345
7927,0.6988901695639548,451160.7701000977,8.374724020141596,0.15225923548794437
7928,0.5012104732300114,274574.6713269043,9.288401245117187,-0.40160616026172447
7929,0.46958518502796054,302976.6399035645,13.991149513183604,0.3653665032261218
7930,0.31030924676279315,220271.16268188483,12.62292999389649,-0.30388813026097566
7931,0.3401202222167192,229830.7497192383,9.288401245117187,-0.14464821424553845
7932,0.24085514429326596,101910.20520385745,9.288401245117175,-0.19593691414324427
7933,0.636043478020825,344229.52018554695,8.956002002929687,0.426100847686126
7934,0.41450014909038907,206039.78781921387,15.49269302636718,0.22194847130830886
7935,0.14688751631949734,79084.28994140628,11.983719767700194,-0.21432225050719916
7936,0.7814792683469677,406402.52016357426,8.389942352294922,0.35987500088083474
7937,0.11071624039600089,79163.3099334717,9.329992508544937,-0.3735973939625589
7938,0.5523874159706524,316672.7038439942,13.90180702172853,-0.0018504546525991185
7939,0.6416671921923196,321337.50372802734,7.746346513183601,0.5916834194586463
7940,0.408055929906451,154780.52483398438,8.52558624267578,-0.013225726383381334
7941,0.29672980900229023,164130.80744934082,10.118837635742175,-0.1508553391013421
7942,0.41916492685550116,247401.59500000006,11.42940373779298,-0.15527040573106546
7943,0.5260291208311324,296805.6201916504,7.846427002807614,0.26060522577064027
7944,0.4928272606393841,297493.74253051763,9.288401245117187,0.3133143886413901
7945,0.4548832930511066,194778.7698516846,8.804758019653324,0.03600174299943369
7946,0.2700980088671952,193939.07637023932,20.51344224511718,0.19961127303648488
7947,0.3968903999549378,203986.91903564453,16.014686758300776,-0.26778923474988303
7948,1.4606328101723407,721985.6766723633,1.8080500030517577,-0.437896004154017
7949,0.5778100826450069,296663.47516967775,9.288401245117187,-0.07180995437334164
7950,0.7519997098198208,440792.48026611324,9.288401245117187,0.824968139708004
7951,0.33420798483586905,241626.84642578126,12.258241513183595,0.5629080470227006
7952,0.8566517057831907,384885.3974609375,5.763617000000004,-0.35085431082697427
7953,0.3273605439641347,208247.79037475592,15.00966650854491,0.16364050412295145
7954,0.7414707619421977,403526.7073455811,12.070530239013676,-0.28045122937541245
7955,0.30481761677681796,168344.42511352542,14.04560900000001,-0.2149118268799703
7956,0.5811168567174582,349027.6629858399,9.288401245117187,0.4586813004508405
7957,0.3694483714592163,270150.7952838135,17.025171236572266,-0.39772783896962016
7958,0.5811550197116668,302454.4159069824,11.860546177612303,-0.3018985147227162
7959,0.6230215804759357,197062.27000915527,2.005321502563474,0.017646480815945463
7960,0.48386259372796686,329554.7647570801,12.096101021728503,0.3751163632134123
7961,0.5691400936592548,316848.2399816895,9.751668015747086,0.30390063783323196
7962,0.37600486067209526,211489.26491333006,12.185443513183598,0.5504493310025572
7963,0.6107585083165573,307618.40733825683,9.751668015747063,-0.08433829051060894
7964,0.8785168146541167,577603.3053601074,9.288401245117187,-0.16908132075030566
7965,0.8159686763278159,369107.44487976073,9.288401245117187,-0.08753246759872359
7966,0.44445703828636235,185963.28212402345,10.373137523071305,0.19303521239595905
7967,0.4071078019573947,271700.68407348637,9.288401245117187,-0.3975590209416497
7968,0.6060046610284183,274624.2551538086,9.288401245117187,0.05523333612655846
7969,0.46157346139899863,258375.80122924806,9.948133493896481,-0.18418879865516777
7970,0.4353791106063403,307260.34017150884,9.288401245117187,0.4454889814107223
7971,0.2733796578141841,212168.84990295413,18.746467117065436,0.19494117718272438
7972,0.6442769437681362,182558.45434936526,1.8080500030517577,-0.06036702333806138
7973,0.35736891114697994,167464.5650732422,9.288401245117187,-0.3928492403768376
7974,0.07514576851496181,48580.09630432131,15.64218774401854,0.38674927961598604
7975,0.5206664870698714,210907.3850531006,9.288401245117175,0.3960131048633018
7976,0.6791251225227298,402763.395074463,12.726584513183614,-0.08311945122325806
7977,0.6079427961007737,352174.60636901855,9.288401245117175,-0.15163841495126681
7978,-0.03133536112986208,-13179.416768798794,13.353786494018557,-0.036590939204349464
7979,0.16986368903354804,66906.13631469729,9.288401245117187,0.3401817109245293
7980,0.6459200789641628,336372.891998291,8.267888513183594,-0.09680526421657056
7981,0.2331714978010522,144843.26503417973,11.72990324328614,-0.29843353639006287
7982,0.3497337770663324,226102.09504394536,12.594333746459963,0.2576401663476738
7983,0.4634368590334231,306722.68995300296,12.800521007995611,-0.1484260445602825
7984,0.6640619081946473,358803.5477233887,9.288401245117187,-0.4378709395026938
7985,0.8126005421943594,450847.72023681644,7.9037490058593685,0.25369902227305435
7986,0.33535211717050073,115905.54514221194,8.26063849481201,0.23118435853360078
7987,0.3073243296906208,170055.1049047852,14.268639245117177,0.13364606235420426
7988,0.559825475105749,241976.48026000976,8.529725513183593,-0.09548330691086586
7989,0.7135562684202825,433947.0450939941,10.530907745239256,0.29813302255287255
7990,0.21339478819370655,130631.03512573245,9.472862002075209,-0.05563715450177625
7991,0.5927077383641728,279559.45485229493,9.576737492675777,-0.11688404839524955
7992,0.47467280095011133,213736.0161218262,11.094107245117181,0.21460421963638351
7993,0.906931579581045,451866.0645251465,4.980238000000001,-0.08977408516098133
7994,0.367932794555588,168772.08237976077,9.751668015747075,0.017396058694834654
7995,0.34585248136703745,211498.51751098636,9.288401245117187,0.3735959762900656
7996,0.5028389341280363,198833.3200292969,5.5017799999999815,0.646816495066729
7997,0.5593300302600739,256744.76505249026,10.442160997558595,0.07905527692248877
7998,0.699625629202944,421474.11401062016,11.945808893493655,0.14299148678423593
7999,0.017454507869723333,11148.790172729525,12.881001001586927,0.04004810778288076
8000,0.1629977902655701,76106.0699285889,9.2884012451172,0.10655677583648002
8001,0.4900220698316126,298923.71252929687,12.185443513183598,-0.5685939382817031
8002,0.12075356117468745,81805.5987731934,17.177779741210934,-0.39966260852097707
8003,0.6733003046590084,392469.62868164066,7.746346513183577,-0.3831050687018848
8004,0.19982955022003365,71858.5881152344,8.717796510131844,-0.1181367735657407
8005,0.287565187709643,145489.665300293,9.288401245117187,0.05194509129646404
8006,0.351248427313537,241524.49283264164,14.268639245117198,0.1496368018850025
8007,0.35995061952116847,166111.86622497562,11.094107245117181,-0.19013403886740413
8008,-0.05932479892715502,-38017.12001220701,11.108280753662111,0.1584436091661385
8009,0.42436690605495014,154287.54647583008,10.452487108154305,-0.21070571058117024
8010,0.5036964883755636,302631.0826086426,13.94084875708006,-0.08639707133929407
8011,0.3539655516657041,170167.23023925786,12.101387993896486,-0.23858947740185263
8012,0.24056188134751433,111837.62891967775,9.288401245117187,0.0900288826453646
8013,0.15022668880260084,52313.36831909182,10.493989532592776,0.2149123721202064
8014,0.10883547925185515,71231.23916687013,12.29648494787597,0.6239440359780458
8015,0.39505309639055863,239932.1761517334,15.318562258300766,-0.19551851100634463
8016,0.35608009231409005,216759.19747314457,10.973440988952643,-0.17380039540526088
8017,0.42461467035722644,183969.74343811037,9.288401245117187,0.23305409567888136
8018,-0.1421881983090671,-67980.68484680174,12.624770485351561,-0.030915189199204007
8019,0.331466405496021,159389.28501220705,9.1823010036621,-0.19888830267232874
8020,0.5438659240251652,259608.1166094971,9.288401245117187,-0.07632879646783061
8021,0.8491648506894468,274596.0625,2.6167933809814508,0.11920305344090945
8022,-0.10907596970628197,-74190.70372314451,21.410923522583,-0.8491388286558991
8023,0.21954157250223874,163687.50257568364,9.419334999999998,-0.40605376276784894
8024,0.7203791974074932,383624.0450585938,9.288401245117187,0.23618654090687474
8025,0.3553817223002932,203734.55994628908,9.560814747680677,0.1835140812795894
8026,0.4797114503164951,341187.1535388184,12.639320127197262,0.10662215147660756
8027,0.30978888042896735,199615.36709960934,10.150853736572259,0.2212869702740193
8028,0.39983245722688704,175393.22858581544,7.746346513183601,-0.13300528769098735
8029,0.5875792188889463,293341.4048504639,9.96047599999999,0.1553961395234919
8030,0.20546591086775395,108614.94992431642,12.185443513183587,-0.45507621893180256
8031,0.7692298213035386,466506.1899597168,9.2884012451172,-0.20960294572239396
8032,0.4690972320166356,273487.9611364746,9.288401245117187,0.23113853221090822
8033,0.2532711003414094,131996.53488952637,10.19747624206543,-0.22310495091310378
8034,0.6919821808145753,446355.1830108643,12.096101021728503,-0.14313557736885615
8035,0.7008870981539882,367598.6913751221,9.2884012451172,-0.704024695397108
8036,0.45848121498585037,322061.85487304686,15.714346513183603,-0.06103229626242577
8037,1.0319918253796923,393894.20513427735,3.3257227476806617,0.06171483616703215
8038,0.5772154326204257,241537.150010376,9.288401245117187,0.4999848062588403
8039,0.33569671701875387,158233.35499023442,17.29819561791993,0.4385273545456325
8040,0.33115063333897143,195372.27604125976,15.098020399658196,-0.2996043638553238
8041,0.3425522914829256,221031.340388794,16.65232421368407,-0.06332722820402417
8042,0.5081172383045135,257722.41997436527,10.071780245117191,-0.0328005294438365
8043,0.10818420672128791,58836.25495117187,14.114527015747072,-0.06084807594680935
8044,1.0224576837979606,344639.1949255371,1.8057059999999823,0.20560150601544816
8045,0.3154558942953274,162568.22252441407,13.49700424511719,0.20075194723135717
8046,0.5858107124946825,181316.66124755863,4.980237999999989,0.13349951971145985
8047,0.4869322909652914,301838.5213214112,9.552052513183583,0.45762272995281134
8048,0.09964990243832952,41450.98740234375,9.2884012451172,-0.1125841985549259
8049,0.856502884199039,301993.6521258545,3.1556820051879853,-0.023946741020484334
8050,0.4275459633986999,221149.38643005374,12.185443513183598,0.12725543959488197
8051,0.4417538424299292,259497.69502441408,8.789430513183598,0.4621259662716317
8052,0.7168047155766716,407203.20464355464,9.288401245117187,0.2567698194155077
8053,0.768689725801657,207109.02997802733,2.005321502563497,0.008614883096074007
8054,0.20277196861125368,111877.038604126,15.73281974768067,0.012438459352344488
8055,0.1817288940721963,139597.09136657722,17.272003730468743,0.2484054505739883
8056,0.3903138340446499,242943.8599890137,9.288401245117187,0.556521263731771
8057,0.28854219411549664,132761.94004455567,12.902426008300786,0.22629719301280363
8058,-0.11177109313817828,-70900.7963110351,15.815476124267573,-0.33683773910644677
8059,1.0280273628005194,523284.26498779294,4.980237999999989,0.025750513167577625
8060,0.1107074170318815,67148.43916137698,15.16496176361083,-0.5190977890565679
8061,0.12391235283728506,81367.10683227541,22.733477123535156,-0.3655379709222163
8062,0.710823608216288,398279.6628466797,7.746346513183577,0.14448138134299235
8063,0.3035726660052974,198368.1341625977,17.48604490173339,0.16860120815613375
8064,0.6545396175830592,290454.1310131836,7.746346513183601,-0.3240075183125228
8065,0.223196437667521,128700.11879394532,18.98580700622558,0.0678423785909743
8066,0.12999230764583355,58046.70624877931,9.802943742553703,0.4132823335429074
8067,0.36906492043170647,149378.58491699217,9.288401245117187,0.05838057228656537
8068,0.4263625227234532,79602.82296508791,2.0053215025634854,-0.2939517044206823
8069,0.2011092546069762,112372.55490600591,9.288401245117187,0.30472847801260106
8070,0.9090889155173928,591732.3624212646,9.85058501617431,-0.10398785386728146
8071,0.5793494942197427,184431.19976562503,4.980238000000001,0.04110615378457271
8072,0.6828688825404351,265891.3009558106,4.980238000000001,-0.13567248840612436
8073,0.35044150814750985,206716.8139178467,15.505201633239746,-0.15803804587320613
8074,0.5268615807925929,265327.81915771484,9.288401245117187,-0.3467649478204071
8075,0.33288701219561434,153726.1524584961,9.288401245117187,-0.12299595161480176
8076,0.5133387833971063,271027.9754156494,10.335431513183599,-0.1654651640602424
8077,0.6127270659239109,419007.3667651368,9.751668015747052,0.3447190354579313
8078,0.14361687716912724,98239.66160095221,12.096101021728526,-0.13183336732897505
8079,0.26977689550827355,183446.6537390137,12.101387993896473,0.12841432361871405
8080,0.41580900866651227,318992.55737304693,10.84715624511717,0.5753261324193663
8081,0.4965070040588114,303253.3596691895,12.758689498168941,-0.18339399879155666
8082,0.568592206166001,334095.69348937995,9.288401245117187,0.03272565554380713
8083,0.23491344126780347,115567.04688476564,12.185443513183587,0.11343326186520016
8084,0.5690184447711263,320819.95796691894,9.288401245117187,-0.4174238411047388
8085,0.5510645999376965,301069.10905029305,9.288401245117187,-0.11991798569906682
8086,0.6172239311156262,352598.2025622559,9.323924617919909,0.2430076123461916
8087,0.8450314796016046,574834.6170404053,9.288401245117187,-0.6260728059848326
8088,0.9476642706913535,469699.1897766114,9.288401245117187,0.21061701766407356
8089,0.43894316110255555,233622.50751586913,10.235459635742172,-0.5225075430029731
8090,0.40680198097966025,162653.12133483886,7.91942187396239,-0.13634544341002958
8091,0.5091796506069777,367208.3749499512,10.530907745239256,-0.25384278419352746
8092,0.41923005814362285,152892.23601989748,8.790827631774906,0.37134066095131907
8093,0.6208928277380931,375988.6974517823,11.974030981689458,0.20299278227926676
8094,0.7249046564718739,284828.2349737549,7.812465488708509,0.09371195983853177
8095,1.3718120153314861,731915.2413781739,4.980238000000001,-0.11955599484032152
8096,0.1598139153845616,101432.70733886724,11.02795913732911,-0.03760824959032931
8097,-0.05771715466960297,-31436.09250183105,18.999710271911614,0.27708046761378075
8098,0.2663736824756044,151554.34092346192,15.8557825131836,-0.24084969424281968
8099,0.28217747228147716,185237.24866577148,13.75586563659668,0.11997662496788541
8100,0.43360864489163525,245107.37985351568,9.288401245117187,0.05757745712562906
8101,0.7432663873071188,264975.0928179932,2.321866861694341,0.11153965895219255
8102,0.1921657954075439,104102.24529052735,10.226657251220708,-0.3863229190684691
8103,0.15571591583208266,77868.44514892579,10.594970516113285,-0.29054126078037096
8104,0.6523007922758817,301026.1664648438,9.288401245117187,0.11730555407237477
8105,-0.10969298230861953,-83495.24908813478,23.341645139282207,-0.22335855730510273
8106,0.3657729173139603,147980.66020996097,9.288401245117187,-0.0031667366061895147
8107,-0.12541668759116592,-71918.54967285156,21.140061499267585,-0.06520769455584646
8108,0.8419650927468539,306413.0567932129,2.080435622802726,-0.2522229520724478
8109,0.5568038468092884,354106.22489440924,11.333286019287108,0.3276174621404948
8110,0.9991154553576183,568733.0360485839,9.288401245117187,0.05594895787178072
8111,0.2947760385837683,151903.69527343754,11.852465726806642,-0.1773077144880961
8112,0.32458584177694344,188511.3598266602,11.887845020507811,0.006666947127738223
8113,0.3630876936366212,184066.3209765625,7.74634651318359,-0.4979233579053386
8114,0.4992092131134493,310952.3443414307,9.507886508544907,-0.10273623831985443
8115,0.4358553344679106,203808.53513183596,9.419334999999998,-0.08854744873781545
8116,1.0504827141649675,673579.6287902832,7.746346513183601,-0.14928249342553912
8117,0.5107180738621503,275794.921204834,9.288401245117187,0.305378286638734
8118,-0.058643399099757264,-35748.67989074705,16.630089234375,0.4041500786531827
8119,0.39652913201139217,196634.05606933596,10.071780245117191,-0.2614932717039275
8120,1.0465453911487637,559328.4685192872,5.158131999999995,-0.0460678181922601
8121,0.7127438861957442,372058.48534240725,7.121149993896485,0.060119768464406545
8122,0.5412001812646521,303019.0100720215,9.751668015747052,0.4087026575412194
8123,0.8983990635604884,313569.5298529053,1.8080500030517577,-0.4514159131217886
8124,0.42466195379631694,250433.34830688476,9.288401245117187,0.0024205996506896227
8125,0.12124645938013857,66848.16496704106,9.445803737792966,-0.2439505370564599
8126,0.7164758954446044,220065.9748577881,2.9222515093994095,-0.407690769542004
8127,0.22836148587232297,110853.31001953126,9.288401245117187,-0.2403088110875302
8128,1.0737261795160198,397055.80502197274,1.136290008544922,0.15688750671716506
8129,-0.017056216207102088,-5553.105015869132,9.47451650610352,0.3725498300023568
8130,0.7910278782358054,358904.5152001953,9.288401245117187,0.08640766220073359
8131,0.9174822489900513,496128.95380249026,7.121149993896485,-0.35524261386647726
8132,0.7271458977294855,269057.36975097656,3.442017133178725,-0.15618970463502074
8133,0.49303719354825903,383369.3588305664,12.096101021728526,0.5323731734980479
8134,0.3773541384044482,199016.787253418,12.845851515624998,0.2856179377539901
8135,0.3549527330039066,219726.22473876958,13.071645014404295,0.14761732485782533
8136,0.47652419567799714,262052.80134521486,10.300140003784188,0.3712167347582886
8137,0.20475402822068842,107309.16527709962,7.924240513183596,0.19939036313791658
8138,0.40704281289272726,221763.51260986333,10.404595502563472,-0.17424007618996473
8139,0.8778778852207829,490493.73530395504,9.243302007202152,-0.115847443167398
8140,0.7542478008803768,399148.3121118164,7.746346513183601,0.031106660966320393
8141,0.7897403402070562,414226.5283325196,8.52558624267578,-0.056396264432139485
8142,0.40896387870891376,183684.99512207034,9.288401245117187,0.009501266260862775
8143,0.6252600654818944,378484.0447564698,9.288401245117187,-0.22168903541246984
8144,0.07768086580651021,35660.48266113282,17.03474775830079,0.599982336779775
8145,0.6506025306220604,217371.75018798833,5.158131999999983,-0.06377235709830992
8146,0.4885920735779662,328163.39347229013,9.98978200378418,0.10155607712046814
8147,0.7951485477935928,371137.84109741217,6.096783509399415,-0.4304315894921622
8148,1.0025827712255095,455829.90756408696,3.811027502563479,0.2628627020651113
8149,0.12989724364985133,74159.79495971682,13.338607521850582,-0.06814709343358226
8150,0.5591440660604612,156872.9651464844,2.7887005025634775,0.15131538838866765
8151,0.23299347594109315,127534.37207946781,8.939984508789063,0.018120312327650212
8152,0.3779627733781846,220654.5524902344,9.288401245117175,0.015563951296184679
8153,0.6812127988202934,227723.23489135742,5.158131999999983,0.07918576047472266
8154,0.12351847223554833,72247.86992431644,10.912255999633787,-0.2661919578592991
8155,0.8612632526855925,534583.5750244141,9.288401245117187,0.3658133700571147
8156,0.02450029135458778,16595.622937622087,20.970908884033214,-0.9187722869533068
8157,0.21912523941315834,133446.20367797854,11.313592508544925,0.3998768921805641
8158,0.5801066099831456,425298.169753418,18.576802490234375,-0.012875799012457062
8159,0.6755194702041162,384765.20729003905,9.288401245117187,0.14080817263212175
8160,0.14819920598633424,128975.74297119144,21.937252755371087,0.09400016298257946
8161,0.095382101102318,65019.667391357434,21.87305724804688,0.11197536204427887
8162,0.26926057450643986,201607.18125976567,17.670006629638653,-0.0938139219253035
8163,0.21472939546926703,138514.1074365235,16.77571074523927,-0.24685697566941395
8164,0.42144860951003116,241383.68997070316,9.2884012451172,0.3756990134879682
8165,0.6436895050677072,304949.924128418,7.903749005859392,-0.03132327051450979
8166,1.1047288567153333,564762.0376776123,4.9802380000000115,0.33103967633914244
8167,0.8901788989500574,373494.8215734863,5.780858494812017,-0.34705375778083924
8168,0.7120555495898773,265541.8560632324,4.694799002929684,-0.09675405450419218
8169,-0.05868218691125139,-31830.74129028317,18.31164065112305,-0.3222592583457392
8170,0.3396572875177814,243491.248748169,9.329992508544912,-0.04434583879811544
8171,0.2692797430423641,106851.12011474613,9.2884012451172,0.07729404482950294
8172,0.258506413545477,149422.89532226566,7.746346513183601,-0.04507682411253353
8173,0.38364172591973034,160419.71247314452,8.37562362121581,0.3631818267459665
8174,0.520266009058833,266511.1525628662,9.288401245117187,0.004575594859033431
8175,0.6528726997287888,336705.6739324951,9.664403629760736,0.1893437694591114
8176,0.6415031934783831,310490.6610510254,7.924240513183584,-0.027893505807577507
8177,0.716677065948552,333847.39329101564,7.74634651318359,-0.38947145911905934
8178,0.5104894528276221,147327.39250549316,3.988921502563497,0.15053334984338024
8179,0.49864600097389616,241181.8712329102,7.746346513183577,-0.21319565861919315
8180,0.30295221340572687,177878.35994262702,12.029861011840822,-0.2399028698941052
8181,0.5728121084649294,340925.48487182625,13.627938000000011,0.5199073576297187
8182,0.4813670799934156,309624.18269836425,14.16904674285889,-0.27476247717953856
8183,-0.07365669911341274,-50269.217880859345,14.306087524169927,0.02987063344535665
8184,0.3157868516097109,189013.7103698731,9.288401245117187,-0.15320864876794973
8185,0.25941240914008323,174870.0401739502,14.435303349121101,0.061773140348360296
8186,0.5962025592881115,324036.0725506592,9.288401245117187,-0.10687349001413893
8187,0.21383399588197194,138926.61516845704,15.49269302636718,0.25567396466242387
8188,0.38509981362489437,228467.20501098636,13.710769020507824,0.08384759519388175
8189,0.16374471525281775,79280.56992797855,9.288401245117187,-0.1162960047336344
8190,0.2187117604709644,124962.4858618164,13.142577242675774,0.24122187608557957
8191,0.6002848126051462,328175.9800109863,9.288401245117187,-0.2031214887843827
8192,0.7314767465811546,352237.14530395507,9.288401245117187,0.06746776592295806
8193,0.47734156759051305,264067.2502783204,11.12597573046875,-0.37368945158602224
8194,0.44436337960262723,264065.29490295413,13.02515853082276,-0.4430606763757395
8195,0.5334611456487955,268978.28997802734,12.300957526000984,-0.4095929651161712
8196,0.46229904706272623,216924.48765991215,10.193980245849607,0.16283378452012154
8197,-0.0635225380458496,-31293.96934204101,11.739028465332032,0.07603819020782573
8198,0.29541846262061106,160713.39051452637,9.2884012451172,0.20665046914938612
8199,0.46781779319608485,233684.20131469727,9.809943245117179,0.3387661850697684
8200,-0.07288271498267791,-49759.05627563472,24.321801594238273,-0.09377420445533198
8201,0.34195360251884777,183175.01134643558,12.185443513183598,0.06727133059596418
8202,-0.3155431026098465,-217944.55151916502,29.821474163574223,-0.03365185162119369
8203,0.44967236470303523,193218.8949230957,7.74634651318359,-0.16403943193424617
8204,0.5913238789725219,277472.06993164064,7.121149993896485,0.4392279419902608
8205,0.5760932053785498,406208.8452111816,13.933675507080089,-0.2848090740900205
8206,0.6976176473803075,330859.22992553713,7.827511005859379,-0.45070326498183766
8207,0.06446592828775691,27329.368463134793,11.502464505493164,0.31155305438573344
8208,0.41558956220120025,159506.87007934574,9.288401245117187,0.5238464401430468
8209,0.6191555744793451,400940.69125122076,9.288401245117187,-0.48069872464691826
8210,0.33996636616227566,195510.26013305667,9.647258326904312,-0.028524010673931715
8211,0.9207075294301439,417834.8097998047,4.980238000000001,-0.23609636803439932
8212,0.042780315194942964,16265.519986572283,8.7832945131836,0.4279680405320946
8213,-0.1324409280894064,-88986.25982055663,13.570454366333015,-0.11470261353115413
8214,0.5350942656437797,302316.3821044922,11.378797134155267,0.08631063964845145
8215,0.32782819798842827,157852.96731933596,9.2884012451172,-0.1565657688294336
8216,0.1888755589361707,97841.164932251,7.746346513183601,-0.08820236897944538
8217,0.4828644092364805,155073.46492309571,4.9802380000000115,0.20356870179346961
8218,0.5433371767218617,324373.14524291997,12.890059020141607,0.37133848197331626
8219,0.46339417369868047,275486.8257250977,13.638155753662112,0.0571082903111216
8220,0.4245173063002212,223287.9520904541,9.552052513183607,-0.16072761843754949
8221,0.26948781083582435,103763.8864770508,9.288401245117187,0.044135846764590085
8222,0.2278528028783411,119183.64887451175,14.622920127197261,-0.3961196783261844
8223,0.30050200323842263,155904.48608642578,9.288401245117187,-0.3627587541372419
8224,0.4392165896417406,220911.3226348877,12.153444227417,-0.3324264087025494
8225,0.7877155830679089,298617.2886791992,5.158131999999983,-0.1305584283535498
8226,0.37201245680161166,169580.89484619143,7.924240513183607,-0.3941802605411108
8227,0.34606498157452487,184411.33495666506,16.163939890625002,-0.187336059566117
8228,0.45900866450703437,315179.120421753,8.505842998413089,-0.11454181573820368
8229,0.5729918361999186,281111.1349401856,7.746346513183601,0.034458510049236266
8230,0.7280494409349032,398809.6408056641,9.288401245117187,0.6092146864792448
8231,1.1958812976881419,654194.9355786133,4.980237999999989,-0.32617676765847564
8232,0.3121020683954163,168118.14962646487,9.288401245117187,-0.06273734637752104
8233,0.7072589525785407,342784.43619018554,8.445782513183588,-0.2942071895531246
8234,-0.06636272506562967,-18371.919783935537,7.121149993896485,0.44704604429658595
8235,0.734789741676366,387120.60497375485,7.846427002807614,0.36506304244307064
8236,0.7297811428733131,263552.03984558105,4.51690500292969,-0.29625724045029245
8237,0.18108687045539704,118254.19266235355,14.202840601318353,-0.41341190990742854
8238,0.5643365405222784,303385.46270751953,9.288401245117187,0.22344366755445746
8239,0.49768902093081796,286146.7974407959,9.288401245117187,-0.14859857469614368
8240,1.2083482074702403,565177.0700811768,1.8080500030517577,-0.41295353366718984
8241,0.635263211414906,259041.7785284424,5.146848498840327,-0.030092579130030925
8242,0.5556721506672684,385933.84243042,9.41933500000001,0.44449648394761515
8243,0.5947708783825567,268165.0048126221,7.746346513183601,-0.13663707673868136
8244,0.420555429284151,292185.8627758789,16.209652465820312,0.16885862906308066
8245,0.5753057260095047,372689.7152630616,9.288401245117187,-0.2387367141785678
8246,0.29739646131096203,179228.60806640628,12.975421240844728,0.17912955636960476
8247,0.362166994384362,171808.3174963379,9.288401245117187,0.71879842391886
8248,0.3896236854361049,252897.711258545,14.613197349121096,0.11601372935897164
8249,0.5672555776589188,320730.2948712158,9.767254519958492,-0.1953662898819906
8250,0.4784648133252774,222423.72704956058,7.746346513183601,0.23657422283898774
8251,0.3902529075695261,231180.49738769533,9.288401245117187,0.22713796630891375
8252,0.5112703973172625,370253.58225769043,9.940877000000002,-0.3486015275873659
8253,0.2792402895757978,164781.53000000003,9.288401245117187,-0.008785365286130224
8254,0.5392895885301062,262458.32851318363,12.263251516113279,-0.6302580121755064
8255,0.1626995820611379,64272.604896240235,10.78036823657226,0.10271413314685213
8256,0.6848341173470335,320401.36509765626,9.39909101818849,0.0013030941962387328
8257,0.5157575245701445,257150.11336914063,9.288401245117175,0.10122062011914647
8258,0.8946455895806211,526220.0348364258,9.288401245117187,-0.08199494366506313
8259,0.6688841758994676,317045.9065618897,9.288401245117187,0.1459210068173558
8260,0.3953613507317653,289851.22147521976,11.874050736572267,-0.010205919233448268
8261,0.5358956150915701,265186.54511474614,7.121149993896485,0.2702697200589584
8262,0.6261212967101032,333001.3550817871,9.445803737792978,-0.027808234515509872
8263,0.051604577333012436,33885.0199902344,16.746485732055667,-0.08076586796683184
8264,0.40833450702891927,248097.71616821294,9.288401245117187,0.07359691434672795
8265,0.6195664271018911,284141.191361084,9.288401245117187,0.020811922495375633
8266,0.47451731852529794,301287.5787164307,9.288401245117187,0.312188558521136
8267,0.1722633689983881,82087.12496948245,9.751668015747063,-0.19828281639945053
8268,0.5935980196460247,326862.52227416995,11.16538251318361,-0.053169233710754375
8269,0.7326457829327294,286796.4798413086,4.980238000000001,0.05743153486964021
8270,-0.01792137680001744,-9547.695100707999,13.089673999999999,-0.0011003055481530442
8271,0.5389739688451585,284176.09243103035,7.864934494995117,-0.1416013250699001
8272,0.526402631534388,295278.8584454346,9.288401245117187,0.14961593522911598
8273,0.5817907589754179,185538.57799133303,4.155842999999982,0.5894067560411216
8274,0.8679948663750703,347012.8600415039,5.095620635742182,-0.20992816248603494
8275,1.0091119817018297,535007.5026104737,9.288401245117187,0.30348654018354626
8276,0.6199331893638493,265491.6985888672,4.980237999999989,-0.6733395736327499
8277,0.6879065922460802,339908.03732055664,9.234341020141589,-0.1708445510352451
8278,0.6766651892173868,290224.7262469483,5.158131999999983,0.38659231849410536
8279,0.2427143482647499,165622.43994689942,12.363337513183593,-0.4983068407149422
8280,0.43890110452322095,234987.66517639163,7.968,-0.4280522441617942
8281,0.477485060037982,282251.2326403809,13.194451981689456,0.007749409151882147
8282,0.3542131742800606,174632.78003601075,9.288401245117187,-0.022448560897326015
8283,0.5512520395328816,309747.1399108887,9.288401245117187,0.32936129573837636
8284,0.5666762003378416,286688.10683349613,7.889086806152341,-0.3692824522703977
8285,0.5561769736102304,324683.6350476074,12.948238000000012,-0.053554464617312565
8286,0.9131763109684193,495398.6498449707,9.288401245117187,-0.3879412138494069
8287,0.1332905257862806,87144.74651916507,9.751668015747063,-0.5457273440358839
8288,0.33787755577730694,225570.07023315434,9.97199074511719,0.16787265998696416
8289,0.4368901294958054,289923.93413146975,11.142432751220698,0.31993746785006133
8290,0.811760457563877,415997.52035095217,5.837076492675767,0.3687685191928256
8291,0.3057464603541271,197099.88146423345,10.354180003356946,-0.023482563469268795
8292,0.4655314185612298,265961.1713494873,9.718663012023935,-0.09038781389964495
8293,0.7600212751815292,346097.04223754886,6.985559502563474,-0.00040309251250540164
8294,0.507417760006898,317055.83523071295,9.2884012451172,0.02965138156131039
8295,0.2666050536438197,145570.2477587891,12.948238,0.10390065203380804
8296,0.2694258758431766,128646.98996643069,9.288401245117187,0.011360470373609594
8297,0.38640844846100264,190542.55733215332,9.751668015747075,-0.14918553391412553
8298,0.4892443867446096,259833.71472778328,12.964683242675779,-0.6902939631223743
8299,0.8113347636390221,474750.0166662598,9.288401245117187,-0.22462689837407587
8300,0.04070073094959393,29026.83491455079,16.689769032714842,0.03241869858095172
8301,0.517457262165125,259306.35488525394,9.288401245117187,-0.24580944700784452
8302,0.4289700269302488,307450.1445782471,12.096101021728503,-0.3420463220509761
8303,0.4619228858976168,303245.47731994634,9.288401245117187,-0.0737817641483935
8304,-0.11016821887008958,-55023.6849682617,11.657454505371092,-0.13390363115481296
8305,0.009835603805900501,5825.175105590824,18.340904021728505,0.32417768104309136
8306,0.3967659773113214,162030.66017333986,9.288401245117187,-0.4632182003091447
8307,0.38496548616917137,205262.35548767092,9.288401245117187,-0.11950336197980335
8308,0.3993175697306502,205470.58634765627,8.267888513183594,0.1252797869045855
8309,0.3396210944755765,185865.73863769532,9.288401245117187,0.037804915248820646
8310,0.764888039284771,427543.1423754883,9.288401245117187,0.16668199243829854
8311,0.6390161192120012,322592.7565802003,9.288401245117187,0.15178484136816392
8312,0.46114259675961766,279158.9650256348,12.096101021728503,0.1637600603715428
8313,0.8515050460931693,546292.3551922608,11.620194012512219,-0.04833497916135901
8314,0.7104168570948479,421635.5037292481,9.329992508544912,0.05700931952767121
8315,0.41615150032060105,265349.26999389654,9.751668015747075,-0.21465966688760604
8316,0.48666133134165507,225864.00516662595,7.746346513183601,0.07081320278391784
8317,0.2029282357752619,128966.52253540039,17.70682251318359,-0.2372621187021872
8318,0.32135599047990215,194622.08274536137,15.202638503173832,0.06929059820267985
8319,0.15696360380904403,59912.67480712894,8.769093876342778,0.23430557622591544
8320,0.8208703584515441,546531.7164733887,9.288401245117187,-0.12129212428201626
8321,0.6320348294591696,386327.41613037116,9.288401245117187,0.06734606214846398
8322,0.3982754097430551,296746.47218627937,9.288401245117187,-0.025822283549028168
8323,1.1729526128989758,570917.2616418457,2.0677050018310545,0.3264469248822013
8324,0.2399045532832547,156835.8149334717,9.798249510253907,0.16319625744499042
8325,0.16146989382283153,77533.34649658205,10.949362021728511,0.21926857145365933
8326,0.30723859848284085,165318.37133789062,7.904528993896489,-0.2291818167043989
8327,0.6730861158793902,364190.16011718754,9.288401245117187,0.5712556254842771
8328,0.6056328410468226,306027.09233215335,9.288401245117187,0.44412105538893765
8329,0.5008058397381979,216642.65118041993,8.52558624267578,0.1948091356687194
8330,0.08943881847123122,53710.244017944366,10.440470127319347,0.3597972279434973
8331,0.42318564651429086,271945.0937768555,10.661858502685558,-0.27013627135572044
8332,0.06312465527185121,35086.22866027833,11.949361736877437,0.06709842495214591
8333,0.47989213313438683,204935.01018737795,9.288401245117187,0.22063419391349598
8334,0.29897525614271353,195106.12024780276,17.55514500646972,-0.09304531337265227
8335,0.8623108635401163,439713.18507324223,7.746346513183601,-0.4391362134472539
8336,0.767068207168035,411822.63723876956,9.288401245117187,-0.1424762294508756
8337,0.7211173803097939,402168.7498059082,7.9037490058593685,0.0057961126250480385
8338,0.6933809854702666,378662.2351074219,8.751379000000004,-0.3032374057559802
8339,0.2074784738981807,109070.87485229495,10.88040951318359,-0.4346585056690754
8340,0.7394254641374512,266388.3150518799,4.9802380000000115,0.021384230191333575
8341,0.42235818522557284,219122.72623046872,7.936078005859372,0.09570867538904357
8342,0.9822202018147917,465482.24000000005,4.980237999999989,0.04137117549629545
8343,0.6271571039300358,435624.92164672853,15.081916519042954,-0.2663446881004085
8344,0.22300490353824895,156565.8142718506,12.096101021728513,0.09694338862845908
8345,0.5216332389728383,314783.8249072266,9.288401245117187,0.07448984123090079
8346,0.40091486584087266,238379.26644897467,9.288401245117187,-0.28397307547928713
8347,0.7649788660517343,438808.6650592041,7.746346513183601,-0.19276991723497927
8348,0.7727804296013714,516126.6749536133,9.288401245117187,0.1781906310397532
8349,0.5779490237028199,262028.36498657227,7.924240513183596,0.23846734344540133
8350,0.7545413228096978,384123.6349633789,5.924836369750975,0.3780512972576016
8351,0.6203620319684701,316172.3650872803,7.74634651318359,-0.2542438930828663
8352,0.1393035854116964,81721.26498413087,13.254055751220708,-0.06538768988726743
8353,0.09373037820734396,64828.45994506836,21.755343026367193,0.1801977489840086
8354,0.3654806523315469,184894.02085449224,7.746346513183601,0.410540834331838
8355,0.1445262425671245,84834.39637023928,12.86735598284912,-0.2764559384264793
8356,0.4880710278798072,243307.87910766603,9.288401245117187,0.06829335537325833
8357,0.5186772373205231,234323.46986694337,9.288401245117187,0.3606246011032441
8358,0.7299632369292969,387258.91502319346,7.746346513183601,-0.25245468097497514
8359,-0.0958133320314156,-54217.91739074707,22.596207640380868,-0.015578201781683733
8360,0.8362559555619565,362287.1274438477,4.980237999999989,0.29056976072950547
8361,0.6306652995809797,299963.3111315918,7.746346513183577,-0.11974821480027828
8362,0.37686800069518755,244151.2399145508,9.97199074511719,-0.11479592159146758
8363,-0.06421894453733731,-43467.222813720655,15.362346756103506,-0.12301655169271312
8364,0.2121008954902361,155247.59636840824,12.968822513183579,-0.27226102493053833
8365,0.356377880143585,236021.67736022954,11.108280753662111,-0.43636629146442996
8366,0.4675055773480906,251144.2300836182,7.746346513183601,0.29142879390048315
8367,0.3203066840579783,177732.0487329102,16.27396074768065,0.17740697729328253
8368,0.9071290683357659,413478.2287225342,4.980237999999989,0.25631898592741253
8369,0.7979907788193967,448924.66187927255,8.556676492675779,0.23948140203355728
8370,0.45600084177034417,250039.9403094483,7.121149993896485,0.05731622092368817
8371,0.2896868475272819,120635.63771972657,8.978286644653325,-0.027260855175680422
8372,0.321323557399025,229420.196192627,12.002678015747072,0.27666095128191315
8373,0.6773652922142498,254308.43837646488,7.570844502563495,-0.05810246001145838
8374,0.779343924165795,377194.08487670904,7.156673366699205,0.24652928193137447
8375,1.0213268439033811,501506.09108276374,6.985559502563462,0.10798996120253174
8376,0.4191930614576787,142138.18868896484,5.15441112158203,0.0615799060565287
8377,0.7364308154962852,327030.61006408697,7.846427002807614,0.42448924054203624
8378,0.24051269290399524,110778.10269714358,9.288401245117187,-0.09259819643432236
8379,0.3425673027346005,243392.886217041,12.958553513183595,0.13474093742857085
8380,0.80294708460908,332844.1510253906,4.980237999999989,-0.011571947806181348
8381,0.12386869225553714,80061.98291748049,14.445026127197266,0.14450911756151388
8382,0.14570667559613695,104456.79606018071,13.62630951989746,0.5542767921949079
8383,0.21936596802620703,96951.63009155277,9.288401245117187,0.5751011756553747
8384,0.5740858205169811,367021.46144287114,9.288401245117187,-0.19569904081230172
8385,0.3967813148713247,196877.97498107908,13.416609016540528,0.1278531440395216
8386,0.7182664542848141,202639.812130127,2.269038997070305,0.051207383263967704
8387,0.6095740183597661,368124.99093994143,9.288401245117187,-0.3214679836486988
8388,0.3266101787088174,170463.18483581545,9.288401245117187,-0.3716951998025603
8389,0.45596212242359513,308536.8952050782,12.94823799999999,0.3363453104301304
8390,0.055703406363295946,28977.309921264692,8.18421302465821,-0.17640004836593923
8391,0.32325744830591213,210685.23757995607,15.40542864038085,-0.17681607530524254
8392,0.3081369977984076,67113.06006896973,3.6809674868774365,0.4600300033137742
8393,0.6772413668313177,411034.92244384775,8.684380513183585,0.11902769489403549
8394,0.43106421512874943,233989.60966552736,9.288401245117187,-0.1820793584590275
8395,0.06795711318846244,39215.38992309573,15.554181507324206,-0.10473191753238398
8396,0.20336317733035508,123061.94270935058,11.12597573046875,0.06616920960899192
8397,0.9217037880147705,513453.9671472168,9.288401245117187,-0.040899859496408945
8398,0.4405349474509062,249390.3689202881,10.780087746337882,0.2425857122585008
8399,0.7247158513249591,330047.71819030767,9.288401245117187,-0.009639879087498878
8400,0.3750940769129808,157578.4700921631,9.288401245117187,0.021196259579457262
8401,0.2825916190988206,137401.6447735596,8.427035015747068,0.08425894338475384
8402,0.327863787386407,188256.5158837891,11.465131366332992,0.09508078629708247
8403,0.6169180879015211,316460.02482666017,7.746346513183601,-0.32313435669430823
8404,0.8416845016199439,512220.19987487793,9.288401245117187,-0.034026918510446515
8405,0.384175747175145,234046.33735839845,9.751668015747075,0.2738660012159019
8406,0.11524860861510737,48681.834974975594,11.390763516906741,0.2643835239170591
8407,0.7468248832400302,312679.4750787353,6.619333501159678,-0.6321559727934791
8408,0.09665026679094203,53726.567932739286,11.603595212219236,-0.05972629372340001
8409,0.36328130344678095,185309.20511352542,9.288401245117187,0.8256364166652694
8410,0.5502322188791958,336289.40881103516,9.288401245117187,-0.14558436350347684
8411,0.6388389835415104,377486.0344348145,9.288401245117187,0.12250823135454693
8412,0.7886504651766484,467356.2338183594,9.288401245117187,0.13444092770645943
8413,0.3440609601453425,241559.01862548833,12.880455148925785,-0.039311387619767754
8414,0.5069294161387531,226779.57125976562,9.288401245117187,0.29351313574178983
8415,0.4599290711788845,331469.28795166017,10.038300009765615,-0.5450426488330008
8416,0.4367730408228029,269732.22768493654,12.924265501342783,-0.015114395112521878
8417,0.6362781079961244,382360.6973327637,7.781165007202142,0.364279996164206
8418,0.6277003493483031,308667.9349267578,9.288401245117187,-0.5003707251490543
8419,0.36170189323367796,168858.1529101563,7.74634651318359,-0.03292588574015389
8420,0.692179829545318,276882.41494750977,8.23769550329591,-0.10718007120910661
8421,0.7464605017216441,253149.5999395752,2.755641010559071,-0.20675750522348765
8422,0.002552678021987254,1333.2625390625108,9.599754507324217,-0.17057129446864547
8423,0.7351414184171965,378529.0986840821,9.288401245117187,0.18644556938177048
8424,0.6060408021745731,319821.5063085938,9.288401245117187,0.18470384273683826
8425,0.1635827632843384,94764.07159118656,8.659101507202163,0.01005095933053727
8426,0.13724672217845543,70718.71008666995,10.461127510131837,0.16848637828330382
8427,0.4589759493527999,209046.9379528809,9.929562015747068,0.08865929510686525
8428,0.5658543708953202,256338.09160644535,6.17447212158204,0.046064817021576956
8429,0.30879042891325287,145178.94880249025,7.746346513183577,0.04089351391192203
8430,0.8305012337408698,491552.3332141114,12.875340751220692,0.42608805139654415
8431,0.6580875479373994,386331.0349780274,11.556861245117174,0.07326308997511513
8432,0.34239657475973584,169265.5998419189,12.096101021728513,0.3413386043755534
8433,-0.09675485815305478,-56338.43269592283,13.725167513183598,-0.005312089629515312
8434,0.18010432547177796,127448.57103332522,16.046638627441414,-0.04185824430854276
8435,0.5019327177263943,256948.6847296143,9.288401245117187,0.16318214846701834
8436,0.024122734423154612,14448.939921875031,9.160061010620126,-0.28533698319067785
8437,0.1447192263261233,84583.39869262699,10.084042134948739,-0.27645492485780765
8438,0.7390941666957879,315413.5550598145,4.980238000000001,0.12718837651362444
8439,0.5154958323445137,351158.15328369144,11.778641522949236,0.36521374067634044
8440,0.32606380127202467,150240.8549963379,9.288401245117187,-0.1162354164037705
8441,0.46239326917348933,235620.9422937012,9.288401245117187,0.3104430947034269
8442,0.5423059993961248,276559.80146118166,9.97114839160156,-0.14685022103815384
8443,0.470984366051919,303782.6324243164,8.724579998779308,0.04196319093345073
8444,0.375618495022985,167962.47005004884,9.288401245117187,0.272368201216008
8445,0.5984596618540021,326934.0199481201,11.9436250217285,-0.6408427811098394
8446,0.7659837629156664,268091.0801818848,3.8133715056152315,-0.3558124989470925
8447,0.4275496732013649,236536.25055541995,9.111311505493171,-0.5916187228605363
8448,0.25384193970334634,136455.91256103513,15.287719005859376,0.3133192903378425
8449,-0.04151564774188579,-17804.887435302717,12.639320127197262,-0.2931618748976737
8450,0.33612717863777175,192963.7963360596,14.692062740417477,0.17123088875104678
8451,0.7059055144807039,422254.49992614746,9.288401245117187,0.146461257797076
8452,0.9569976177386805,482339.2101849366,10.071780245117168,0.056885118236198115
8453,0.46191220205974265,291556.2999810791,11.940957251220684,0.20587962209476235
8454,0.5025387627550658,317292.843861084,8.956002002929687,-0.08080292954999907
8455,0.526732374812412,286926.8812384033,9.288401245117187,0.2565874042996871
8456,0.2762639630028491,129589.01013427737,11.135698508544918,0.19679260876618954
8457,0.58583164581599,384891.75646728516,9.2884012451172,0.300540848510184
8458,0.22220819958359678,121019.67783569336,9.470660074584966,0.0871517528747036
8459,0.18746311113818157,114686.57760498051,16.031752745117178,-0.16028706951866883
8460,0.2741866799609504,162505.00826293952,9.751668015747075,-0.30316717536586324
8461,0.5738350409603271,317592.08153442387,9.288401245117187,-0.1122722331604195
8462,0.6741956222534371,264054.166529541,4.980237999999989,0.08849992414421709
8463,0.578002529192288,308386.05750854494,9.288401245117187,-0.0937696774816853
8464,0.39706162382344845,228840.52631347658,11.027200730468751,-0.10363132963135484
8465,0.34408945041916683,169806.88220336917,9.597228999999981,-0.06396100237118307
8466,0.3023141673474202,185095.89998657227,12.483807737731933,-0.00680509492447743
8467,0.3344965461793792,231686.01295288088,12.096101021728503,0.2926596332140324
8468,0.6244265763233294,213700.99741821294,5.118024499511719,0.2183905756697499
8469,0.3153889842840234,134315.2065600586,6.7859439999999935,-0.005723455034009292
8470,0.27634978442820063,118247.80742248536,8.621789018371585,-0.18081817149146967
8471,0.7092852789473644,391531.59118774417,9.288401245117187,0.03081478079161401
8472,0.3517362478452661,216570.9812902832,12.096101021728526,-0.15533229124973144
8473,0.617292083446057,321340.86462890625,9.288401245117187,0.3235081434825635
8474,0.772236349037404,276274.81854797364,3.7893060000000056,0.47004057518585995
8475,0.3287560849879906,135979.29756713868,8.340686513183591,0.18299754266900103
8476,0.284681525541027,130943.15610717775,11.29977001586915,-0.433894646564348
8477,0.019381158135933718,8972.570135498077,15.054061382568348,0.45090271245224867
8478,0.15033350127677234,97320.67000000003,18.006720736572273,0.17162122402853036
8479,0.8844522375095927,481676.017508545,9.288401245117187,-0.3872026173658815
8480,0.730755660423469,289556.05521118164,4.980237999999989,0.15658993917185038
8481,0.5122496488714069,383059.3805963135,9.42272302172851,-0.15499269007605385
8482,0.18669045713887483,102279.97018615727,11.72332523046875,0.22533969778149024
8483,0.4625833734490053,297957.48879638675,9.288401245117187,-0.3667870160468968
8484,0.7882419970631053,301018.53273010254,8.466374997741706,0.11002407633478162
8485,0.5560132338907773,262613.26113525394,9.419334999999986,-0.06508508590275983
8486,0.1785355147614635,130556.54166015632,15.475730239013677,-0.42122221747257127
8487,0.22857238566910196,121788.26107421875,17.24345352868652,0.15794240222793968
8488,0.5474490092662682,286399.2478283692,9.288401245117187,0.6813138111475229
8489,0.1835612437096704,125414.23501586917,12.883987005859382,0.024747179494592993
8490,-0.012735111056401379,-6939.894981689446,14.190765015747061,0.07393469416509343
8491,0.6038495522479195,276142.52223632816,9.288401245117187,-0.03548473569416413
8492,0.27972840381537034,139207.56519226078,9.419334999999998,0.1929385646101036
8493,0.33758197975838383,102985.08920837403,5.705482997070311,0.38925135427820895
8494,0.5364444521708865,259359.37489440918,9.288401245117187,-0.49297302321737324
8495,0.46949748401393243,242728.82145996095,9.2884012451172,0.32022667687846346
8496,0.6134618444789164,327128.5735168457,7.74634651318359,0.058228144259712664
8497,0.38596237167196407,206796.2298480225,11.964122514404298,0.4318014979911652
8498,0.999626541332101,433458.9627410889,2.167251251220703,-0.10587067992910144
8499,0.653693756656275,290228.2323400879,7.74634651318359,0.07417196393518172
8500,0.6627418696378357,320140.13496826176,8.655421510131843,0.1814690590601926
8501,0.29900267159912136,154896.83310302737,8.454654014404293,-0.26604271473066093
8502,0.35377983401480645,232590.9199084473,9.512065513183595,-0.253404346660867
8503,0.4836227633743437,289430.66118103033,9.288401245117187,-0.3037319442855279
8504,0.5474439196114461,248544.76732299806,9.288401245117187,0.3137660335511917
8505,0.4515033254106923,309112.257508545,9.359160248535149,-0.33581136828396224
8506,0.5436331129841595,314005.1299963379,9.288401245117187,0.48222604117260337
8507,0.4729840756773833,238855.49218505863,9.288401245117187,0.10882664550934848
8508,-0.043041688605494954,-19208.56859374999,10.263803516235342,0.046446309818697566
8509,0.21843132612587637,111688.98020629887,9.751668015747063,0.15918641693654217
8510,0.8054082271562794,512538.3283843994,9.2884012451172,0.30354578507201346
8511,0.19097634574705322,114756.62496337893,12.187187523071294,-0.5636310826457029
8512,0.3737739671571065,298119.97633361816,14.867496507080086,0.18463510019198176
8513,0.47022003925945677,217164.5847937012,9.288401245117187,-0.037204254932238334
8514,0.6560513776147298,391903.75396240235,8.509161515625008,-0.12391238376643064
8515,0.435708137152035,254682.8839379883,9.751668015747063,-0.041892988162011036
8516,0.5018361104036012,234229.11509033205,9.288401245117187,0.18622635869298595
8517,0.6019353527951572,430337.0070507813,10.651551245117187,0.24479091189679178
8518,0.4738230929540664,255341.71151794432,9.288401245117187,-0.2714548096083184
8519,0.825747977991804,329377.5071496582,5.137640492675791,-0.11167194843203634
8520,0.37854039013248564,159259.9501599121,9.288401245117187,0.06115226559311632
8521,-0.004013033095388581,-2549.9023144530947,19.181736524292,-0.21074442625578937
8522,0.5252887423641646,253206.60998229982,9.288401245117187,0.030682541561191084
8523,0.3843646966515306,183733.27598632814,7.968,0.036927036677239566
8524,0.22059953723381417,104072.46474548345,7.924240513183596,-0.3149488244800275
8525,0.6299940925219472,480951.97013977054,12.187013516113302,0.15160019508259917
8526,0.0795385020190306,43387.118660888715,14.644278121582023,-0.16281415448782247
8527,0.6913152961365926,330156.41035583505,5.5017800000000046,-0.4205023613929762
8528,0.51009569309358,320527.1774920655,9.288401245117187,-0.010441475989492615
8529,0.523861367528289,224257.98018432618,7.746346513183601,0.30769819690049127
8530,0.10260804014029361,41145.82002929691,8.92685599389649,-0.27502279139510494
8531,0.2201607870293907,97112.30009643556,9.161932989746099,-1.0102077809706085
8532,0.5534933004367512,296700.2449511719,9.288401245117187,-0.4854524169399275
8533,0.13740119595423478,55272.00004943849,11.510229021606456,0.3303716135607572
8534,0.47333628242140263,278330.3971154785,9.288401245117187,-0.1040130534907584
8535,0.1555948924969548,106719.2115747071,10.49180699755858,0.12729334950648105
8536,0.8818625482650967,447809.70801513677,8.531247015747056,-0.15984885090664985
8537,0.8139386692555821,377530.60722045903,9.2884012451172,0.19854656140949967
8538,0.48115319717144167,254034.8608581543,7.746346513183601,0.2924816969667618
8539,0.3839833980670288,224577.29112487796,9.916781508117682,0.5386870831847613
8540,0.4738741099386028,283205.47526367195,11.453262000000011,-0.06686598997199811
8541,0.11978097083771212,57209.04488281249,15.85575951452636,0.446082916458768
8542,0.7137308147505572,313005.74235107424,5.469209764282242,-0.11139118539119174
8543,0.7497198083950688,473796.07507873536,9.288401245117187,0.3741517631127037
8544,1.0749891587456177,508915.5052728271,4.980238000000001,-0.05521969063951064
8545,0.5242470638147363,281514.2084954834,8.529725513183582,0.40077983376638
8546,0.25729614407521934,151168.22492492676,10.10959801837157,-0.052376337645249356
8547,0.39438416963336714,190598.59483093265,9.329992508544912,0.13627388642148278
8548,0.10376759081544802,54529.73002929689,9.288401245117187,0.07734745870618961
8549,0.34734180843582674,187822.85786865235,14.335052444824228,-0.029036785802755226
8550,0.22743070139537108,144577.09497680663,8.558397242675781,0.08063328414817589
8551,0.6140680063017435,398026.4371997071,9.288401245117187,0.15230617056158796
8552,0.745644399424523,409935.69865295413,7.74634651318359,0.03502686834991683
8553,0.584667781009405,329656.13742065436,7.085362015624996,0.32343076148180405
8554,0.07348316676161196,48636.32551940921,11.135111121582032,0.003003142277304466
8555,0.9060123549567319,603001.9287451173,14.867496507080086,-0.38174696985155426
8556,0.4474561896485906,269500.2847924805,9.288401245117187,0.08083120980763296
8557,0.5337824025205012,281287.17382080085,9.288401245117187,-0.21246448529265388
8558,0.3864166182285281,282860.48525878915,15.714346513183603,0.43493094232219703
8559,0.14345647426168892,76681.58215881349,9.419334999999998,0.29749161760692616
8560,0.6901017235364867,385655.53144226084,9.288401245117187,0.4031307243249312
8561,0.8148419765470172,256449.855189209,3.611411999999988,0.1812441612817681
8562,0.2560887421158327,153249.30497009278,11.712690014343266,-0.36097959417815484
8563,0.709023013245158,415469.60992065433,8.425291005859384,-0.10578222395918507
8564,0.7295007792425157,498011.1233978272,9.288401245117187,-0.3166129074464621
8565,0.9821918213227039,423348.7427355957,2.7887005025634775,0.01928990386199523
8566,0.17012309844777,120088.19986328128,19.082867510375976,-0.3402949132380605
8567,1.119880042680988,480377.36001770024,2.005321502563474,-0.362531505472697
8568,0.45052731048352684,242747.03170227053,12.300957526000962,-0.23365110785973084
8569,0.49791632198342867,229090.4749108887,9.288401245117187,-0.10787450505909163
8570,0.5627038818924933,304609.6623229981,10.82040764099122,0.44751534151461814
8571,0.475538262735003,294574.1335070801,18.66112487316895,0.14116238193285413
8572,0.46495489001715923,293840.96692687995,9.288401245117187,0.28792572062819727
8573,0.5779348192548992,274751.23002502444,9.288401245117187,0.20147589500510268
8574,0.6163059491000359,309506.84506164555,8.68790799389648,0.24140949982350715
8575,-0.019531296302644826,-11442.192263793928,16.529758007202147,0.2844964431064221
8576,0.03054014366359595,18484.946466064488,11.108082993774406,0.11396669898952941
8577,0.7529938200268178,322050.4263421631,5.5017800000000046,0.253117959346345
8578,1.2163021803590648,590813.5351031494,2.005321502563474,-0.026222920167549915
8579,0.4220404472926166,229862.18498840337,9.7428157244873,-0.1478122637964145
8580,0.24484499112128633,160837.76226257326,14.439060750305163,0.002659844356614128
8581,0.3380147883947817,260662.70494384773,12.185443513183598,-0.22804620731089478
8582,0.5516338688804936,308442.0000720215,8.509161515625008,0.27997508641726304
8583,0.5074502211625946,285968.3044018555,9.288401245117187,0.3504738537881097
8584,0.9288260400507472,537218.9349267578,8.79799974523927,0.13080161181342892
8585,0.16540556559418687,119248.08162109379,16.6917999901123,-0.41607943148750187
8586,0.2942268769749134,150297.56758544926,12.961200100341813,0.07999677893554821
8587,0.3389667127548384,162720.23380126955,9.97199074511719,0.17538387868001162
8588,0.823114590168098,347382.77994018554,4.980238000000001,-0.0832953755916169
8589,0.22116471659230785,118361.98225341798,9.288401245117187,0.06217788885386411
8590,0.2331655007720659,66702.26604614257,6.7859439999999935,0.1607792536846752
8591,0.296241055024955,133340.6363244629,7.74634651318359,0.2654722664342891
8592,0.5884148793889864,395391.47161010746,9.313104513183585,0.16066369789892437
8593,0.4344768074776505,211436.00009887698,9.288401245117187,0.03959258763739386
8594,0.4791903789252006,209715.26994140627,9.161795014404296,0.060073695154612444
8595,0.46758891545537434,257009.82860839847,9.751668015747075,0.19078082905188687
8596,0.28662089250162265,161240.91495056154,9.751668015747063,0.35611772763511906
8597,0.38779683168535717,154994.11506042484,5.844781492675782,0.20009699272279244
8598,0.7109197774097655,306308.74525573733,4.980238000000001,-0.13430265059035423
8599,0.4758662358785376,304800.4850415039,11.027200730468728,0.22028417475349749
8600,0.401477574181128,189261.39493896486,9.288401245117187,0.4454258345665586
8601,1.0829588454598549,449316.10514770506,1.8080500030517694,-0.1424682621313129
8602,0.9349220728604061,382196.54580444336,4.9802380000000115,-0.12188973980225927
8603,0.7074585606013688,466185.54006713873,12.694902245117188,0.5967920141962486
8604,0.7023655787055852,367792.89996704104,5.5017800000000046,0.11683185472124341
8605,1.0253322596700558,453366.952121582,2.167251251220703,0.32289820159226545
8606,0.6206771330339647,226945.9680279541,5.6873790000000035,0.2461335243473734
8607,0.8290557911340724,338987.9486791992,2.005321502563474,0.23470959724661325
8608,0.6858686805839864,414437.3071295166,8.52558624267578,-0.38645730518292787
8609,1.0348876316484668,705679.3448327637,9.41933500000001,-0.5747585561135986
8610,0.1821269330451287,121358.70992492679,10.173272244384767,0.18680709500974885
8611,0.2616868043907987,194916.1672381592,20.845836017089823,0.16034550803313458
8612,0.839112981131895,573131.3286022949,11.917506019897479,-0.49276538919295276
8613,0.37849145580882027,232245.2326550293,9.751668015747052,-0.06655254613407438
8614,0.19378976107275067,101215.89489990234,9.385442014343267,-0.23665488701970164
8615,0.22919235192385048,145364.4899145508,9.288401245117187,-0.0028482428188239635
8616,0.9657012967255548,603176.9671777345,9.552052513183583,-0.11910068885826737
8617,0.375249925505418,138904.48111206054,7.74634651318359,-0.09591705659830986
8618,0.1833296472282053,114999.58329589851,13.61285022192383,0.05665680467106488
8619,0.8811374421004913,635710.4084173584,9.288401245117187,0.43801108973881436
8620,0.5178344504959566,237248.029921875,11.094107245117193,0.16155429066175525
8621,0.17477182255857218,96559.0149230957,13.509963513183592,0.39517622693222665
8622,0.03678225163281576,19833.234926757825,11.568959020507814,0.21997936753199118
8623,0.18038297012374546,93860.34235351565,13.672520640380867,-0.09656441841686497
8624,0.3039513613472639,106596.19500305178,6.9433464926757855,0.16443212508436955
8625,-0.08335487513093257,-46355.59490844721,16.261225494384764,-0.4140214873401161
8626,0.808437849649811,352522.8397381592,5.017944009887683,-0.4653289957396406
8627,0.4626227102441186,347210.2683569336,11.293722747680638,0.2133206505334251
8628,0.5898358241241183,284034.704932251,8.437662007995602,0.45216358392578804
8629,-0.23734294634977537,-79261.81505432128,13.079355245727534,-0.35666438414654567
8630,0.39128318909512233,232071.56379028322,9.288401245117187,0.5733559629030389
8631,0.3381962229045558,170521.17029052734,9.288401245117187,0.24605979360733674
8632,0.5539671754916482,450545.7523944092,9.466295245117205,0.2555306810181511
8633,0.22956851041855594,171104.01624206547,14.268639245117187,-0.09310932375345254
8634,0.25898058100410565,142797.73519409183,16.54048499389649,0.26508957430747027
8635,0.25920953228180926,134765.71142211914,12.096101021728526,-0.4680771583310825
8636,0.3173193018855031,225359.21492736822,12.185443513183598,0.445373460192279
8637,0.19122614033850224,124221.73621704103,14.121749865600583,-0.06907092529626246
8638,0.6167388112414275,289835.6801391602,9.2884012451172,0.0404385852966921
8639,0.441099757653786,218857.811862793,8.562133749389648,-0.15717976898381752
8640,0.6885555045682782,374555.7848583985,7.746346513183601,0.12170563908968962
8641,0.21733384510145196,112279.44013122561,12.101387993896486,0.08897507278008589
8642,0.3565219127541327,182931.3485650635,10.723007020507799,0.30347194092234864
8643,0.5673560453035673,412049.4890002441,12.968822513183603,0.39335951794122914
8644,0.47829316817264245,294989.1640319824,14.413091865478503,0.393410830653062
8645,0.1717300581861788,106522.75574584963,10.642871881103517,0.25572808168651623
8646,0.44530771790708457,282516.4001135254,11.42465650256347,0.2233854883599742
8647,0.023677769009358786,18060.930098266632,24.517395895385743,0.017617080951535885
8648,0.7735742612474452,338027.5753851319,7.968,-0.28212409472395744
8649,0.43859239627604996,271995.3000164795,9.288401245117187,-0.041930911738403576
8650,0.6355610012446568,350287.51696411136,9.552052513183583,-0.22632289933278785
8651,0.34822324293267065,133801.4552624512,9.288401245117187,0.4380227792645345
8652,0.6192819769989268,304942.8399029542,5.791325380981446,0.49925275389977963
8653,0.7958704671645352,436121.98425170896,8.303042220214847,-0.14366269701653153
8654,0.7906385927149213,394241.720111084,9.288401245117187,-0.3478300305934687
8655,-0.13890343029282784,-69742.68508544921,17.59228274768066,0.11021380511036392
8656,0.5357144999916461,251638.6010119629,10.389993393920898,0.4547369691366158
8657,0.9277449145004357,571662.1718432617,8.168288865478523,0.16312823552342534
8658,0.4729660494289168,287013.50512146,10.26310201916506,-0.07684304426204433
8659,-0.12334786590907174,-95567.48749877921,29.93496124804687,-0.20674259848023174
8660,0.33261483097311634,215357.53478637696,16.458960021728533,0.04325048983945041
8661,0.39743072370798715,193543.6288946533,10.536051639160164,-0.11754842562106817
8662,0.16445414083473747,120917.84341308597,16.99209501562499,0.0280772559313655
8663,0.4983979306364314,260754.16267517093,8.367389628417977,0.38257993012431524
8664,0.10203768158302756,47625.94037841799,15.045390507080066,0.049027917040595316
8665,0.2794170262499425,136380.92012207033,11.081326993896486,-0.4251090357969198
8666,0.15074489319626436,90163.64991882327,9.329992508544912,-0.21440127441149212
8667,0.8433571774945172,298687.36528198246,2.005321502563497,0.3123928349483293
8668,0.2239418400222702,121209.38003173833,9.929562015747068,0.1769770247260156
8669,0.7778858554904942,373272.71995483397,9.288401245117187,-0.18035021682168298
8670,0.4381438918126945,216749.8948504639,9.288401245117187,-0.02051997530845231
8671,0.8235929721032148,455528.72268432623,9.675430015747063,-0.0414558089142979
8672,0.158237889456145,90919.9673669434,11.064608525390621,-0.14133681012498
8673,0.6773189254395007,280636.50671691896,5.930227498840331,0.133390539570959
8674,0.29163977390774337,154482.93272583006,12.96882251318359,0.492943889344505
8675,-0.012451908484824399,-7748.41621215815,12.699691014404294,-0.0061531198101137516
8676,0.39344105521986417,228037.32804138187,15.714346513183603,-0.031947235306750824
8677,0.11916265909541988,63806.790064697314,15.301839758300792,-0.10791405413685172
8678,0.21928149505214803,116314.33378051757,7.7726656441650235,-0.2953855064564907
8679,0.5049224403313421,262491.9849346924,9.751668015747052,-0.19239025790676348
8680,0.6607234818444346,394200.2357153321,13.769087756591802,0.28936595122092124
8681,0.6726906069745363,339306.87315856933,9.288401245117187,0.11819163084655364
8682,0.5936570330370295,255179.9738085938,9.288401245117187,0.341079433505127
8683,0.37037613831349014,134218.2050720215,9.288401245117187,0.03296607845376818
8684,0.492156389825191,261215.4337164307,7.760967513183598,0.5069018188098287
8685,0.7086287623922298,358133.6263085938,8.52558624267578,-0.1356237374490202
8686,0.8336685257305892,445291.7283764649,9.288401245117187,0.22497282573166522
8687,0.4368495676829094,278131.42460266117,9.288401245117187,0.04345103986769998
8688,0.07698570303441588,39744.514966430695,9.735308745117194,-0.5434164363456054
8689,0.1988941905435681,122428.4833874512,10.470489898925775,0.20987469044270055
8690,0.2707201051591257,156049.03997070313,10.92012051989746,-0.13218505790157248
8691,0.6880398947712929,402855.8985046387,9.288401245117187,-0.04823826808388685
8692,0.2253526317457231,89664.36007202149,8.982292999999993,0.07576776485172036
8693,0.8091963254204397,465946.2660913087,9.288401245117187,0.05650226840424596
8694,0.4537522722224768,215554.12505615235,9.552052513183583,-0.3819072020454925
8695,0.38665760485374023,238612.9993597412,9.288401245117187,-0.31919210074769794
8696,0.4055080257481876,159363.07709777835,7.784052523071296,0.045347408060354435
8697,0.11371115147577321,84198.33120361333,14.268639245117198,-0.352958272332535
8698,-0.006291752571247975,-2425.6139343261602,9.329992508544937,-0.19621768169778409
8699,0.46628286555202103,302234.69109375,12.460354023559555,-0.07139783794193236
8700,0.5869361207242572,320684.1637841797,9.288401245117187,-0.5316692043517108
8701,1.0033956983216141,396093.7438793946,2.8305584930419925,-0.13959606245303247
8702,0.7917451891536232,331174.9526025391,7.1429619952392525,-0.028032552256252674
8703,0.19391878558198386,142601.76234985358,13.458719515624992,-0.16187390254848194
8704,0.6374363611372618,386421.0615856934,9.288401245117187,0.06924919027480164
8705,0.05186679480633481,23666.179822387727,8.42964502355957,0.09301244702914263
8706,0.5121973955035866,202720.735324707,9.570998139770515,0.308446839433
8707,0.6552999487919725,418631.63990600593,9.288401245117187,0.19353995731137277
8708,0.7221156497412985,362775.9579522705,9.288401245117187,-0.035091119764910556
8709,0.27112088865826267,154778.8235583496,12.096101021728513,-0.14021170255388285
8710,0.5975394431762542,260771.69762329105,9.288401245117187,0.35566308977027633
8711,-0.10057922002311452,-63647.8613104248,17.57895715972901,0.10826256519739434
8712,0.4584956422456169,303885.104140625,12.493582962158206,0.3444140249620961
8713,0.33375057696475874,109966.62782165527,5.325942352294922,-0.4551508206313983
8714,0.21672216320975066,130079.07882202152,11.99811701647949,0.29924109477800453
8715,0.8088204464591776,270722.70384277345,3.811027502563479,0.09695084953334746
8716,0.11876094773788418,58698.58848937991,9.552052513183607,0.028814973052889284
8717,0.18802755070683286,120014.44748474122,10.408229513183596,-0.3013164500397283
8718,0.4597345583182807,240035.01992553714,7.746346513183601,0.32379019680695764
8719,0.4409319603989878,226569.34259887697,9.288401245117187,-0.07097303549787412
8720,0.10196901455802221,64718.27767578127,19.70798651318359,0.03909184986757693
8721,0.2163676973469368,104825.28126525879,10.181866020507819,-0.5464534119773078
8722,0.41620827330253546,228417.84015380862,11.942113524169917,-0.3470952451674643
8723,0.16911473999027837,91442.06988891606,9.751668015747075,-0.0626551046640236
8724,0.8051476451456218,352244.00013671874,7.95775,-0.173468264929116
8725,0.6685370192709756,444369.2164624024,9.288401245117187,0.14648128099434524
8726,0.3298396757472967,227418.6700927735,14.059209514404298,-0.18227828265171495
8727,0.6952386624364049,417955.0352539063,9.751668015747063,-0.3482287086649647
8728,0.9553735885309272,461144.7723779297,6.7859439999999935,-0.2971969505064884
8729,0.3065128656928404,230702.66134521484,13.67884962329101,0.41381229666631303
8730,0.02104163366763488,8218.959945068382,9.288401245117187,-0.3095279174128903
8731,0.7436873755991551,375289.09863891604,8.006001511962898,0.09725512772401936
8732,0.7722837828853597,361180.64508666995,9.288401245117187,0.08157396661053946
8733,-0.020510826527322,-14722.474883422823,11.903174750305165,-0.03909151741902434
8734,0.7568379026954651,335799.5335766602,4.980237999999989,0.14040139423525289
8735,0.8634096130413355,400505.18496582034,7.121149993896473,0.4433243493608184
8736,0.839411490030445,300878.52967956546,2.005321502563497,-0.12437782844426935
8737,1.1217197244857169,612001.1450317383,5.763617000000004,-0.5762802444105553
8738,0.5092645161640806,304374.54471984867,10.188458497741678,0.006274529552172159
8739,0.7912238383696586,501842.9571984864,9.576737492675777,0.042894061189113576
8740,0.41843468189131194,190080.8548742676,9.288401245117187,-0.3180304030495702
8741,0.17893953535373885,125806.31612792969,15.49269302636718,-0.26315534099537313
8742,-0.1857151075740634,-89785.35640380859,16.81037615356445,-0.08073101343576158
8743,0.830486255469276,450531.8099865723,5.017944009887707,-0.1569949643897191
8744,0.6492329145994701,374814.52961425786,8.808132508422853,-0.011663965847379554
8745,0.43175795093708513,158100.09982666015,5.684853506958019,0.05127189364274614
8746,0.5645218404744484,302600.0113537598,9.014370866088871,-0.04532042249998654
8747,0.8225429338497753,413238.7751171875,5.402180352294934,0.1015541304328805
8748,0.691544749162972,429142.01016601565,11.230208736572251,0.31237784723064554
8749,0.4568441531965828,290385.95895629877,9.385442014343267,-0.021269424553560196
8750,0.12933045579729638,86849.00760803225,12.241939475769037,-0.018025113921612834
8751,0.766724856591759,456807.1143920899,9.288401245117187,-0.2909668787466301
8752,0.5862329151047533,447007.5982312012,12.185443513183598,0.027986022069737184
8753,0.37134086327542026,241012.05508422857,11.108280753662111,0.007825644450171173
8754,0.5466405624008603,265624.68666625983,9.288401245117187,-0.1637777889369232
8755,0.27577117119891986,112801.46504882818,11.514050997680659,-0.0411042242374885
8756,0.07558885164176017,63979.07294677736,19.657651991333008,-0.4446095940147018
8757,0.8132221955739415,386342.9824438477,9.288401245117187,0.04901887598360388
8758,0.18693488021281898,107119.0036633301,11.652397249755857,-0.20450735681292456
8759,0.7256011068175753,456316.48264404293,9.996708746337879,0.25796953581179793
8760,0.7407605576136973,378889.74525878904,9.288401245117187,-0.23949774034448099
8761,0.8379058510331252,490169.24755249027,9.288401245117187,0.17189583976940898
8762,0.061506349767774186,41971.26512512204,21.847016513183583,-0.033935447686112855
8763,0.36923224347814126,157901.75872802734,7.746346513183601,-0.28087337781647714
8764,0.5756027625245124,303742.6027484131,14.268639245117177,0.21015645264090724
8765,0.5748035774215725,328739.82219970704,7.889086806152341,-0.29749245190293827
8766,0.33604152162758605,207955.17508117677,10.442983510559076,-0.27249717482528857
8767,0.8160985608712983,337213.69122436526,6.362747013671859,-0.11864871727919178
8768,0.31049583439629863,146982.88253845216,9.288401245117187,0.10116159670821934
8769,0.5545620457757189,312426.5094470215,9.83371623657227,-0.11435055079880527
8770,-0.011633181245759905,-6269.097419433572,14.52692374633788,0.5386999518308315
8771,0.2045161419865205,127537.07304687501,17.25191175671385,0.10746400318651295
8772,0.4089150415708101,201746.28474243166,9.642131752075196,-0.07920661691017704
8773,0.3288492328739527,189093.58234252932,9.751668015747075,0.3397577689398773
8774,0.392336033613326,193162.65631347662,9.288401245117187,-0.03932608762450551
8775,0.3406416167686422,235421.11813293464,9.288401245117187,0.3723900557246728
8776,0.8403907706788878,304811.5071624756,2.167251251220703,-0.018207682846760026
8777,0.47464523817487275,252134.91891418459,13.334641899719252,0.43803859395122835
8778,0.40398219750677056,194650.38002929688,7.746346513183577,0.22116969720038368
8779,0.5505256567008768,244055.94004333497,7.924240513183596,-0.20937386072488645
8780,0.40773983665401586,262206.073034668,10.389491738159187,0.14770336599214687
8781,0.4305942514173744,194928.46011962893,9.288401245117187,-0.24354701903215456
8782,0.7710788377624774,243665.58998901368,1.843431008544925,-0.29431993164808656
8783,0.4080376522655907,286453.83745666506,12.257140730468743,-0.5975581736201826
8784,0.38608896753911404,277451.8401708985,11.405665723388688,0.07762115387979651
8785,0.5007984458828214,302530.9111480713,12.577322508544917,0.18964923434571698
8786,0.8399601581136701,362018.9462719727,4.980238000000001,0.0003779527533305497
8787,0.328201944444557,169921.65344482425,11.776470255004872,0.07967197446297129
8788,0.20900792766868714,78819.20364868164,9.288401245117187,-0.3079431182326686
8789,0.6403974654861251,348051.4149499512,9.288401245117187,-0.397186351840266
8790,0.6399944521209106,354052.8165789795,10.35046923913574,-0.10823602557846436
8791,0.3850209249016491,146068.94898193364,7.746346513183601,0.7209524699804349
8792,0.37140182391213356,189423.10569458012,9.504001255004876,0.35785760952200235
8793,0.5225892812908065,200683.44506347657,8.734599517700206,0.604647740348115
8794,0.4802377640940258,254856.0995617676,9.288401245117187,-0.07820754265665363
8795,0.5624384748379687,300721.62719848636,9.552052513183595,-0.11327339442538589
8796,0.5133898092628258,102991.97149902345,1.7491485018310604,-0.2779374991356372
8797,0.7377716084721588,425606.3264733887,9.288401245117187,0.10527116443576585
8798,0.5293173046200158,198674.37999572756,8.676307501220704,-0.13504715832769945
8799,0.39948556726863066,214976.53011108405,11.97309548901366,-0.10604828985903846
8800,0.76162691633997,171279.52870910644,2.005321502563474,0.2512978326830447
8801,0.6679280765009278,405258.9549475098,9.751668015747075,-0.016362557888336234
8802,0.5193709305588281,329949.2341589356,10.482635366699228,-0.18410637566575835
8803,-0.06517582406191119,-40337.10015319821,13.956264004943847,0.13826050447208507
8804,0.8110575066848319,374381.0326403809,9.2884012451172,0.8136185806370572
8805,0.9937463057346508,578517.3699633789,9.288401245117187,0.4539500714836591
8806,0.17298981845033726,109912.20494262697,12.096101021728526,-0.24582297241861187
8807,0.24742210982908255,146993.3951184082,17.520052513183597,-0.05616107903714585
8808,0.5941679113326097,319311.68021240237,7.746346513183601,-0.029352860104134095
8809,0.656985132207517,340802.712331543,9.41933500000001,-0.26194166934508817
8810,0.2794457597252628,153980.40000671387,12.096101021728513,-0.30963053510057603
8811,0.5640826470242124,388650.11016906745,8.9054820058594,-0.0010991671551845547
8812,-0.17063129559666632,-94762.04609619139,17.676431224609377,0.3435355725970296
8813,0.5998897533352243,348473.19493041997,9.2884012451172,-0.3725547389257659
8814,0.598187917889076,386093.918602295,11.029165751220706,0.13140022745903
8815,0.3089362473804327,137749.19135559082,11.325064000305172,-0.20067828934623935
8816,0.5110145540709996,277303.293916626,9.288401245117187,-0.5862862754219988
8817,0.17362911786049465,89367.19365844727,12.96882251318359,-0.029707800175743572
8818,0.145522094289661,55382.9100201416,8.32338751104736,0.09839297889995127
8819,0.6486797293298302,331030.30887451174,9.510873999999976,0.3918975552628371
8820,0.5691926477447774,294899.774901123,7.746346513183601,0.4035378704371867
8821,0.09478540897187322,77595.55947753911,14.473849520385732,0.07113808138362253
8822,0.4909080821356464,226533.86863159182,7.9037490058593685,0.40513309602586134
8823,0.6469913712561123,240034.96990600583,7.16345350256348,-0.32223390083056414
8824,0.7848990959994931,451488.84369384765,9.288401245117187,-0.12821033666856058
8825,0.29696103387130846,114302.01965576176,8.94058063476563,0.6014558959099633
8826,0.4327993326912142,229214.78501098638,11.943694245361328,0.27156103072931626
8827,0.8323402235345072,408172.1651733398,4.9802380000000115,-0.31893264477558964
8828,0.06626377449452629,33540.87512329104,15.513304511230464,-0.10148563017247916
8829,0.6083162930811816,309205.2647692871,16.57531802563474,0.4154715805768164
8830,0.46054170335994676,286692.54137268063,12.096101021728526,0.16454574894758056
8831,0.9241628134042413,599255.0035711669,13.638155753662112,-0.20947158975943095
8832,0.1517308149590001,69739.30629821777,12.096101021728503,0.4150237824558666
8833,0.33993999579938394,192154.32871093752,9.288401245117187,0.15197165857459155
8834,0.06977747963926843,46630.239826049845,10.771518264038091,0.17023162472864536
8835,0.3975998132661668,262560.3851629639,17.82410937231446,0.04846245872223653
8836,0.7310400528499099,263182.4100610352,4.9802380000000115,0.18046966651193594
8837,0.5978428465514039,386627.94879760745,9.329992508544937,0.08343211953293224
8838,0.39996361093638805,215520.8246801758,11.550089520629879,-0.011904452024436435
8839,0.4180413375305288,285673.86488342285,12.261527632080064,0.23943750196038707
8840,0.4465521605719689,191333.6560009766,8.722623027709952,0.17555528887718239
8841,0.7294893362648863,440236.6461865235,9.329992508544937,-0.39131810177792836
8842,0.42686433567440174,236018.01347778318,9.288401245117187,-0.03340533117122766
8843,-0.07140721610045209,-49734.67363464353,17.19596801226807,0.11980006633875999
8844,0.49992426439405385,303940.14507812506,11.108280753662111,-0.20064674540497043
8845,0.5811189089548532,203137.68860473635,4.980238000000001,0.29790886524032056
8846,0.740941193997285,299391.4987609864,7.156673366699227,-0.2468245412828446
8847,0.35013908165410385,186898.22494506836,7.924240513183596,0.08882787673906527
8848,0.2696280234530202,159828.21982177737,18.14505299999999,0.7737080145410712
8849,0.8444332008228956,415137.6759893799,9.288401245117187,-0.17601996084969293
8850,0.1442629117782107,101330.02674316407,10.053206513183586,0.02042657579254081
8851,0.49400993274830074,290689.039821167,9.288401245117187,-0.30282435626564314
8852,0.33581987413320347,232685.76506164554,15.330707239135727,-0.07489407649205898
8853,0.9471250221056697,550198.2173706056,7.74634651318359,-0.027209437408598974
8854,0.13331824563516487,61808.76013427734,15.220965515625013,-0.07763380423849252
8855,0.8362376852430276,477158.0598797608,9.751668015747052,0.05684375613386825
8856,0.48512638823585547,323665.2087695312,12.096101021728513,0.00312799266548018
8857,0.40073271752532025,256444.7100830078,10.85697351318358,-0.34517654127778497
8858,0.09204718971662794,53915.964771728526,8.847437006225576,0.02462553086658061
8859,0.29982555993282983,200491.27631103518,12.968822513183603,-0.22839041299672164
8860,0.29808593222547,174583.14528381347,15.009207732299798,0.2433930686385373
8861,0.37988899738277554,189473.54825683596,7.746346513183577,-0.4824142325612662
8862,0.2140908329244824,95203.92997558595,7.74634651318359,0.30825152166899733
8863,0.3838349812470501,254350.94250244144,9.577757506835951,-0.2535788522425957
8864,0.4285584374593473,234130.49771240237,11.333286019287096,0.005672656624828896
8865,0.22836669681579663,137897.0451629639,12.983998001770022,0.033652555268869476
8866,0.3933884448207462,196678.4462860108,7.746346513183601,-0.5472278904093371
8867,0.1948532395910965,113289.67102172853,14.190765015747072,0.4040271379931635
8868,0.26945547142953674,123658.70787841798,7.74634651318359,-0.07303728404921284
8869,0.4034665674694582,231644.97922851564,11.453157737792981,-0.0441508266013943
8870,0.09962608030040608,46361.33999328615,8.198914000000002,0.007024120208246237
8871,0.8002083421142085,397181.28370788577,4.980238000000001,-0.33326179484903345
8872,0.2157487492290275,119512.69256225586,13.877599145263666,-0.011173437283438203
8873,0.9145127205582391,559687.1395800782,9.288401245117187,0.2560452057561996
8874,0.4722507876822361,298187.68016479496,9.851534508544917,-0.04947634275779901
8875,0.327455572411213,188361.75633422853,13.850414640380873,-0.2783406968792231
8876,0.39706311431879504,211251.09849731444,7.924240513183596,-0.5396865160014372
8877,0.5844929146021773,422678.5898156739,9.751668015747075,-0.3515474029452822
8878,0.5669395536418265,365805.99590026855,12.459841516540525,-0.17742124394597786
8879,0.052465256069617806,26108.821348876954,12.875340751220705,0.20007798793090323
8880,0.5017443941860219,244074.38497741704,7.746346513183601,-0.06889470291700421
8881,0.44469624105033456,262191.3542572022,11.726636730468739,-0.001436329267385918
8882,-0.06761631900090556,-40738.707364501955,20.52464952978515,0.40537094308843596
8883,-0.0014973415926972497,-884.4763195800551,12.549560999999997,0.16606357447959208
8884,0.6133295015079098,293522.72003479005,9.288401245117187,-0.1085472023808308
8885,0.32318160384272904,121621.21882019045,9.488630616821279,-0.164973809633536
8886,0.31606407739086995,146779.1049676514,10.309648241027828,-0.04013814119454681
8887,0.8263637389875913,340445.6887817383,4.980237999999989,-0.2892140979353011
8888,0.8784516770326981,535329.2751623536,12.185443513183598,-0.20001107019278436
8889,0.45952421535057947,288864.44618041994,13.748062242675783,0.008355324289937708
8890,0.5496972909967696,293204.1434570313,9.867748236572277,-0.42060077753917624
8891,0.7935578953391115,583416.46258667,9.288401245117187,0.07162433492131144
8892,0.12866176775469665,50543.15978759766,10.454669745239267,0.057616100800888026
8893,1.1923242410902657,560467.3600653077,1.8080500030517577,0.0756386400125574
8894,0.807747951028346,256586.40233398438,1.9631084926757962,-0.3571726221594732
8895,0.6267258768287602,429398.725946045,9.751668015747075,0.14955471165279863
8896,0.716292635006334,300103.2787573242,4.980238000000001,-0.27152067430695637
8897,0.2530531174428824,173654.52009094245,11.727837515625009,-0.15111855712326416
8898,0.43310447492812265,244233.43609130866,13.893229017578124,0.2586995553709969
8899,0.4432237743925105,228761.23736450195,7.74634651318359,0.023533873615544088
8900,0.8049696088399686,314350.47339172364,5.399876505187992,0.19775599647863779
8901,0.21959957109074046,107971.87201049807,13.046630516113284,-0.05201432054885593
8902,0.7442025804121802,245626.68733886717,3.484296996948239,-0.05876410598872784
8903,0.08213912876876198,44686.24513549805,12.101387993896486,0.06087127874613233
8904,0.1507993348818175,93904.2329815674,9.288401245117187,0.03541870589675468
8905,0.28125785014480903,103356.27502441409,12.948238,0.14745465133576402
8906,0.617168002745077,259790.06442382815,13.091713079833983,0.3398484365892585
8907,0.1366363435942291,68651.09133483889,11.80476389416504,-0.6001737600233286
8908,0.591330468145279,274197.5447546387,7.74634651318359,0.15975719113861886
8909,0.30616509356533794,164096.10501098636,8.631381513183587,0.23091213719007894
8910,0.18091673432929253,116041.12661010747,9.751668015747063,-0.2945170890162959
8911,0.25066627126505675,108327.75997802736,9.385442014343257,0.06525692540903154
8912,-0.19128360340350367,-131932.2394604492,26.200324960571297,-0.18695481891042315
8913,0.21035757110831393,97778.01609252933,9.2884012451172,0.17630181442804507
8914,0.28545377672531685,119257.36128967287,8.558897999755875,-0.2264636590927679
8915,0.45457077306685917,253149.7512823487,15.583322640380871,0.12390150475789194
8916,-0.07222971856831188,-33504.75619750975,12.16778713012695,0.3711661489366278
8917,-0.041467396454946105,-28917.8436804199,13.901992031616217,-0.04120124500964124
8918,0.3233238890630646,168264.33614074712,12.185443513183598,0.1477527375123146
8919,0.9457386477971895,489435.3850177002,9.288401245117175,0.0694378535194737
8920,0.41115904724420144,338111.9687683106,15.714346513183603,0.2753842632677359
8921,0.7969606729694504,329288.24000732426,4.9802380000000115,0.05947129743212077
8922,0.28068549624158673,170278.2201904297,10.630429513183586,0.28610980011274245
8923,0.2679212385065204,182520.93525756837,9.512065513183595,-0.05653535207664715
8924,0.3281152194765265,89432.38987243653,3.622704000732419,-0.4449872877274254
8925,0.6525600307429261,176419.22013671877,1.9292354999999979,-0.6790502787586845
8926,0.19087636898741545,105332.15642883301,10.277326403320313,0.34901268641395267
8927,0.9118309685281708,455942.5737854004,9.288401245117187,-0.14577246240823682
8928,0.5423551021285736,345808.4009741212,14.028855523071298,0.4366462585945047
8929,0.20752410703878446,108079.81985107425,12.1086605296631,-0.1331300568709256
8930,0.1401532484578495,77291.32502441408,13.449626507324236,0.025101359405850104
8931,0.05117980822713086,37370.25625305182,19.423444508117672,0.6795833050730838
8932,1.0340231030730984,584233.1330761719,9.288401245117187,-0.19623778681785464
8933,1.0901441409422086,435854.04694946285,1.8080500030517577,-0.08633035733846514
8934,0.8470822064726116,437252.9777380371,7.74634651318359,-0.2543679745480961
8935,0.14944642514927167,94079.47468994145,12.968822513183603,-0.5163495575426977
8936,0.7343845716236846,388048.7494921875,11.459414513183583,0.20360498546233544
8937,0.2949022739886507,147561.41856445314,9.2884012451172,-0.1678921833619985
8938,0.14729761040664113,88866.39001159668,23.85945251324462,-0.26194731196332416
8939,0.2753398286210838,150050.42619750975,10.905241007202141,-0.4547809547691493
8940,0.6067149199706607,241856.9549993897,5.671553494812013,0.32425876214628047
8941,0.7328248769083949,500252.6257397461,12.931457024291996,-0.16421799754188876
8942,0.531020097148112,313743.4451953126,11.332586507080077,0.6222183009826358
8943,0.09507317830322706,82040.5176733399,19.22204601434325,0.12055244363724404
8944,0.8611597706978257,440064.4600280762,9.288401245117187,0.4037334202268923
8945,0.40620921365832796,126987.68523742678,5.315534492675774,-0.25210987821840525
8946,0.23488124797009452,144388.25519836426,13.951162513183593,-0.16527609848669855
8947,0.9804765212398939,537176.7621929932,5.158131999999995,-0.11677516215135281
8948,0.6086335039021187,218777.11709960937,4.980238000000001,-0.08416880433229725
8949,0.44818806266485917,238395.240078125,11.214497245239256,-0.04496029719141547
8950,0.08808359705118389,40071.76504699709,12.839941002929688,-0.05844394032950241
8951,0.09303258121515876,45494.545087890656,9.288401245117175,-0.05973970104939151
8952,0.4914939000736155,294740.6199432373,12.096101021728526,-0.01300326250543988
8953,0.2556545331724162,171681.04024658207,10.679225230163569,0.18228701910763256
8954,0.4990671721919785,314267.2572265626,10.135251251220703,0.42696833512284327
8955,0.4634874138159099,239485.52635803225,14.910637481689454,-0.08735243050765175
8956,0.3596447634418765,77648.53985107422,2.9418859992065465,0.29992901958000756
8957,0.2549981236599213,159246.26500488285,12.476205366943358,-0.08282247446488356
8958,0.45794732815180195,246381.33997314455,12.101387993896486,-0.24906794629161252
8959,0.10734507406503895,47139.06531433106,12.185443513183598,-0.4821428996502228
8960,0.5844696277368032,300748.7804699707,8.09205086547851,0.007262674853393374
8961,0.18814823880239306,107958.42990234375,15.87936702783202,0.20671239835651403
8962,0.3656586889560645,234291.4377319336,14.457782002929667,-0.34677383981619087
8963,0.8345442467803079,567678.6581433107,9.785552498535138,0.29646713967546673
8964,0.14306816912271153,74221.46368103032,10.585133632385253,-0.22361957701135787
8965,0.31332763518251344,162872.2000976563,9.288401245117187,-0.08670856178887003
8966,0.9024455150520363,355534.06000000006,2.005321502563474,-0.1798969762325884
8967,1.0116813972261125,585656.9436273194,10.330498121093749,0.09713872724421296
8968,0.7198427403815065,418913.32876220706,9.288401245117187,0.5708911912786812
8969,0.8296073636501531,381372.07518310554,6.7859439999999935,-0.15051610653819714
8970,0.3434939196893174,241686.54472290043,9.288401245117187,0.17209706511557252
8971,0.8470320073483742,406005.14380371093,9.288401245117187,0.2155607809884084
8972,-0.0385171517634116,-22979.521906127917,10.45152820971678,0.14170345790772887
8973,0.22056803582254902,143941.5985375977,14.8868169967041,0.24894069914296285
8974,0.14241972654668267,89190.19398498538,15.635629133056653,0.3521038269675782
8975,0.8440492840848209,276062.57516357425,2.589084999999986,-0.1849567428419803
8976,-0.11260414306708161,-66401.79231994627,26.049475873474115,-0.17772558076348816
8977,0.5763542591509085,283477.7975219727,11.308060513183591,-0.14838381898416014
8978,0.6763074816235927,373866.18132934574,9.288401245117187,-0.20002942713187338
8979,0.38099744540070957,297541.7672528077,14.952228745117191,-0.27779358117980846
8980,0.40972126855063773,226431.7949523926,9.288401245117187,-0.053142446311900064
8981,0.613647917907065,343098.4414208985,7.746346513183577,-0.036209920094273165
8982,-0.025703868648530966,-15730.807426757798,19.51809399755859,-0.2753690231057336
8983,0.34057057175010597,147612.0550775147,7.9129570120239165,-0.07441099115617025
8984,0.8419778190257527,361897.01764892583,4.980238000000001,-0.08989725707123856
8985,0.3221665128707355,176603.57386352544,12.466060490234382,0.1482662162028217
8986,0.03784477587957863,23224.154996948273,13.221719021972653,0.06593326484204513
8987,0.5702489787560777,260499.5444995117,7.74634651318359,0.05471678212863175
8988,0.3957446486489817,178660.02633789065,7.746346513183601,0.30553420148470284
8989,0.6266889347943767,385662.90501464845,9.2884012451172,0.06625551839053546
8990,-0.1672711815207554,-92609.05249084473,13.02405776025391,-0.04413937581267749
8991,0.37108705433504935,222192.92751037603,9.319720748718268,0.032419515042811195
8992,0.7022697265901479,326468.71500976564,8.448554121093753,-0.34882127437511473
8993,0.22958321831602896,116588.0382824707,12.133997194824216,0.2083171811483586
8994,0.5708337825060367,330388.0731915283,7.924240513183596,-0.07449393731995738
8995,0.2270921283302279,121229.59495605469,14.92282303149415,-0.020509802333874925
8996,0.3310246633233497,193368.8253552246,9.637080715209956,-0.2068072196954633
8997,0.6611056821311678,468122.1013513184,10.460391493041977,-0.12962996698844015
8998,1.1633064210873847,875155.8300183106,12.222904491088865,0.19822725882427747
8999,0.10874535118955561,70680.4547216797,12.23504500830078,-0.2436511687637874
9000,0.7265099646152711,434818.81880920415,9.288401245117187,-0.045357230991746544
9001,0.6956983403178072,355999.14416748047,7.607029009887692,0.4258849508878695
9002,0.3630499022941888,242536.16766784675,12.464254263488762,-0.015095980015838725
9003,0.7165651380965207,344682.9775085449,9.288401245117187,0.4003176601084468
9004,0.9090567592359577,396643.5590698243,4.980238000000001,0.007967905434184368
9005,0.7235739328820009,359257.1600061035,9.466295245117182,0.20564807187215522
9006,0.5067241020317629,212942.00989990236,9.288401245117175,-0.06519904357720505
9007,0.12616842258792715,45813.22519470216,9.288401245117187,-0.1908167497805586
9008,0.2335543198546229,147134.33629272468,17.222402624755865,0.7682039109713972
9009,0.7465642858707552,221560.3,2.589085000000009,0.03356078599791766
9010,0.0010241149934657426,543.1401354980662,9.288401245117187,0.13893997258595112
9011,0.7121953989310351,325364.81515625,9.288401245117187,-0.09913620229682306
9012,0.43972445983280894,228143.90017211917,14.702497243408208,-0.18068638259413752
9013,0.23910097361882118,87480.90769531252,9.709455005859398,-0.28769427682031595
9014,0.2782746554978574,139669.30495605472,7.9037490058593685,0.15082750456616678
9015,0.911907589855246,418176.03883789066,6.905961993164057,0.1506112834629831
9016,0.930296829279796,417492.44316101074,4.9802380000000115,0.338303556527781
9017,0.6507040056742074,166029.13498352052,1.8412293728027378,0.29596748206223655
9018,-0.20763726683706427,-120457.89029174802,23.51660925134277,-0.2516739095027215
9019,0.46602327029464913,321314.99390380864,11.46000151660156,-0.05282702790868671
9020,0.2577301883490375,153108.8635180664,12.968822513183579,0.13725984171863245
9021,0.3766960453195082,240942.17009948738,10.118457995788567,0.12259670161196412
9022,0.14599852843315064,98259.58117553711,14.297604613647447,0.1996901293961994
9023,0.70025565897967,297547.5099517823,5.1376404926757795,-0.04197898027751121
9024,0.7419891292578488,401170.6403601074,7.96194652307129,0.04209214404628835
9025,0.38883578677666175,221148.26616760256,10.243368007995596,0.06522810128712249
9026,0.27176484555343033,96656.43791015627,9.288401245117187,-0.4862619008422186
9027,0.4686333501112787,288449.21487182623,9.2884012451172,0.2278143788354441
9028,0.56420246852428,375554.4844421387,9.4227230217285,-0.11072869206505029
9029,0.34745170621508836,161413.03118408204,8.940580634765606,0.19860165117035142
9030,0.2939192764628326,174889.4148065186,7.968,0.30035467863589504
9031,0.4004676371590072,205086.73101745607,11.877486245117197,-0.07713935644662208
9032,0.27895064187404733,198403.3404992676,11.108280753662111,-0.7935560423710242
9033,0.4251094363208802,263347.51001831057,9.519415489624022,0.15839967651686687
9034,-0.008803039794754499,-6741.692263183577,23.84107623889161,-0.2087925537457882
9035,0.6654650865006181,364712.8577648926,7.939272378662089,0.40273009606685306
9036,0.3814629788473,271258.4466064453,14.133558742675778,0.16226612380738625
9037,0.6213798011340066,383448.9250268555,14.015834492675774,0.03125881379499041
9038,0.40619338025652374,245105.69486511237,9.496603007385252,0.1891475539281047
9039,0.6041832957885195,440565.0462432862,8.52558624267578,-0.22480887248678216
9040,0.941983909655838,331740.4755102539,2.005321502563497,0.2974919844850086
9041,0.5453839508842999,292890.47497985844,10.964777753662085,-0.4416663281430277
9042,0.24730953352129473,136424.45865539555,9.659580744140618,0.11323477488827567
9043,0.89016204573602,532263.8726519777,8.42964502355957,-0.446133416130607
9044,0.33736198882287455,166304.1436212158,10.437670132995606,-0.03965491634641728
9045,0.6872735253553582,381910.51622985845,9.288401245117187,0.20312450830337803
9046,0.09989467106753794,40243.446649169935,7.74634651318359,0.3750802684128318
9047,0.47857886956230733,249612.0809936524,7.746346513183601,-0.3569143875879578
9048,0.40376605516280006,185777.554932251,9.052448009155272,-0.27070197657353834
9049,0.4340707708968598,210969.82506896975,9.288401245117187,0.07168037521140251
9050,0.5455622745052789,315286.09879150393,10.350989628417953,0.04362306091661625
9051,0.9699913844057156,423801.4463726807,2.1717904978637814,0.12590625113481313
9052,0.5042981042815399,231916.98505249026,8.267888513183594,-0.09237140046685995
9053,0.5769769482428905,351667.2251159668,9.288401245117175,-0.034816694834956016
9054,0.11481296470954859,76368.81585571289,19.112636032348625,0.29229642013120366
9055,0.07200090058844456,37709.82494384768,10.87492524938964,-0.19331299289924925
9056,0.2855236592760837,213813.8564746094,16.143852136840824,0.3382420434128331
9057,0.23159478068345998,168190.16868530275,12.185443513183598,-0.01811107614140171
9058,0.2801697018906685,150486.29294433596,10.41145751098633,-0.06442564575055983
9059,0.3969554467974555,322755.85188720707,13.194451981689456,-0.2669393681009119
9060,0.575425455670889,332774.9449682618,10.061511245117186,0.42310754712634646
9061,0.48431460880544736,328302.19074707036,11.209936753662094,0.3487251875667756
9062,0.6342639608695692,419236.95535034186,11.12597573046874,-0.2544156661178598
9063,0.6519329347095224,408924.7599847412,9.2884012451172,0.09762721660142071
9064,0.4362207060725651,275175.0413232422,12.136911366699216,0.0060001713661382815
9065,0.6252895879863837,427501.0609759522,9.288401245117187,-0.4698884538791852
9066,0.8860294266002171,454166.84487854,4.9802380000000115,0.5338491721258195
9067,0.08820808466200056,47474.87349487305,13.58069063659669,0.0675492740916064
9068,0.620305120168754,355581.99993286136,8.929199996948242,0.1695024771626026
9069,0.44162834140734847,277272.58196533204,9.288401245117187,-0.10660407792020685
9070,0.30008509131607963,168116.76977661136,13.58054102935791,0.20329034340787697
9071,0.10372720301276836,70152.3070025635,14.249040245117179,-0.5184000693702733
9072,0.35451777256978945,151860.06997619633,9.288401245117187,-0.04234534273463004
9073,0.6747332686146081,322304.370098877,9.288401245117187,-0.1497705034278749
9074,0.44610741167679174,249347.35470153813,9.751668015747075,-0.44039294749325925
9075,0.045502534975539057,28847.62527465826,21.84873603198242,-0.2686627825071261
9076,0.42782514003231487,278609.636394043,9.288401245117187,-0.43100277704022555
9077,0.6948016795419363,239244.0402142334,4.9802380000000115,0.10595150176770725
9078,0.28502682573284166,163082.98004150394,9.288401245117187,0.253803532410824
9079,0.7483726879599711,448035.62281494145,9.966266635498032,-0.13481401767136927
9080,0.3968079549062519,202715.92881286624,9.288401245117187,-0.45547173504902366
9081,0.3416346950327027,200581.44309326174,14.867496507080075,-0.12259341384981809
9082,0.439960315045814,234819.4123901367,13.6381557536621,0.041892246905411434
9083,0.30521002270123027,144729.0299780274,9.59610802392579,0.21513374068910512
9084,0.37432346798665495,201327.39755615237,7.784052523071296,0.10510483955462452
9085,0.8612704595841367,365822.48671264655,6.471924501220696,0.12162694093823964
9086,0.334872614554224,224033.42280334473,9.641106758300774,-0.012373772708122602
9087,0.19151986532402615,117694.20011596681,11.14657202172851,0.11685318777313693
9088,0.47389915133386035,197192.08751953123,9.288401245117187,-0.035807493522540555
9089,0.5757254797517722,302694.4584967041,9.288401245117175,0.018848748853817213
9090,0.37130296113504285,215928.71981384282,11.108280753662111,0.16056025676461463
9091,0.12756223067939812,83138.82445190431,13.381859510009772,0.366333702442081
9092,0.7573372822244432,391355.6079895019,7.746346513183577,-0.27457829105211773
9093,0.5808847380089172,384637.153022461,9.288401245117187,-0.08127108383800223
9094,0.28446970446718184,184764.72283935553,12.792703488708499,-0.29189898516662305
9095,0.7298642985702899,338916.33522888186,9.288401245117187,0.08971039815977025
9096,1.2476167565098153,633623.3946295166,2.324653743896494,-0.09884442296861519
9097,0.4880485246110666,264292.429375,12.101387993896486,-0.16883823397190967
9098,0.4161440914492825,269308.3250415039,12.096101021728526,-0.046128863374618106
9099,0.6985568096284411,393695.88505126955,9.288401245117187,0.027837445765566283
9100,0.3344400044798873,173397.35824584967,11.615649245117185,0.3468422442152149
9101,0.6642214375089089,437387.22401245125,9.329992508544937,-0.393282909027496
9102,0.3528708686116973,135888.27615722656,9.960476000000012,0.02790265043077547
9103,0.6336534342689575,355712.6301513672,7.121149993896485,0.08705165351385813
9104,0.3183911410655706,185885.90000000002,13.991149513183604,-0.04145156060623047
9105,0.8212011482596424,486619.19508850103,9.288401245117187,0.6495414028255391
9106,0.09566775150451105,45956.29022766114,14.378819508239744,-0.16084394243208705
9107,0.9774525798605203,397748.33386962896,2.040844875366217,-0.11529451196435497
9108,0.15339660168885821,86216.83258056642,15.247502203002922,-0.04141448067788709
9109,0.5567423916683415,293875.7967260742,10.530907745239256,0.07792028597332913
9110,0.5160584590395825,236576.94614013674,9.288401245117187,-0.21697335406741236
9111,0.15937858790801546,97212.07489746095,12.185443513183598,0.4520138834488426
9112,0.5378090167561913,309067.23515014653,9.431648508544917,0.1092181694219584
9113,0.5105516529998543,292097.07152771,9.288401245117187,-0.19341932358615557
9114,0.4222489680390482,257211.44097534177,16.535198021728522,-0.17082705524598094
9115,0.25197730591383444,154717.8200579834,9.751668015747063,0.03319418153026281
9116,1.0318453239202903,575187.3600561523,7.746346513183601,-0.04759819086020592
9117,0.37848710509678746,203438.18365722656,9.2884012451172,0.24581782369668925
9118,1.0240307836210019,585965.0662634277,7.746346513183601,0.04964025135415681
9119,0.5433437620461143,343089.4151599121,12.185443513183598,0.17017074568707746
9120,0.11831816465288586,90606.6612792969,14.470556751220698,0.29929500373142526
9121,0.2782687461400938,188156.50705932622,9.288401245117187,0.36432353571920556
9122,0.4379884672099004,237028.74886108405,7.121149993896485,-0.14608643015943582
9123,0.7340735148060179,453427.7141088868,7.9037490058593685,0.12381730422572723
9124,0.5795807765588985,309537.9492236328,9.288401245117187,0.3302784066340469
9125,0.995954046321249,436223.3284649658,3.866743853454583,-0.01260939839144556
9126,0.006771445176334062,2873.2516784668114,10.335431513183599,0.45012767742578885
9127,0.44395684124683243,217696.5199377442,9.055425518432608,-0.4274822501379429
9128,0.4435247096849277,298585.81640380865,11.12597573046875,0.3668187782648494
9129,0.5230383287390084,258467.33502380372,9.288401245117187,-0.13195766047665955
9130,0.4263307734655916,275473.7939843751,10.996690865478525,0.07888144241374694
9131,0.6411944146634977,121925.50371459962,2.005321502563474,-0.6325374614754117
9132,0.6295861866008298,409466.5751550293,10.96132350549316,0.21952296387173434
9133,0.4571759230638052,294820.3415594483,11.108280753662111,0.06002946166306042
9134,0.9532277578501348,401467.4408569336,4.980238000000001,0.28281348337561374
9135,0.2634021991781501,135830.6587792969,15.583322640380871,-0.05387803168619644
9136,0.41331019666290814,238969.6065148926,9.86463899999999,-0.3093145384179414
9137,-0.08849686385949823,-49965.564858398415,20.129120501708982,-0.48945196348262726
9138,0.016753141705324888,5266.5746478271685,7.784052523071285,0.4525067287797419
9139,0.5757331023737864,450719.2885546875,10.530907745239267,0.2072209141156092
9140,1.1004027323721726,578761.7379370118,5.1376404926757795,-0.19581953702068072
9141,0.8564374408736467,359143.1001171875,5.743053002441418,0.09356399520350679
9142,0.740226778183704,325003.40505004884,9.288401245117187,0.01195300835601131
9143,0.16296678313298515,109878.88378173835,16.40637098986816,-0.8002182740190897
9144,0.7973914253827277,362529.2709313965,4.9802380000000115,-0.2910603590935152
9145,0.6869214938572847,339356.47713073733,7.746346513183601,0.010152794541810888
9146,0.48167111048046035,294937.80328979495,8.52558624267577,0.10257462944387619
9147,0.0850604393081963,46696.56394714357,11.272001245117186,0.23478696210796146
9148,0.47659742869285543,167922.11992553715,5.763786003295891,0.3042963627826733
9149,0.5100653201595787,328507.45553283696,15.31856225830079,0.25712130692463125
9150,0.3246591154931496,215549.55002563482,12.875340751220705,0.20200362688992313
9151,0.5017524371907096,288714.2889550781,7.74634651318359,0.4203187328608262
9152,0.03288425796718937,16129.229725341815,9.920611513183603,-0.30093005601806716
9153,0.2238298772911988,129227.97511169434,9.298132504577632,-0.37747621415495936
9154,0.2931532946078516,194859.06368652347,11.822584528442379,0.42278607994081574
9155,0.5061193124202662,266867.9383508301,9.288401245117187,0.3705613381840284
9156,0.485138767196605,229188.2671228028,8.567431523071276,-0.007467461411630497
9157,0.7927860804765926,433635.35822875984,9.288401245117187,0.5034902807735052
9158,0.6122347167302244,376036.0101678467,9.288401245117187,-0.22734584825666493
9159,0.1871672894799009,116226.10492431645,10.061333236572263,-0.1775123973181272
9160,0.8145290818184557,398222.84409790044,10.26622652062989,0.21769399918469376
9161,0.25925338390012664,122380.85500244143,9.419334999999998,-0.23307567589811762
9162,0.48059467835594644,313963.9895678711,10.695296645141603,0.10757919288604016
9163,0.4456329253590054,263430.43495117186,10.061511245117197,-0.004249713866101554
9164,0.4417738906459366,299968.833569336,10.1821111364746,0.15264381418786974
9165,0.5755318123854051,231167.82011901858,7.746346513183601,-0.16389755092814437
9166,0.44674182384429706,269052.7450671387,10.273210015747045,0.3663624788182682
9167,0.48219939543821005,326490.33373779303,11.965797502563474,0.03326162749945516
9168,0.9503114066788799,373603.1898449707,2.005321502563474,0.27784205611186646
9169,0.6096255302484881,392055.49984497076,9.288401245117187,0.23189445337558232
9170,0.5931137842046709,349220.1576660157,13.711139516845694,-0.04973866649990779
9171,0.18677533753851958,100602.68979187013,12.689983767089853,0.26808522300109017
9172,0.48599569155501715,274091.363515625,9.751668015747063,-0.1675592696168056
9173,0.5294768058113467,305702.90259399416,10.211610503295914,-0.2983778349124937
9174,1.0578170496728891,483421.5861047363,2.167251251220703,-0.07127827190761687
9175,0.015512507072220518,9886.088687744144,19.2924600144043,0.0441316368464995
9176,0.3613049301760281,193328.07852172854,11.063134996337887,0.03490242185584247
9177,0.653966844178633,283535.0200000001,4.980238000000001,0.25514604906137095
9178,0.44782913268884617,227631.51005615236,9.751668015747075,-0.26999781615892227
9179,0.4089247948892628,282987.6275366211,10.187376251220703,-0.1715733287338263
9180,0.7084065233036856,345568.73991027835,7.74634651318359,-0.022996771582788657
9181,0.2534881913456423,117209.76587646484,9.288401245117187,0.2209266142457859
9182,0.48600156982608694,245763.6001397705,13.417900007995604,-0.0778288562064187
9183,0.2033453868289888,109761.21041259766,9.2884012451172,-0.26039573310703695
9184,0.14236264078765357,80411.61150268553,17.3144377512207,0.1627411174894814
9185,1.0497217668619936,516973.00128479005,4.980238000000001,-0.00854295844286342
9186,0.10868001941778783,52487.906197509794,9.2884012451172,-0.33990680168479687
9187,0.6724856116502343,465945.1025360108,9.552052513183583,0.007865515772381489
9188,0.1727675418472857,96072.60641479494,9.751934860839846,-0.1187362200723166
9189,0.826335531915087,395486.5297137451,7.746346513183601,0.0388721991260622
9190,0.12629261514285817,91213.58006713874,11.087641021728526,0.45207632206793025
9191,0.6740101343903283,305029.24718017573,7.746346513183601,-0.18722897912446926
9192,0.7001036619992338,441735.97671386716,7.903749005859392,0.19793554259061835
9193,0.5115321613593639,304626.3789123536,9.288401245117187,-0.40790529255813973
9194,0.10309069713588291,49256.689987182646,9.839555007995607,-0.012783753478636127
9195,0.17169314265935307,65885.62352783207,8.339297619873053,-0.004907488629698156
9196,0.9332195277923312,510070.3449438477,9.288401245117187,-0.293527008672338
9197,0.9879569035159996,462731.3405328369,5.684853506958019,-0.4094159548674826
9198,0.4318640966975743,262798.35987976077,12.096101021728526,0.0047565848515790125
9199,0.5164508959532733,213575.18377380376,7.74634651318359,0.05409791440507446
9200,0.23556602216688938,123416.22713623045,10.437149246948236,-0.012504415777343163
9201,0.9225428003108163,560015.9397991943,9.288401245117175,0.025633257310396736
9202,0.0666285975617802,35676.80476196291,9.809943245117193,-0.26016058813409726
9203,0.23208189210203437,104425.64481262208,11.164658767272952,0.3991999415377669
9204,0.7633732553643482,211870.54515563964,1.8057060000000056,-0.06424371025799074
9205,0.21505350828427075,131933.00736877444,12.883987005859382,-0.3233188861143978
9206,0.2944905656079777,186374.4451171875,12.185443513183598,0.7026185444434415
9207,0.522110756139583,271039.887734375,7.746346513183577,0.058427203930319985
9208,0.611470405034969,410516.51502624515,9.751668015747075,0.20896511196984716
9209,0.3895915523251371,263993.92659912107,9.751359859130858,-0.05688633581873171
9210,0.5724418343967896,342198.890020752,9.288401245117187,-0.17478191851322675
9211,0.4171896220736217,223954.04492004396,11.907430519165052,0.15124561852753196
9212,0.548911598903263,308929.0828503418,10.196264513183595,-0.442996131308866
9213,0.5620714880088921,346999.54097656254,8.012530135070788,-0.27480775109125033
9214,0.7262802103692908,448432.909967041,9.288401245117187,0.013580084786438766
9215,0.28265312492813044,201158.00985473636,12.096101021728526,0.07252164603254044
9216,0.6230750686042538,356526.1672570801,9.460645755493175,0.21452138478245505
9217,-0.22846753052856117,-158067.39357666014,29.808449866210935,-0.08499986202156196
9218,0.7343512400992224,288186.06606811524,5.96921938098144,-0.7644170643706368
9219,0.32380054058420943,148172.3175390625,10.997424000000011,0.2978537208838193
9220,0.9764097134919323,439731.6050982666,4.9802380000000115,-0.4237892066750496
9221,0.09953342691068989,50018.55890625003,11.690652354492189,0.30260676195288205
9222,0.6034057367887098,356510.7163586426,9.288401245117187,0.16227783072781646
9223,0.11256541516800551,62264.97387207034,13.748580145141599,0.18864110824564415
9224,0.7282942894883634,311734.1464013672,8.52558624267578,0.37691948031954253
9225,0.9165836624814772,362623.737699585,2.6167933809814508,0.4223211663477783
9226,0.29287847128570266,130182.58982666019,9.288401245117187,-0.07580194475262211
9227,0.4569246961515213,263280.14976196294,13.348536011474602,-0.06121045706440219
9228,0.9593425882896834,436922.79510253906,4.9802380000000115,0.41618432492654683
9229,0.41780424632821284,229518.40265747072,9.722744496337883,-0.4278529560162873
9230,0.4573243320426949,366696.90176269534,11.748401513183595,0.04191053259169481
9231,0.5364903665225812,313305.0427612305,14.760678242675773,0.1700661738708491
9232,0.839005362612063,406176.58355957037,7.746346513183601,0.04039211146319842
9233,0.44492794706057204,215017.32813232427,9.288401245117187,0.15791084949576578
9234,0.39226200304891573,228625.48498535156,9.41933500000001,-0.00301187948623099
9235,0.3749492779231839,211462.23841430666,11.135698508544918,-0.2805021799744791
9236,0.09174615203004421,55639.16542541508,13.030296221008303,0.01544089299250799
9237,0.3290360057523175,166044.8937329102,8.529725513183582,0.3119932426727201
9238,0.4682903663468136,308636.83135742194,9.329992508544912,0.5116328806496088
9239,0.5429437232869033,298967.6413085938,9.288401245117175,0.3140232233391965
9240,0.06914419431550592,48266.749899292015,24.988439242980956,-0.3344090994657491
9241,0.5001229747633128,236506.38599060063,9.288401245117187,-0.1163969039823382
9242,1.0084413906336287,603134.126581421,6.254186002075207,0.0545807373332628
9243,0.5317780567528835,363710.7155816651,9.288401245117187,0.24673923343420096
9244,0.7305004320196884,299876.2101220703,5.688545501220704,0.1333257946391849
9245,0.8666187274729396,607949.0399829103,9.419334999999986,-0.3119733565615172
9246,0.32912474492100924,181849.4297766114,9.288401245117187,0.3433378428307776
9247,0.2787726712288676,137716.366137085,9.288401245117187,0.518458313411462
9248,0.9995202497998067,475150.74117492675,9.288401245117187,-0.5813583765955682
9249,0.5922928932092051,279959.6950006104,9.288401245117187,0.1396662400853528
9250,1.0873705193360574,502534.4150976563,2.005321502563474,-0.06272543351410932
9251,0.65393486330376,238292.8621179199,6.985559502563486,-0.0898481924170725
9252,0.7080085750592704,327072.12606567383,9.288401245117187,-0.3754810106837606
9253,0.8475458389314292,423788.9300280762,7.74634651318359,0.07685242613773688
9254,0.46843625574540465,279257.08978698734,14.018259730468738,0.3301127258632863
9255,0.45109692022069353,316390.28529418947,13.286534006225587,0.18922863718641314
9256,0.5700415696142379,344296.4598486328,8.825887516113278,-0.3324873568668467
9257,0.479079108718168,239900.64018066405,9.288401245117187,0.1351355307388937
9258,0.021543883804770986,11392.314915161143,16.049730013977047,-0.30301902596572095
9259,0.5920977713814111,418057.3902600098,9.288401245117187,-0.18523316632820244
9260,0.6163088468309976,274236.8662506104,8.65908989416504,-0.18828050010219088
9261,0.279655689294571,166795.098526001,9.971691018371587,0.2464312669843196
9262,0.01162439056816943,6623.31879394532,22.96000500512696,0.050794487331392364
9263,0.434052757182246,227209.46497558596,7.746346513183601,-0.12662345607331393
9264,0.0928437533950021,54837.41799255372,14.932567744934081,-0.025040187912356352
9265,0.7792841954102878,360774.53499938967,6.985559502563486,-0.01160060853990024
9266,0.7556282036315056,420215.9068933106,9.288401245117187,-0.03566598040412532
9267,0.24499207899851042,165456.8948077393,14.268639245117187,-0.4497819720092387
9268,0.38178580292598174,290838.36998779303,14.143906513183598,-0.3882326097637885
9269,0.6447196654134615,282086.8163830567,9.288401245117187,0.1588546356227411
9270,0.09210580549767912,73112.80754150395,14.791258507080073,0.07226608407420365
9271,0.588443996493258,255187.2739569092,7.746346513183577,-0.04981369313034776
9272,0.29423722279135256,170320.35770629885,12.096101021728526,-0.008898370214995711
9273,0.1897853390525912,102186.87696044923,10.438184806152352,0.4515054375807295
9274,0.5894034207865891,276866.88886047364,9.288401245117187,0.06928669572551237
9275,0.3487864623882867,157145.7189593506,11.21035798803711,0.15993556222466493
9276,0.42614342607406436,196886.1333673096,7.74634651318359,-0.3048004056191301
9277,0.6331285989544515,499455.08431884774,9.288401245117187,-0.12060184538335857
9278,0.19010885340022465,94300.35157104494,12.650346513183589,0.4428274657626149
9279,0.6168033198090637,272899.4311584473,7.90374900585938,0.20343162147541485
9280,0.1985402701143931,107858.40982849125,11.293722747680661,0.21236034475353605
9281,0.7574829455714338,488668.47506347654,9.288401245117187,-0.20975109470695613
9282,0.6697369664458354,333848.9350708008,10.723291002441407,0.027643818198439023
9283,-0.1482873859138627,-101648.92408813475,23.837177643432607,-0.3358808892689345
9284,0.5199218817163541,188486.87994262698,4.9802380000000115,0.10210735065376057
9285,0.31294820170315424,181474.6711242676,9.288401245117187,-0.07742921375202082
9286,0.10531412609421986,57187.785030517574,11.436522006225598,-0.07535797672830184
9287,0.47423234789913293,304530.247131958,9.41933500000001,-0.5843851348298911
9288,0.2980371065003254,155065.40485961916,13.957768245117192,0.13038351327646436
9289,0.37259245402676516,241427.53751831054,11.094107245117193,-0.04719482832689866
9290,0.9658326462120339,448045.76,7.569322999999999,0.32986927934247545
9291,0.4506340066591283,173141.3040802002,9.288401245117187,0.31162145880335346
9292,0.1653325277533434,103851.79959472659,12.721037249511724,-0.29762751796502257
9293,0.241127667737009,139494.5001983643,11.02720073046874,-0.17461448226501713
9294,0.6085510934349824,377160.9640246582,11.145465904785157,0.01676911292822507
9295,0.658738219802979,394329.68544250494,9.288401245117187,0.4512057373542749
9296,0.8355646228201863,297677.27730468754,2.040844875366194,0.06669035724773822
9297,0.2920673890601294,211228.35863769535,21.72482537133788,0.392511049174549
9298,0.6954029913115136,287099.3899621582,6.985559502563462,-0.16598283524595456
9299,0.6051116598303015,324944.4193774414,9.288401245117187,-0.18722743412952478
9300,0.11623622014656543,54766.482542724596,9.288401245117187,-0.26534075343305524
9301,0.8854286684502689,471065.45883605955,6.985559502563474,-0.44551249182304925
9302,0.7401675247993695,380911.6071203613,9.147501513183594,0.1449625396774028
9303,-0.2508580023205778,-121834.68892150879,20.83754554107665,-0.10751615802631186
9304,0.825409706423647,452681.36978027347,9.2884012451172,0.11100498096842719
9305,0.6545322683544276,412239.48719726567,12.025149993896472,0.09523993142158152
9306,1.3083449532421283,820369.3204577637,4.51690500292969,0.1669568616438097
9307,0.1659005486508908,106361.41320434574,10.379476750732424,0.06117761898961986
9308,0.8817390203065713,247227.6498730469,2.005321502563497,0.07803857845268197
9309,0.6496710806154051,199458.59982177737,2.495191303344723,0.027171135822484732
9310,0.3901282993291044,265216.56618469243,9.908306764282218,0.14495895715751514
9311,0.6308170220686289,345682.10090393067,7.746346513183601,0.10410849513095057
9312,1.0423153826227118,484790.63321167,3.811027502563479,-0.02692573822366761
9313,0.4725674169912177,304630.04007263185,11.874050736572267,-0.07196663277605131
9314,0.6732855976448116,337753.8381384278,12.043253990966804,-0.24718847842428257
9315,0.8275427827288944,334692.7432611084,5.743053002441418,0.015451078705000126
9316,0.5411527943632239,288034.1310784912,9.288401245117187,0.022945827219432967
9317,0.385407050642593,141875.8698059082,5.038447002929682,-0.3963384559868501
9318,-0.034401604867161595,-21959.617010498005,12.35961663476563,-0.0015512283449110615
9319,0.8109915176165645,454771.00997558597,9.288401245117187,0.26661230008348
9320,0.5009595913373579,216988.90288696293,7.90374900585938,-0.04069128840324713
9321,0.9472785581778672,444621.25133178715,4.9802380000000115,-0.023165888744933666
9322,0.30410573088491044,140193.72082092287,7.889086806152341,-0.05446269647438194
9323,0.26681428566238824,164691.97368041996,8.52558624267577,0.0027904338836115565
9324,-0.15629679332851731,-84708.88866699219,12.050358005493157,0.2694507726543567
9325,0.7643320921646811,421904.318717041,7.746346513183601,-0.1344574142599511
9326,0.3578260219747558,249022.70160644536,11.68921736016844,-0.005304553392767899
9327,0.12124289510705587,68794.74753356936,9.90225797546386,-0.06892166597908927
9328,0.5718716171854027,232175.43992797853,8.063061009277334,0.06910480419697028
9329,0.30596708737215567,176747.0101464844,10.446912487182626,0.14146629590449328
9330,0.29549007552035267,159902.55483276374,10.637680237792967,-0.234686066866833
9331,0.7328068948244897,422329.0201220704,9.552052513183583,0.055982263844566026
9332,0.501368946492494,166125.28241088867,6.119405000000005,-0.17865962653203807
9333,0.8130697475900941,304856.3003363037,3.1369969857177695,-0.5531022318670329
9334,0.6668125081365595,341445.29724243167,9.329992508544912,0.17372383787543896
9335,0.2772750788320732,95521.56507812502,7.9273486365966965,0.050327013083963444
9336,0.3177796913191247,196604.82109863282,8.42964502355957,0.27355729209424534
9337,0.3785058592756882,150445.60757446292,5.337095006713877,0.16198243141298127
9338,0.6339240352171682,210425.46253601072,5.450123003723147,0.12932330947645834
9339,0.39549670179538077,205405.2133837891,11.129260952148423,-0.7816691411604706
9340,0.5814460734312656,373729.304909668,9.288401245117187,-0.08474098314837195
9341,0.6693776300890867,409706.5502136231,9.697224507080088,-0.7684260952967479
9342,0.42432780498900935,274623.8100830078,9.329992508544912,0.19596508557261824
9343,0.20768578266471063,104906.40010131839,9.288401245117187,0.008675484641981326
9344,0.5419195657858636,303212.84731872566,9.05518349743652,0.16983385929654107
9345,0.3519525754038403,239862.63986389159,10.45253551318359,-0.05441210017638632
9346,0.06611676634809076,47496.734873046895,18.02959549548341,0.03927274071987671
9347,0.76951194080532,272604.54497558594,2.3451452512207207,-0.19926601498384441
9348,0.9491415714005619,664237.7598779297,7.74634651318359,-0.06940216024946434
9349,0.7326886916560582,298182.4048748779,4.9802380000000115,0.07398515310752148
9350,0.8154315046704502,329687.3797418213,5.004144502441399,0.19710673653624855
9351,0.422681907353958,280997.6249719238,9.288401245117187,0.010884241327691942
9352,0.9826639470547122,453997.74875976564,4.899864630981441,0.46751141511008626
9353,0.09191748079580056,51021.5386572266,16.53645100988769,-0.3975773137881594
9354,0.25758228082461077,127860.42860351564,11.325121489624026,-0.1310044144636846
9355,0.35315390868732915,214864.9965014649,11.293722747680661,-0.05273144946819874
9356,0.20159101157815737,143231.8547937012,16.308973008544918,-0.1698492941122358
9357,0.16304613767320253,98341.28970336917,9.2884012451172,-0.049215150104029055
9358,0.5806924005677434,283838.96514343267,7.924240513183596,-0.28053453760983316
9359,0.23874635383844695,162020.54079467774,12.962151507324224,0.2758725555671798
9360,0.6770830288633678,404832.51367675787,13.040968513183577,0.6835384337312693
9361,0.2799674160456069,169982.5122192383,9.288401245117187,-0.2180529603014763
9362,0.43692752339825125,231702.3672912598,9.329992508544924,-0.2077406727702996
9363,0.6760802664572261,253465.37751342775,4.980238000000001,0.008202218681681176
9364,0.45712541833904946,279591.8099987793,9.329992508544924,-0.025311975575843852
9365,0.8322614356641149,544573.2787475587,12.469576027832018,0.11458251217190384
9366,0.7578961855107823,352962.5248608398,7.746346513183601,-0.25600571879040024
9367,1.16476114000172,678777.8349334716,9.288401245117187,0.03273050056533835
9368,0.10174529558449058,43428.69506042481,7.9037490058593685,-0.18763497386665118
9369,0.7084867784621032,418146.75678833004,9.288401245117187,0.46190859745931717
9370,0.2977990722427374,187179.50486999517,11.152708527709963,0.18452234508572465
9371,0.8860182584197686,340681.48996032716,5.671553494812013,0.2466593339508308
9372,0.5463539587531309,381944.35364379885,18.467060640380858,0.33011583372120445
9373,0.49663751455470856,292606.8445739746,13.070631897094728,0.37251138810556916
9374,0.6059805202156826,323293.1549975586,10.053206513183586,0.09151067657989313
9375,0.3846274744304128,218671.9422802735,10.751200994140632,0.3388951742037484
9376,0.32147554611009616,200780.69364379888,9.751668015747075,0.05932758840503781
9377,0.23689129842078718,147659.5151934815,9.288401245117187,0.021819660420540763
9378,0.5438958529251515,246626.1598797608,9.960475999999979,0.3387281357302455
9379,0.6008330406618204,302294.05011535645,7.746346513183601,0.46748990902570126
9380,1.0069451213055565,374550.8975195313,2.005321502563474,0.23402039745075043
9381,0.37940940756735886,204018.94482666015,9.751668015747075,-0.14454011777855033
9382,0.2517389777592887,141855.14460632327,12.020974255004875,0.1486037104194518
9383,0.945361566255905,626073.2925842286,10.611801242919919,0.11013373135723063
9384,0.11484719634333172,63402.31968078616,9.419334999999986,0.1066808384734874
9385,0.6483126469206886,297887.6888433838,7.746346513183601,-0.16014227554555702
9386,1.01266470730865,390737.1921600342,1.8080500030517463,-0.2789361159963283
9387,0.06053770676679873,36631.96506469727,14.38761150488282,-0.043402960146188135
9388,0.7545101531926628,303702.1250122071,5.526983010375965,0.0006385233293116561
9389,0.7957748910183133,387260.4401721191,9.288401245117187,0.01363581238190927
9390,0.43328774383991403,218971.6327850342,8.437662007995602,0.30496434605831146
9391,0.15405812645457612,121398.03316162118,20.842563513183592,-0.5145232917302716
9392,0.5570297044649187,345536.80280761723,8.52558624267578,0.09329200422188459
9393,0.3295748737913222,229149.03853698738,10.373076508544921,0.17165201289743015
9394,0.8549983319048228,454791.490546875,9.288401245117187,-0.06144237825362516
9395,0.5202875347419,215071.2169458008,6.7859439999999935,0.6096752990697241
9396,0.37246569449600575,158363.22876281737,12.693250643310556,0.03944555390768243
9397,0.47990874136645517,197994.34276733402,9.2884012451172,-0.5076457731656419
9398,0.0468848629658571,32425.641162109416,18.937536730468764,-0.050998677782214674
9399,0.7102509416379824,421348.40277709963,10.187376251220703,0.30190749825971497
9400,0.13150387598330537,65641.68479980467,7.760967513183598,-0.4412333066426247
9401,0.2894932551671328,220299.59637573242,9.288401245117187,-0.6957534685689126
9402,0.27262127003815717,169763.61529541019,9.288401245117187,0.1207455603099614
9403,0.47926703666606735,202811.9446673584,9.288401245117187,-0.2241077530870338
9404,0.3607985446598823,181074.33998168947,13.862874521728513,-0.014134784294719285
9405,0.9684767848507738,528130.7504595948,9.367734707946774,0.30728928205647654
9406,0.6381471414859057,482117.0186505128,9.97199074511719,-0.16978526131148242
9407,0.1389113298693742,69574.63723144535,10.186864738159185,-0.3428575425053024
9408,0.5339842071742669,303524.8384753418,9.288401245117187,0.07074640850470659
9409,0.4858536271066826,193751.130244751,7.746346513183601,-0.04376992229911069
9410,0.6186141431976605,361402.0274975586,7.74634651318359,-0.2029532306687479
9411,0.48252308275388556,143954.45500305173,6.88035150823975,0.004852991320878526
9412,0.4186626002962398,183489.1348962402,7.90248950939941,0.291646088594664
9413,0.8043538043041439,424306.0047167969,9.329992508544924,-0.2732165270898228
9414,0.4941980565156939,247370.72989562992,9.2884012451172,-0.05870237920132577
9415,0.464887391373822,285264.7649072266,9.288401245117187,-0.08051739904432043
9416,0.39091144226396135,280356.22196472174,9.288401245117187,0.17299927687096686
9417,0.8534040876454642,532219.611315918,9.996708746337891,-0.6842441013677429
9418,0.83998708527452,300414.7500170899,1.8080500030517577,-0.2675277828176624
9419,0.04125489934953662,21815.69496704107,9.643084020141595,0.12976445155007912
9420,0.5021982281497223,317627.1752264405,9.288401245117187,0.006127847518408003
9421,0.7330281337102202,350041.8216064453,6.821467372802738,0.1728063956048968
9422,0.5335825946408916,314644.5699438477,9.552052513183583,0.14181753497163035
9423,0.3713510949545902,209901.10502563478,7.746346513183601,-0.12979335160437155
9424,0.25974145963956735,174617.835300293,9.288401245117187,0.43406394179552715
9425,0.6223038128384064,322471.16747070313,7.848002513183595,-0.09177355612794764
9426,0.04765950939920034,29827.40000488283,9.827253245117177,-0.07180342552171623
9427,0.2496794922280811,179399.50642822267,13.752201513183607,-0.018917150006500672
9428,1.0968374892912411,438084.34007446293,2.9222515093994095,-0.38107426125828764
9429,0.3440378346615547,153568.02997253422,8.52558624267578,-0.28683274318348684
9430,0.4101899994564005,263371.27005126956,17.03474775830079,0.4224713420592951
9431,0.3602703790620408,214133.3103393555,11.915641999999993,-0.16469464717353122
9432,0.9033475357092277,471643.6548950195,9.288401245117187,-0.4619125670827912
9433,0.7859814201593837,370137.9326586914,9.288401245117187,0.21554692455032695
9434,0.07572737416790074,45063.22869140626,19.68114986822511,0.04574536173641026
9435,0.5544227893911399,257295.93726684575,9.313104513183585,-0.20634392370399024
9436,0.24793678983521814,152554.17230163576,9.2884012451172,-0.2379673388870339
9437,0.18886592790056841,87302.89008972168,11.419474988708494,0.075756972318797
9438,0.6007324917855297,385395.5498168946,9.288401245117187,0.7137272908674311
9439,0.4441993024842742,272038.5683557129,12.096101021728526,-0.05568939495987776
9440,0.30695879736978715,151493.41171813966,8.885298865478521,0.1873620558866432
9441,0.5508471147342413,345833.3737457276,10.007139730468742,-0.17132368693920771
9442,0.596229874547421,349096.7499743653,9.288401245117175,0.32697011518656854
9443,-0.02983824771504231,-17189.950016479463,11.746085502868645,-0.022036707719955223
9444,0.6699510502801063,382617.094152832,9.288401245117187,0.005467841541575555
9445,0.6109735404788421,314797.8985882568,8.862892022583004,0.021088066741587547
9446,0.26334558996387414,95951.70485412599,11.094107245117181,0.06195220869139627
9447,0.45307394731053774,253539.00485473635,11.082310000000009,0.03538825548764257
9448,0.5006054421681139,270831.3485375977,7.784052523071296,0.21336489909434306
9449,0.40504968802431024,301494.8193023682,16.333313239013684,-0.3018072898637361
9450,0.5764307033682925,253269.23659606936,9.454858372802754,0.08999454521386129
9451,0.5249165928991291,234839.18616577153,9.288401245117187,0.13337494329690985
9452,0.4045821846465283,201667.6750610352,9.288401245117187,0.07465756946393373
9453,0.37200390592634625,155787.7989959717,8.940580634765642,-0.4204766428513985
9454,0.47221887975100935,303655.79391113285,12.993022724487307,0.38406958866961555
9455,0.45084090562263984,257317.74016479496,11.22504099999999,-0.04388410078482732
9456,0.591793494000058,410286.5349267579,9.288401245117187,0.16505435078496955
9457,0.4091925963193204,195476.45877197266,8.267888513183582,0.07262507556299404
9458,0.30833299696974753,147752.95737976074,9.055708015747065,0.14940423809475054
9459,0.17229507467845495,89091.90625976564,10.238237372802732,-0.08986345827141984
9460,0.3681814956923269,126593.02997314453,5.461922997558606,0.04373563357293828
9461,0.7203929100955764,306270.42739196774,5.934946991577139,0.3351965272190815
9462,0.7997883509781466,413803.86109863286,4.980238000000001,0.2668566173259623
9463,0.4171403837184209,243416.22375488284,9.288401245117187,-0.20943411786725225
9464,0.5872104738101382,212050.92435668947,6.985559502563486,0.2724822526637452
9465,0.5833497055573186,349998.7458740235,9.288401245117187,-0.04079213983788101
9466,0.5142462972085916,295526.7300183106,9.433263739135722,-0.1949540802365771
9467,0.8148887892276826,414541.80660400394,7.121149993896485,0.12563492688395056
9468,0.22355214506157264,124285.50411071778,9.501818617919914,0.001246340479297187
9469,0.2303332589870769,106830.2597180176,9.751668015747063,0.22683706184701258
9470,0.3538507272907928,102810.513861084,6.274552611206053,0.47574955968709615
9471,0.38306080349716787,192178.03301086428,9.288401245117175,-0.06673136509607304
9472,0.3106327359637223,162985.9049450684,11.68075151831056,-0.04602018616611832
9473,1.159029521124241,694234.8565777588,7.121149993896485,-0.19513617948964956
9474,0.33462368737493053,91894.34516540528,6.9935654962768545,-0.13250580706246545
9475,0.5736086518307096,345197.4597924806,9.288401245117187,-0.25174883866612174
9476,-0.033207270983089385,-15249.230126953113,10.628464021728513,-0.4153141335608192
9477,0.3367191263435548,216164.20773437503,17.03474775830079,0.23380051491630668
9478,0.28158358940519834,127332.20138061524,10.659512987487787,-0.14464087063342612
9479,0.6503068681160422,460209.7849267578,9.288401245117187,0.5447447630197945
9480,0.15941121765023822,79855.46664428712,9.288401245117187,0.36469857580782167
9481,0.7588925173283866,379207.9556542969,8.529725513183582,-0.05871765290061591
9482,0.3238323237089975,168908.26883178717,11.53505860949707,-0.27968337747351113
9483,0.9512330101977106,329806.91001953126,1.8080500030517577,0.1445549027756667
9484,0.48709623327952967,202942.33005981444,9.552052513183583,0.24748977153909624
9485,0.902076105192749,327006.81715087895,1.8080500030517577,0.16562285100756646
9486,0.13893603315577122,91910.55974609376,17.331681513183586,-0.1772632652081424
9487,0.3624061299271783,173784.6949523926,7.924240513183596,0.1260353793090272
9488,0.8402865586176737,346622.52987487795,4.980238000000001,0.09872626431676587
9489,0.2689818258561135,179171.1914868164,11.043705992675783,-0.02293112258189801
9490,-0.12177204323311852,-62308.030100708005,14.703735001953108,0.3578761712344377
9491,0.49521408034741876,228389.12505737308,7.023265512451157,0.11528679208806544
9492,0.514969550540544,288679.3125256348,7.968,0.38667054456648287
9493,0.17078298239895248,104492.68275024416,17.753486243652343,-0.3247501005560858
9494,0.1724414868166778,96690.41499389651,12.342846005859377,0.22023535777821446
9495,1.0288087485190187,521789.3551904297,9.288401245117187,-0.10132074182478885
9496,0.81287164474989,502640.8224938965,9.288401245117187,0.0019599930100554844
9497,0.35015025661102883,223448.60184814455,14.867496507080086,0.019760554676051707
9498,0.4666017924486006,236544.20381408694,9.2884012451172,-0.03985145301019934
9499,1.1421704627996683,417571.1700183106,2.005321502563474,0.42918752294605667
9500,0.07094190089477256,35925.808666992205,12.185443513183598,0.35648417505023394
9501,0.6871815654666124,308913.48989135737,9.288401245117187,0.2467217645263751
9502,0.1808742164621549,111154.87025085454,16.06404949298096,-0.34041488730073377
9503,0.1636601207599886,80173.49988647463,10.074046245117183,0.22517357941870964
9504,0.17453176898211734,85857.13748962407,9.288401245117187,-0.19248907049057
9505,0.4795101464034358,238016.35868225098,9.552052513183595,0.5622102331024016
9506,0.7977440320298332,264986.2652349854,2.713629003784177,0.3551513048498003
9507,0.10475869050694922,48770.07191284181,11.686924513183603,0.11639543398933622
9508,0.45799048192397224,266165.1144293213,9.380464750305167,0.005950878138980585
9509,0.7895852639761544,412265.9498181152,7.746346513183601,0.2232098245578002
9510,0.5579197625437171,439737.49723571783,11.42601724176025,-0.050791686123549284
9511,0.6663456653240903,407988.3896350098,9.288401245117187,-0.18103789942034337
9512,0.2842607525430269,169891.08198730473,9.540458506103523,0.08228157009041558
9513,0.5577434608890925,255498.6650115967,7.9037490058593685,0.0790578992939652
9514,0.8668531314256538,565076.5273352051,7.746346513183601,-0.04018997476609412
9515,0.32214791510641916,169411.07141967776,9.288401245117187,-0.04173708463676957
9516,0.11848086420199544,64964.23644653325,9.960476000000002,0.09739743618739644
9517,0.3666473825903397,195214.1549627686,10.071780245117191,-0.06917642364377762
9518,0.7580308621673757,393499.484975586,7.746346513183577,0.4799373087958646
9519,0.6549731683610966,439027.1201379395,9.288401245117187,-0.1598906639069502
9520,1.1688286201832012,619780.5074145508,4.980238000000001,-0.36082985939477696
9521,0.6288758694528376,330849.2462365723,7.969046885986324,0.15876347571305358
9522,0.5015336948723839,297073.8750219727,9.288401245117187,-0.4311910688176446
9523,0.6041958356205345,321947.73598876956,9.751668015747075,0.2915946217220277
9524,0.27432607053731445,175383.0524829102,11.357758513183612,-0.12669973674815685
9525,-0.023864216678645005,-12107.342437744119,13.720619259399408,-0.0899487256154437
9526,0.16070554284405217,76168.43501220705,7.74634651318359,0.02718753492711334
9527,-0.03598716330730654,-22177.494176025386,17.860214159179698,0.35194384655795724
9528,0.6755877996452337,403478.7562963867,9.288401245117187,0.365824007837137
9529,0.1511124046467882,82771.32483825686,9.2884012451172,0.43724313860184677
9530,0.7070699741549008,326811.8778430176,7.7815002202148325,-0.4879478436224137
9531,0.6101704226021605,292671.1822521973,4.9802380000000115,-0.43517148517638043
9532,0.5036121218377166,343003.4875665284,9.288401245117187,-0.21656337336643236
9533,0.5867896781962061,251127.4688098145,4.9802380000000115,-0.2759766880928871
9534,0.27908413107799684,116598.79523681643,8.742115999999992,0.18047370620436903
9535,0.7144837672317774,335825.52631103515,9.288401245117187,0.06593935033739252
9536,0.48622421477632544,252990.92370666505,16.533248885986325,-0.17235825852688688
9537,0.6411426520411336,293552.93498291017,5.743053002441418,0.1703758945175566
9538,0.6110483796955571,329086.9600732422,9.288401245117187,0.3762477401758624
9539,0.5650806561762631,293202.0701062012,7.746346513183601,-0.19422895411183386
9540,0.5767924223908197,380327.99493896496,11.135698508544918,0.05390330966417641
9541,0.5295037990424153,284254.29672851565,9.446238229614263,-0.34878688086481713
9542,0.44133042993019855,193678.3450958252,7.746346513183577,-0.08646270231071114
9543,0.03094300560496397,12114.14255859374,11.357758513183589,-0.009072029606341594
9544,0.8766095847984285,459350.26999389654,9.288401245117187,-0.04434246195633949
9545,0.6839885505356402,376372.51013305667,7.121149993896485,0.29317860361417103
9546,0.16329326114069023,82020.02492675783,11.07070774768067,-0.27088221194862194
9547,0.810147704226686,441572.1699206543,7.746346513183601,0.04482913575661796
9548,0.4018082102064,213054.97620361333,10.363480509887681,-0.3491679916918557
9549,0.8622044170509584,520079.65279907227,10.605462245117197,-0.1729584693270603
9550,0.40121969199639157,265242.40703491215,13.356268462646472,0.042697828695006664
9551,0.27174490619944147,154956.33268310552,9.288401245117187,0.10388464251272674
9552,0.6435102008043458,410761.7048388673,9.288401245117187,0.09777344187613568
9553,0.4530207815491254,266335.0350506592,9.751668015747075,-0.6803827901363425
9554,0.5051275032496373,241242.73994506837,5.612307501220703,-0.1671177959077449
9555,0.5101095348075645,347275.52619140624,12.096101021728503,-0.19810039386764908
9556,-0.19627081778669384,-113511.59752075194,17.24956775366211,0.14643793020075674
9557,0.5250523472290375,357676.3817468262,14.510097257080067,-0.2825506532578503
9558,0.23375031600733595,131650.43746215827,9.288401245117187,0.038862719001379095
9559,0.30492612815528974,207819.1974304199,14.655668015747075,0.3463597165652606
9560,-0.04464125590910617,-22833.951239013666,9.801828629760735,0.18543555309498047
9561,0.35580587442733846,217246.62998779296,9.288401245117187,0.3045681485118595
9562,0.4075739779197218,237552.9951025391,9.288401245117187,0.03307675108422157
9563,0.09890326843241504,53549.598122558615,12.06068750720215,-0.3699459413776355
9564,0.41084758802540366,278393.0975213623,19.031439261047357,-0.2324906083756405
9565,0.2452651257150394,110141.65696899415,10.98837052539062,-0.07423827513832548
9566,0.18162492714140674,126201.49848388674,13.245817021972664,0.3371259350505661
9567,0.9325349782801149,410914.3713452149,5.461922997558606,0.5717579642596045
9568,0.2806104168302738,132052.16737426762,8.477984499999998,0.04702349208237711
9569,0.5370385124918974,320946.1450158692,9.288401245117187,-0.12250174959218624
9570,0.5954406229615417,369631.3196099854,7.746346513183601,-0.2128885718551792
9571,0.6140678117864137,395641.1100042725,9.288401245117187,-0.18738570711930255
9572,0.40745030207674166,254569.37359313964,9.288401245117187,0.11284368290101299
9573,0.7663252241662095,496646.83480957034,9.288401245117187,-0.10450415360280531
9574,0.3976019619865186,170278.16018188477,9.288401245117187,-0.02497359578838191
9575,0.6223555222597575,324256.22519897466,7.968,-0.07019528882632944
9576,0.6899961256678611,463034.67042358394,9.41933500000001,0.3195517587298093
9577,0.8203252377363914,390930.4401293945,9.288401245117187,-0.1788333463929167
9578,0.7999089889213249,375250.1128741455,6.46989187005614,0.49327690859327544
9579,0.6546150980078314,337787.2412060547,7.784052523071296,-0.27893335724765866
9580,0.24589555584994885,133068.5150170899,17.979563005371087,0.11705776671719315
9581,0.5741950328442701,318601.8298376465,10.404946754516592,-0.0937031610653899
9582,1.1341195217838493,490195.6901019288,2.005321502563474,0.2524992964193025
9583,0.5403192567529019,311065.23601562507,12.639320127197262,-0.386172242499453
9584,0.4964056881338267,320512.37494750984,10.035796004394534,0.09494107482269262
9585,0.3239677905706882,182701.08534362796,13.890792495727538,-0.27583514473242504
9586,0.2096031784140082,123816.87150024416,12.96882251318359,0.32630267974967364
9587,0.252383220146431,168828.55510864258,9.852937513977055,0.13452189493412656
9588,0.4271490676464058,222962.7786694336,9.288401245117187,-0.058972346961429896
9589,0.5987939403584427,343661.4052416992,7.924240513183596,0.18073275581858864
9590,0.9831182839099422,592874.6910717774,7.9037490058593685,0.17288865386602903
9591,0.168607039206601,89425.34124267583,10.929094994140625,0.0074299970525667095
9592,0.5824083794125691,328349.6652929688,9.288401245117187,-0.2358615116887826
9593,0.0061610107403088825,4371.38645019535,20.565705900146487,0.4197317438798283
9594,1.1094435967701217,521899.9948547364,4.9802380000000115,-0.3393844775496823
9595,0.22057119065408734,130118.42485717774,9.466295245117182,-0.06889511285608686
9596,0.5704813542096682,329586.0636566162,9.934681493530283,-0.18086288670627879
9597,0.5323097687116128,321747.6912640381,8.717371505615231,0.3744343495273369
9598,0.4567689790300455,364049.9512622071,12.096101021728526,0.27259580519346166
9599,0.5247362607257368,336374.9949890137,9.288401245117187,-0.30280805934842464
9600,0.39230205689026315,233249.09951416013,11.096451248168945,0.37378552894958295
9601,0.28881338526950556,111877.34497436525,7.880331513183611,0.8222406043634092
9602,0.453061744317542,281246.315,11.470617865478527,-0.18217311039763256
9603,0.4849949545722781,206678.42693908693,7.746346513183601,-0.27272335141587245
9604,0.5328267486666739,327242.88890502934,12.096101021728513,-0.06824970481168882
9605,0.6953904893124734,325917.89,11.293722747680674,-0.16569897305154657
9606,0.44200981990544086,282501.04474182136,13.780239032775873,-0.06688733464495993
9607,0.7740313944847137,471494.4166357422,7.968,-0.024990377170218462
9608,0.5052089717596593,331399.2153314209,8.173430509033194,-0.17427009005254895
9609,0.605484540355037,391019.3171270753,8.545056512268074,0.45203165993371436
9610,0.5471909294593935,312483.7550494385,9.288401245117187,-0.421083472046694
9611,0.345238862390238,159412.49509277346,7.746346513183601,0.008266624329216087
9612,0.312466241559255,191623.65512145997,10.314937743286137,0.4949179306742932
9613,0.45531823324630355,145758.49996276858,5.667674994995119,-0.02294341918168942
9614,0.19981707151546632,118048.68380126955,10.535047015747079,0.2663823736709191
9615,0.5385730424515617,263046.4999768067,11.896863506591798,0.03593749662587137
9616,0.701254309855797,312277.7685449219,7.74634651318359,-0.020210907591625395
9617,0.04408993864000664,29960.364965820336,18.26974123223877,-0.43627203264933856
9618,0.2956779442364493,175372.51021301272,13.100117993774404,-0.1276849144804902
9619,0.5250154540738046,208538.7346917725,5.5017800000000046,0.261330581348598
9620,0.08756790089982193,48060.98468017577,23.52932687487792,0.5341795371008237
9621,0.5536528247945629,374453.9314257813,9.288401245117187,0.08735582461862185
9622,0.17420589702962574,107218.66587402344,10.38869563830566,0.3574014495287548
9623,0.718137203893358,381644.3649511719,7.968,-0.5460781650688236
9624,0.4822387997942476,292765.2297937012,9.288401245117187,0.0786004651189137
9625,0.04037806393149808,27574.547840576197,18.700628708007805,0.15791525234673878
9626,0.5885068470857308,304101.65,7.746346513183577,0.11652083409761131
9627,0.14836879647960563,87515.40304138185,10.878447520935046,-0.15719876621700576
9628,0.646781392075508,410130.41482543945,9.969719022582996,-0.1301583717775006
9629,0.31234078130937354,201406.50132690434,17.88786137536622,-0.4130989605016392
9630,0.16613781127954882,118178.89858764653,20.488306148925783,-0.057634960341682036
9631,0.4733929880169052,248807.13500305175,9.2884012451172,-0.0075845970176701485
9632,0.3911937308563045,215091.39117065433,10.518714400146482,-0.12708653815722878
9633,1.186644322955694,560811.6599249267,2.005321502563474,0.2087719297709748
9634,0.9933723539327514,467927.7449572754,2.6886200129394653,0.17654757251379413
9635,0.3220915311913891,191306.6109472656,12.963803398620605,-0.011693712108438174
9636,0.6954195558339892,440389.4540618897,12.94212252093506,0.7683631215934015
9637,0.7793315480996976,337951.2264318848,5.884970867614751,0.05047895167919913
9638,0.44550392560752944,308818.23758728034,13.698341751037606,0.0013026709781788573
9639,0.8157253509941634,482357.0409741211,9.288401245117187,-0.5424849484837843
9640,0.16342594830720175,79030.77007202149,12.096101021728513,0.16568732622958676
9641,0.4866631866311024,148918.79643554692,5.015761372802732,0.03803471781914797
9642,0.6179632162255029,348384.04119873047,9.288401245117187,0.061860876497179446
9643,0.8138846118088625,337310.54005737306,5.882771010375977,0.17363460656349208
9644,0.32290093428877314,216395.9084777832,12.263251516113268,0.18264876696418844
9645,0.5497141210787576,255778.66477294927,9.288401245117187,-0.44697538647223345
9646,0.3639547052462862,252896.1650054932,16.826419749877928,0.08835736282135574
9647,0.07780933814471984,37421.206739501955,7.746346513183601,-0.1907448360468167
9648,0.27335745371662556,184464.35012573248,12.565891261962895,-0.27925059666008784
9649,0.6935192239631253,488286.271137085,9.288401245117187,0.18480074216949044
9650,0.2688487582422967,135651.2551025391,9.288401245117187,-0.24870588768998297
9651,0.23022710949227665,113144.56735595706,9.288401245117187,-0.8342367327835967
9652,0.38748611856119025,181795.71153503418,7.746346513183601,0.14579286187603843
9653,0.7392636446276469,477866.41958984383,9.2884012451172,0.1015370648929151
9654,0.1746648157991556,120138.67369628914,10.17309562841797,-0.20719596205117483
9655,0.616666579147376,354303.8460864258,14.92185175744628,0.2931124823707731
9656,0.2573394428608153,195259.52356628422,12.156175239135743,-0.30410911266018925
9657,0.2852558646600258,149498.65287658694,9.751668015747075,-0.4611028798033086
9658,0.8563417724744034,400206.221352539,4.980237999999989,0.2004328267584766
9659,0.023238196387243205,17004.86288024907,19.819567736328125,0.34118861775858217
9660,0.09395666596338317,29630.708704833974,7.784052523071296,-0.2605443757894404
9661,0.44874018103529967,332547.5148461914,12.096101021728526,0.675197535865223
9662,0.5180436755675486,298155.77367919916,7.924240513183596,0.25653139321653484
9663,0.7073987873663216,459315.07190795906,9.288401245117187,0.10119410831720911
9664,0.12262918538210908,63279.67495483402,10.047783505004878,-0.10660166158146574
9665,0.1814256101399516,104341.7923754883,23.055332249755857,-0.13286706649685384
9666,0.22276404576792078,135431.45138183594,11.135698508544907,0.5391075109580948
9667,0.5366631578186797,281430.6997973633,9.288401245117175,-0.14113910382554548
9668,0.7431996817122564,408642.3664520263,9.288401245117187,-0.0018777454960902855
9669,0.8251863031669779,346847.5404980469,5.015391707031266,0.284321848488289
9670,0.9664599486679774,517520.0184259033,8.529725513183593,-0.43653548986449653
9671,0.1750534319608008,59483.582243652345,10.214440766357422,0.11770349868488424
9672,0.055951708880001734,25362.752830200203,10.194228868957515,0.08982014507847152
9673,0.3950279400255897,281227.9261413575,14.867496507080086,-0.11413349086555317
9674,0.8303091369008246,554352.0648181153,9.751668015747075,-0.30970275308452366
9675,0.625168465184307,332245.70505737304,8.791265502563492,-0.4695011786999245
9676,0.6334303435651075,203500.05485351564,2.167251251220691,-0.5318196560753345
9677,0.5103796214117922,208438.38134399417,9.288401245117187,-0.07927468170486299
9678,0.4756443249150194,275370.31044067384,7.74634651318359,-0.057056809924790716
9679,0.5588132820005733,391594.9850085449,11.756989518310561,-0.3876097246354714
9680,0.8660282457163567,645206.1301904297,9.845269015747075,-0.21023269705392997
9681,0.31158152648921494,122588.09217773438,7.7840525230712725,0.062490924860406256
9682,0.9248946334886767,355670.7312530518,1.8080500030517577,0.5135926883119954
9683,0.37271571574091783,248925.84303894048,9.423760008300771,-0.18230943148126555
9684,0.2615703337709897,123810.46494812012,7.746346513183601,0.22958140668148702
9685,-0.020100685075663392,-16551.62204162596,29.40726848101807,0.26515982284349243
9686,0.4093005061007991,256018.80903991708,9.288401245117187,-0.055772082253288995
9687,0.23424444389032567,127842.91656860354,14.430072628662119,-0.2637784862743758
9688,0.9253765652286802,262548.8974633789,1.136290008544922,-0.12231881875780624
9689,0.7610674067071788,454607.8685437012,9.288401245117187,0.037316355226409595
9690,0.5144460166844205,249691.36004577644,8.760172620239272,-0.2509062051126709
9691,0.48363086266679906,305940.3141485596,16.402930251342777,0.1369043932160833
9692,0.2851673461161596,136964.17089965823,7.746346513183577,0.11316545872743547
9693,0.5504371601720778,225594.2151086426,7.91295701202394,0.37733672079712266
9694,0.507862079363488,328997.7473217774,9.160804015747086,-0.21321328465896067
9695,0.5679340512397931,293391.76515625004,9.288401245117187,-0.08635304072653834
9696,0.234196310123168,102252.27335205082,8.52558624267578,-0.014487224246383223
9697,0.7076754915620712,386931.3549206543,8.52558624267578,-0.16045333905498974
9698,0.3123669820079796,139484.7764355469,7.967999999999989,0.4196273727006739
9699,0.6402108225200046,260663.1601385498,5.05303600000001,-0.3899994769451142
9700,0.4944690197034889,312098.26215576177,8.862892022583017,0.3873198225696322
9701,0.7632453106058287,393784.76982177736,8.367389628417977,0.07672048235319943
9702,0.7297007004444657,399512.5743060303,8.52558624267578,0.6072436582175725
9703,0.46259250071870706,303282.1398175049,9.402790508544923,-0.11330676032887729
9704,0.9930334078282131,612084.8603564454,7.968,-0.10470927504235714
9705,0.40473160735529085,174290.06680664062,8.346182865478518,0.2421374878666628
9706,0.7850452106061232,349541.2901464844,4.980238000000001,-0.26987618300398336
9707,0.2936912355445172,175717.28239196783,10.42827724206543,0.0010700061676332125
9708,0.6941645861473092,404832.76995727536,9.288401245117187,-0.14281000946228453
9709,0.3848927076395087,216481.10533325194,10.695230021728529,-0.2078155410336521
9710,0.5394001571410136,342145.01599975594,11.47010962976073,-0.3897872443447555
9711,0.5991119714696601,301727.17993957526,9.288401245117187,0.07804511935746186
9712,0.14318058366450423,95741.48891662601,15.405428640380864,-0.42820400828578664
9713,0.4491475855474909,253325.0797290039,9.288401245117187,-0.3810392795296072
9714,0.3126367384729944,175114.90892456056,12.101387993896497,-0.1946987122203021
9715,0.32036677678638664,171717.19371459962,9.288401245117187,0.4101570957058658
9716,0.17915044619498569,106853.14995239256,17.246586026428233,0.44155249138510083
9717,0.23228477874870504,148596.63024169925,9.41933500000001,-0.4022827037164888
9718,0.44699764430398736,237462.5354492188,9.288401245117187,0.04121694288403752
9719,0.30470665119473206,178048.0865966797,11.02611522619629,0.05775447202518919
9720,0.9348920311230363,414722.68468688964,2.602854007751448,-0.37703428581580856
9721,0.4493219060944515,237265.13499023445,7.746346513183577,0.3813271935639563
9722,0.25995916319071527,110703.08510253907,8.7832945131836,-0.2348151821971918
9723,0.5720458552591351,300725.48662231443,9.676481026367192,0.04587201875566513
9724,0.5131960504506133,206911.47148803715,4.980237999999989,-0.27520555971618443
9725,0.6693472247646886,363381.13223388675,9.288401245117187,-0.05122432903573653
9726,0.8211242364764404,479994.3309106446,9.288401245117187,-0.21645210154631384
9727,0.35023988466193007,184807.115065918,11.942055377075205,0.1449564266292263
9728,0.6461896513106206,358077.0715435791,7.746346513183601,0.11980727577144142
9729,0.40346217896451175,182248.92973510746,12.21589075415039,0.26665695138520085
9730,0.5735157397970824,303689.6280615234,10.043384502563473,0.07374534879516319
9731,0.678292235248717,429570.2301806641,11.049737730468763,0.46003684133172085
9732,0.0805230064704083,45500.63670959474,12.875340751220692,-0.07723252435172256
9733,0.09147012272415149,46947.17858154299,9.778272019287106,-0.12137245062502255
9734,0.5527154519899614,318123.5401641846,9.326107255004882,0.3174980935288626
9735,0.4264667449099268,190696.65883178715,7.746346513183601,0.11628743750309728
9736,0.17215132807928343,100603.97374633791,14.064148137084953,-0.4251098262752053
9737,0.09743582914505465,61896.06742919927,19.956390621215803,0.08782232552178137
9738,0.05151580432728396,30574.51888244631,13.944241127197271,-0.564176955415322
9739,0.468351662604959,430959.93585693365,17.484343015625,-0.47554295735938523
9740,0.05033904416211146,29561.92465637208,15.657911524292,-0.06610606639215674
9741,0.7567354710814719,425537.8864117432,10.60380837280273,0.3549772995547612
9742,0.8542621196623944,431954.6874450684,9.288401245117187,-0.11803948538589447
9743,0.19527956129734259,79300.29169921877,7.746346513183601,0.258228715432438
9744,0.6778983292618234,396742.5948303223,9.552052513183595,-0.5256368644297478
9745,0.4564120035759094,232029.16745178227,9.201243741516118,-0.27623605242381916
9746,0.7498805677659051,390271.3397515869,12.726584513183589,0.20129195350618023
9747,0.43925484680810667,271823.7712286377,9.288401245117187,-0.46804235775434305
9748,0.3111501346140919,183664.02880859378,7.968,-0.18110593816705736
9749,0.7072453919453576,379293.20006103517,9.630816006225592,-0.06186624202476673
9750,0.9356584288697273,482170.8246386719,7.90374900585938,0.02428661853959279
9751,0.35517175835206,145920.43342834472,6.7859439999999935,0.20679403472261554
9752,0.47476190421954334,284576.5137103271,7.746346513183601,-0.40275429029832394
9753,0.7368404712560825,362254.9411486817,9.288401245117187,-0.2544657181161539
9754,0.6655465331758373,362044.78833801276,9.288401245117187,0.36547188503878536
9755,0.11518759549840143,79182.3913867188,25.95349588305665,-0.19485474445654008
9756,1.1125493633225363,480174.93022705085,2.040844875366194,-0.14052334502258795
9757,0.3576351470584921,230879.21489868168,9.288401245117187,0.0483846223875021
9758,0.38360553545643306,270734.706953125,12.096101021728513,0.1271348898683836
9759,0.6698784215776313,438361.87297729496,9.288401245117187,-0.04483330856070357
9760,0.3752433011449991,195656.24982177734,10.715938521484379,-0.39852013691068605
9761,0.9276826160551713,384138.58864318853,3.811027502563479,0.04162994246200825
9762,0.16379762914285934,80309.18007995607,14.736140505187981,0.24369446522305885
9763,0.2574580839776028,145743.1301049805,12.185443513183598,0.1233469195432587
9764,0.40440063115107416,246532.10261230468,15.358213237792965,0.40192052783079524
9765,0.11711877385293627,91737.00244384767,14.355267538085942,-0.19851375971965293
9766,0.23584419669823137,146148.94524169923,12.342846005859366,-0.24983200895158428
9767,0.5907642703571939,296482.5835742188,8.442461127197253,-0.12122488281782194
9768,0.648916011182565,333917.84774536133,9.493918510253915,-0.037650826135770976
9769,0.7402349121457451,370933.06157470704,8.293091523559577,0.04645595974924756
9770,0.21378956011593359,112117.31960754396,12.862052739501943,-0.1950183302624766
9771,0.1986798146075153,110049.19769042972,12.306236263183598,0.834255006619253
9772,0.5134553823911798,331704.80204956053,9.97199074511719,-0.15477907676042937
9773,0.6413984032866068,442500.98286132823,9.288401245117187,-0.43105375468608226
9774,0.4812406588784719,243417.15803955085,7.924240513183596,0.3672894297857815
9775,0.39360698294364205,269614.7482867432,11.897059245117195,-0.03645955255241763
9776,0.5990585054956094,266164.63239990233,7.746346513183601,-0.40818767904385084
9777,0.46222685542511865,279883.7476129151,10.038300009765615,-0.06562909614843682
9778,0.44804679573156725,194140.70335083012,6.7859439999999935,-0.1437892067846362
9779,0.8141840412401874,393794.0750024414,8.684732745239256,0.5385410832353507
9780,0.17896741778761627,149883.47070617677,16.494426026367186,0.1304452946714553
9781,0.7447238086806505,298588.44079406734,6.020545509399404,-0.3338775878594613
9782,0.17884702697393703,92590.76797485354,12.607795739135753,0.0022390678490667505
9783,0.5447951470979546,307499.52236450196,9.288401245117187,-0.10160640244796945
9784,0.7902079458229011,278521.6177032471,2.005321502563474,-0.09555214059239238
9785,0.23933880425887788,115736.0850305176,10.780368236572272,0.14609352697074354
9786,1.294607665977622,970979.7752667237,9.288401245117187,0.053213626979314824
9787,0.5902849070729959,307160.7674725342,9.288401245117187,-0.3138373541593202
9788,0.24204633493976016,151842.95883789065,9.419334999999986,0.23362655313510705
9789,0.6382298011424549,372437.1789935303,16.07969898461915,0.6928155344287774
9790,0.5591915565936211,238688.81034240723,9.466295245117182,-0.219148031376894
9791,0.5161330295251146,270871.47020996094,11.112817835083009,0.18969222747811954
9792,0.9500948911711767,335043.9163482666,2.005321502563497,-0.05576317900546934
9793,0.36482757465638893,185378.82629150394,9.288401245117187,0.013942536790389471
9794,1.0027522904874095,454307.4750964355,3.848733512451162,0.15188851588952498
9795,0.425768702154948,256542.20592651365,13.638155753662112,-0.22433639807330732
9796,0.0249730925265419,16474.085009765622,23.23027623059084,0.19515903401141746
9797,0.26441084671526166,144574.05336669926,9.751668015747075,-0.1912080727027222
9798,0.32152873254081554,175736.1049169922,9.475814513183595,-0.09553219092384907
9799,0.5411303058285131,314570.23996276857,7.746346513183601,0.10172476783183305
9800,0.9962490388475992,531861.3637402344,7.74634651318359,0.2273067659558025
9801,0.25214195739763057,125538.91890319827,10.036349019409181,-0.07088140491997617
9802,0.5365418233733767,284898.9339282227,9.288401245117187,-0.3097588451496593
9803,0.5134839633308468,207099.64981201175,8.52558624267577,-0.2931257113033918
9804,0.8959374003772098,357621.5075140381,2.005321502563474,0.23140581160376777
9805,0.22744658693798628,150414.91633300786,9.994909000000009,-0.18499747268529304
9806,0.31961091427790045,172121.52895141605,11.823192239868153,0.042400979439228104
9807,0.5262406245727104,269302.2149707031,9.288401245117187,-0.39928565057548976
9808,0.456436280373194,304753.710222168,9.374534510864247,0.01952920402159631
9809,0.5243736009240726,223877.7425494385,8.42964502355957,0.11054925451738751
9810,0.21549218715334756,139973.99782470704,12.096101021728526,0.36790324107636996
9811,0.43884466368410363,219731.02015747072,7.746346513183601,-0.16914944324645506
9812,0.7460991751057038,215624.65495910647,2.005321502563474,0.029175376073017338
9813,0.05982260478167514,29891.077001342797,11.626842011352547,0.21910899276481283
9814,0.8501716883593203,378587.01239135745,4.980237999999989,0.22242388603429364
9815,0.18374398169394726,84798.98027465821,9.313104513183585,-0.04590050203761459
9816,0.7522384902626538,241280.82529602048,2.2253445051879974,0.4270902781312298
9817,0.4620960838449669,363187.2925146485,12.185443513183598,0.0940429437344109
9818,0.32938105053508226,156895.85651062016,13.897371215820323,0.23212094482506324
9819,0.2763275501426901,119830.99485656738,9.2884012451172,-0.12367916596743515
9820,0.2712693211149336,167049.69340576173,11.064608525390632,-0.3265381533968611
9821,0.5321395619776315,294899.6391259766,7.746346513183601,-0.17795112948046363
9822,0.6324952596878921,350065.68219604495,7.746346513183601,-0.09430501777698568
9823,0.20149080530221475,84446.71294189457,9.288401245117187,0.1365613159734111
9824,0.41984475033595803,349683.9287353516,12.98529001440429,0.13965551293787334
9825,0.5553797638502534,225969.79470458988,8.52558624267578,0.15163029416426851
9826,0.46684746844857644,263561.15504516603,9.288401245117187,0.11751664371915378
9827,0.30452235794932797,120502.4551135254,9.288401245117187,0.18570084399775086
9828,0.3380590109018671,168852.25501831056,9.288401245117187,-0.31415374474473096
9829,0.5254678852127648,275768.25362487795,8.242512118652346,-0.06755574202661405
9830,0.17694043138918186,129862.07683349613,16.85868501049804,-0.49382938987335173
9831,1.005516028482397,515828.52570800786,4.51690500292969,-0.2915644538489508
9832,0.2074460469478233,99691.39380981444,8.856092513183597,-0.6982239682719592
9833,0.6606703303842086,348563.0074261475,9.288401245117187,-0.1930705901903149
9834,0.8259296494823708,284212.9148406983,4.980237999999989,0.22000713104340272
9835,0.5040832874672397,316316.4950195313,9.329992508544924,-0.059113742192771844
9836,0.408648193892622,252241.09495117186,8.622684640380857,-0.08656976954125153
9837,0.05431231191221405,31357.302542724596,14.755257868042007,-0.38468860889716094
9838,0.6945742978772907,300601.31012207037,8.659315494812024,0.3881876075565924
9839,0.7260642482302505,366834.94874389656,4.980237999999989,0.004467787618770049
9840,0.25453309355415044,168510.1337524414,12.518996340576175,-0.2261447371159688
9841,0.7781671038734355,380059.6036425781,9.288401245117175,0.17565704697115067
9842,1.0149951477724513,417362.74023315427,2.0053215025634503,-0.05355058781569162
9843,0.5136755377475669,301685.7151940919,9.288401245117187,-0.24624875969914709
9844,-0.07099068063159877,-26190.57540771483,10.335431513183588,-0.09196218485183104
9845,0.33559419850022176,197478.2546325684,9.62445814245604,-0.36178111009116865
9846,0.28190699651977813,191764.72650756838,12.784244736572273,0.18220046932818829
9847,0.26303708636089634,153537.82495117188,9.709455005859374,0.5605506949078912
9848,0.47945455935881837,220936.67366760256,7.746346513183577,0.06449520825001975
9849,0.852214452442474,428291.5200622559,5.137640492675791,-0.34828207154224367
9850,0.12617861531980518,58534.07974243168,13.167482002929692,-0.061414443607509965
9851,0.7209319434034139,321052.48634887696,5.1078248779907245,0.29047785441729385
9852,0.2757569779576226,129691.90760498047,10.945902137329105,-0.29948794965798886
9853,0.42200022335231635,258472.35768920902,9.288401245117187,0.36981805533236933
9854,0.8302263259703704,506589.70514953614,8.437662007995602,-0.05392297407945
9855,0.10674471706890157,42995.80993713382,9.288401245117187,-0.05767647512875397
9856,0.3766187141865869,270332.3299798584,13.962708740722658,0.5496905428752052
9857,0.23429269191937505,151363.53348876955,12.123898013427738,0.26156781985667504
9858,0.6013064897284184,260467.70503967287,9.011410510742188,-0.34977653263353
9859,0.3466377991547956,177749.08488281252,7.848002513183607,-0.05024318749636007
9860,0.8515156996550817,432297.6689343262,9.288401245117187,0.0718214063578373
9861,0.519253903633072,327061.02110107424,9.288401245117187,-0.0388207352158649
9862,0.6756984065197117,407021.1646826172,9.288401245117187,0.16091102109505592
9863,0.6057857715236264,342387.3090344238,9.310486745239247,0.46057293272239624
9864,0.32530430119941345,221065.66653564456,11.12597573046875,0.18146402848979615
9865,0.3473565244914057,237737.67200927736,15.656280657714861,-0.4744043280022797
9866,-0.05403982980600426,-27797.597711181632,16.728639513183595,0.23662929487260442
9867,0.23460056136891105,137477.47001220705,9.751668015747075,-0.15266136745653897
9868,0.6154600917120018,204611.16001220705,2.7887005025634775,-0.15841549775022354
9869,0.619223388400043,311372.31489562994,8.006001511962898,0.10043208753567742
9870,0.36763946080760374,213641.59003051763,9.445803737792978,-0.004959537442111041
9871,0.5329048097937991,308126.94474365236,11.424656502563483,-0.34841221204022355
9872,-0.004925262677912828,-2162.2997949218516,8.906034000000009,0.23283197671822936
9873,0.6127990781369793,368592.7299633789,9.288401245117187,-0.19357455683730992
9874,0.4039232228477764,188849.6937060547,7.968,0.46814207373179656
9875,0.5608796956932018,255114.1316271973,9.288401245117187,-0.5289337393402288
9876,0.5518350409282506,386135.36272094736,9.42272302172851,0.08099715736067714
9877,0.6930059882584334,320267.36547424324,9.32392461791993,-0.1688823369688102
9878,0.6765001038563101,322167.1035943604,9.540665634277348,0.10078832034075402
9879,0.7947168303882417,382919.8228625488,9.288401245117187,-0.2912682021828725
9880,0.42792604608084267,158511.8738494873,7.746346513183601,-0.054973741117151566
9881,0.7166166191751633,319019.14512145997,7.7840525230712725,0.2496184151553796
9882,0.5644063121026082,328245.59997558594,9.288401245117187,0.11875137340167104
9883,0.9255559816103838,650894.2674334717,8.52558624267578,-0.29493096228724325
9884,0.05240183105519425,29995.412377319357,12.096101021728513,0.017666598652362565
9885,0.5039617851283866,297612.6426367188,9.288401245117187,0.16733618090527688
9886,1.1345390002060385,504581.745970459,2.3202645048828097,0.015060560266715671
9887,0.3957579093139147,153716.27976440432,7.924240513183596,0.10501792064729173
9888,0.8427912264372103,371750.62498840335,4.980237999999989,0.596591981179874
9889,0.5825472932775703,319011.33718017576,9.288401245117187,0.2869859289362758
9890,0.3223522259272453,156277.22488586424,9.288401245117187,-0.3994481953698656
9891,0.5749806557874017,245053.09124389652,10.314867515625,0.23413466041387623
9892,0.6288723988376795,376287.8753552246,8.86813150708007,-0.6590018762738171
9893,0.5061021360664468,333369.7479907227,12.838371000000008,-0.09648899467274871
9894,0.4171789977037474,224805.9338482667,9.960475999999979,0.4495215941789489
9895,0.525836753398249,267825.49490844726,8.96732451318358,-0.08231806616397441
9896,0.27939693330616777,148958.51025817875,9.288401245117187,0.3331204686091052
9897,0.9160064283313979,449741.3515795898,7.16345350256348,-0.488191495216347
9898,0.797301323578964,545351.44887146,14.268639245117198,-0.13138043060929652
9899,0.4615254069764754,284526.1299694824,9.419334999999986,-0.4472074253294626
9900,0.8457065326834453,401039.95242553717,9.288401245117187,-0.30424127267200574
9901,0.19324828530498092,83343.84278930665,12.515194758300774,0.12396753283116863
9902,0.9779794588504767,670037.6198901368,9.288401245117187,0.6587825664064478
9903,0.4093420461610406,297687.99323852547,10.115653739135736,0.054942230344018204
9904,0.038119426396767665,25530.60502929692,15.875493502685545,0.053896547922618415
9905,-0.11696185439555584,-77483.90115966796,17.85971802172853,0.11259496565305566
9906,0.6253740542441445,362333.88818847656,9.288401245117187,0.09050240195627027
9907,0.38044366530489626,147688.87889160158,9.642682127197261,-0.1692496413894629
9908,0.9114488502632788,530239.4376116944,8.52558624267578,-0.3511273467693476
9909,0.8998729803579846,340821.0300927735,2.040844875366217,0.017057154854490563
9910,0.6035111915220304,278227.0790216064,11.094107245117193,-0.09654936825343603
9911,0.22486843100021656,115258.74492431642,9.626081507202144,-0.1487574429563548
9912,0.24230967701123982,118088.4798034668,9.08483425256347,0.39152494442143027
9913,0.5006986595912717,249487.07029174807,9.751668015747052,-0.01205534953636552
9914,0.16358930125480706,70880.89491577151,11.462362512451177,-0.052135357188442685
9915,0.611545136393304,312686.4274536133,8.117809994140616,-0.18943582428392844
9916,0.33661974080040175,208905.9703973389,8.767754614257813,-8.627770703830638e-05
9917,0.5889147630948462,340957.7276525879,9.288401245117187,0.591213515563705
9918,0.5613774860281319,275114.6112054443,11.227385003051767,0.02529838692766019
9919,0.14385868947339955,65570.85492675785,10.270774001220708,-0.09502382847154581
9920,0.3936306624334129,156702.5516619873,9.288401245117187,-0.12644391593379592
9921,0.8181859261349984,448982.59484741214,7.746346513183601,0.2715478641833374
9922,0.5099943682512645,295375.3486999512,10.945902137329105,-0.4035152766775519
9923,0.7356531769479795,493469.3976025391,9.288401245117187,0.831979901537397
9924,0.7685306107249876,513821.6058837891,7.746346513183601,0.08435665094064011
9925,0.5380330027173249,169176.75995605474,4.980238000000001,-0.17274096755505647
9926,0.2158601530773398,149160.714998169,15.668736744750966,0.08408714595816365
9927,0.8591931442382758,272476.72525024414,2.9550499969482424,0.11489002004164624
9928,0.26059224665096437,197078.70727661136,15.40542864038085,-0.11890267070143336
9929,0.19387822449767628,120458.59152404786,19.579151752319348,-0.04363102103016315
9930,0.3739158275304891,138208.30289916994,9.288401245117187,0.29078783203600334
9931,0.548740946879902,208797.87629638676,8.687128005859373,-0.056062510808529344
9932,0.029106053141116934,13404.900171508803,13.510694716735836,0.15327623842726334
9933,0.4489452106788545,261056.6549035645,9.419334999999986,-0.22861399767003399
9934,0.6589461940275371,388269.3090643311,9.83898452844238,-0.02091579507459262
9935,0.9083757046378608,387874.2699401856,2.891523003784171,0.23885355895216742
9936,0.4288687496452699,261249.45016357425,9.329992508544937,-0.10925378437994529
9937,0.7287101189916141,379507.59766967775,7.205184997558593,-0.2266364579611865
9938,0.526327836146941,258515.31968811038,8.450962020141608,-0.5059774429372446
9939,0.6193315797935965,409096.9344299317,8.52558624267578,-0.05685172224718094
9940,0.5449152203008353,344901.1174005127,10.535047015747079,-0.39501529952019326
9941,0.21028960139528705,115905.10280395506,14.060724008422856,0.07250416652981968
9942,0.5636285776672946,225797.65947875974,7.924240513183572,-0.5105354404993195
9943,0.05877760553150182,32694.989902343797,14.713041510864267,-0.5107186781939715
9944,0.4968947548969712,261822.82987182622,7.9037490058593685,-0.2727649223441441
9945,0.13416317626030003,61579.078671875024,15.896777630493162,-0.18685085503140725
9946,0.2787179863160494,131920.01388793945,8.940580634765618,-0.30771169338301035
9947,0.1782939996353247,102752.9351074219,12.096101021728503,-0.2899834481515731
9948,0.14657929361597433,85326.2126208496,10.825317758300784,0.03037958594142945
9949,0.6560627069241617,382076.54121093755,7.746346513183577,-0.1676828855275966
9950,0.4809379955850744,265671.3049060059,9.288401245117187,0.20120466978311252
9951,0.3059145272732163,159048.78354553226,9.552052513183595,-0.014445194719952207
9952,0.3582206492295933,187112.6472644043,9.013378634765605,-0.021179783739293256
9953,0.41908915471609937,274538.86232543946,9.751668015747075,-0.10517872903672211
9954,0.5715624041276729,284519.5747924805,9.288401245117187,0.25506778275111974
9955,0.3490649210486194,152115.9450402832,7.746346513183601,-0.005699380965047951
9956,0.2810408448767975,169173.5000610352,10.95096273046874,0.19748106166398474
9957,0.5617860157107977,239680.30008789065,7.746346513183601,-0.4166027341299564
9958,1.0002807984125686,412467.73621154786,2.005321502563474,0.1956883673890619
9959,0.5158056822572467,278009.7103247071,14.855666216064453,-0.06601240468303306
9960,0.5640978671888139,263242.9989672852,9.288401245117187,0.2242129760766237
9961,0.45337824787458086,209677.57607910153,9.554396516235359,0.3776810296718674
9962,0.4719461259868285,237229.40977783204,9.419334999999986,-0.19110315887967966
9963,0.06878965454188263,31374.303636474637,13.65632986437988,-0.00849753659285784
9964,0.9371524192704075,488428.4512756348,9.288401245117187,-0.17725820978606532
9965,0.27247551001680725,184524.63092285156,13.368582749755866,0.09816826794632984
9966,0.3744436517449974,231367.7049298096,7.746346513183601,0.24448764199749523
9967,0.5060074425995229,329674.8000842285,9.751668015747052,-0.1232175913825876
9968,0.9244126273451512,308978.5049267579,2.4272638548583956,-0.06550984780218369
9969,0.5785446918322253,333896.17273925786,12.096101021728503,0.07995374206184139
9970,0.4672460626884675,256382.30182800296,11.652397249755845,-0.23929566482746467
9971,0.6096390652912784,242083.07297851567,10.737775509399421,-0.3300170442482983
9972,0.5319131903093243,201304.56502563477,7.746346513183601,-0.09183428147932515
9973,0.9147849296163751,326893.265234375,1.136290008544922,-0.15291860881126884
9974,0.13224053024062432,83458.57019897463,11.04973773046874,-0.05906459569861641
9975,0.7435062784154429,448635.06688659673,9.288401245117187,0.08178096616353471
9976,0.6590565083230278,323728.347253418,10.541845366699224,-0.14708484968857924
9977,0.6309314008123714,299469.22783203126,7.74634651318359,-0.08756393694503385
9978,0.8811906120026011,710861.8958032227,11.855279751220719,0.08754922663003384
9979,0.2193418455915553,142625.79512451176,9.751668015747063,-0.1434321719801668
9980,0.0007681006953627174,358.0901196289051,9.086337493896485,-0.26544970510281113
9981,0.18109367798537396,113716.40640625003,12.096101021728513,0.3851346043126542
9982,0.6905203150707006,445936.18027587887,10.006271007080073,0.3964477072598602
9983,1.191946049457972,580173.506585083,3.644417003723141,-0.14387498964770862
9984,0.13089153959231548,83319.46518432617,12.214026000366198,-0.3749814534526865
9985,0.6510910821873773,321207.7552069092,7.968,0.36840446926020515
9986,-0.13990111324520882,-79178.00883361815,18.520228021728517,-0.021389266767964873
9987,0.7112567096612457,232782.98493286132,3.6469353728027434,0.012344800482431627
9988,0.411933840264178,275816.7746398926,12.14988451318359,0.22610896428943694
9989,0.6490820590659822,365605.252923584,9.288401245117187,0.08484185969289032
9990,0.45225754395038714,252242.9101342774,16.832177,0.23119369001295823
9991,0.35364275799046835,187161.02002197265,9.133767996459968,0.14084628059908474
9992,0.11454027903274543,57828.42344604492,15.974749513183593,-0.4894912130712987
9993,0.47060894244475215,247584.07750915532,11.188325754516596,-0.28474815515397345
9994,0.32979014994931277,213487.85621215828,10.82619901574708,0.07407655514173996
9995,0.7739011906713399,406087.7288769531,9.552052513183595,0.12451544648036707
9996,0.6717484472021602,344783.76709472656,9.951853292968742,-0.10508589153271475
9997,0.5524457349191378,307731.9775964356,9.288401245117187,-0.5262027329418381
9998,0.38769936513225595,264591.8584106446,9.288401245117187,-0.030391013488680833
9999,0.5685264619952972,261930.94994384766,9.288401245117187,-0.4678419660037788
